phenotype,outcome,feature,total_dominance,relative_dominance,full_r2,method,runtime_sec,status,reason
meg,delta,Astro_1,0.0015746331390298351,0.0016559972589339342,0.9508669960260212,incremental,3.094001293182373,ok,
meg,delta,Astro_2,0.007520063756605633,0.00790863894533557,0.9508669960260212,incremental,3.094001293182373,ok,
meg,delta,Chandelier_1,0.5786999296976525,0.6086023935168909,0.9508669960260212,incremental,3.094001293182373,ok,
meg,delta,Endo_1,-0.0013285191579931466,-0.001397166126856285,0.9508669960260212,incremental,3.094001293182373,ok,
meg,delta,L2/3 IT_1,0.001868867676198982,0.001965435422629643,0.9508669960260212,incremental,3.094001293182373,ok,
meg,delta,L2/3 IT_2,0.006396171981415177,0.006726673665346295,0.9508669960260212,incremental,3.094001293182373,ok,
meg,delta,L2/3 IT_3,0.005833696386158049,0.006135133946744331,0.9508669960260212,incremental,3.094001293182373,ok,
meg,delta,L2/3 IT_4,0.002209884448653998,0.0023240731436571208,0.9508669960260212,incremental,3.094001293182373,ok,
meg,delta,L2/3 IT_5,0.032524074885851295,0.03420465219823578,0.9508669960260212,incremental,3.094001293182373,ok,
meg,delta,L2/3 IT_6,0.0002969151822875826,0.0003122573225577148,0.9508669960260212,incremental,3.094001293182373,ok,
meg,delta,L2/3 IT_7,0.0028180481488865317,0.00296366175360388,0.9508669960260212,incremental,3.094001293182373,ok,
meg,delta,L2/3 IT_8,-0.0005037489429128295,-0.0005297785547486222,0.9508669960260212,incremental,3.094001293182373,ok,
meg,delta,L4 IT_1,0.0017261753506095934,0.0018153699285219016,0.9508669960260212,incremental,3.094001293182373,ok,
meg,delta,L4 IT_2,0.004242154560392564,0.0044613542988892144,0.9508669960260212,incremental,3.094001293182373,ok,
meg,delta,L4 IT_3,-0.001375078708007571,-0.0014461314923690347,0.9508669960260212,incremental,3.094001293182373,ok,
meg,delta,L5 ET_1,0.0001896954679848628,0.00019949737321587683,0.9508669960260212,incremental,3.094001293182373,ok,
meg,delta,L5 IT_1,-0.0011951364102595896,-0.001256891253197817,0.9508669960260212,incremental,3.094001293182373,ok,
meg,delta,L5 IT_2,0.0023838941863596474,0.002507074276762899,0.9508669960260212,incremental,3.094001293182373,ok,
meg,delta,L5 IT_3,-0.000948296486377953,-0.0009972966675057488,0.9508669960260212,incremental,3.094001293182373,ok,
meg,delta,L5 IT_4,0.003896259084959164,0.004097585783545841,0.9508669960260212,incremental,3.094001293182373,ok,
meg,delta,L5 IT_5,0.004434856971167411,0.004664013989024863,0.9508669960260212,incremental,3.094001293182373,ok,
meg,delta,L5/6 NP_1,0.00032103702660135625,0.0003376255858527777,0.9508669960260212,incremental,3.094001293182373,ok,
meg,delta,L5/6 NP_2,-0.000649357709354148,-0.0006829111874405386,0.9508669960260212,incremental,3.094001293182373,ok,
meg,delta,L6 CT_1,0.0002128460198937976,0.00022384415568460101,0.9508669960260212,incremental,3.094001293182373,ok,
meg,delta,L6 CT_2,0.0006850309167580892,0.0007204276934850548,0.9508669960260212,incremental,3.094001293182373,ok,
meg,delta,L6 IT Car3_1,0.007348633581916286,0.007728350665896059,0.9508669960260212,incremental,3.094001293182373,ok,
meg,delta,L6 IT_1,0.0010610656438690969,0.0011158928097237902,0.9508669960260212,incremental,3.094001293182373,ok,
meg,delta,L6 IT_2,0.0002231470190363627,0.00023467742593755574,0.9508669960260212,incremental,3.094001293182373,ok,
meg,delta,L6 IT_3,0.0008942605544571824,0.0009404686020175111,0.9508669960260212,incremental,3.094001293182373,ok,
meg,delta,L6b_1,0.02964521585190827,0.031177037352022055,0.9508669960260212,incremental,3.094001293182373,ok,
meg,delta,L6b_2,-0.0014351940360242121,-0.0015093530872586274,0.9508669960260212,incremental,3.094001293182373,ok,
meg,delta,L6b_3,0.011036026867862647,0.011606278179793547,0.9508669960260212,incremental,3.094001293182373,ok,
meg,delta,Lamp5_1,0.0022758300803752407,0.0023934263045059575,0.9508669960260212,incremental,3.094001293182373,ok,
meg,delta,Lamp5_2,0.10067923160791392,0.1058815081695808,0.9508669960260212,incremental,3.094001293182373,ok,
meg,delta,Lamp5_Lhx6_1,4.7953619193741304e-05,5.0431468748158147e-05,0.9508669960260212,incremental,3.094001293182373,ok,
meg,delta,Micro-PVM_1,-0.000342669620592817,-0.0003603759747945228,0.9508669960260212,incremental,3.094001293182373,ok,
meg,delta,Micro-PVM_2,0.002146928707776108,0.0022578643666767415,0.9508669960260212,incremental,3.094001293182373,ok,
meg,delta,OPC_1,0.0013662853243022743,0.0014368837387483421,0.9508669960260212,incremental,3.094001293182373,ok,
meg,delta,Oligo_1,0.01052035972074683,0.011063965585844071,0.9508669960260212,incremental,3.094001293182373,ok,
meg,delta,Oligo_2,0.014698860861780405,0.015458377378972736,0.9508669960260212,incremental,3.094001293182373,ok,
meg,delta,Pax6_1,-0.000744108491684714,-0.0007825579127202676,0.9508669960260212,incremental,3.094001293182373,ok,
meg,delta,Pax6_2,0.0008896350738772929,0.0009356041145558357,0.9508669960260212,incremental,3.094001293182373,ok,
meg,delta,Pvalb_1,0.005373942710279689,0.005651623973425435,0.9508669960260212,incremental,3.094001293182373,ok,
meg,delta,Pvalb_2,0.0008777394275899519,0.0009230937988786099,0.9508669960260212,incremental,3.094001293182373,ok,
meg,delta,Pvalb_3,0.0006492095190160363,0.0006827553398417355,0.9508669960260212,incremental,3.094001293182373,ok,
meg,delta,Pvalb_4,-0.0002176133686330184,-0.00022885784188797655,0.9508669960260212,incremental,3.094001293182373,ok,
meg,delta,Pvalb_5,0.010564999861413016,0.011110912362683262,0.9508669960260212,incremental,3.094001293182373,ok,
meg,delta,Sncg_1,0.000468259414259542,0.0004924552184654095,0.9508669960260212,incremental,3.094001293182373,ok,
meg,delta,Sncg_2,0.0019321865298618235,0.002032026075084162,0.9508669960260212,incremental,3.094001293182373,ok,
meg,delta,Sncg_3,-0.0010282171887214808,-0.0010813470159535782,0.9508669960260212,incremental,3.094001293182373,ok,
meg,delta,Sncg_4,0.0353840575026978,0.03721241524900869,0.9508669960260212,incremental,3.094001293182373,ok,
meg,delta,Sst_1,0.0011900690397795843,0.0012515620425919349,0.9508669960260212,incremental,3.094001293182373,ok,
meg,delta,Sst_10,-7.77803838848401e-05,-8.179943589367316e-05,0.9508669960260212,incremental,3.094001293182373,ok,
meg,delta,Sst_2,0.018708911377667725,0.019675634400876548,0.9508669960260212,incremental,3.094001293182373,ok,
meg,delta,Sst_3,0.002774337599905752,0.002917692602120591,0.9508669960260212,incremental,3.094001293182373,ok,
meg,delta,Sst_4,0.00024266182291188265,0.00025520059474778745,0.9508669960260212,incremental,3.094001293182373,ok,
meg,delta,Sst_5,0.0008680725448507731,0.0009129274109614986,0.9508669960260212,incremental,3.094001293182373,ok,
meg,delta,Sst_6,-0.00035823348103325436,-0.00037674404783258564,0.9508669960260212,incremental,3.094001293182373,ok,
meg,delta,Sst_7,-6.199736237377795e-05,-6.520087733919134e-05,0.9508669960260212,incremental,3.094001293182373,ok,
meg,delta,Sst_8,0.0022266465733836727,0.0023417013974504786,0.9508669960260212,incremental,3.094001293182373,ok,
meg,delta,Sst_9,0.012100286077565303,0.01272552957262823,0.9508669960260212,incremental,3.094001293182373,ok,
meg,delta,VLMC_1,0.0013561386974801914,0.0014262128175106833,0.9508669960260212,incremental,3.094001293182373,ok,
meg,delta,Vip_1,-3.027546659672975e-05,-3.183985428378591e-05,0.9508669960260212,incremental,3.094001293182373,ok,
meg,delta,Vip_2,9.803106236538905e-05,0.00010309650327027058,0.9508669960260212,incremental,3.094001293182373,ok,
meg,delta,Vip_3,0.0003147625642069274,0.0003310269107271798,0.9508669960260212,incremental,3.094001293182373,ok,
meg,delta,Vip_4,0.00031502036927044674,0.0003312980370409512,0.9508669960260212,incremental,3.094001293182373,ok,
meg,delta,Vip_5,-0.00019159602948926047,-0.00020149614014368134,0.9508669960260212,incremental,3.094001293182373,ok,
meg,delta,Vip_6,0.001407584737028622,0.0014803171662402534,0.9508669960260212,incremental,3.094001293182373,ok,
meg,delta,Vip_7,0.010919383455182285,0.011483607592668478,0.9508669960260212,incremental,3.094001293182373,ok,
meg,delta,Vip_8,0.011658913543713734,0.012261350527928807,0.9508669960260212,incremental,3.094001293182373,ok,
meg,delta,Vip_9,0.0012559350370486833,0.0013208314541335849,0.9508669960260212,incremental,3.094001293182373,ok,
meg,theta,Astro_1,0.0029326644729782414,0.0030709743512643394,0.9549622163958631,incremental,2.8863344192504883,ok,
meg,theta,Astro_2,0.00031361106940674954,0.00032840154722597686,0.9549622163958631,incremental,2.8863344192504883,ok,
meg,theta,Chandelier_1,0.0002650060920942332,0.0002775042693253316,0.9549622163958631,incremental,2.8863344192504883,ok,
meg,theta,Endo_1,0.02184880357566299,0.022879233545095513,0.9549622163958631,incremental,2.8863344192504883,ok,
meg,theta,L2/3 IT_1,0.0008188892923937097,0.000857509625338154,0.9549622163958631,incremental,2.8863344192504883,ok,
meg,theta,L2/3 IT_2,-0.0013179480725989956,-0.0013801049402489272,0.9549622163958631,incremental,2.8863344192504883,ok,
meg,theta,L2/3 IT_3,0.00517678168852409,0.005420928283489433,0.9549622163958631,incremental,2.8863344192504883,ok,
meg,theta,L2/3 IT_4,0.0001717539143473168,0.00017985414647663837,0.9549622163958631,incremental,2.8863344192504883,ok,
meg,theta,L2/3 IT_5,0.007399979621198094,0.007748976340788085,0.9549622163958631,incremental,2.8863344192504883,ok,
meg,theta,L2/3 IT_6,0.00035643535041807173,0.00037324550050084663,0.9549622163958631,incremental,2.8863344192504883,ok,
meg,theta,L2/3 IT_7,0.012304795525269419,0.012885112430635347,0.9549622163958631,incremental,2.8863344192504883,ok,
meg,theta,L2/3 IT_8,-0.0008035802484742671,-0.0008414785786049956,0.9549622163958631,incremental,2.8863344192504883,ok,
meg,theta,L4 IT_1,-0.000401678350336776,-0.0004206222439383583,0.9549622163958631,incremental,2.8863344192504883,ok,
meg,theta,L4 IT_2,-0.0009592691821466159,-0.0010045100902180274,0.9549622163958631,incremental,2.8863344192504883,ok,
meg,theta,L4 IT_3,0.0004089021160662565,0.0004281866958145213,0.9549622163958631,incremental,2.8863344192504883,ok,
meg,theta,L5 ET_1,-0.0013473307818961944,-0.0014108733924376351,0.9549622163958631,incremental,2.8863344192504883,ok,
meg,theta,L5 IT_1,0.0011807671447648938,0.0012364543062460046,0.9549622163958631,incremental,2.8863344192504883,ok,
meg,theta,L5 IT_2,7.70804013972004e-06,8.071565562887993e-06,0.9549622163958631,incremental,2.8863344192504883,ok,
meg,theta,L5 IT_3,0.0005520590833154593,0.0005780952102995169,0.9549622163958631,incremental,2.8863344192504883,ok,
meg,theta,L5 IT_4,0.006539141849939867,0.006847539868770241,0.9549622163958631,incremental,2.8863344192504883,ok,
meg,theta,L5 IT_5,4.355554694346342e-05,4.560970706029297e-05,0.9549622163958631,incremental,2.8863344192504883,ok,
meg,theta,L5/6 NP_1,0.0005901742718698033,0.0006180079816112397,0.9549622163958631,incremental,2.8863344192504883,ok,
meg,theta,L5/6 NP_2,0.00016161856714969058,0.00016924079756752846,0.9549622163958631,incremental,2.8863344192504883,ok,
meg,theta,L6 CT_1,0.002117275129953744,0.0022171297393781537,0.9549622163958631,incremental,2.8863344192504883,ok,
meg,theta,L6 CT_2,-0.000324374129888616,-0.00033967221353829177,0.9549622163958631,incremental,2.8863344192504883,ok,
meg,theta,L6 IT Car3_1,0.00043611495947326606,0.00045668294722613626,0.9549622163958631,incremental,2.8863344192504883,ok,
meg,theta,L6 IT_1,0.0006129239836413225,0.000641830611848255,0.9549622163958631,incremental,2.8863344192504883,ok,
meg,theta,L6 IT_2,-3.9820117633038166e-05,-4.169810799774242e-05,0.9549622163958631,incremental,2.8863344192504883,ok,
meg,theta,L6 IT_3,0.014147657691966242,0.01481488738409057,0.9549622163958631,incremental,2.8863344192504883,ok,
meg,theta,L6b_1,-0.0004686687858072025,-0.0004907720721936123,0.9549622163958631,incremental,2.8863344192504883,ok,
meg,theta,L6b_2,0.0003393604187261756,0.00035536528346321466,0.9549622163958631,incremental,2.8863344192504883,ok,
meg,theta,L6b_3,0.010155185551770307,0.010634122876711439,0.9549622163958631,incremental,2.8863344192504883,ok,
meg,theta,Lamp5_1,0.003633962931032908,0.003805347341120888,0.9549622163958631,incremental,2.8863344192504883,ok,
meg,theta,Lamp5_2,0.0019695604466668515,0.002062448558541089,0.9549622163958631,incremental,2.8863344192504883,ok,
meg,theta,Lamp5_Lhx6_1,0.00038276396689496117,0.0004008158232056094,0.9549622163958631,incremental,2.8863344192504883,ok,
meg,theta,Micro-PVM_1,0.0016211566611726846,0.0016976134064142514,0.9549622163958631,incremental,2.8863344192504883,ok,
meg,theta,Micro-PVM_2,-2.952388449339871e-05,-3.0916285468157305e-05,0.9549622163958631,incremental,2.8863344192504883,ok,
meg,theta,OPC_1,0.000547796348988383,0.0005736314375408791,0.9549622163958631,incremental,2.8863344192504883,ok,
meg,theta,Oligo_1,0.011842573217039076,0.012401090863818996,0.9549622163958631,incremental,2.8863344192504883,ok,
meg,theta,Oligo_2,0.020191295436172707,0.021143554257441695,0.9549622163958631,incremental,2.8863344192504883,ok,
meg,theta,Pax6_1,0.004836410186205731,0.005064504231862593,0.9549622163958631,incremental,2.8863344192504883,ok,
meg,theta,Pax6_2,0.0002148639681127662,0.00022499735007704017,0.9549622163958631,incremental,2.8863344192504883,ok,
meg,theta,Pvalb_1,-0.00011846035598250815,-0.0001240471653732973,0.9549622163958631,incremental,2.8863344192504883,ok,
meg,theta,Pvalb_2,0.0010571798286128642,0.0011070383837831637,0.9549622163958631,incremental,2.8863344192504883,ok,
meg,theta,Pvalb_3,0.02708572915342433,0.02836314221482917,0.9549622163958631,incremental,2.8863344192504883,ok,
meg,theta,Pvalb_4,0.0026836315665532684,0.002810196592574732,0.9549622163958631,incremental,2.8863344192504883,ok,
meg,theta,Pvalb_5,0.0032349081442146765,0.0033874723928069015,0.9549622163958631,incremental,2.8863344192504883,ok,
meg,theta,Sncg_1,0.0017398288357380887,0.0018218823801264118,0.9549622163958631,incremental,2.8863344192504883,ok,
meg,theta,Sncg_2,0.0004215033038039717,0.00044138217886229415,0.9549622163958631,incremental,2.8863344192504883,ok,
meg,theta,Sncg_3,0.006709467014648696,0.007025897883134051,0.9549622163958631,incremental,2.8863344192504883,ok,
meg,theta,Sncg_4,0.0076473956361436946,0.008008060952406937,0.9549622163958631,incremental,2.8863344192504883,ok,
meg,theta,Sst_1,7.281349284316008e-05,7.624751177901733e-05,0.9549622163958631,incremental,2.8863344192504883,ok,
meg,theta,Sst_10,0.6536735820111523,0.6845020366127064,0.9549622163958631,incremental,2.8863344192504883,ok,
meg,theta,Sst_2,-0.0003004219349357351,-0.0003145903887900004,0.9549622163958631,incremental,2.8863344192504883,ok,
meg,theta,Sst_3,0.0005925175328712617,0.0006204617551336123,0.9549622163958631,incremental,2.8863344192504883,ok,
meg,theta,Sst_4,0.00043395741203644533,0.0004544236458634462,0.9549622163958631,incremental,2.8863344192504883,ok,
meg,theta,Sst_5,-9.673858479741781e-05,-0.00010130095530116399,0.9549622163958631,incremental,2.8863344192504883,ok,
meg,theta,Sst_6,-0.0005391296729413408,-0.000564556025029009,0.9549622163958631,incremental,2.8863344192504883,ok,
meg,theta,Sst_7,0.0015655827831289049,0.0016394185615401559,0.9549622163958631,incremental,2.8863344192504883,ok,
meg,theta,Sst_8,0.00015364469763679,0.00016089086562677077,0.9549622163958631,incremental,2.8863344192504883,ok,
meg,theta,Sst_9,0.0001050887651328214,0.0001100449455785156,0.9549622163958631,incremental,2.8863344192504883,ok,
meg,theta,VLMC_1,0.013381204719046913,0.014012287071994443,0.9549622163958631,incremental,2.8863344192504883,ok,
meg,theta,Vip_1,0.09307125107904768,0.09746066334468106,0.9549622163958631,incremental,2.8863344192504883,ok,
meg,theta,Vip_2,-0.00039872702689647266,-0.00041753173062837416,0.9549622163958631,incremental,2.8863344192504883,ok,
meg,theta,Vip_3,-0.0009441327489067008,-0.0009886597948031558,0.9549622163958631,incremental,2.8863344192504883,ok,
meg,theta,Vip_4,-2.8139239954927397e-05,-2.946633853340095e-05,0.9549622163958631,incremental,2.8863344192504883,ok,
meg,theta,Vip_5,-0.0002471765440138496,-0.0002588338467952399,0.9549622163958631,incremental,2.8863344192504883,ok,
meg,theta,Vip_6,0.00031508091781085046,0.00032994071639818587,0.9549622163958631,incremental,2.8863344192504883,ok,
meg,theta,Vip_7,0.0021712013519655793,0.002273599221715747,0.9549622163958631,incremental,2.8863344192504883,ok,
meg,theta,Vip_8,0.009060088726557392,0.009487379260669815,0.9549622163958631,incremental,2.8863344192504883,ok,
meg,theta,Vip_9,0.0040301309648982375,0.004220199391875852,0.9549622163958631,incremental,2.8863344192504883,ok,
meg,alpha,Astro_1,0.0006517615663363951,0.000676264153944142,0.963767726760554,incremental,3.0514745712280273,ok,
meg,alpha,Astro_2,-0.0009726937264251667,-0.0010092615673017139,0.963767726760554,incremental,3.0514745712280273,ok,
meg,alpha,Chandelier_1,0.03649007692368422,0.03786189961593319,0.963767726760554,incremental,3.0514745712280273,ok,
meg,alpha,Endo_1,0.0008544938744459163,0.000886618062339634,0.963767726760554,incremental,3.0514745712280273,ok,
meg,alpha,L2/3 IT_1,0.000373956045859436,0.0003880147005092074,0.963767726760554,incremental,3.0514745712280273,ok,
meg,alpha,L2/3 IT_2,0.00011949003941769121,0.00012398219622826014,0.963767726760554,incremental,3.0514745712280273,ok,
meg,alpha,L2/3 IT_3,-0.001109085269982324,-0.0011507806696435207,0.963767726760554,incremental,3.0514745712280273,ok,
meg,alpha,L2/3 IT_4,0.0024439174020098875,0.0025357950200557747,0.963767726760554,incremental,3.0514745712280273,ok,
meg,alpha,L2/3 IT_5,-0.0007414068344052671,-0.0007692795824335256,0.963767726760554,incremental,3.0514745712280273,ok,
meg,alpha,L2/3 IT_6,0.00011581050022735351,0.00012016432695522952,0.963767726760554,incremental,3.0514745712280273,ok,
meg,alpha,L2/3 IT_7,0.0001950117202774715,0.00020234306966570768,0.963767726760554,incremental,3.0514745712280273,ok,
meg,alpha,L2/3 IT_8,0.0005035285345478258,0.0005224583896789131,0.963767726760554,incremental,3.0514745712280273,ok,
meg,alpha,L4 IT_1,-0.00010756570729364423,-0.00011160957594543804,0.963767726760554,incremental,3.0514745712280273,ok,
meg,alpha,L4 IT_2,3.140233137410853e-05,3.258288330494218e-05,0.963767726760554,incremental,3.0514745712280273,ok,
meg,alpha,L4 IT_3,0.0035657173793357533,0.003699768398886891,0.963767726760554,incremental,3.0514745712280273,ok,
meg,alpha,L5 ET_1,0.0005282812386115943,0.0005481416568982545,0.963767726760554,incremental,3.0514745712280273,ok,
meg,alpha,L5 IT_1,0.0024096327813495355,0.0025002214895168445,0.963767726760554,incremental,3.0514745712280273,ok,
meg,alpha,L5 IT_2,0.0008446189517798963,0.000876371897841875,0.963767726760554,incremental,3.0514745712280273,ok,
meg,alpha,L5 IT_3,0.003929987300791082,0.004077732830918376,0.963767726760554,incremental,3.0514745712280273,ok,
meg,alpha,L5 IT_4,0.0028168585116168376,0.002922756628389031,0.963767726760554,incremental,3.0514745712280273,ok,
meg,alpha,L5 IT_5,0.00020954784287108286,0.000217425669124055,0.963767726760554,incremental,3.0514745712280273,ok,
meg,alpha,L5/6 NP_1,0.0013387406716488526,0.0013890698292509435,0.963767726760554,incremental,3.0514745712280273,ok,
meg,alpha,L5/6 NP_2,0.005006892769717108,0.00519512391906547,0.963767726760554,incremental,3.0514745712280273,ok,
meg,alpha,L6 CT_1,-0.00022463187857013622,-0.000233076780154463,0.963767726760554,incremental,3.0514745712280273,ok,
meg,alpha,L6 CT_2,0.00025602279626890656,0.0002656478206937457,0.963767726760554,incremental,3.0514745712280273,ok,
meg,alpha,L6 IT Car3_1,0.0009758059517630535,0.001012490794896155,0.963767726760554,incremental,3.0514745712280273,ok,
meg,alpha,L6 IT_1,0.001678717470571467,0.0017418278532878707,0.963767726760554,incremental,3.0514745712280273,ok,
meg,alpha,L6 IT_2,-0.00035479457099152345,-0.0003681328614147207,0.963767726760554,incremental,3.0514745712280273,ok,
meg,alpha,L6 IT_3,0.0003640146242847031,0.00037769953711589864,0.963767726760554,incremental,3.0514745712280273,ok,
meg,alpha,L6b_1,0.003089823047525031,0.0032059831033257775,0.963767726760554,incremental,3.0514745712280273,ok,
meg,alpha,L6b_2,0.0002685430763849084,0.0002786387932780689,0.963767726760554,incremental,3.0514745712280273,ok,
meg,alpha,L6b_3,0.0006387268561862669,0.0006627394116351825,0.963767726760554,incremental,3.0514745712280273,ok,
meg,alpha,Lamp5_1,0.0004023473322939397,0.00041747334043475603,0.963767726760554,incremental,3.0514745712280273,ok,
meg,alpha,Lamp5_2,0.0013290327735635543,0.0013789969685234643,0.963767726760554,incremental,3.0514745712280273,ok,
meg,alpha,Lamp5_Lhx6_1,0.0009114909280037997,0.0009457578861532657,0.963767726760554,incremental,3.0514745712280273,ok,
meg,alpha,Micro-PVM_1,0.00021008081888262975,0.00021797868205107875,0.963767726760554,incremental,3.0514745712280273,ok,
meg,alpha,Micro-PVM_2,0.000463498735858936,0.0004809236945678419,0.963767726760554,incremental,3.0514745712280273,ok,
meg,alpha,OPC_1,-0.0007714651403973871,-0.0008004679125233418,0.963767726760554,incremental,3.0514745712280273,ok,
meg,alpha,Oligo_1,4.538848264656892e-05,4.709483559812705e-05,0.963767726760554,incremental,3.0514745712280273,ok,
meg,alpha,Oligo_2,0.0007276917710825614,0.000755048909479986,0.963767726760554,incremental,3.0514745712280273,ok,
meg,alpha,Pax6_1,0.000552521663461758,0.0005732933860722966,0.963767726760554,incremental,3.0514745712280273,ok,
meg,alpha,Pax6_2,0.0074078779401342,0.007686372695871223,0.963767726760554,incremental,3.0514745712280273,ok,
meg,alpha,Pvalb_1,0.0018307070574106188,0.0018995313980517362,0.963767726760554,incremental,3.0514745712280273,ok,
meg,alpha,Pvalb_2,-0.0009275002401704091,-0.0009623690588685218,0.963767726760554,incremental,3.0514745712280273,ok,
meg,alpha,Pvalb_3,0.005269697327893508,0.005467808457963391,0.963767726760554,incremental,3.0514745712280273,ok,
meg,alpha,Pvalb_4,0.0009972259383648208,0.0010347160531269579,0.963767726760554,incremental,3.0514745712280273,ok,
meg,alpha,Pvalb_5,-0.0005507921440794927,-0.000571498846439725,0.963767726760554,incremental,3.0514745712280273,ok,
meg,alpha,Sncg_1,0.002065290633944561,0.002142934004323303,0.963767726760554,incremental,3.0514745712280273,ok,
meg,alpha,Sncg_2,0.7584497695715664,0.78696323658906,0.963767726760554,incremental,3.0514745712280273,ok,
meg,alpha,Sncg_3,0.0009559134719977491,0.00099185046921087,0.963767726760554,incremental,3.0514745712280273,ok,
meg,alpha,Sncg_4,0.0021316562569404507,0.002211794603358882,0.963767726760554,incremental,3.0514745712280273,ok,
meg,alpha,Sst_1,0.0003440061203686673,0.0003569388254210912,0.963767726760554,incremental,3.0514745712280273,ok,
meg,alpha,Sst_10,0.002720294002592105,0.0028225618342042247,0.963767726760554,incremental,3.0514745712280273,ok,
meg,alpha,Sst_2,-0.00031657898902803794,-0.0003284805874254921,0.963767726760554,incremental,3.0514745712280273,ok,
meg,alpha,Sst_3,0.0031023097889956164,0.0032189392763993002,0.963767726760554,incremental,3.0514745712280273,ok,
meg,alpha,Sst_4,0.0012515580899665757,0.0012986096703749893,0.963767726760554,incremental,3.0514745712280273,ok,
meg,alpha,Sst_5,0.07782056217232336,0.0807461798227009,0.963767726760554,incremental,3.0514745712280273,ok,
meg,alpha,Sst_6,-0.0003388000994840601,-0.00035153708728434546,0.963767726760554,incremental,3.0514745712280273,ok,
meg,alpha,Sst_7,4.828945414614427e-05,5.010486739212184e-05,0.963767726760554,incremental,3.0514745712280273,ok,
meg,alpha,Sst_8,0.00026043342942028147,0.0002702242689695145,0.963767726760554,incremental,3.0514745712280273,ok,
meg,alpha,Sst_9,0.01665298990305142,0.017279049132539397,0.963767726760554,incremental,3.0514745712280273,ok,
meg,alpha,VLMC_1,0.0007757856761488879,0.0008049508762411902,0.963767726760554,incremental,3.0514745712280273,ok,
meg,alpha,Vip_1,0.0013513895323540304,0.0014021942163350528,0.963767726760554,incremental,3.0514745712280273,ok,
meg,alpha,Vip_2,-0.00036347348287602,-0.00037713805181850024,0.963767726760554,incremental,3.0514745712280273,ok,
meg,alpha,Vip_3,0.0017962802092217345,0.0018638102930251122,0.963767726760554,incremental,3.0514745712280273,ok,
meg,alpha,Vip_4,0.00036813731229090596,0.0003819772151203906,0.963767726760554,incremental,3.0514745712280273,ok,
meg,alpha,Vip_5,0.007230070591508264,0.007501880785954726,0.963767726760554,incremental,3.0514745712280273,ok,
meg,alpha,Vip_6,0.0006023022467540606,0.0006249454407220478,0.963767726760554,incremental,3.0514745712280273,ok,
meg,alpha,Vip_7,0.0005494717685726735,0.0005701288322027291,0.963767726760554,incremental,3.0514745712280273,ok,
meg,alpha,Vip_8,0.0023842626582414317,0.002473897591752205,0.963767726760554,incremental,3.0514745712280273,ok,
meg,alpha,Vip_9,-0.00016319902463113323,-0.0001693343946883165,0.963767726760554,incremental,3.0514745712280273,ok,
meg,beta,Astro_1,-0.0011791027899378248,-0.0012575279939905945,0.937635420899142,incremental,2.9696593284606934,ok,
meg,beta,Astro_2,0.027960136831185256,0.029819838508631624,0.937635420899142,incremental,2.9696593284606934,ok,
meg,beta,Chandelier_1,0.0007565139997738335,0.0008068317204232507,0.937635420899142,incremental,2.9696593284606934,ok,
meg,beta,Endo_1,0.003732744220531159,0.0039810187812141925,0.937635420899142,incremental,2.9696593284606934,ok,
meg,beta,L2/3 IT_1,0.000908562469425167,0.0009689933306422068,0.937635420899142,incremental,2.9696593284606934,ok,
meg,beta,L2/3 IT_2,0.0013722058105273272,0.0014634748004842388,0.937635420899142,incremental,2.9696593284606934,ok,
meg,beta,L2/3 IT_3,-0.0010932056143571067,-0.0011659175730677723,0.937635420899142,incremental,2.9696593284606934,ok,
meg,beta,L2/3 IT_4,0.0014144642681225283,0.0015085439783899515,0.937635420899142,incremental,2.9696593284606934,ok,
meg,beta,L2/3 IT_5,0.001780115477333477,0.0018985156038862547,0.937635420899142,incremental,2.9696593284606934,ok,
meg,beta,L2/3 IT_6,0.001249274105226461,0.001332366586608337,0.937635420899142,incremental,2.9696593284606934,ok,
meg,beta,L2/3 IT_7,0.009120583688984385,0.00972721751513849,0.937635420899142,incremental,2.9696593284606934,ok,
meg,beta,L2/3 IT_8,0.0011448371452188466,0.0012209832518069862,0.937635420899142,incremental,2.9696593284606934,ok,
meg,beta,L4 IT_1,0.016599933607073236,0.01770403851760932,0.937635420899142,incremental,2.9696593284606934,ok,
meg,beta,L4 IT_2,0.46800504733544435,0.49913328454107747,0.937635420899142,incremental,2.9696593284606934,ok,
meg,beta,L4 IT_3,-0.0019101638294498624,-0.0020372138113320397,0.937635420899142,incremental,2.9696593284606934,ok,
meg,beta,L5 ET_1,-0.0006033684883424151,-0.000643500101312104,0.937635420899142,incremental,2.9696593284606934,ok,
meg,beta,L5 IT_1,0.0009946462577520299,0.0010608027764119848,0.937635420899142,incremental,2.9696593284606934,ok,
meg,beta,L5 IT_2,0.00021642879065453258,0.0002308240344066663,0.937635420899142,incremental,2.9696593284606934,ok,
meg,beta,L5 IT_3,-0.001548854933972721,-0.00165187331818955,0.937635420899142,incremental,2.9696593284606934,ok,
meg,beta,L5 IT_4,0.0020915981264952865,0.0022307157770229675,0.937635420899142,incremental,2.9696593284606934,ok,
meg,beta,L5 IT_5,-1.0621955203626854e-05,-1.1328449167844971e-05,0.937635420899142,incremental,2.9696593284606934,ok,
meg,beta,L5/6 NP_1,0.0002478475620321108,0.0002643325502725124,0.937635420899142,incremental,2.9696593284606934,ok,
meg,beta,L5/6 NP_2,0.0015933405794598121,0.00169931782006687,0.937635420899142,incremental,2.9696593284606934,ok,
meg,beta,L6 CT_1,6.541046166219644e-05,6.97610821906358e-05,0.937635420899142,incremental,2.9696593284606934,ok,
meg,beta,L6 CT_2,0.0009472776290342377,0.0010102835365646164,0.937635420899142,incremental,2.9696593284606934,ok,
meg,beta,L6 IT Car3_1,-0.0008606949694541788,-0.000917942038312523,0.937635420899142,incremental,2.9696593284606934,ok,
meg,beta,L6 IT_1,0.0004783436362238991,0.0005101595199605336,0.937635420899142,incremental,2.9696593284606934,ok,
meg,beta,L6 IT_2,0.008702371679656373,0.009281189133524059,0.937635420899142,incremental,2.9696593284606934,ok,
meg,beta,L6 IT_3,0.000773105078057279,0.0008245263146265451,0.937635420899142,incremental,2.9696593284606934,ok,
meg,beta,L6b_1,0.0007029159496576565,0.000749668724101312,0.937635420899142,incremental,2.9696593284606934,ok,
meg,beta,L6b_2,-0.0007202791704725708,-0.0007681868180511587,0.937635420899142,incremental,2.9696593284606934,ok,
meg,beta,L6b_3,0.0012779157927287343,0.0013629133075020584,0.937635420899142,incremental,2.9696593284606934,ok,
meg,beta,Lamp5_1,-0.001795381290439546,-0.001914796786066243,0.937635420899142,incremental,2.9696593284606934,ok,
meg,beta,Lamp5_2,0.00046922196260046345,0.0005004311400165586,0.937635420899142,incremental,2.9696593284606934,ok,
meg,beta,Lamp5_Lhx6_1,6.324411423941356e-05,6.745064534653123e-05,0.937635420899142,incremental,2.9696593284606934,ok,
meg,beta,Micro-PVM_1,-0.000765299249628093,-0.0008162013001750853,0.937635420899142,incremental,2.9696593284606934,ok,
meg,beta,Micro-PVM_2,0.0027558011170074614,0.0029390966420240355,0.937635420899142,incremental,2.9696593284606934,ok,
meg,beta,OPC_1,0.06550258413305454,0.06985933196747311,0.937635420899142,incremental,2.9696593284606934,ok,
meg,beta,Oligo_1,0.0010991402569603403,0.0011722469442401438,0.937635420899142,incremental,2.9696593284606934,ok,
meg,beta,Oligo_2,-0.0007426993988659536,-0.0007920982743524608,0.937635420899142,incremental,2.9696593284606934,ok,
meg,beta,Pax6_1,-0.00010549431731110559,-0.00011251101969883156,0.937635420899142,incremental,2.9696593284606934,ok,
meg,beta,Pax6_2,0.00044591002870986163,0.00047556866855803917,0.937635420899142,incremental,2.9696593284606934,ok,
meg,beta,Pvalb_1,-0.00021874544230637838,-0.00023329477260640736,0.937635420899142,incremental,2.9696593284606934,ok,
meg,beta,Pvalb_2,0.0007851341885443119,0.0008373555126484134,0.937635420899142,incremental,2.9696593284606934,ok,
meg,beta,Pvalb_3,-0.0003785337902768582,-0.0004037110606528331,0.937635420899142,incremental,2.9696593284606934,ok,
meg,beta,Pvalb_4,0.0021768792619181188,0.0023216691833491195,0.937635420899142,incremental,2.9696593284606934,ok,
meg,beta,Pvalb_5,-9.011687701854232e-05,-9.611078571682485e-05,0.937635420899142,incremental,2.9696593284606934,ok,
meg,beta,Sncg_1,0.010633366250190956,0.01134061919289923,0.937635420899142,incremental,2.9696593284606934,ok,
meg,beta,Sncg_2,0.010886051631124882,0.01161011133803557,0.937635420899142,incremental,2.9696593284606934,ok,
meg,beta,Sncg_3,-2.16157449502985e-05,-2.3053464564692065e-05,0.937635420899142,incremental,2.9696593284606934,ok,
meg,beta,Sncg_4,0.002825549165969665,0.0030134838157672363,0.937635420899142,incremental,2.9696593284606934,ok,
meg,beta,Sst_1,0.00011113121636407985,0.00011852284362029646,0.937635420899142,incremental,2.9696593284606934,ok,
meg,beta,Sst_10,-0.0005113952241637687,-0.0005454094552799298,0.937635420899142,incremental,2.9696593284606934,ok,
meg,beta,Sst_2,0.00048518534986008444,0.0005174562938277414,0.937635420899142,incremental,2.9696593284606934,ok,
meg,beta,Sst_3,0.0005445216689858867,0.0005807392264081915,0.937635420899142,incremental,2.9696593284606934,ok,
meg,beta,Sst_4,0.0015330610756850716,0.0016350289691647404,0.937635420899142,incremental,2.9696593284606934,ok,
meg,beta,Sst_5,0.005192315863427499,0.005537670343605777,0.937635420899142,incremental,2.9696593284606934,ok,
meg,beta,Sst_6,0.002175331124497748,0.002320018075268234,0.937635420899142,incremental,2.9696593284606934,ok,
meg,beta,Sst_7,0.005942800400176029,0.00633807156568083,0.937635420899142,incremental,2.9696593284606934,ok,
meg,beta,Sst_8,0.0004625799043421752,0.0004933473011275384,0.937635420899142,incremental,2.9696593284606934,ok,
meg,beta,Sst_9,0.21963330089286515,0.23424168498481918,0.937635420899142,incremental,2.9696593284606934,ok,
meg,beta,VLMC_1,0.006247611630620042,0.006663156586628222,0.937635420899142,incremental,2.9696593284606934,ok,
meg,beta,Vip_1,0.0031398270745314205,0.0033486651683022972,0.937635420899142,incremental,2.9696593284606934,ok,
meg,beta,Vip_2,0.0018649791246145853,0.0019890237538447196,0.937635420899142,incremental,2.9696593284606934,ok,
meg,beta,Vip_3,-0.00046607263499487406,-0.0004970723424120811,0.937635420899142,incremental,2.9696593284606934,ok,
meg,beta,Vip_4,0.0011559415068534973,0.0012328261935166777,0.937635420899142,incremental,2.9696593284606934,ok,
meg,beta,Vip_5,0.03532483278812737,0.037674379615749536,0.937635420899142,incremental,2.9696593284606934,ok,
meg,beta,Vip_6,0.0059033830780739205,0.0062960324946053055,0.937635420899142,incremental,2.9696593284606934,ok,
meg,beta,Vip_7,0.00017506753786533658,0.00018671173674033795,0.937635420899142,incremental,2.9696593284606934,ok,
meg,beta,Vip_8,0.000514939816068094,0.000549189807243304,0.937635420899142,incremental,2.9696593284606934,ok,
meg,beta,Vip_9,0.01047175395474953,0.011168257641875005,0.937635420899142,incremental,2.9696593284606934,ok,
meg,gamma1,Astro_1,-0.001897570309732366,-0.0020454364137415296,0.9277092638931339,incremental,2.887723922729492,ok,
meg,gamma1,Astro_2,0.0019296457252647725,0.002080011271168092,0.9277092638931339,incremental,2.887723922729492,ok,
meg,gamma1,Chandelier_1,0.0014623368413974047,0.001576287850420621,0.9277092638931339,incremental,2.887723922729492,ok,
meg,gamma1,Endo_1,-0.00048823889531623976,-0.0005262843805906866,0.9277092638931339,incremental,2.887723922729492,ok,
meg,gamma1,L2/3 IT_1,0.0005741225347952739,0.0006188604093333804,0.9277092638931339,incremental,2.887723922729492,ok,
meg,gamma1,L2/3 IT_2,0.0008112717552537507,0.0008744892250501489,0.9277092638931339,incremental,2.887723922729492,ok,
meg,gamma1,L2/3 IT_3,0.02215723047526219,0.023883808578432565,0.9277092638931339,incremental,2.887723922729492,ok,
meg,gamma1,L2/3 IT_4,-5.038346023833462e-05,-5.43095366180783e-05,0.9277092638931339,incremental,2.887723922729492,ok,
meg,gamma1,L2/3 IT_5,-0.0016048686736390705,-0.0017299263207788136,0.9277092638931339,incremental,2.887723922729492,ok,
meg,gamma1,L2/3 IT_6,0.0021615975545066224,0.002330037694606469,0.9277092638931339,incremental,2.887723922729492,ok,
meg,gamma1,L2/3 IT_7,0.014025860584677585,0.015118810526713974,0.9277092638931339,incremental,2.887723922729492,ok,
meg,gamma1,L2/3 IT_8,-0.0006154896844865476,-0.0006634510492044068,0.9277092638931339,incremental,2.887723922729492,ok,
meg,gamma1,L4 IT_1,0.0013662404126673078,0.0014727032119242584,0.9277092638931339,incremental,2.887723922729492,ok,
meg,gamma1,L4 IT_2,0.0051565175993592005,0.005558333628921483,0.9277092638931339,incremental,2.887723922729492,ok,
meg,gamma1,L4 IT_3,0.002572776336711602,0.0027732571365245836,0.9277092638931339,incremental,2.887723922729492,ok,
meg,gamma1,L5 ET_1,0.0031340738853956607,0.0033782931866428853,0.9277092638931339,incremental,2.887723922729492,ok,
meg,gamma1,L5 IT_1,0.0003933442777876994,0.0004239952031275718,0.9277092638931339,incremental,2.887723922729492,ok,
meg,gamma1,L5 IT_2,0.017627920655914675,0.019001557214098595,0.9277092638931339,incremental,2.887723922729492,ok,
meg,gamma1,L5 IT_3,0.0039924899016160476,0.004303600337956695,0.9277092638931339,incremental,2.887723922729492,ok,
meg,gamma1,L5 IT_4,0.011875936956003086,0.012801356435922276,0.9277092638931339,incremental,2.887723922729492,ok,
meg,gamma1,L5 IT_5,-0.0021245160250816797,-0.002290066627303196,0.9277092638931339,incremental,2.887723922729492,ok,
meg,gamma1,L5/6 NP_1,0.0066557743562967175,0.007174418339174222,0.9277092638931339,incremental,2.887723922729492,ok,
meg,gamma1,L5/6 NP_2,4.821383044617544e-05,5.1970840782430046e-05,0.9277092638931339,incremental,2.887723922729492,ok,
meg,gamma1,L6 CT_1,0.0030341644394548117,0.0032705984057138054,0.9277092638931339,incremental,2.887723922729492,ok,
meg,gamma1,L6 CT_2,-0.002146098580616096,-0.0023133309800206035,0.9277092638931339,incremental,2.887723922729492,ok,
meg,gamma1,L6 IT Car3_1,0.0008152023289506038,0.0008787260844303803,0.9277092638931339,incremental,2.887723922729492,ok,
meg,gamma1,L6 IT_1,0.004298204857913213,0.004633137799956623,0.9277092638931339,incremental,2.887723922729492,ok,
meg,gamma1,L6 IT_2,0.006210216931038626,0.0066941413358075534,0.9277092638931339,incremental,2.887723922729492,ok,
meg,gamma1,L6 IT_3,0.001113000317913504,0.0011997296580210871,0.9277092638931339,incremental,2.887723922729492,ok,
meg,gamma1,L6b_1,0.001955486832669995,0.0021078660187824256,0.9277092638931339,incremental,2.887723922729492,ok,
meg,gamma1,L6b_2,0.06574742471460304,0.0708707213278154,0.9277092638931339,incremental,2.887723922729492,ok,
meg,gamma1,L6b_3,0.005496564207965293,0.005924877999923112,0.9277092638931339,incremental,2.887723922729492,ok,
meg,gamma1,Lamp5_1,0.012375528391335489,0.01333987799087136,0.9277092638931339,incremental,2.887723922729492,ok,
meg,gamma1,Lamp5_2,-0.0007192467140292313,-0.0007752932325057432,0.9277092638931339,incremental,2.887723922729492,ok,
meg,gamma1,Lamp5_Lhx6_1,0.0001865135081424718,0.00020104737055202777,0.9277092638931339,incremental,2.887723922729492,ok,
meg,gamma1,Micro-PVM_1,0.0002674155632276243,0.00028825363035118816,0.9277092638931339,incremental,2.887723922729492,ok,
meg,gamma1,Micro-PVM_2,0.0022215921368734515,0.0023947072895990447,0.9277092638931339,incremental,2.887723922729492,ok,
meg,gamma1,OPC_1,0.011020829823741085,0.011879616009753045,0.9277092638931339,incremental,2.887723922729492,ok,
meg,gamma1,Oligo_1,0.0060416095819846305,0.00651239544232964,0.9277092638931339,incremental,2.887723922729492,ok,
meg,gamma1,Oligo_2,-0.0010265651364568251,-0.0011065591089915847,0.9277092638931339,incremental,2.887723922729492,ok,
meg,gamma1,Pax6_1,0.016492131324590598,0.017777262733565183,0.9277092638931339,incremental,2.887723922729492,ok,
meg,gamma1,Pax6_2,0.002037009488682462,0.0021957412391616607,0.9277092638931339,incremental,2.887723922729492,ok,
meg,gamma1,Pvalb_1,0.0013273461671575726,0.001430778174605438,0.9277092638931339,incremental,2.887723922729492,ok,
meg,gamma1,Pvalb_2,0.004388180125856622,0.004730124292864787,0.9277092638931339,incremental,2.887723922729492,ok,
meg,gamma1,Pvalb_3,0.004096204963756955,0.0044153972835920844,0.9277092638931339,incremental,2.887723922729492,ok,
meg,gamma1,Pvalb_4,-0.00035561523401839157,-0.00038332616462840034,0.9277092638931339,incremental,2.887723922729492,ok,
meg,gamma1,Pvalb_5,-0.000332759369363389,-0.00035868928156108264,0.9277092638931339,incremental,2.887723922729492,ok,
meg,gamma1,Sncg_1,0.0038932093096143428,0.004196583413726496,0.9277092638931339,incremental,2.887723922729492,ok,
meg,gamma1,Sncg_2,0.5747862428537902,0.6195758361210046,0.9277092638931339,incremental,2.887723922729492,ok,
meg,gamma1,Sncg_3,0.07515725607377877,0.08101380356856758,0.9277092638931339,incremental,2.887723922729492,ok,
meg,gamma1,Sncg_4,0.0011953261951921368,0.0012884706898106718,0.9277092638931339,incremental,2.887723922729492,ok,
meg,gamma1,Sst_1,0.00011350027062384527,0.00012234465585429333,0.9277092638931339,incremental,2.887723922729492,ok,
meg,gamma1,Sst_10,-0.0011729480297607564,-0.001264348730159789,0.9277092638931339,incremental,2.887723922729492,ok,
meg,gamma1,Sst_2,0.0011067998085050323,0.001193045980655992,0.9277092638931339,incremental,2.887723922729492,ok,
meg,gamma1,Sst_3,-0.0008313797271861656,-0.0008961640888410221,0.9277092638931339,incremental,2.887723922729492,ok,
meg,gamma1,Sst_4,0.003993895851610474,0.004305115845076378,0.9277092638931339,incremental,2.887723922729492,ok,
meg,gamma1,Sst_5,0.0005569395410182088,0.0006003384494415964,0.9277092638931339,incremental,2.887723922729492,ok,
meg,gamma1,Sst_6,0.00531955166350262,0.005734071945319496,0.9277092638931339,incremental,2.887723922729492,ok,
meg,gamma1,Sst_7,0.0018594090637364946,0.0020043014941270292,0.9277092638931339,incremental,2.887723922729492,ok,
meg,gamma1,Sst_8,0.0016690921299148398,0.0017991543200835262,0.9277092638931339,incremental,2.887723922729492,ok,
meg,gamma1,Sst_9,0.001367852964061722,0.001474441419633479,0.9277092638931339,incremental,2.887723922729492,ok,
meg,gamma1,VLMC_1,0.0006385380612892178,0.0006882954457192671,0.9277092638931339,incremental,2.887723922729492,ok,
meg,gamma1,Vip_1,-0.0002714430057463302,-0.0002925949069509331,0.9277092638931339,incremental,2.887723922729492,ok,
meg,gamma1,Vip_2,-0.0016499506401006503,-0.0017785212504795186,0.9277092638931339,incremental,2.887723922729492,ok,
meg,gamma1,Vip_3,0.004705202792218421,0.005071850605946337,0.9277092638931339,incremental,2.887723922729492,ok,
meg,gamma1,Vip_4,0.0018491085166644217,0.0019931982881195276,0.9277092638931339,incremental,2.887723922729492,ok,
meg,gamma1,Vip_5,0.007814414382188106,0.008423344129813794,0.9277092638931339,incremental,2.887723922729492,ok,
meg,gamma1,Vip_6,0.0020421847802956083,0.0022013198097489894,0.9277092638931339,incremental,2.887723922729492,ok,
meg,gamma1,Vip_7,-0.00042050299766016597,-0.0004532702367286107,0.9277092638931339,incremental,2.887723922729492,ok,
meg,gamma1,Vip_8,0.003774994945042187,0.004069157323276489,0.9277092638931339,incremental,2.887723922729492,ok,
meg,gamma1,Vip_9,0.006503341784305672,0.007010107624682311,0.9277092638931339,incremental,2.887723922729492,ok,
meg,gamma2,Astro_1,0.0021811145262587983,0.002441770299322928,0.8932513131409591,incremental,2.9019949436187744,ok,
meg,gamma2,Astro_2,0.003893323328200249,0.004358597934225331,0.8932513131409591,incremental,2.9019949436187744,ok,
meg,gamma2,Chandelier_1,0.0021911273262180675,0.0024529796866610346,0.8932513131409591,incremental,2.9019949436187744,ok,
meg,gamma2,Endo_1,-0.0006786341570459431,-0.0007597348551995374,0.8932513131409591,incremental,2.9019949436187744,ok,
meg,gamma2,L2/3 IT_1,0.00941306734779912,0.01053798321851859,0.8932513131409591,incremental,2.9019949436187744,ok,
meg,gamma2,L2/3 IT_2,0.0011164914787716862,0.001249918653738938,0.8932513131409591,incremental,2.9019949436187744,ok,
meg,gamma2,L2/3 IT_3,0.01877139287007712,0.021014682647452106,0.8932513131409591,incremental,2.9019949436187744,ok,
meg,gamma2,L2/3 IT_4,0.006822870578619189,0.00763824298743853,0.8932513131409591,incremental,2.9019949436187744,ok,
meg,gamma2,L2/3 IT_5,0.0007366009078929592,0.0008246289672979414,0.8932513131409591,incremental,2.9019949436187744,ok,
meg,gamma2,L2/3 IT_6,0.0008863862087914454,0.0009923144760623146,0.8932513131409591,incremental,2.9019949436187744,ok,
meg,gamma2,L2/3 IT_7,0.0015887387913613438,0.001778602245514565,0.8932513131409591,incremental,2.9019949436187744,ok,
meg,gamma2,L2/3 IT_8,-0.0016064166259289747,-0.0017983926833315216,0.8932513131409591,incremental,2.9019949436187744,ok,
meg,gamma2,L4 IT_1,0.01895263770388622,0.021217587284862362,0.8932513131409591,incremental,2.9019949436187744,ok,
meg,gamma2,L4 IT_2,0.001149146333486173,0.0012864759520424375,0.8932513131409591,incremental,2.9019949436187744,ok,
meg,gamma2,L4 IT_3,-0.0017156532437169192,-0.0019206837073478574,0.8932513131409591,incremental,2.9019949436187744,ok,
meg,gamma2,L5 ET_1,-0.0015362052311248542,-0.0017197906216594994,0.8932513131409591,incremental,2.9019949436187744,ok,
meg,gamma2,L5 IT_1,0.0016637096233168558,0.001862532524544204,0.8932513131409591,incremental,2.9019949436187744,ok,
meg,gamma2,L5 IT_2,0.0027170745965933163,0.0030417806910792078,0.8932513131409591,incremental,2.9019949436187744,ok,
meg,gamma2,L5 IT_3,0.006940104848035755,0.007769487428607424,0.8932513131409591,incremental,2.9019949436187744,ok,
meg,gamma2,L5 IT_4,0.006762428701820533,0.007570577957553354,0.8932513131409591,incremental,2.9019949436187744,ok,
meg,gamma2,L5 IT_5,-0.0014477910451485831,-0.001620810430222245,0.8932513131409591,incremental,2.9019949436187744,ok,
meg,gamma2,L5/6 NP_1,0.0006491922683257156,0.0007267744908685852,0.8932513131409591,incremental,2.9019949436187744,ok,
meg,gamma2,L5/6 NP_2,0.0016489472373756309,0.0018460059482895152,0.8932513131409591,incremental,2.9019949436187744,ok,
meg,gamma2,L6 CT_1,0.006015881810108259,0.00673481440397158,0.8932513131409591,incremental,2.9019949436187744,ok,
meg,gamma2,L6 CT_2,0.004166474281413479,0.00466439200269722,0.8932513131409591,incremental,2.9019949436187744,ok,
meg,gamma2,L6 IT Car3_1,-0.0018137818947181472,-0.0020305392984425697,0.8932513131409591,incremental,2.9019949436187744,ok,
meg,gamma2,L6 IT_1,0.004724103516858147,0.005288661149846709,0.8932513131409591,incremental,2.9019949436187744,ok,
meg,gamma2,L6 IT_2,-0.0010143447847565934,-0.0011355648403021438,0.8932513131409591,incremental,2.9019949436187744,ok,
meg,gamma2,L6 IT_3,0.0005507120957897182,0.0006165253693870735,0.8932513131409591,incremental,2.9019949436187744,ok,
meg,gamma2,L6b_1,-0.0018706141466158233,-0.002094163332420013,0.8932513131409591,incremental,2.9019949436187744,ok,
meg,gamma2,L6b_2,-0.0031437597223974434,-0.0035194571518097997,0.8932513131409591,incremental,2.9019949436187744,ok,
meg,gamma2,L6b_3,0.0011128654066174803,0.0012458592450363016,0.8932513131409591,incremental,2.9019949436187744,ok,
meg,gamma2,Lamp5_1,0.0028289151758007502,0.0031669868649320805,0.8932513131409591,incremental,2.9019949436187744,ok,
meg,gamma2,Lamp5_2,0.0004109046953668649,0.00046001017778747144,0.8932513131409591,incremental,2.9019949436187744,ok,
meg,gamma2,Lamp5_Lhx6_1,0.0011428473402180783,0.0012794241927274188,0.8932513131409591,incremental,2.9019949436187744,ok,
meg,gamma2,Micro-PVM_1,0.00071835177733659,0.0008041989603246526,0.8932513131409591,incremental,2.9019949436187744,ok,
meg,gamma2,Micro-PVM_2,0.000642799674539063,0.0007196179452328734,0.8932513131409591,incremental,2.9019949436187744,ok,
meg,gamma2,OPC_1,0.004020056718991416,0.004500476696592365,0.8932513131409591,incremental,2.9019949436187744,ok,
meg,gamma2,Oligo_1,0.010274617716290568,0.01150249382803783,0.8932513131409591,incremental,2.9019949436187744,ok,
meg,gamma2,Oligo_2,0.0025196988254971853,0.002820817376284747,0.8932513131409591,incremental,2.9019949436187744,ok,
meg,gamma2,Pax6_1,0.003649763366316394,0.0040859311513158055,0.8932513131409591,incremental,2.9019949436187744,ok,
meg,gamma2,Pax6_2,0.001949734868208819,0.0021827394368477597,0.8932513131409591,incremental,2.9019949436187744,ok,
meg,gamma2,Pvalb_1,0.6052834252124746,0.6776182876060974,0.8932513131409591,incremental,2.9019949436187744,ok,
meg,gamma2,Pvalb_2,0.00203166566392321,0.0022744614354713007,0.8932513131409591,incremental,2.9019949436187744,ok,
meg,gamma2,Pvalb_3,0.00039124250399102944,0.0004379982410720393,0.8932513131409591,incremental,2.9019949436187744,ok,
meg,gamma2,Pvalb_4,-0.002463069354182279,-0.0027574203563399584,0.8932513131409591,incremental,2.9019949436187744,ok,
meg,gamma2,Pvalb_5,-0.0029105473659176706,-0.003258374572866005,0.8932513131409591,incremental,2.9019949436187744,ok,
meg,gamma2,Sncg_1,-0.002086750953521732,-0.00233612973507315,0.8932513131409591,incremental,2.9019949436187744,ok,
meg,gamma2,Sncg_2,-0.00015381061503771942,-0.0001721918711732668,0.8932513131409591,incremental,2.9019949436187744,ok,
meg,gamma2,Sncg_3,0.0010097670848362439,0.0011304400788234813,0.8932513131409591,incremental,2.9019949436187744,ok,
meg,gamma2,Sncg_4,0.020521676215792484,0.022974134953836975,0.8932513131409591,incremental,2.9019949436187744,ok,
meg,gamma2,Sst_1,0.004858519886940638,0.005439141051868727,0.8932513131409591,incremental,2.9019949436187744,ok,
meg,gamma2,Sst_10,-0.0014913795675317587,-0.0016696080325788586,0.8932513131409591,incremental,2.9019949436187744,ok,
meg,gamma2,Sst_2,-0.0014084487576337956,-0.0015767665123057435,0.8932513131409591,incremental,2.9019949436187744,ok,
meg,gamma2,Sst_3,0.0017215723375997305,0.0019273101671086585,0.8932513131409591,incremental,2.9019949436187744,ok,
meg,gamma2,Sst_4,0.03963333922231205,0.04436975198272978,0.8932513131409591,incremental,2.9019949436187744,ok,
meg,gamma2,Sst_5,0.0057165004121702,0.006399655201254779,0.8932513131409591,incremental,2.9019949436187744,ok,
meg,gamma2,Sst_6,-0.0005315514783709174,-0.0005950749476111168,0.8932513131409591,incremental,2.9019949436187744,ok,
meg,gamma2,Sst_7,0.00541338978483874,0.006060321104710745,0.8932513131409591,incremental,2.9019949436187744,ok,
meg,gamma2,Sst_8,0.0006850106218874163,0.0007668733443880408,0.8932513131409591,incremental,2.9019949436187744,ok,
meg,gamma2,Sst_9,0.0096305633171625,0.010781471211386569,0.8932513131409591,incremental,2.9019949436187744,ok,
meg,gamma2,VLMC_1,0.0014526428814408687,0.0016262420889513265,0.8932513131409591,incremental,2.9019949436187744,ok,
meg,gamma2,Vip_1,-0.0013847793912475925,-0.0015502685200408635,0.8932513131409591,incremental,2.9019949436187744,ok,
meg,gamma2,Vip_2,0.032341720720782785,0.036206742990456835,0.8932513131409591,incremental,2.9019949436187744,ok,
meg,gamma2,Vip_3,0.029503237506686375,0.033029044651435774,0.8932513131409591,incremental,2.9019949436187744,ok,
meg,gamma2,Vip_4,0.003516540882571584,0.003936787811938719,0.8932513131409591,incremental,2.9019949436187744,ok,
meg,gamma2,Vip_5,0.002192995049392854,0.002455070613533808,0.8932513131409591,incremental,2.9019949436187744,ok,
meg,gamma2,Vip_6,0.0017994701573801342,0.0020145172258998626,0.8932513131409591,incremental,2.9019949436187744,ok,
meg,gamma2,Vip_7,0.020845870433450764,0.023337072251424937,0.8932513131409591,incremental,2.9019949436187744,ok,
meg,gamma2,Vip_8,-0.0027926556929697144,-0.0031263941646498547,0.8932513131409591,incremental,2.9019949436187744,ok,
meg,gamma2,Vip_9,0.0019402753270083561,0.002172149425882984,0.8932513131409591,incremental,2.9019949436187744,ok,
enigma,22q,Astro_1,9.632057802178018e-05,0.00010528267754906382,0.9148758396355646,incremental,2.7497897148132324,ok,
enigma,22q,Astro_2,0.016908616105778984,0.01848186975023237,0.9148758396355646,incremental,2.7497897148132324,ok,
enigma,22q,Chandelier_1,0.004155436686121838,0.004542077193531673,0.9148758396355646,incremental,2.7497897148132324,ok,
enigma,22q,Endo_1,0.011303049565774659,0.012354736103072916,0.9148758396355646,incremental,2.7497897148132324,ok,
enigma,22q,L2/3 IT_1,0.07635739183367163,0.08346202678615729,0.9148758396355646,incremental,2.7497897148132324,ok,
enigma,22q,L2/3 IT_2,0.002039982168945742,0.0022297912793919194,0.9148758396355646,incremental,2.7497897148132324,ok,
enigma,22q,L2/3 IT_3,-7.573883540634707e-05,-8.27859170885059e-05,0.9148758396355646,incremental,2.7497897148132324,ok,
enigma,22q,L2/3 IT_4,0.01695359498592197,0.018531033667557924,0.9148758396355646,incremental,2.7497897148132324,ok,
enigma,22q,L2/3 IT_5,0.0007517861962313965,0.0008217357631073372,0.9148758396355646,incremental,2.7497897148132324,ok,
enigma,22q,L2/3 IT_6,-2.9990322708672856e-05,-3.278075713598396e-05,0.9148758396355646,incremental,2.7497897148132324,ok,
enigma,22q,L2/3 IT_7,0.00903934882677182,0.009880410472280688,0.9148758396355646,incremental,2.7497897148132324,ok,
enigma,22q,L2/3 IT_8,0.0007833174615266003,0.0008562008390544341,0.9148758396355646,incremental,2.7497897148132324,ok,
enigma,22q,L4 IT_1,0.003569515486029462,0.0039016392513451415,0.9148758396355646,incremental,2.7497897148132324,ok,
enigma,22q,L4 IT_2,0.006149509503733497,0.006721687509184981,0.9148758396355646,incremental,2.7497897148132324,ok,
enigma,22q,L4 IT_3,0.009130760606237631,0.009980327614591741,0.9148758396355646,incremental,2.7497897148132324,ok,
enigma,22q,L5 ET_1,0.00106604160927537,0.0011652309123170433,0.9148758396355646,incremental,2.7497897148132324,ok,
enigma,22q,L5 IT_1,0.042817989879647356,0.04680196811919708,0.9148758396355646,incremental,2.7497897148132324,ok,
enigma,22q,L5 IT_2,0.00011565235879706925,0.00012641317410145916,0.9148758396355646,incremental,2.7497897148132324,ok,
enigma,22q,L5 IT_3,-0.00043513837758479834,-0.00047562560812419437,0.9148758396355646,incremental,2.7497897148132324,ok,
enigma,22q,L5 IT_4,0.017763818427538047,0.019416643940028146,0.9148758396355646,incremental,2.7497897148132324,ok,
enigma,22q,L5 IT_5,0.005480867189626704,0.0059908317087157695,0.9148758396355646,incremental,2.7497897148132324,ok,
enigma,22q,L5/6 NP_1,0.010791351349004441,0.011795427184199238,0.9148758396355646,incremental,2.7497897148132324,ok,
enigma,22q,L5/6 NP_2,0.009410851898937755,0.010286479860137648,0.9148758396355646,incremental,2.7497897148132324,ok,
enigma,22q,L6 CT_1,0.005624949360449438,0.00614831993234197,0.9148758396355646,incremental,2.7497897148132324,ok,
enigma,22q,L6 CT_2,0.008776827556169153,0.00959346304266309,0.9148758396355646,incremental,2.7497897148132324,ok,
enigma,22q,L6 IT Car3_1,0.005027652506247815,0.005495447894055821,0.9148758396355646,incremental,2.7497897148132324,ok,
enigma,22q,L6 IT_1,-0.0009951475221661177,-0.0010877405206836906,0.9148758396355646,incremental,2.7497897148132324,ok,
enigma,22q,L6 IT_2,0.026015879517027107,0.028436513885196028,0.9148758396355646,incremental,2.7497897148132324,ok,
enigma,22q,L6 IT_3,-0.002483888524476341,-0.0027150006775408814,0.9148758396355646,incremental,2.7497897148132324,ok,
enigma,22q,L6b_1,0.000558902731330968,0.0006109055536471524,0.9148758396355646,incremental,2.7497897148132324,ok,
enigma,22q,L6b_2,0.00010152895647852489,0.0001109756669483898,0.9148758396355646,incremental,2.7497897148132324,ok,
enigma,22q,L6b_3,-0.0004220655019292474,-0.0004613363733568204,0.9148758396355646,incremental,2.7497897148132324,ok,
enigma,22q,Lamp5_1,0.008362861815492173,0.009140980068752793,0.9148758396355646,incremental,2.7497897148132324,ok,
enigma,22q,Lamp5_2,0.005796184020516626,0.0063354870348587425,0.9148758396355646,incremental,2.7497897148132324,ok,
enigma,22q,Lamp5_Lhx6_1,0.0015601650821851498,0.0017053298541653832,0.9148758396355646,incremental,2.7497897148132324,ok,
enigma,22q,Micro-PVM_1,0.00010488927458851549,0.00011464864415951515,0.9148758396355646,incremental,2.7497897148132324,ok,
enigma,22q,Micro-PVM_2,0.02046809019054663,0.02237253330320754,0.9148758396355646,incremental,2.7497897148132324,ok,
enigma,22q,OPC_1,0.001432124473378038,0.0015653757715894173,0.9148758396355646,incremental,2.7497897148132324,ok,
enigma,22q,Oligo_1,0.019635844884187903,0.02146285215271367,0.9148758396355646,incremental,2.7497897148132324,ok,
enigma,22q,Oligo_2,0.01578932055096849,0.017258429905918242,0.9148758396355646,incremental,2.7497897148132324,ok,
enigma,22q,Pax6_1,0.006704266741415554,0.007328061853820688,0.9148758396355646,incremental,2.7497897148132324,ok,
enigma,22q,Pax6_2,0.008236845577312857,0.009003238713347109,0.9148758396355646,incremental,2.7497897148132324,ok,
enigma,22q,Pvalb_1,0.015905305468330133,0.01738520658132793,0.9148758396355646,incremental,2.7497897148132324,ok,
enigma,22q,Pvalb_2,0.006716427629012034,0.00734135424506071,0.9148758396355646,incremental,2.7497897148132324,ok,
enigma,22q,Pvalb_3,0.0033464048294887805,0.003657769376467304,0.9148758396355646,incremental,2.7497897148132324,ok,
enigma,22q,Pvalb_4,0.01243258309433426,0.013589366508232096,0.9148758396355646,incremental,2.7497897148132324,ok,
enigma,22q,Pvalb_5,0.1011001695600382,0.11050698376766716,0.9148758396355646,incremental,2.7497897148132324,ok,
enigma,22q,Sncg_1,0.0010148334097477285,0.0011092580717313306,0.9148758396355646,incremental,2.7497897148132324,ok,
enigma,22q,Sncg_2,0.0012678921413611377,0.001385862525199261,0.9148758396355646,incremental,2.7497897148132324,ok,
enigma,22q,Sncg_3,0.009868235444364215,0.01078642042650855,0.9148758396355646,incremental,2.7497897148132324,ok,
enigma,22q,Sncg_4,0.0008546941110569861,0.0009342186928856362,0.9148758396355646,incremental,2.7497897148132324,ok,
enigma,22q,Sst_1,0.010207464225466145,0.01115721257819228,0.9148758396355646,incremental,2.7497897148132324,ok,
enigma,22q,Sst_10,0.00034212350320494966,0.0003739562117426038,0.9148758396355646,incremental,2.7497897148132324,ok,
enigma,22q,Sst_2,0.0015239045628199221,0.0016656954930922216,0.9148758396355646,incremental,2.7497897148132324,ok,
enigma,22q,Sst_3,0.026022714197821317,0.028443984495412307,0.9148758396355646,incremental,2.7497897148132324,ok,
enigma,22q,Sst_4,0.0021478989559943207,0.002347749129379046,0.9148758396355646,incremental,2.7497897148132324,ok,
enigma,22q,Sst_5,0.240629682890257,0.26301895018466154,0.9148758396355646,incremental,2.7497897148132324,ok,
enigma,22q,Sst_6,0.016388141377999932,0.01791296771431635,0.9148758396355646,incremental,2.7497897148132324,ok,
enigma,22q,Sst_7,0.01724449572982023,0.01884900112422848,0.9148758396355646,incremental,2.7497897148132324,ok,
enigma,22q,Sst_8,0.000601697427965231,0.0006576820612127145,0.9148758396355646,incremental,2.7497897148132324,ok,
enigma,22q,Sst_9,0.0060088232546933185,0.0065679111791682,0.9148758396355646,incremental,2.7497897148132324,ok,
enigma,22q,VLMC_1,0.022841050610397207,0.024966284626661256,0.9148758396355646,incremental,2.7497897148132324,ok,
enigma,22q,Vip_1,0.01079449826129597,0.011798866899355321,0.9148758396355646,incremental,2.7497897148132324,ok,
enigma,22q,Vip_2,0.0136812088396564,0.014954170005305014,0.9148758396355646,incremental,2.7497897148132324,ok,
enigma,22q,Vip_3,0.003040996692052045,0.0033239446931546558,0.9148758396355646,incremental,2.7497897148132324,ok,
enigma,22q,Vip_4,0.01508114077247813,0.01648435789766359,0.9148758396355646,incremental,2.7497897148132324,ok,
enigma,22q,Vip_5,-0.0019011168714675453,-0.0020780053304553805,0.9148758396355646,incremental,2.7497897148132324,ok,
enigma,22q,Vip_6,4.366686555912214e-05,4.772982700747303e-05,0.9148758396355646,incremental,2.7497897148132324,ok,
enigma,22q,Vip_7,0.0030068034387731313,0.0032865699458965642,0.9148758396355646,incremental,2.7497897148132324,ok,
enigma,22q,Vip_8,0.0010351190234840768,0.001131431150150834,0.9148758396355646,incremental,2.7497897148132324,ok,
enigma,22q,Vip_9,-0.000810586682056913,-0.0008860073104343922,0.9148758396355646,incremental,2.7497897148132324,ok,
enigma,adhd,Astro_1,-8.306802851743011e-05,-9.2856348672432e-05,0.8945864198307861,incremental,2.7759902477264404,ok,
enigma,adhd,Astro_2,0.002190623608851028,0.002448755715814903,0.8945864198307861,incremental,2.7759902477264404,ok,
enigma,adhd,Chandelier_1,0.016428783482127618,0.01836466898886658,0.8945864198307861,incremental,2.7759902477264404,ok,
enigma,adhd,Endo_1,0.00022994994297831362,0.0002570460917815066,0.8945864198307861,incremental,2.7759902477264404,ok,
enigma,adhd,L2/3 IT_1,0.008680121744179425,0.009702943786941566,0.8945864198307861,incremental,2.7759902477264404,ok,
enigma,adhd,L2/3 IT_2,0.0005465715573231833,0.0006109768102969516,0.8945864198307861,incremental,2.7759902477264404,ok,
enigma,adhd,L2/3 IT_3,0.007852226099650639,0.008777493068960193,0.8945864198307861,incremental,2.7759902477264404,ok,
enigma,adhd,L2/3 IT_4,0.0014053621068870203,0.0015709629340817056,0.8945864198307861,incremental,2.7759902477264404,ok,
enigma,adhd,L2/3 IT_5,-0.0007778011469617985,-0.0008694533358877972,0.8945864198307861,incremental,2.7759902477264404,ok,
enigma,adhd,L2/3 IT_6,0.0035495552806041886,0.003967817084989506,0.8945864198307861,incremental,2.7759902477264404,ok,
enigma,adhd,L2/3 IT_7,0.0005291483635805339,0.0005915005547263103,0.8945864198307861,incremental,2.7759902477264404,ok,
enigma,adhd,L2/3 IT_8,-0.0018170353108262205,-0.002031145645123831,0.8945864198307861,incremental,2.7759902477264404,ok,
enigma,adhd,L4 IT_1,0.0007321161391543596,0.0008183850357272824,0.8945864198307861,incremental,2.7759902477264404,ok,
enigma,adhd,L4 IT_2,-0.0025033570075065903,-0.002798340050791413,0.8945864198307861,incremental,2.7759902477264404,ok,
enigma,adhd,L4 IT_3,-0.001166685291850711,-0.001304161639376767,0.8945864198307861,incremental,2.7759902477264404,ok,
enigma,adhd,L5 ET_1,0.0018193795784409161,0.002033766149485097,0.8945864198307861,incremental,2.7759902477264404,ok,
enigma,adhd,L5 IT_1,0.03631324474788178,0.04059221551200223,0.8945864198307861,incremental,2.7759902477264404,ok,
enigma,adhd,L5 IT_2,0.006851502171565604,0.007658848848679805,0.8945864198307861,incremental,2.7759902477264404,ok,
enigma,adhd,L5 IT_3,-0.0009081936618333675,-0.001015210651202547,0.8945864198307861,incremental,2.7759902477264404,ok,
enigma,adhd,L5 IT_4,0.0008439268102463648,0.0009433709159211206,0.8945864198307861,incremental,2.7759902477264404,ok,
enigma,adhd,L5 IT_5,0.008599718591601024,0.009613066329832828,0.8945864198307861,incremental,2.7759902477264404,ok,
enigma,adhd,L5/6 NP_1,-0.0006563341409319134,-0.0007336732666432173,0.8945864198307861,incremental,2.7759902477264404,ok,
enigma,adhd,L5/6 NP_2,-0.0007222265075326195,-0.0008073300594807051,0.8945864198307861,incremental,2.7759902477264404,ok,
enigma,adhd,L6 CT_1,-0.0008935658035947869,-0.0009988591194619383,0.8945864198307861,incremental,2.7759902477264404,ok,
enigma,adhd,L6 CT_2,0.0034628826293584547,0.003870931362912339,0.8945864198307861,incremental,2.7759902477264404,ok,
enigma,adhd,L6 IT Car3_1,-0.0007488010639737919,-0.0008370360284648967,0.8945864198307861,incremental,2.7759902477264404,ok,
enigma,adhd,L6 IT_1,-0.0008036867748878462,-0.0008983891964734566,0.8945864198307861,incremental,2.7759902477264404,ok,
enigma,adhd,L6 IT_2,-0.0003660729715659894,-0.00040920917582812545,0.8945864198307861,incremental,2.7759902477264404,ok,
enigma,adhd,L6 IT_3,0.002317013057497652,0.002590038263643576,0.8945864198307861,incremental,2.7759902477264404,ok,
enigma,adhd,L6b_1,0.0012415349762717742,0.0013878312354737225,0.8945864198307861,incremental,2.7759902477264404,ok,
enigma,adhd,L6b_2,-0.0021233548287236115,-0.002373560319779112,0.8945864198307861,incremental,2.7759902477264404,ok,
enigma,adhd,L6b_3,-0.002346751138165848,-0.0026232805306945564,0.8945864198307861,incremental,2.7759902477264404,ok,
enigma,adhd,Lamp5_1,0.00154605619083803,0.001728235703746175,0.8945864198307861,incremental,2.7759902477264404,ok,
enigma,adhd,Lamp5_2,3.5332119347364355e-05,3.949547921155291e-05,0.8945864198307861,incremental,2.7759902477264404,ok,
enigma,adhd,Lamp5_Lhx6_1,0.002805456193653577,0.003136037090954542,0.8945864198307861,incremental,2.7759902477264404,ok,
enigma,adhd,Micro-PVM_1,0.0007748142327410612,0.0008661144586652901,0.8945864198307861,incremental,2.7759902477264404,ok,
enigma,adhd,Micro-PVM_2,0.002383947463970637,0.0026648598851093316,0.8945864198307861,incremental,2.7759902477264404,ok,
enigma,adhd,OPC_1,0.012209867712392075,0.013648617329448854,0.8945864198307861,incremental,2.7759902477264404,ok,
enigma,adhd,Oligo_1,0.003411456539256341,0.003813445480093057,0.8945864198307861,incremental,2.7759902477264404,ok,
enigma,adhd,Oligo_2,-0.002439864108012779,-0.002727365466238899,0.8945864198307861,incremental,2.7759902477264404,ok,
enigma,adhd,Pax6_1,0.7564782357267372,0.845617839660284,0.8945864198307861,incremental,2.7759902477264404,ok,
enigma,adhd,Pax6_2,-0.0007805777429891192,-0.0008725571120750614,0.8945864198307861,incremental,2.7759902477264404,ok,
enigma,adhd,Pvalb_1,0.0019796469879749257,0.002212918667320461,0.8945864198307861,incremental,2.7759902477264404,ok,
enigma,adhd,Pvalb_2,0.002596052409873928,0.0029019582147971567,0.8945864198307861,incremental,2.7759902477264404,ok,
enigma,adhd,Pvalb_3,0.0015723186840090886,0.001757592837488521,0.8945864198307861,incremental,2.7759902477264404,ok,
enigma,adhd,Pvalb_4,0.0024064490451581877,0.0026900129398492044,0.8945864198307861,incremental,2.7759902477264404,ok,
enigma,adhd,Pvalb_5,-0.00044832788352922037,-0.0005011565943668394,0.8945864198307861,incremental,2.7759902477264404,ok,
enigma,adhd,Sncg_1,-0.000867581384559557,-0.0009698128267179182,0.8945864198307861,incremental,2.7759902477264404,ok,
enigma,adhd,Sncg_2,-0.0023000119680515185,-0.0025710338510242232,0.8945864198307861,incremental,2.7759902477264404,ok,
enigma,adhd,Sncg_3,-0.002804789893193549,-0.00313529227698771,0.8945864198307861,incremental,2.7759902477264404,ok,
enigma,adhd,Sncg_4,-0.001241038559908647,-0.001387276323894335,0.8945864198307861,incremental,2.7759902477264404,ok,
enigma,adhd,Sst_1,0.0005450894403314921,0.0006093200480671253,0.8945864198307861,incremental,2.7759902477264404,ok,
enigma,adhd,Sst_10,0.0013522800020951964,0.0015116259001013948,0.8945864198307861,incremental,2.7759902477264404,ok,
enigma,adhd,Sst_2,0.005926372593061946,0.006624706637267015,0.8945864198307861,incremental,2.7759902477264404,ok,
enigma,adhd,Sst_3,-0.0007713529849229239,-0.0008622453547515597,0.8945864198307861,incremental,2.7759902477264404,ok,
enigma,adhd,Sst_4,0.0026456058719787068,0.0029573508085212513,0.8945864198307861,incremental,2.7759902477264404,ok,
enigma,adhd,Sst_5,-0.0005634720332674537,-0.0006298687536236423,0.8945864198307861,incremental,2.7759902477264404,ok,
enigma,adhd,Sst_6,0.0025022981546547474,0.002797156428026333,0.8945864198307861,incremental,2.7759902477264404,ok,
enigma,adhd,Sst_7,-0.00014317836891952762,-0.00016004979032278432,0.8945864198307861,incremental,2.7759902477264404,ok,
enigma,adhd,Sst_8,5.7704294539218104e-05,6.450387940176093e-05,0.8945864198307861,incremental,2.7759902477264404,ok,
enigma,adhd,Sst_9,0.0032376550681394445,0.0036191641146887266,0.8945864198307861,incremental,2.7759902477264404,ok,
enigma,adhd,VLMC_1,0.0029907556092065857,0.0033431712609412255,0.8945864198307861,incremental,2.7759902477264404,ok,
enigma,adhd,Vip_1,0.0011426831242207225,0.0012773311766088118,0.8945864198307861,incremental,2.7759902477264404,ok,
enigma,adhd,Vip_2,0.0012854571940795756,0.0014369290272959027,0.8945864198307861,incremental,2.7759902477264404,ok,
enigma,adhd,Vip_3,-0.0012386204445316018,-0.001384573269920519,0.8945864198307861,incremental,2.7759902477264404,ok,
enigma,adhd,Vip_4,0.0026356002660722355,0.002946166192161477,0.8945864198307861,incremental,2.7759902477264404,ok,
enigma,adhd,Vip_5,0.0010259572321652533,0.001146850890447584,0.8945864198307861,incremental,2.7759902477264404,ok,
enigma,adhd,Vip_6,-6.630232819793136e-05,-7.411506225465916e-05,0.8945864198307861,incremental,2.7759902477264404,ok,
enigma,adhd,Vip_7,0.0026826306585960857,0.0029987384104305024,0.8945864198307861,incremental,2.7759902477264404,ok,
enigma,adhd,Vip_8,0.0012914079073754747,0.001443580942822437,0.8945864198307861,incremental,2.7759902477264404,ok,
enigma,adhd,Vip_9,0.0030536795970734776,0.0034135098961720106,0.8945864198307861,incremental,2.7759902477264404,ok,
enigma,asd,Astro_1,0.0006365740024286692,0.0006631191369429749,0.9599692829908657,incremental,2.7392568588256836,ok,
enigma,asd,Astro_2,0.002002280523847433,0.0020857756173292942,0.9599692829908657,incremental,2.7392568588256836,ok,
enigma,asd,Chandelier_1,0.0001469943313008315,0.00015312399459580436,0.9599692829908657,incremental,2.7392568588256836,ok,
enigma,asd,Endo_1,0.001597095091957934,0.001663693953812823,0.9599692829908657,incremental,2.7392568588256836,ok,
enigma,asd,L2/3 IT_1,8.423548940039716e-05,8.774810912486111e-05,0.9599692829908657,incremental,2.7392568588256836,ok,
enigma,asd,L2/3 IT_2,0.0008417129618972785,0.0008768123905744676,0.9599692829908657,incremental,2.7392568588256836,ok,
enigma,asd,L2/3 IT_3,0.06026135772224217,0.062774256207962,0.9599692829908657,incremental,2.7392568588256836,ok,
enigma,asd,L2/3 IT_4,-0.00028776071905933787,-0.0002997603404171381,0.9599692829908657,incremental,2.7392568588256836,ok,
enigma,asd,L2/3 IT_5,-0.001107646528405004,-0.0011538353862261483,0.9599692829908657,incremental,2.7392568588256836,ok,
enigma,asd,L2/3 IT_6,-0.000648273051754078,-0.0006753060365997632,0.9599692829908657,incremental,2.7392568588256836,ok,
enigma,asd,L2/3 IT_7,-0.00023908301253594555,-0.0002490527736377795,0.9599692829908657,incremental,2.7392568588256836,ok,
enigma,asd,L2/3 IT_8,-5.8123627070250095e-06,-6.054738219243954e-06,0.9599692829908657,incremental,2.7392568588256836,ok,
enigma,asd,L4 IT_1,-0.0011184844044973552,-0.0011651252017279368,0.9599692829908657,incremental,2.7392568588256836,ok,
enigma,asd,L4 IT_2,-2.8519130766846423e-05,-2.9708378457686326e-05,0.9599692829908657,incremental,2.7392568588256836,ok,
enigma,asd,L4 IT_3,0.0007084922261175741,0.0007380363504030114,0.9599692829908657,incremental,2.7392568588256836,ok,
enigma,asd,L5 ET_1,-0.00015034248183298793,-0.00015661176299785673,0.9599692829908657,incremental,2.7392568588256836,ok,
enigma,asd,L5 IT_1,-0.000638025398637887,-0.0006646310563709546,0.9599692829908657,incremental,2.7392568588256836,ok,
enigma,asd,L5 IT_2,0.00020943484377000665,0.00021816827629889848,0.9599692829908657,incremental,2.7392568588256836,ok,
enigma,asd,L5 IT_3,-8.863215491106136e-05,-9.232811557774054e-05,0.9599692829908657,incremental,2.7392568588256836,ok,
enigma,asd,L5 IT_4,-0.0004397982436776804,-0.00045813782948080556,0.9599692829908657,incremental,2.7392568588256836,ok,
enigma,asd,L5 IT_5,0.0001592370458751713,0.00016587723034121963,0.9599692829908657,incremental,2.7392568588256836,ok,
enigma,asd,L5/6 NP_1,0.0009768366306655007,0.0010175707160359167,0.9599692829908657,incremental,2.7392568588256836,ok,
enigma,asd,L5/6 NP_2,0.03106338331539804,0.032358726331969116,0.9599692829908657,incremental,2.7392568588256836,ok,
enigma,asd,L6 CT_1,-0.00029195979871166067,-0.00030413452168181375,0.9599692829908657,incremental,2.7392568588256836,ok,
enigma,asd,L6 CT_2,0.00028949955893053936,0.0003015716899071801,0.9599692829908657,incremental,2.7392568588256836,ok,
enigma,asd,L6 IT Car3_1,0.03590683869713118,0.03740415379256759,0.9599692829908657,incremental,2.7392568588256836,ok,
enigma,asd,L6 IT_1,0.0006763534671944127,0.0007045574053027782,0.9599692829908657,incremental,2.7392568588256836,ok,
enigma,asd,L6 IT_2,-0.0009328251988927061,-0.0009717240076540888,0.9599692829908657,incremental,2.7392568588256836,ok,
enigma,asd,L6 IT_3,0.018542632421667093,0.01931586015324985,0.9599692829908657,incremental,2.7392568588256836,ok,
enigma,asd,L6b_1,0.0030454512483236718,0.003172446558743328,0.9599692829908657,incremental,2.7392568588256836,ok,
enigma,asd,L6b_2,0.0012128966346384162,0.0012634744216601743,0.9599692829908657,incremental,2.7392568588256836,ok,
enigma,asd,L6b_3,0.019691091680561712,0.02051221016073811,0.9599692829908657,incremental,2.7392568588256836,ok,
enigma,asd,Lamp5_1,2.0871378890174874e-05,2.1741715344420527e-05,0.9599692829908657,incremental,2.7392568588256836,ok,
enigma,asd,Lamp5_2,0.00046236603675642307,0.000481646699481761,0.9599692829908657,incremental,2.7392568588256836,ok,
enigma,asd,Lamp5_Lhx6_1,-0.00038243314059849265,-0.00039838060172820295,0.9599692829908657,incremental,2.7392568588256836,ok,
enigma,asd,Micro-PVM_1,-0.0004481399656856011,-0.00046682740127828155,0.9599692829908657,incremental,2.7392568588256836,ok,
enigma,asd,Micro-PVM_2,0.0005879220330311519,0.0006124383805275841,0.9599692829908657,incremental,2.7392568588256836,ok,
enigma,asd,OPC_1,5.4838185763350644e-05,5.712493799020071e-05,0.9599692829908657,incremental,2.7392568588256836,ok,
enigma,asd,Oligo_1,-0.0002462480898280939,-0.0002565166346373991,0.9599692829908657,incremental,2.7392568588256836,ok,
enigma,asd,Oligo_2,0.0005299024980224276,0.0005519994310354093,0.9599692829908657,incremental,2.7392568588256836,ok,
enigma,asd,Pax6_1,0.0004061832624037143,0.0004231211035609555,0.9599692829908657,incremental,2.7392568588256836,ok,
enigma,asd,Pax6_2,0.0010335582661968878,0.0010766576436453774,0.9599692829908657,incremental,2.7392568588256836,ok,
enigma,asd,Pvalb_1,-0.0002326839294005678,-0.00024238684874959885,0.9599692829908657,incremental,2.7392568588256836,ok,
enigma,asd,Pvalb_2,0.00014007239555691164,0.00014591341414644458,0.9599692829908657,incremental,2.7392568588256836,ok,
enigma,asd,Pvalb_3,0.0016422298126486101,0.0017107107922579605,0.9599692829908657,incremental,2.7392568588256836,ok,
enigma,asd,Pvalb_4,0.00012830565000310212,0.00013365599532867863,0.9599692829908657,incremental,2.7392568588256836,ok,
enigma,asd,Pvalb_5,-0.00015288608506214274,-0.0001592614344761253,0.9599692829908657,incremental,2.7392568588256836,ok,
enigma,asd,Sncg_1,-0.0002915177366327182,-0.00030367402561514253,0.9599692829908657,incremental,2.7392568588256836,ok,
enigma,asd,Sncg_2,-0.000138293325172123,-0.0001440601565304865,0.9599692829908657,incremental,2.7392568588256836,ok,
enigma,asd,Sncg_3,0.0006753838400231915,0.0007035473446806296,0.9599692829908657,incremental,2.7392568588256836,ok,
enigma,asd,Sncg_4,0.0005453010763648569,0.0005680401300611674,0.9599692829908657,incremental,2.7392568588256836,ok,
enigma,asd,Sst_1,0.0006143721047122686,0.0006399914201401739,0.9599692829908657,incremental,2.7392568588256836,ok,
enigma,asd,Sst_10,0.00035204818469503074,0.0003667285932297696,0.9599692829908657,incremental,2.7392568588256836,ok,
enigma,asd,Sst_2,0.00040057744770605197,0.0004172815264026146,0.9599692829908657,incremental,2.7392568588256836,ok,
enigma,asd,Sst_3,-2.3847600445825456e-05,-2.4842045332457132e-05,0.9599692829908657,incremental,2.7392568588256836,ok,
enigma,asd,Sst_4,0.00041946104364243286,0.00043695256824839896,0.9599692829908657,incremental,2.7392568588256836,ok,
enigma,asd,Sst_5,0.7530206816859694,0.7844216424715899,0.9599692829908657,incremental,2.7392568588256836,ok,
enigma,asd,Sst_6,0.001486822391182141,0.0015488228816549418,0.9599692829908657,incremental,2.7392568588256836,ok,
enigma,asd,Sst_7,-1.0078681626390917e-05,-1.0498962628251948e-05,0.9599692829908657,incremental,2.7392568588256836,ok,
enigma,asd,Sst_8,-0.000936472029810731,-0.0009755229114134495,0.9599692829908657,incremental,2.7392568588256836,ok,
enigma,asd,Sst_9,0.0204943530413898,0.021348967518562578,0.9599692829908657,incremental,2.7392568588256836,ok,
enigma,asd,VLMC_1,0.004534910712882145,0.004724016479728649,0.9599692829908657,incremental,2.7392568588256836,ok,
enigma,asd,Vip_1,-0.00015722091534142724,-0.0001637770271686112,0.9599692829908657,incremental,2.7392568588256836,ok,
enigma,asd,Vip_2,-0.0003096345139049772,-0.00032254627246018186,0.9599692829908657,incremental,2.7392568588256836,ok,
enigma,asd,Vip_3,0.0030030190111512978,0.0031282448973733172,0.9599692829908657,incremental,2.7392568588256836,ok,
enigma,asd,Vip_4,-0.000280742788445143,-0.000292449762111622,0.9599692829908657,incremental,2.7392568588256836,ok,
enigma,asd,Vip_5,-0.00017858532206194155,-0.00018603232960282212,0.9599692829908657,incremental,2.7392568588256836,ok,
enigma,asd,Vip_6,0.00015929169676442978,0.00016593416017244113,0.9599692829908657,incremental,2.7392568588256836,ok,
enigma,asd,Vip_7,-7.776019029470671e-05,-8.100279006057177e-05,0.9599692829908657,incremental,2.7392568588256836,ok,
enigma,asd,Vip_8,0.00036386087857531724,0.0003790338764191265,0.9599692829908657,incremental,2.7392568588256836,ok,
enigma,asd,Vip_9,0.0006842592638870437,0.0007127928737002667,0.9599692829908657,incremental,2.7392568588256836,ok,
enigma,epilepsy_gge,Astro_1,-0.0038788877597877303,-0.006125713822430161,0.6332140012131546,incremental,2.7323851585388184,ok,
enigma,epilepsy_gge,Astro_2,0.0013771796574586492,0.0021749039895203747,0.6332140012131546,incremental,2.7323851585388184,ok,
enigma,epilepsy_gge,Chandelier_1,-0.008854465413753676,-0.013983369598255387,0.6332140012131546,incremental,2.7323851585388184,ok,
enigma,epilepsy_gge,Endo_1,0.011440089112213614,0.018066702710767466,0.6332140012131546,incremental,2.7323851585388184,ok,
enigma,epilepsy_gge,L2/3 IT_1,-0.010697128108164922,-0.016893385313133686,0.6332140012131546,incremental,2.7323851585388184,ok,
enigma,epilepsy_gge,L2/3 IT_2,-0.0013642966025938508,-0.002154558490463,0.6332140012131546,incremental,2.7323851585388184,ok,
enigma,epilepsy_gge,L2/3 IT_3,0.0030832392185730084,0.004869189898937687,0.6332140012131546,incremental,2.7323851585388184,ok,
enigma,epilepsy_gge,L2/3 IT_4,-0.007216886699406233,-0.011397231718786427,0.6332140012131546,incremental,2.7323851585388184,ok,
enigma,epilepsy_gge,L2/3 IT_5,0.07612367812159038,0.12021793260374444,0.6332140012131546,incremental,2.7323851585388184,ok,
enigma,epilepsy_gge,L2/3 IT_6,0.08826757805388352,0.13939612498266696,0.6332140012131546,incremental,2.7323851585388184,ok,
enigma,epilepsy_gge,L2/3 IT_7,0.0008216618985300572,0.0012976053861030571,0.6332140012131546,incremental,2.7323851585388184,ok,
enigma,epilepsy_gge,L2/3 IT_8,-0.0005655885509685543,-0.0008932028506712757,0.6332140012131546,incremental,2.7323851585388184,ok,
enigma,epilepsy_gge,L4 IT_1,-0.004532052368887318,-0.007157220718753064,0.6332140012131546,incremental,2.7323851585388184,ok,
enigma,epilepsy_gge,L4 IT_2,-0.0032931041272330486,-0.005200617991585617,0.6332140012131546,incremental,2.7323851585388184,ok,
enigma,epilepsy_gge,L4 IT_3,0.0016970491077336058,0.0026800561966132826,0.6332140012131546,incremental,2.7323851585388184,ok,
enigma,epilepsy_gge,L5 ET_1,-0.010075704175903977,-0.015912004719731802,0.6332140012131546,incremental,2.7323851585388184,ok,
enigma,epilepsy_gge,L5 IT_1,-0.003300447265925932,-0.005212214606124801,0.6332140012131546,incremental,2.7323851585388184,ok,
enigma,epilepsy_gge,L5 IT_2,-0.002400408353062322,-0.0037908327176333053,0.6332140012131546,incremental,2.7323851585388184,ok,
enigma,epilepsy_gge,L5 IT_3,-0.005908784775814024,-0.00933141839013915,0.6332140012131546,incremental,2.7323851585388184,ok,
enigma,epilepsy_gge,L5 IT_4,-0.0006566905611959939,-0.00103707523828889,0.6332140012131546,incremental,2.7323851585388184,ok,
enigma,epilepsy_gge,L5 IT_5,0.003333374869725181,0.005264215357428726,0.6332140012131546,incremental,2.7323851585388184,ok,
enigma,epilepsy_gge,L5/6 NP_1,0.004193818281142958,0.00662306625107492,0.6332140012131546,incremental,2.7323851585388184,ok,
enigma,epilepsy_gge,L5/6 NP_2,-0.0056745650320723096,-0.008961528047706764,0.6332140012131546,incremental,2.7323851585388184,ok,
enigma,epilepsy_gge,L6 CT_1,0.002279250489291118,0.0035994947757383355,0.6332140012131546,incremental,2.7323851585388184,ok,
enigma,epilepsy_gge,L6 CT_2,-5.481608671087379e-06,-8.656802693221153e-06,0.6332140012131546,incremental,2.7323851585388184,ok,
enigma,epilepsy_gge,L6 IT Car3_1,0.0010037081311078389,0.0015851009756336187,0.6332140012131546,incremental,2.7323851585388184,ok,
enigma,epilepsy_gge,L6 IT_1,0.005147833377646904,0.008129689753834143,0.6332140012131546,incremental,2.7323851585388184,ok,
enigma,epilepsy_gge,L6 IT_2,-0.006369906595306674,-0.010059642684941854,0.6332140012131546,incremental,2.7323851585388184,ok,
enigma,epilepsy_gge,L6 IT_3,0.016271593968607334,0.025696832251708115,0.6332140012131546,incremental,2.7323851585388184,ok,
enigma,epilepsy_gge,L6b_1,0.02540697991104235,0.040123844170163514,0.6332140012131546,incremental,2.7323851585388184,ok,
enigma,epilepsy_gge,L6b_2,-0.005224478627734452,-0.008250731376319917,0.6332140012131546,incremental,2.7323851585388184,ok,
enigma,epilepsy_gge,L6b_3,-0.0017036722110005398,-0.002690515698857777,0.6332140012131546,incremental,2.7323851585388184,ok,
enigma,epilepsy_gge,Lamp5_1,-0.004118756525180234,-0.006504525353654908,0.6332140012131546,incremental,2.7323851585388184,ok,
enigma,epilepsy_gge,Lamp5_2,-0.0010496408580209504,-0.0016576400016581705,0.6332140012131546,incremental,2.7323851585388184,ok,
enigma,epilepsy_gge,Lamp5_Lhx6_1,0.01964761288743455,0.031028393007407153,0.6332140012131546,incremental,2.7323851585388184,ok,
enigma,epilepsy_gge,Micro-PVM_1,0.012783291788735163,0.020187948725460998,0.6332140012131546,incremental,2.7323851585388184,ok,
enigma,epilepsy_gge,Micro-PVM_2,-0.0040348537007726115,-0.006372022243731761,0.6332140012131546,incremental,2.7323851585388184,ok,
enigma,epilepsy_gge,OPC_1,-0.004980627518934799,-0.007865630749466331,0.6332140012131546,incremental,2.7323851585388184,ok,
enigma,epilepsy_gge,Oligo_1,0.009609662518904494,0.015176010796497939,0.6332140012131546,incremental,2.7323851585388184,ok,
enigma,epilepsy_gge,Oligo_2,0.3720778798404565,0.587602104703314,0.6332140012131546,incremental,2.7323851585388184,ok,
enigma,epilepsy_gge,Pax6_1,0.004711680382934125,0.00744089734893285,0.6332140012131546,incremental,2.7323851585388184,ok,
enigma,epilepsy_gge,Pax6_2,0.00037660267258299296,0.0005947478606939705,0.6332140012131546,incremental,2.7323851585388184,ok,
enigma,epilepsy_gge,Pvalb_1,-0.0061320531097693864,-0.009684013774207741,0.6332140012131546,incremental,2.7323851585388184,ok,
enigma,epilepsy_gge,Pvalb_2,0.00010066586868617833,0.00015897606258439607,0.6332140012131546,incremental,2.7323851585388184,ok,
enigma,epilepsy_gge,Pvalb_3,0.002575584063522096,0.004067478069953627,0.6332140012131546,incremental,2.7323851585388184,ok,
enigma,epilepsy_gge,Pvalb_4,-0.00405340001459864,-0.006401311415781805,0.6332140012131546,incremental,2.7323851585388184,ok,
enigma,epilepsy_gge,Pvalb_5,0.014016039490769905,0.022134759281881036,0.6332140012131546,incremental,2.7323851585388184,ok,
enigma,epilepsy_gge,Sncg_1,-0.007407642734155395,-0.011698482219223401,0.6332140012131546,incremental,2.7323851585388184,ok,
enigma,epilepsy_gge,Sncg_2,-0.0010751233789787484,-0.001697883143643308,0.6332140012131546,incremental,2.7323851585388184,ok,
enigma,epilepsy_gge,Sncg_3,0.009225684386932165,0.01456961527896883,0.6332140012131546,incremental,2.7323851585388184,ok,
enigma,epilepsy_gge,Sncg_4,0.007368655873754459,0.011636912417661462,0.6332140012131546,incremental,2.7323851585388184,ok,
enigma,epilepsy_gge,Sst_1,0.0010894559454259767,0.001720517776515874,0.6332140012131546,incremental,2.7323851585388184,ok,
enigma,epilepsy_gge,Sst_10,-0.0010550002250248047,-0.0016661037548183761,0.6332140012131546,incremental,2.7323851585388184,ok,
enigma,epilepsy_gge,Sst_2,-0.006620844313122931,-0.01045593480314438,0.6332140012131546,incremental,2.7323851585388184,ok,
enigma,epilepsy_gge,Sst_3,0.006854783567562639,0.010825382184269103,0.6332140012131546,incremental,2.7323851585388184,ok,
enigma,epilepsy_gge,Sst_4,-0.004405310835992493,-0.00695706479571282,0.6332140012131546,incremental,2.7323851585388184,ok,
enigma,epilepsy_gge,Sst_5,0.0008609252130846734,0.0013596117764851283,0.6332140012131546,incremental,2.7323851585388184,ok,
enigma,epilepsy_gge,Sst_6,0.01975541331009789,0.03119863627817629,0.6332140012131546,incremental,2.7323851585388184,ok,
enigma,epilepsy_gge,Sst_7,-0.00155496593093718,-0.0024556720602483045,0.6332140012131546,incremental,2.7323851585388184,ok,
enigma,epilepsy_gge,Sst_8,0.014555205585461084,0.02298623460248072,0.6332140012131546,incremental,2.7323851585388184,ok,
enigma,epilepsy_gge,Sst_9,0.002515765771999412,0.003973010336441608,0.6332140012131546,incremental,2.7323851585388184,ok,
enigma,epilepsy_gge,VLMC_1,0.003757863398716199,0.005934586713996576,0.6332140012131546,incremental,2.7323851585388184,ok,
enigma,epilepsy_gge,Vip_1,0.0039038382693824536,0.006165116788168319,0.6332140012131546,incremental,2.7323851585388184,ok,
enigma,epilepsy_gge,Vip_2,-0.001108288960961823,-0.0017502597207871072,0.6332140012131546,incremental,2.7323851585388184,ok,
enigma,epilepsy_gge,Vip_3,0.0014170198836835901,0.0022378214647319336,0.6332140012131546,incremental,2.7323851585388184,ok,
enigma,epilepsy_gge,Vip_4,0.004251668368458028,0.006714425708074034,0.6332140012131546,incremental,2.7323851585388184,ok,
enigma,epilepsy_gge,Vip_5,0.0016337275363130788,0.002580055926089872,0.6332140012131546,incremental,2.7323851585388184,ok,
enigma,epilepsy_gge,Vip_6,-0.0005212133442176192,-0.0008231235304637028,0.6332140012131546,incremental,2.7323851585388184,ok,
enigma,epilepsy_gge,Vip_7,-0.0015088735761997762,-0.00238288094279181,0.6332140012131546,incremental,2.7323851585388184,ok,
enigma,epilepsy_gge,Vip_8,0.001710767334386909,0.0027017206364819855,0.6332140012131546,incremental,2.7323851585388184,ok,
enigma,epilepsy_gge,Vip_9,0.009316316919673606,0.014712746246647689,0.6332140012131546,incremental,2.7323851585388184,ok,
enigma,epilepsy_rtle,Astro_1,-0.00047048649794367847,-0.0005139396764552281,0.9154508194205647,incremental,2.816136598587036,ok,
enigma,epilepsy_rtle,Astro_2,-0.002348698817696615,-0.0025656198758806353,0.9154508194205647,incremental,2.816136598587036,ok,
enigma,epilepsy_rtle,Chandelier_1,-0.0018089308975375307,-0.001976000085599896,0.9154508194205647,incremental,2.816136598587036,ok,
enigma,epilepsy_rtle,Endo_1,0.003908634412049805,0.004269627957211047,0.9154508194205647,incremental,2.816136598587036,ok,
enigma,epilepsy_rtle,L2/3 IT_1,0.0023096578793599942,0.00252297319567849,0.9154508194205647,incremental,2.816136598587036,ok,
enigma,epilepsy_rtle,L2/3 IT_2,-0.0022138548321176676,-0.002418321973340882,0.9154508194205647,incremental,2.816136598587036,ok,
enigma,epilepsy_rtle,L2/3 IT_3,-0.0004663030950348146,-0.0005093699029402382,0.9154508194205647,incremental,2.816136598587036,ok,
enigma,epilepsy_rtle,L2/3 IT_4,0.00043907158202549645,0.0004796233426317835,0.9154508194205647,incremental,2.816136598587036,ok,
enigma,epilepsy_rtle,L2/3 IT_5,0.005205175650113469,0.005685915113832209,0.9154508194205647,incremental,2.816136598587036,ok,
enigma,epilepsy_rtle,L2/3 IT_6,-0.00045420854177669057,-0.0004961583212784519,0.9154508194205647,incremental,2.816136598587036,ok,
enigma,epilepsy_rtle,L2/3 IT_7,0.006991910776466326,0.007637669471847609,0.9154508194205647,incremental,2.816136598587036,ok,
enigma,epilepsy_rtle,L2/3 IT_8,0.0001183707306010584,0.00012930321115008805,0.9154508194205647,incremental,2.816136598587036,ok,
enigma,epilepsy_rtle,L4 IT_1,-5.169842258756496e-05,-5.647318402127546e-05,0.9154508194205647,incremental,2.816136598587036,ok,
enigma,epilepsy_rtle,L4 IT_2,-0.0020153374380381672,-0.0022014699154606432,0.9154508194205647,incremental,2.816136598587036,ok,
enigma,epilepsy_rtle,L4 IT_3,0.0003734179582818298,0.0004079060833854351,0.9154508194205647,incremental,2.816136598587036,ok,
enigma,epilepsy_rtle,L5 ET_1,-0.0013926602922705866,-0.001521283571685557,0.9154508194205647,incremental,2.816136598587036,ok,
enigma,epilepsy_rtle,L5 IT_1,0.0024298947764237466,0.0026543149286400226,0.9154508194205647,incremental,2.816136598587036,ok,
enigma,epilepsy_rtle,L5 IT_2,0.0005598853678591142,0.0006115952446396783,0.9154508194205647,incremental,2.816136598587036,ok,
enigma,epilepsy_rtle,L5 IT_3,0.0014002423221399773,0.001529565862452624,0.9154508194205647,incremental,2.816136598587036,ok,
enigma,epilepsy_rtle,L5 IT_4,0.005029939775389791,0.00549449480920613,0.9154508194205647,incremental,2.816136598587036,ok,
enigma,epilepsy_rtle,L5 IT_5,-0.0023445432714802594,-0.002561080531845763,0.9154508194205647,incremental,2.816136598587036,ok,
enigma,epilepsy_rtle,L5/6 NP_1,-0.0001265692333565216,-0.00013825891098839552,0.9154508194205647,incremental,2.816136598587036,ok,
enigma,epilepsy_rtle,L5/6 NP_2,5.387260841760444e-05,5.8848173243979556e-05,0.9154508194205647,incremental,2.816136598587036,ok,
enigma,epilepsy_rtle,L6 CT_1,-0.00030586894514061935,-0.00033411838042181157,0.9154508194205647,incremental,2.816136598587036,ok,
enigma,epilepsy_rtle,L6 CT_2,0.011207805586645136,0.012242935774244132,0.9154508194205647,incremental,2.816136598587036,ok,
enigma,epilepsy_rtle,L6 IT Car3_1,0.0006262871143338788,0.0006841297217149117,0.9154508194205647,incremental,2.816136598587036,ok,
enigma,epilepsy_rtle,L6 IT_1,0.0002012302318751269,0.00021981544787135122,0.9154508194205647,incremental,2.816136598587036,ok,
enigma,epilepsy_rtle,L6 IT_2,0.0004572352194563978,0.0004994645367686766,0.9154508194205647,incremental,2.816136598587036,ok,
enigma,epilepsy_rtle,L6 IT_3,0.012793531271158787,0.01397511586614392,0.9154508194205647,incremental,2.816136598587036,ok,
enigma,epilepsy_rtle,L6b_1,0.0015770107081172213,0.0017226602179627644,0.9154508194205647,incremental,2.816136598587036,ok,
enigma,epilepsy_rtle,L6b_2,0.01416912945787352,0.01547776151081702,0.9154508194205647,incremental,2.816136598587036,ok,
enigma,epilepsy_rtle,L6b_3,-0.0004685233574073244,-0.0005117952242414034,0.9154508194205647,incremental,2.816136598587036,ok,
enigma,epilepsy_rtle,Lamp5_1,0.00021457535697089192,0.00023439310164876748,0.9154508194205647,incremental,2.816136598587036,ok,
enigma,epilepsy_rtle,Lamp5_2,0.014852897150426148,0.01622468060034869,0.9154508194205647,incremental,2.816136598587036,ok,
enigma,epilepsy_rtle,Lamp5_Lhx6_1,0.004565212072137559,0.004986845798037641,0.9154508194205647,incremental,2.816136598587036,ok,
enigma,epilepsy_rtle,Micro-PVM_1,0.002071074207287471,0.002262354419649063,0.9154508194205647,incremental,2.816136598587036,ok,
enigma,epilepsy_rtle,Micro-PVM_2,0.0020892645385379716,0.002282224772992582,0.9154508194205647,incremental,2.816136598587036,ok,
enigma,epilepsy_rtle,OPC_1,0.01307569699945732,0.014283341848700941,0.9154508194205647,incremental,2.816136598587036,ok,
enigma,epilepsy_rtle,Oligo_1,0.0019732668654629526,0.0021555137901476053,0.9154508194205647,incremental,2.816136598587036,ok,
enigma,epilepsy_rtle,Oligo_2,0.13739793307638348,0.1500877274470622,0.9154508194205647,incremental,2.816136598587036,ok,
enigma,epilepsy_rtle,Pax6_1,0.00010564831433135247,0.00011540577832266582,0.9154508194205647,incremental,2.816136598587036,ok,
enigma,epilepsy_rtle,Pax6_2,0.0014641850064859296,0.0015994141634093316,0.9154508194205647,incremental,2.816136598587036,ok,
enigma,epilepsy_rtle,Pvalb_1,0.03064289294299316,0.03347300837240891,0.9154508194205647,incremental,2.816136598587036,ok,
enigma,epilepsy_rtle,Pvalb_2,0.0007920482210366231,0.0008652001879663515,0.9154508194205647,incremental,2.816136598587036,ok,
enigma,epilepsy_rtle,Pvalb_3,0.0027350196442954555,0.0029876205103258175,0.9154508194205647,incremental,2.816136598587036,ok,
enigma,epilepsy_rtle,Pvalb_4,0.006143583761024751,0.006710992694193378,0.9154508194205647,incremental,2.816136598587036,ok,
enigma,epilepsy_rtle,Pvalb_5,0.006715627310997618,0.007335869025982498,0.9154508194205647,incremental,2.816136598587036,ok,
enigma,epilepsy_rtle,Sncg_1,0.00199186452738509,0.002175829094397274,0.9154508194205647,incremental,2.816136598587036,ok,
enigma,epilepsy_rtle,Sncg_2,0.0008403829223095904,0.0009179989841961269,0.9154508194205647,incremental,2.816136598587036,ok,
enigma,epilepsy_rtle,Sncg_3,0.01710662004942065,0.018686552774345975,0.9154508194205647,incremental,2.816136598587036,ok,
enigma,epilepsy_rtle,Sncg_4,0.00030885415437564845,0.0003373792975259315,0.9154508194205647,incremental,2.816136598587036,ok,
enigma,epilepsy_rtle,Sst_1,0.00046168193767781585,0.0005043219448643214,0.9154508194205647,incremental,2.816136598587036,ok,
enigma,epilepsy_rtle,Sst_10,0.002423567037274088,0.002647402772339083,0.9154508194205647,incremental,2.816136598587036,ok,
enigma,epilepsy_rtle,Sst_2,-0.0016219887011299505,-0.001771792287166873,0.9154508194205647,incremental,2.816136598587036,ok,
enigma,epilepsy_rtle,Sst_3,0.002413846599658931,0.0026367845748248683,0.9154508194205647,incremental,2.816136598587036,ok,
enigma,epilepsy_rtle,Sst_4,0.5628354909236544,0.6148178350857794,0.9154508194205647,incremental,2.816136598587036,ok,
enigma,epilepsy_rtle,Sst_5,-0.0005617472788589373,-0.0006136291179623342,0.9154508194205647,incremental,2.816136598587036,ok,
enigma,epilepsy_rtle,Sst_6,0.03771328708538191,0.041196409774642576,0.9154508194205647,incremental,2.816136598587036,ok,
enigma,epilepsy_rtle,Sst_7,0.00019951653411354187,0.0002179434764609485,0.9154508194205647,incremental,2.816136598587036,ok,
enigma,epilepsy_rtle,Sst_8,0.00032873733537863714,0.0003590988487909287,0.9154508194205647,incremental,2.816136598587036,ok,
enigma,epilepsy_rtle,Sst_9,0.0060175737705279175,0.0065733446766007,0.9154508194205647,incremental,2.816136598587036,ok,
enigma,epilepsy_rtle,VLMC_1,-0.0007598082264355099,-0.0008299825728665917,0.9154508194205647,incremental,2.816136598587036,ok,
enigma,epilepsy_rtle,Vip_1,0.0003403317123154004,0.0003717640588609813,0.9154508194205647,incremental,2.816136598587036,ok,
enigma,epilepsy_rtle,Vip_2,-0.00010621285547673942,-0.000116022459343001,0.9154508194205647,incremental,2.816136598587036,ok,
enigma,epilepsy_rtle,Vip_3,0.0007210215029838096,0.0007876135863204325,0.9154508194205647,incremental,2.816136598587036,ok,
enigma,epilepsy_rtle,Vip_4,-0.0003658304980924676,-0.0003996178607650603,0.9154508194205647,incremental,2.816136598587036,ok,
enigma,epilepsy_rtle,Vip_5,0.0029994965640792737,0.0032765239818975827,0.9154508194205647,incremental,2.816136598587036,ok,
enigma,epilepsy_rtle,Vip_6,0.00021497318862129244,0.0002348276762233496,0.9154508194205647,incremental,2.816136598587036,ok,
enigma,epilepsy_rtle,Vip_7,0.0003268130649725087,0.00035699685667370457,0.9154508194205647,incremental,2.816136598587036,ok,
enigma,epilepsy_rtle,Vip_8,-0.0004964734763373002,-0.0005423267594555691,0.9154508194205647,incremental,2.816136598587036,ok,
enigma,epilepsy_rtle,Vip_9,0.0018952762927362254,0.002070320166337108,0.9154508194205647,incremental,2.816136598587036,ok,
enigma,epilepsy_ltle,Astro_1,0.0036259852747390076,0.003935869227733713,0.921266704998444,incremental,2.9356017112731934,ok,
enigma,epilepsy_ltle,Astro_2,0.0022188733747069422,0.0024085027307164976,0.921266704998444,incremental,2.9356017112731934,ok,
enigma,epilepsy_ltle,Chandelier_1,0.0011325023208463847,0.001229288234017203,0.921266704998444,incremental,2.9356017112731934,ok,
enigma,epilepsy_ltle,Endo_1,0.03221006015263017,0.03496279630846376,0.921266704998444,incremental,2.9356017112731934,ok,
enigma,epilepsy_ltle,L2/3 IT_1,0.02686800746836082,0.02916420111850911,0.921266704998444,incremental,2.9356017112731934,ok,
enigma,epilepsy_ltle,L2/3 IT_2,0.0009517341952045566,0.0010330713028494436,0.921266704998444,incremental,2.9356017112731934,ok,
enigma,epilepsy_ltle,L2/3 IT_3,-0.0002323190648485518,-0.00025217351673307697,0.921266704998444,incremental,2.9356017112731934,ok,
enigma,epilepsy_ltle,L2/3 IT_4,-0.0014195142558874885,-0.0015408287830068557,0.921266704998444,incremental,2.9356017112731934,ok,
enigma,epilepsy_ltle,L2/3 IT_5,0.014849122925530533,0.016118158666719225,0.921266704998444,incremental,2.9356017112731934,ok,
enigma,epilepsy_ltle,L2/3 IT_6,0.01948201907016467,0.021146991380956912,0.921266704998444,incremental,2.9356017112731934,ok,
enigma,epilepsy_ltle,L2/3 IT_7,0.0030825872906945495,0.0033460313652600264,0.921266704998444,incremental,2.9356017112731934,ok,
enigma,epilepsy_ltle,L2/3 IT_8,0.0011434179125747734,0.0012411366940442124,0.921266704998444,incremental,2.9356017112731934,ok,
enigma,epilepsy_ltle,L4 IT_1,0.005540656959941215,0.0060141725842035865,0.921266704998444,incremental,2.9356017112731934,ok,
enigma,epilepsy_ltle,L4 IT_2,0.002375715496481079,0.002578748893877687,0.921266704998444,incremental,2.9356017112731934,ok,
enigma,epilepsy_ltle,L4 IT_3,0.0006696165158296408,0.0007268432824029733,0.921266704998444,incremental,2.9356017112731934,ok,
enigma,epilepsy_ltle,L5 ET_1,0.001841813335868303,0.0019992183868963484,0.921266704998444,incremental,2.9356017112731934,ok,
enigma,epilepsy_ltle,L5 IT_1,0.01709383219529992,0.018554705279758037,0.921266704998444,incremental,2.9356017112731934,ok,
enigma,epilepsy_ltle,L5 IT_2,-0.002197101083449171,-0.0023848697359065874,0.921266704998444,incremental,2.9356017112731934,ok,
enigma,epilepsy_ltle,L5 IT_3,-0.0006977270657896328,-0.0007573562161793434,0.921266704998444,incremental,2.9356017112731934,ok,
enigma,epilepsy_ltle,L5 IT_4,0.008197928214460193,0.00889853955426951,0.921266704998444,incremental,2.9356017112731934,ok,
enigma,epilepsy_ltle,L5 IT_5,0.003285934584757899,0.003566757125737491,0.921266704998444,incremental,2.9356017112731934,ok,
enigma,epilepsy_ltle,L5/6 NP_1,-0.0006069139485396224,-0.0006587820283168135,0.921266704998444,incremental,2.9356017112731934,ok,
enigma,epilepsy_ltle,L5/6 NP_2,0.0022026106595923745,0.002390850171445298,0.921266704998444,incremental,2.9356017112731934,ok,
enigma,epilepsy_ltle,L6 CT_1,-0.0018341510392353433,-0.001990901255069715,0.921266704998444,incremental,2.9356017112731934,ok,
enigma,epilepsy_ltle,L6 CT_2,0.0059936330246028735,0.006505860889234021,0.921266704998444,incremental,2.9356017112731934,ok,
enigma,epilepsy_ltle,L6 IT Car3_1,0.0009980881400705188,0.0010833867485444452,0.921266704998444,incremental,2.9356017112731934,ok,
enigma,epilepsy_ltle,L6 IT_1,0.0009133958367115724,0.0009914564715688007,0.921266704998444,incremental,2.9356017112731934,ok,
enigma,epilepsy_ltle,L6 IT_2,0.4905713974192114,0.5324966101103589,0.921266704998444,incremental,2.9356017112731934,ok,
enigma,epilepsy_ltle,L6 IT_3,-0.00011896119499676949,-0.00012912785662537367,0.921266704998444,incremental,2.9356017112731934,ok,
enigma,epilepsy_ltle,L6b_1,0.07601033752789621,0.08250633298207015,0.921266704998444,incremental,2.9356017112731934,ok,
enigma,epilepsy_ltle,L6b_2,0.000788539221492357,0.0008559293603188328,0.921266704998444,incremental,2.9356017112731934,ok,
enigma,epilepsy_ltle,L6b_3,0.002779693801893468,0.003017251993165392,0.921266704998444,incremental,2.9356017112731934,ok,
enigma,epilepsy_ltle,Lamp5_1,0.0016130300684685794,0.0017508828439331298,0.921266704998444,incremental,2.9356017112731934,ok,
enigma,epilepsy_ltle,Lamp5_2,0.00011788794827527482,0.0001279628880927309,0.921266704998444,incremental,2.9356017112731934,ok,
enigma,epilepsy_ltle,Lamp5_Lhx6_1,0.00023249146060655423,0.0002523606457773234,0.921266704998444,incremental,2.9356017112731934,ok,
enigma,epilepsy_ltle,Micro-PVM_1,1.1146358751434882e-05,1.2098948861343804e-05,0.921266704998444,incremental,2.9356017112731934,ok,
enigma,epilepsy_ltle,Micro-PVM_2,0.0074599767560065144,0.008097521288386422,0.921266704998444,incremental,2.9356017112731934,ok,
enigma,epilepsy_ltle,OPC_1,0.00016530369735068273,0.00017943088190836327,0.921266704998444,incremental,2.9356017112731934,ok,
enigma,epilepsy_ltle,Oligo_1,0.0011213196381676394,0.0012171498569130785,0.921266704998444,incremental,2.9356017112731934,ok,
enigma,epilepsy_ltle,Oligo_2,0.0018933351845286106,0.002055143395778976,0.921266704998444,incremental,2.9356017112731934,ok,
enigma,epilepsy_ltle,Pax6_1,0.0009900344472937306,0.0010746447710767999,0.921266704998444,incremental,2.9356017112731934,ok,
enigma,epilepsy_ltle,Pax6_2,0.007689042035975868,0.008346162945277454,0.921266704998444,incremental,2.9356017112731934,ok,
enigma,epilepsy_ltle,Pvalb_1,-0.002021873624751147,-0.0021946669881601354,0.921266704998444,incremental,2.9356017112731934,ok,
enigma,epilepsy_ltle,Pvalb_2,0.00019349881444785666,0.00021003561009857996,0.921266704998444,incremental,2.9356017112731934,ok,
enigma,epilepsy_ltle,Pvalb_3,0.0010869517046306898,0.001179844771045455,0.921266704998444,incremental,2.9356017112731934,ok,
enigma,epilepsy_ltle,Pvalb_4,0.011520859001941663,0.01250545465220207,0.921266704998444,incremental,2.9356017112731934,ok,
enigma,epilepsy_ltle,Pvalb_5,0.10855266474079306,0.11782979255825424,0.921266704998444,incremental,2.9356017112731934,ok,
enigma,epilepsy_ltle,Sncg_1,-0.001486630547671064,-0.0016136809673085654,0.921266704998444,incremental,2.9356017112731934,ok,
enigma,epilepsy_ltle,Sncg_2,0.001267138695212111,0.001375430902188364,0.921266704998444,incremental,2.9356017112731934,ok,
enigma,epilepsy_ltle,Sncg_3,0.0005071160055906132,0.0005504551535827724,0.921266704998444,incremental,2.9356017112731934,ok,
enigma,epilepsy_ltle,Sncg_4,0.0005002106064813105,0.0005429596052558476,0.921266704998444,incremental,2.9356017112731934,ok,
enigma,epilepsy_ltle,Sst_1,0.001749690938891657,0.0018992230256433854,0.921266704998444,incremental,2.9356017112731934,ok,
enigma,epilepsy_ltle,Sst_10,0.0012233892325170803,0.0013279425229191873,0.921266704998444,incremental,2.9356017112731934,ok,
enigma,epilepsy_ltle,Sst_2,0.0007806525648452745,0.0008473686942225845,0.921266704998444,incremental,2.9356017112731934,ok,
enigma,epilepsy_ltle,Sst_3,0.003971511903416491,0.00431092525309834,0.921266704998444,incremental,2.9356017112731934,ok,
enigma,epilepsy_ltle,Sst_4,0.0011838658495574306,0.00128504139261109,0.921266704998444,incremental,2.9356017112731934,ok,
enigma,epilepsy_ltle,Sst_5,0.0016509701387893427,0.0017920653485378386,0.921266704998444,incremental,2.9356017112731934,ok,
enigma,epilepsy_ltle,Sst_6,0.0007524394807966184,0.0008167444635892809,0.921266704998444,incremental,2.9356017112731934,ok,
enigma,epilepsy_ltle,Sst_7,-7.848357408746232e-06,-8.519093728411132e-06,0.921266704998444,incremental,2.9356017112731934,ok,
enigma,epilepsy_ltle,Sst_8,-0.0007055723470539288,-0.0007658719708698476,0.921266704998444,incremental,2.9356017112731934,ok,
enigma,epilepsy_ltle,Sst_9,0.001121366772772192,0.0012172010197351983,0.921266704998444,incremental,2.9356017112731934,ok,
enigma,epilepsy_ltle,VLMC_1,0.031273256762961554,0.03394593182765068,0.921266704998444,incremental,2.9356017112731934,ok,
enigma,epilepsy_ltle,Vip_1,0.0018333104310560566,0.001989988806834339,0.921266704998444,incremental,2.9356017112731934,ok,
enigma,epilepsy_ltle,Vip_2,0.004903165859263647,0.005322200219177495,0.921266704998444,incremental,2.9356017112731934,ok,
enigma,epilepsy_ltle,Vip_3,0.002653561954261141,0.0028803406655900183,0.921266704998444,incremental,2.9356017112731934,ok,
enigma,epilepsy_ltle,Vip_4,0.0028163035554654714,0.0030569904894915617,0.921266704998444,incremental,2.9356017112731934,ok,
enigma,epilepsy_ltle,Vip_5,-9.856134227714808e-05,-0.00010698459169575063,0.921266704998444,incremental,2.9356017112731934,ok,
enigma,epilepsy_ltle,Vip_6,-0.0008960180261812223,-0.0009725935185975658,0.921266704998444,incremental,2.9356017112731934,ok,
enigma,epilepsy_ltle,Vip_7,0.004349459081697371,0.004721172553071608,0.921266704998444,incremental,2.9356017112731934,ok,
enigma,epilepsy_ltle,Vip_8,0.002752298492309735,0.002987515425638207,0.921266704998444,incremental,2.9356017112731934,ok,
enigma,epilepsy_ltle,Vip_9,0.0008251437938491257,0.0008956622326327526,0.921266704998444,incremental,2.9356017112731934,ok,
enigma,depression,Astro_1,-0.0007765673070673218,-0.0009614245162636151,0.8077257173400321,incremental,2.8462672233581543,ok,
enigma,depression,Astro_2,0.0038322937399892787,0.00474454837541836,0.8077257173400321,incremental,2.8462672233581543,ok,
enigma,depression,Chandelier_1,-0.0025361146955360514,-0.00313982165120095,0.8077257173400321,incremental,2.8462672233581543,ok,
enigma,depression,Endo_1,-0.00027238767774007133,-0.0003372279375195417,0.8077257173400321,incremental,2.8462672233581543,ok,
enigma,depression,L2/3 IT_1,0.0003049700398546351,0.00037756633632880906,0.8077257173400321,incremental,2.8462672233581543,ok,
enigma,depression,L2/3 IT_2,0.12062650779526818,0.14934092750260602,0.8077257173400321,incremental,2.8462672233581543,ok,
enigma,depression,L2/3 IT_3,0.017443053955693344,0.021595268766650227,0.8077257173400321,incremental,2.8462672233581543,ok,
enigma,depression,L2/3 IT_4,-0.004877908474494541,-0.006039065452265482,0.8077257173400321,incremental,2.8462672233581543,ok,
enigma,depression,L2/3 IT_5,-0.0001396864915698126,-0.00017293802657394915,0.8077257173400321,incremental,2.8462672233581543,ok,
enigma,depression,L2/3 IT_6,0.062193474285467065,0.07699825937235225,0.8077257173400321,incremental,2.8462672233581543,ok,
enigma,depression,L2/3 IT_7,-0.001163878027983567,-0.0014409322409795252,0.8077257173400321,incremental,2.8462672233581543,ok,
enigma,depression,L2/3 IT_8,-0.0011734583400516696,-0.0014527930891145235,0.8077257173400321,incremental,2.8462672233581543,ok,
enigma,depression,L4 IT_1,0.03808976172805034,0.047156802006361666,0.8077257173400321,incremental,2.8462672233581543,ok,
enigma,depression,L4 IT_2,0.036830139101700965,0.04559733373723497,0.8077257173400321,incremental,2.8462672233581543,ok,
enigma,depression,L4 IT_3,-0.0009405073513026885,-0.001164389508854475,0.8077257173400321,incremental,2.8462672233581543,ok,
enigma,depression,L5 ET_1,-0.002834579835320983,-0.003509334634850677,0.8077257173400321,incremental,2.8462672233581543,ok,
enigma,depression,L5 IT_1,0.02096021844951479,0.025949673261042236,0.8077257173400321,incremental,2.8462672233581543,ok,
enigma,depression,L5 IT_2,0.0003260747998756752,0.00040369495841916593,0.8077257173400321,incremental,2.8462672233581543,ok,
enigma,depression,L5 IT_3,-0.003626615968931879,-0.004489910239424957,0.8077257173400321,incremental,2.8462672233581543,ok,
enigma,depression,L5 IT_4,0.0012726784080876463,0.0015756319017286916,0.8077257173400321,incremental,2.8462672233581543,ok,
enigma,depression,L5 IT_5,-0.0006460280891736891,-0.0007998112172299792,0.8077257173400321,incremental,2.8462672233581543,ok,
enigma,depression,L5/6 NP_1,-0.00039295972396835577,-0.0004865014392044294,0.8077257173400321,incremental,2.8462672233581543,ok,
enigma,depression,L5/6 NP_2,-0.005261395631414256,-0.006513839436412722,0.8077257173400321,incremental,2.8462672233581543,ok,
enigma,depression,L6 CT_1,0.0013674527868136055,0.0016929667552456331,0.8077257173400321,incremental,2.8462672233581543,ok,
enigma,depression,L6 CT_2,-0.0025947106938535303,-0.0032123660769379993,0.8077257173400321,incremental,2.8462672233581543,ok,
enigma,depression,L6 IT Car3_1,-0.0008456520391901812,-0.0010469544562417134,0.8077257173400321,incremental,2.8462672233581543,ok,
enigma,depression,L6 IT_1,-0.0006373526844705157,-0.000789070684253336,0.8077257173400321,incremental,2.8462672233581543,ok,
enigma,depression,L6 IT_2,-0.0006898729194000364,-0.0008540930474170075,0.8077257173400321,incremental,2.8462672233581543,ok,
enigma,depression,L6 IT_3,0.005129967599632468,0.006351125746653528,0.8077257173400321,incremental,2.8462672233581543,ok,
enigma,depression,L6b_1,0.006858996161826281,0.008491739231002864,0.8077257173400321,incremental,2.8462672233581543,ok,
enigma,depression,L6b_2,-0.0012251643250021926,-0.0015168073749550176,0.8077257173400321,incremental,2.8462672233581543,ok,
enigma,depression,L6b_3,0.007126327767090768,0.008822707528192721,0.8077257173400321,incremental,2.8462672233581543,ok,
enigma,depression,Lamp5_1,-0.0012347175996749726,-0.0015286347496042247,0.8077257173400321,incremental,2.8462672233581543,ok,
enigma,depression,Lamp5_2,-0.002550671847305841,-0.003157844046003147,0.8077257173400321,incremental,2.8462672233581543,ok,
enigma,depression,Lamp5_Lhx6_1,0.022257786702806204,0.02755611988696435,0.8077257173400321,incremental,2.8462672233581543,ok,
enigma,depression,Micro-PVM_1,0.0018936352941703039,0.0023444038657161282,0.8077257173400321,incremental,2.8462672233581543,ok,
enigma,depression,Micro-PVM_2,-0.0009029208290221025,-0.0011178557394403176,0.8077257173400321,incremental,2.8462672233581543,ok,
enigma,depression,OPC_1,0.009970700027265633,0.012344165616145934,0.8077257173400321,incremental,2.8462672233581543,ok,
enigma,depression,Oligo_1,-0.003129686491316841,-0.003874689667704764,0.8077257173400321,incremental,2.8462672233581543,ok,
enigma,depression,Oligo_2,0.00601223403593476,0.007443410438550841,0.8077257173400321,incremental,2.8462672233581543,ok,
enigma,depression,Pax6_1,0.0015841826849928298,0.0019612879112104946,0.8077257173400321,incremental,2.8462672233581543,ok,
enigma,depression,Pax6_2,-0.0006697729544443698,-0.0008292084058559353,0.8077257173400321,incremental,2.8462672233581543,ok,
enigma,depression,Pvalb_1,0.38518643777192596,0.4768777686569217,0.8077257173400321,incremental,2.8462672233581543,ok,
enigma,depression,Pvalb_2,-0.0012564268420518498,-0.0015555117474647967,0.8077257173400321,incremental,2.8462672233581543,ok,
enigma,depression,Pvalb_3,0.00011292908738769203,0.00013981118214186034,0.8077257173400321,incremental,2.8462672233581543,ok,
enigma,depression,Pvalb_4,0.004716536498938884,0.0058392798417650745,0.8077257173400321,incremental,2.8462672233581543,ok,
enigma,depression,Pvalb_5,-0.0019140372835492192,-0.002369662426810484,0.8077257173400321,incremental,2.8462672233581543,ok,
enigma,depression,Sncg_1,-0.0004944557336874489,-0.0006121579678257236,0.8077257173400321,incremental,2.8462672233581543,ok,
enigma,depression,Sncg_2,-0.0027524441253202747,-0.003407647009661283,0.8077257173400321,incremental,2.8462672233581543,ok,
enigma,depression,Sncg_3,0.025587767344708356,0.03167878253149213,0.8077257173400321,incremental,2.8462672233581543,ok,
enigma,depression,Sncg_4,-0.0026207066198740137,-0.0032445501778802007,0.8077257173400321,incremental,2.8462672233581543,ok,
enigma,depression,Sst_1,5.833599706184245e-05,7.22225327354341e-05,0.8077257173400321,incremental,2.8462672233581543,ok,
enigma,depression,Sst_10,-0.002834366702832214,-0.0035090707674459466,0.8077257173400321,incremental,2.8462672233581543,ok,
enigma,depression,Sst_2,0.00460731301415207,0.005704056358790553,0.8077257173400321,incremental,2.8462672233581543,ok,
enigma,depression,Sst_3,0.00289409316987832,0.003583014763240453,0.8077257173400321,incremental,2.8462672233581543,ok,
enigma,depression,Sst_4,0.001942644205764621,0.0024050790559969467,0.8077257173400321,incremental,2.8462672233581543,ok,
enigma,depression,Sst_5,-0.0022036645874805583,-0.002728233780567954,0.8077257173400321,incremental,2.8462672233581543,ok,
enigma,depression,Sst_6,-0.0012351671550264731,-0.001529191318922063,0.8077257173400321,incremental,2.8462672233581543,ok,
enigma,depression,Sst_7,0.02180052208654437,0.026990006159933747,0.8077257173400321,incremental,2.8462672233581543,ok,
enigma,depression,Sst_8,-0.0016206337761877077,-0.00200641596695065,0.8077257173400321,incremental,2.8462672233581543,ok,
enigma,depression,Sst_9,0.0029624855396793714,0.0036676875281813517,0.8077257173400321,incremental,2.8462672233581543,ok,
enigma,depression,VLMC_1,-0.0014096652823073486,-0.0017452276831665065,0.8077257173400321,incremental,2.8462672233581543,ok,
enigma,depression,Vip_1,-6.891478355985914e-05,-8.531953617473809e-05,0.8077257173400321,incremental,2.8462672233581543,ok,
enigma,depression,Vip_2,0.0011078820368879416,0.0013716067386542693,0.8077257173400321,incremental,2.8462672233581543,ok,
enigma,depression,Vip_3,0.03013037940566754,0.03730273626162557,0.8077257173400321,incremental,2.8462672233581543,ok,
enigma,depression,Vip_4,0.003204106394377737,0.003966824784196996,0.8077257173400321,incremental,2.8462672233581543,ok,
enigma,depression,Vip_5,-0.0010954764174103682,-0.0013562480355558623,0.8077257173400321,incremental,2.8462672233581543,ok,
enigma,depression,Vip_6,-0.001904205209180776,-0.002357489885863265,0.8077257173400321,incremental,2.8462672233581543,ok,
enigma,depression,Vip_7,-0.004684965805595076,-0.005800193933434986,0.8077257173400321,incremental,2.8462672233581543,ok,
enigma,depression,Vip_8,0.02812975857516209,0.034825879591648776,0.8077257173400321,incremental,2.8462672233581543,ok,
enigma,depression,Vip_9,-0.003578188829840845,-0.00442995530911704,0.8077257173400321,incremental,2.8462672233581543,ok,
enigma,ocd,Astro_1,0.031032090678297264,0.03771114307078191,0.822889155601876,incremental,2.760082960128784,ok,
enigma,ocd,Astro_2,0.0033889051819303573,0.004118300938662451,0.822889155601876,incremental,2.760082960128784,ok,
enigma,ocd,Chandelier_1,0.0034700333156642005,0.004216890321183241,0.822889155601876,incremental,2.760082960128784,ok,
enigma,ocd,Endo_1,0.011504145808761024,0.013980188863160657,0.822889155601876,incremental,2.760082960128784,ok,
enigma,ocd,L2/3 IT_1,0.0005848867933258006,0.0007107722702919859,0.822889155601876,incremental,2.760082960128784,ok,
enigma,ocd,L2/3 IT_2,-0.001788625083251394,-0.002173591754217688,0.822889155601876,incremental,2.760082960128784,ok,
enigma,ocd,L2/3 IT_3,0.03559085412716456,0.04325109145609382,0.822889155601876,incremental,2.760082960128784,ok,
enigma,ocd,L2/3 IT_4,-0.00020717056780084064,-0.0002517599926922264,0.822889155601876,incremental,2.760082960128784,ok,
enigma,ocd,L2/3 IT_5,-0.0005837993905983829,-0.0007094508253318535,0.822889155601876,incremental,2.760082960128784,ok,
enigma,ocd,L2/3 IT_6,0.02474318763480965,0.030068676280843722,0.822889155601876,incremental,2.760082960128784,ok,
enigma,ocd,L2/3 IT_7,-0.0001854494256444683,-0.00022536379824914237,0.822889155601876,incremental,2.760082960128784,ok,
enigma,ocd,L2/3 IT_8,-0.003911686779244805,-0.004753601080553464,0.822889155601876,incremental,2.760082960128784,ok,
enigma,ocd,L4 IT_1,-0.0034896718145078776,-0.004240755623952133,0.822889155601876,incremental,2.760082960128784,ok,
enigma,ocd,L4 IT_2,0.17416812843655793,0.21165442180261596,0.822889155601876,incremental,2.760082960128784,ok,
enigma,ocd,L4 IT_3,0.11004185716466619,0.13372622110225718,0.822889155601876,incremental,2.760082960128784,ok,
enigma,ocd,L5 ET_1,0.0030094829409289536,0.0036572154590222583,0.822889155601876,incremental,2.760082960128784,ok,
enigma,ocd,L5 IT_1,0.005604639274736423,0.0068109285881123175,0.822889155601876,incremental,2.760082960128784,ok,
enigma,ocd,L5 IT_2,0.0023000059226575553,0.0027950373473755274,0.822889155601876,incremental,2.760082960128784,ok,
enigma,ocd,L5 IT_3,0.0039595945673202015,0.004811820085809835,0.822889155601876,incremental,2.760082960128784,ok,
enigma,ocd,L5 IT_4,0.0006534383821559242,0.0007940782518612577,0.822889155601876,incremental,2.760082960128784,ok,
enigma,ocd,L5 IT_5,-0.001209431528151561,-0.0014697380806616184,0.822889155601876,incremental,2.760082960128784,ok,
enigma,ocd,L5/6 NP_1,-0.003075026986949503,-0.003736866582839304,0.822889155601876,incremental,2.760082960128784,ok,
enigma,ocd,L5/6 NP_2,0.0070363445234663535,0.008550780473367454,0.822889155601876,incremental,2.760082960128784,ok,
enigma,ocd,L6 CT_1,0.0041132458362035385,0.004998541794119325,0.822889155601876,incremental,2.760082960128784,ok,
enigma,ocd,L6 CT_2,0.00044628222663578576,0.0005423357734121151,0.822889155601876,incremental,2.760082960128784,ok,
enigma,ocd,L6 IT Car3_1,0.0036330381392833955,0.00441497875449109,0.822889155601876,incremental,2.760082960128784,ok,
enigma,ocd,L6 IT_1,0.0024550320016203386,0.0029834297668252584,0.822889155601876,incremental,2.760082960128784,ok,
enigma,ocd,L6 IT_2,0.0028721298818196184,0.0034902998323254005,0.822889155601876,incremental,2.760082960128784,ok,
enigma,ocd,L6 IT_3,0.0053099003784442544,0.006452752891804118,0.822889155601876,incremental,2.760082960128784,ok,
enigma,ocd,L6b_1,0.0007554020023412544,0.0009179875530000632,0.822889155601876,incremental,2.760082960128784,ok,
enigma,ocd,L6b_2,0.002207025132709761,0.0026820442555176255,0.822889155601876,incremental,2.760082960128784,ok,
enigma,ocd,L6b_3,0.0026646388323854353,0.0032381503805776492,0.822889155601876,incremental,2.760082960128784,ok,
enigma,ocd,Lamp5_1,0.042297524999634684,0.051401242453726965,0.822889155601876,incremental,2.760082960128784,ok,
enigma,ocd,Lamp5_2,0.00026618120772903264,0.0003234715221570065,0.822889155601876,incremental,2.760082960128784,ok,
enigma,ocd,Lamp5_Lhx6_1,0.0021031878958956973,0.002555858078306291,0.822889155601876,incremental,2.760082960128784,ok,
enigma,ocd,Micro-PVM_1,0.018447910501936282,0.022418463503074294,0.822889155601876,incremental,2.760082960128784,ok,
enigma,ocd,Micro-PVM_2,0.11479737304054072,0.1395052690378157,0.822889155601876,incremental,2.760082960128784,ok,
enigma,ocd,OPC_1,0.0031928366767109972,0.0038800325110320585,0.822889155601876,incremental,2.760082960128784,ok,
enigma,ocd,Oligo_1,-0.005065115394772168,-0.006155282713705774,0.822889155601876,incremental,2.760082960128784,ok,
enigma,ocd,Oligo_2,-0.0017426611068509512,-0.002117734928194961,0.822889155601876,incremental,2.760082960128784,ok,
enigma,ocd,Pax6_1,0.0014239471153650873,0.001730423964967173,0.822889155601876,incremental,2.760082960128784,ok,
enigma,ocd,Pax6_2,0.0018465907354046074,0.002244033382666196,0.822889155601876,incremental,2.760082960128784,ok,
enigma,ocd,Pvalb_1,0.09511613431687171,0.11558802746319102,0.822889155601876,incremental,2.760082960128784,ok,
enigma,ocd,Pvalb_2,-0.0027055387852512602,-0.003287853250748432,0.822889155601876,incremental,2.760082960128784,ok,
enigma,ocd,Pvalb_3,0.003701081321321187,0.004497666904619917,0.822889155601876,incremental,2.760082960128784,ok,
enigma,ocd,Pvalb_4,0.0013192690786275607,0.0016032160220444556,0.822889155601876,incremental,2.760082960128784,ok,
enigma,ocd,Pvalb_5,0.0005059462428459449,0.0006148413056627131,0.822889155601876,incremental,2.760082960128784,ok,
enigma,ocd,Sncg_1,0.007903743412233322,0.009604870058656175,0.822889155601876,incremental,2.760082960128784,ok,
enigma,ocd,Sncg_2,0.001465687721422193,0.0017811484225359155,0.822889155601876,incremental,2.760082960128784,ok,
enigma,ocd,Sncg_3,7.360462455607841e-05,8.944658470100102e-05,0.822889155601876,incremental,2.760082960128784,ok,
enigma,ocd,Sncg_4,-0.0022691806922883195,-0.0027575775872615547,0.822889155601876,incremental,2.760082960128784,ok,
enigma,ocd,Sst_1,0.003404588599966951,0.004137359906604643,0.822889155601876,incremental,2.760082960128784,ok,
enigma,ocd,Sst_10,-0.0025308569671587122,-0.0030755745776083264,0.822889155601876,incremental,2.760082960128784,ok,
enigma,ocd,Sst_2,-0.0007781765453317435,-0.0009456638722654828,0.822889155601876,incremental,2.760082960128784,ok,
enigma,ocd,Sst_3,0.0008713100499787574,0.0010588425476836737,0.822889155601876,incremental,2.760082960128784,ok,
enigma,ocd,Sst_4,0.0008816893252947544,0.0010714557596154866,0.822889155601876,incremental,2.760082960128784,ok,
enigma,ocd,Sst_5,0.0030386959098099853,0.003692715949801803,0.822889155601876,incremental,2.760082960128784,ok,
enigma,ocd,Sst_6,-0.0049098601351827975,-0.005966611786968607,0.822889155601876,incremental,2.760082960128784,ok,
enigma,ocd,Sst_7,0.09406431419092898,0.11430982356564005,0.822889155601876,incremental,2.760082960128784,ok,
enigma,ocd,Sst_8,-9.72816833897383e-05,-0.00011821966874576773,0.822889155601876,incremental,2.760082960128784,ok,
enigma,ocd,Sst_9,0.004985661688145959,0.006058728146076194,0.822889155601876,incremental,2.760082960128784,ok,
enigma,ocd,VLMC_1,0.005346468280866379,0.006497191322148212,0.822889155601876,incremental,2.760082960128784,ok,
enigma,ocd,Vip_1,0.002250716091782623,0.002735138841556866,0.822889155601876,incremental,2.760082960128784,ok,
enigma,ocd,Vip_2,0.001083226529613679,0.0013163699171869479,0.822889155601876,incremental,2.760082960128784,ok,
enigma,ocd,Vip_3,0.0044794544038812,0.005443569614919577,0.822889155601876,incremental,2.760082960128784,ok,
enigma,ocd,Vip_4,0.002232238854015467,0.0027126847386666156,0.822889155601876,incremental,2.760082960128784,ok,
enigma,ocd,Vip_5,0.003246958438670955,0.003945802926879101,0.822889155601876,incremental,2.760082960128784,ok,
enigma,ocd,Vip_6,-4.723796258654378e-05,-5.74050128926454e-05,0.822889155601876,incremental,2.760082960128784,ok,
enigma,ocd,Vip_7,-0.0037939351895763807,-0.00461050575736586,0.822889155601876,incremental,2.760082960128784,ok,
enigma,ocd,Vip_8,-0.004600261904974534,-0.0055903785748760045,0.822889155601876,incremental,2.760082960128784,ok,
enigma,ocd,Vip_9,0.003989493107451447,0.004848153703682557,0.822889155601876,incremental,2.760082960128784,ok,
enigma,schizophrenia,Astro_1,-0.00034449480096121476,-0.00040639599765150886,0.8476825631944944,incremental,2.73276424407959,ok,
enigma,schizophrenia,Astro_2,0.00019037028219703878,0.00022457732465278957,0.8476825631944944,incremental,2.73276424407959,ok,
enigma,schizophrenia,Chandelier_1,0.006158726669554859,0.007265369062619004,0.8476825631944944,incremental,2.73276424407959,ok,
enigma,schizophrenia,Endo_1,-0.001642030799117511,-0.0019370821937512938,0.8476825631944944,incremental,2.73276424407959,ok,
enigma,schizophrenia,L2/3 IT_1,0.04028097792259999,0.047518941254142355,0.8476825631944944,incremental,2.73276424407959,ok,
enigma,schizophrenia,L2/3 IT_2,0.002117159970300153,0.0024975858443066577,0.8476825631944944,incremental,2.73276424407959,ok,
enigma,schizophrenia,L2/3 IT_3,-0.0009916999291215145,-0.0011698953973811731,0.8476825631944944,incremental,2.73276424407959,ok,
enigma,schizophrenia,L2/3 IT_4,0.00016643224775758636,0.00019633793944089862,0.8476825631944944,incremental,2.73276424407959,ok,
enigma,schizophrenia,L2/3 IT_5,-0.004201235960995309,-0.004956142951865068,0.8476825631944944,incremental,2.73276424407959,ok,
enigma,schizophrenia,L2/3 IT_6,-0.001466296561936753,-0.0017297708194102869,0.8476825631944944,incremental,2.73276424407959,ok,
enigma,schizophrenia,L2/3 IT_7,-0.0013278290983382846,-0.0015664225690031376,0.8476825631944944,incremental,2.73276424407959,ok,
enigma,schizophrenia,L2/3 IT_8,0.009398368435283633,0.01108713195640813,0.8476825631944944,incremental,2.73276424407959,ok,
enigma,schizophrenia,L4 IT_1,0.0001787721022640243,0.00021089510392937783,0.8476825631944944,incremental,2.73276424407959,ok,
enigma,schizophrenia,L4 IT_2,-0.001216561999693111,-0.0014351622323201898,0.8476825631944944,incremental,2.73276424407959,ok,
enigma,schizophrenia,L4 IT_3,0.009810819205492538,0.011573694719542697,0.8476825631944944,incremental,2.73276424407959,ok,
enigma,schizophrenia,L5 ET_1,-0.0010262393105358036,-0.0012106410525520514,0.8476825631944944,incremental,2.73276424407959,ok,
enigma,schizophrenia,L5 IT_1,0.00014391870056162936,0.00016977900314390246,0.8476825631944944,incremental,2.73276424407959,ok,
enigma,schizophrenia,L5 IT_2,-0.00043053982306728855,-0.0005079021815015256,0.8476825631944944,incremental,2.73276424407959,ok,
enigma,schizophrenia,L5 IT_3,0.009067199057870012,0.010696455786114372,0.8476825631944944,incremental,2.73276424407959,ok,
enigma,schizophrenia,L5 IT_4,0.0017294833057167613,0.002040248768594694,0.8476825631944944,incremental,2.73276424407959,ok,
enigma,schizophrenia,L5 IT_5,0.0035837092910188106,0.0042276548399362976,0.8476825631944944,incremental,2.73276424407959,ok,
enigma,schizophrenia,L5/6 NP_1,-0.002827592691297953,-0.0033356740058945664,0.8476825631944944,incremental,2.73276424407959,ok,
enigma,schizophrenia,L5/6 NP_2,0.000561991775652193,0.000662974325594625,0.8476825631944944,incremental,2.73276424407959,ok,
enigma,schizophrenia,L6 CT_1,-0.001952155845219683,-0.0023029326424540073,0.8476825631944944,incremental,2.73276424407959,ok,
enigma,schizophrenia,L6 CT_2,0.002392066955689609,0.002821890008772974,0.8476825631944944,incremental,2.73276424407959,ok,
enigma,schizophrenia,L6 IT Car3_1,0.001967745854083991,0.0023213239714033216,0.8476825631944944,incremental,2.73276424407959,ok,
enigma,schizophrenia,L6 IT_1,0.07918323625316526,0.0934114250914434,0.8476825631944944,incremental,2.73276424407959,ok,
enigma,schizophrenia,L6 IT_2,-0.0009614326479954194,-0.0011341894828793663,0.8476825631944944,incremental,2.73276424407959,ok,
enigma,schizophrenia,L6 IT_3,0.031611419236662774,0.03729157659859729,0.8476825631944944,incremental,2.73276424407959,ok,
enigma,schizophrenia,L6b_1,0.05561465899711404,0.06560788367231482,0.8476825631944944,incremental,2.73276424407959,ok,
enigma,schizophrenia,L6b_2,-0.0010156591339601784,-0.001198159757035303,0.8476825631944944,incremental,2.73276424407959,ok,
enigma,schizophrenia,L6b_3,0.004075679444831559,0.004808025576782361,0.8476825631944944,incremental,2.73276424407959,ok,
enigma,schizophrenia,Lamp5_1,0.012735614286207064,0.015024037109142439,0.8476825631944944,incremental,2.73276424407959,ok,
enigma,schizophrenia,Lamp5_2,-0.00011935761959347424,-0.00014080461811515229,0.8476825631944944,incremental,2.73276424407959,ok,
enigma,schizophrenia,Lamp5_Lhx6_1,-0.0008536717659681781,-0.0010070653839464544,0.8476825631944944,incremental,2.73276424407959,ok,
enigma,schizophrenia,Micro-PVM_1,0.008818779380827424,0.010403398351847448,0.8476825631944944,incremental,2.73276424407959,ok,
enigma,schizophrenia,Micro-PVM_2,0.008832645998219535,0.010419756618484259,0.8476825631944944,incremental,2.73276424407959,ok,
enigma,schizophrenia,OPC_1,-8.779489878429914e-07,-1.0357049041264196e-06,0.8476825631944944,incremental,2.73276424407959,ok,
enigma,schizophrenia,Oligo_1,-0.000354014635213451,-0.00041762642123880164,0.8476825631944944,incremental,2.73276424407959,ok,
enigma,schizophrenia,Oligo_2,0.00035892777897383876,0.00042342239248288686,0.8476825631944944,incremental,2.73276424407959,ok,
enigma,schizophrenia,Pax6_1,-0.0019194664309085674,-0.002264369369207091,0.8476825631944944,incremental,2.73276424407959,ok,
enigma,schizophrenia,Pax6_2,0.0005645508309755076,0.0006659932095901514,0.8476825631944944,incremental,2.73276424407959,ok,
enigma,schizophrenia,Pvalb_1,0.0014239056089297986,0.0016797627682275376,0.8476825631944944,incremental,2.73276424407959,ok,
enigma,schizophrenia,Pvalb_2,0.00032493181441684005,0.0003833177990500754,0.8476825631944944,incremental,2.73276424407959,ok,
enigma,schizophrenia,Pvalb_3,0.06213780984668882,0.07330315915962962,0.8476825631944944,incremental,2.73276424407959,ok,
enigma,schizophrenia,Pvalb_4,-0.0012152367301760947,-0.001433598829255696,0.8476825631944944,incremental,2.73276424407959,ok,
enigma,schizophrenia,Pvalb_5,-0.001205725828237858,-0.0014223789430020553,0.8476825631944944,incremental,2.73276424407959,ok,
enigma,schizophrenia,Sncg_1,-0.000405440975657978,-0.00047829340045650153,0.8476825631944944,incremental,2.73276424407959,ok,
enigma,schizophrenia,Sncg_2,-1.97384393046951e-05,-2.328517792121467e-05,0.8476825631944944,incremental,2.73276424407959,ok,
enigma,schizophrenia,Sncg_3,-0.0015964282538045715,-0.0018832854692544655,0.8476825631944944,incremental,2.73276424407959,ok,
enigma,schizophrenia,Sncg_4,0.02218601749143878,0.026172553801072307,0.8476825631944944,incremental,2.73276424407959,ok,
enigma,schizophrenia,Sst_1,0.042308289524246034,0.049910534156568126,0.8476825631944944,incremental,2.73276424407959,ok,
enigma,schizophrenia,Sst_10,-0.00044492219914749054,-0.0005248688818970155,0.8476825631944944,incremental,2.73276424407959,ok,
enigma,schizophrenia,Sst_2,-0.0020359554749752595,-0.002401789966402936,0.8476825631944944,incremental,2.73276424407959,ok,
enigma,schizophrenia,Sst_3,0.03397581869360833,0.040080827622040904,0.8476825631944944,incremental,2.73276424407959,ok,
enigma,schizophrenia,Sst_4,0.0004210525836464418,0.0004967102096092479,0.8476825631944944,incremental,2.73276424407959,ok,
enigma,schizophrenia,Sst_5,0.002555557473684633,0.0030147576282022444,0.8476825631944944,incremental,2.73276424407959,ok,
enigma,schizophrenia,Sst_6,-0.0037649224429137096,-0.004441429618093815,0.8476825631944944,incremental,2.73276424407959,ok,
enigma,schizophrenia,Sst_7,-0.0010317627920520822,-0.0012171570312404219,0.8476825631944944,incremental,2.73276424407959,ok,
enigma,schizophrenia,Sst_8,0.019385080617254746,0.022868325312959143,0.8476825631944944,incremental,2.73276424407959,ok,
enigma,schizophrenia,Sst_9,0.0951567009375176,0.11225511184153568,0.8476825631944944,incremental,2.73276424407959,ok,
enigma,schizophrenia,VLMC_1,-0.0006375968820969691,-0.0007521646778885992,0.8476825631944944,incremental,2.73276424407959,ok,
enigma,schizophrenia,Vip_1,0.003992419659196056,0.00470980509986027,0.8476825631944944,incremental,2.73276424407959,ok,
enigma,schizophrenia,Vip_2,0.008099037713577562,0.009554328548479648,0.8476825631944944,incremental,2.73276424407959,ok,
enigma,schizophrenia,Vip_3,0.0031730452490225103,0.0037431998566360494,0.8476825631944944,incremental,2.73276424407959,ok,
enigma,schizophrenia,Vip_4,0.248963186732149,0.2936986055180025,0.8476825631944944,incremental,2.73276424407959,ok,
enigma,schizophrenia,Vip_5,0.043320242721332614,0.05110432206848769,0.8476825631944944,incremental,2.73276424407959,ok,
enigma,schizophrenia,Vip_6,-0.0013505384017985511,-0.001593212436397232,0.8476825631944944,incremental,2.73276424407959,ok,
enigma,schizophrenia,Vip_7,0.0012656932120115316,0.001493121678994744,0.8476825631944944,incremental,2.73276424407959,ok,
enigma,schizophrenia,Vip_8,0.007157241253341384,0.00844330361871465,0.8476825631944944,incremental,2.73276424407959,ok,
enigma,schizophrenia,Vip_9,-0.0013472964975113078,-0.0015893880044364917,0.8476825631944944,incremental,2.73276424407959,ok,
enigma,bipolar,Astro_1,0.0002452247506392613,0.00030031132978014226,0.8165684285664153,incremental,2.8152756690979004,ok,
enigma,bipolar,Astro_2,-0.0006929337714681738,-0.0008485924109075621,0.8165684285664153,incremental,2.8152756690979004,ok,
enigma,bipolar,Chandelier_1,0.005514904403876919,0.006753756587869802,0.8165684285664153,incremental,2.8152756690979004,ok,
enigma,bipolar,Endo_1,0.016156410827657397,0.0197857402545209,0.8165684285664153,incremental,2.8152756690979004,ok,
enigma,bipolar,L2/3 IT_1,0.1590424715246308,0.19476931260231198,0.8165684285664153,incremental,2.8152756690979004,ok,
enigma,bipolar,L2/3 IT_2,0.004953378107566131,0.006066090647494645,0.8165684285664153,incremental,2.8152756690979004,ok,
enigma,bipolar,L2/3 IT_3,-0.00019328962197262545,-0.00023670964393268152,0.8165684285664153,incremental,2.8152756690979004,ok,
enigma,bipolar,L2/3 IT_4,0.005523870485660387,0.006764736784347896,0.8165684285664153,incremental,2.8152756690979004,ok,
enigma,bipolar,L2/3 IT_5,0.004820569165429167,0.005903447888491427,0.8165684285664153,incremental,2.8152756690979004,ok,
enigma,bipolar,L2/3 IT_6,-0.0053932134628729145,-0.006604729345636536,0.8165684285664153,incremental,2.8152756690979004,ok,
enigma,bipolar,L2/3 IT_7,0.019085170817709773,0.023372408422912088,0.8165684285664153,incremental,2.8152756690979004,ok,
enigma,bipolar,L2/3 IT_8,-0.0027824322100451493,-0.0034074697388558673,0.8165684285664153,incremental,2.8152756690979004,ok,
enigma,bipolar,L4 IT_1,0.010798453126412255,0.013224186422894461,0.8165684285664153,incremental,2.8152756690979004,ok,
enigma,bipolar,L4 IT_2,0.0007598629748901686,0.0009305563971217942,0.8165684285664153,incremental,2.8152756690979004,ok,
enigma,bipolar,L4 IT_3,0.0005295950127617299,0.0006485617055896933,0.8165684285664153,incremental,2.8152756690979004,ok,
enigma,bipolar,L5 ET_1,0.013521680303166583,0.016559151480918174,0.8165684285664153,incremental,2.8152756690979004,ok,
enigma,bipolar,L5 IT_1,0.0025035059574136653,0.00306588629909299,0.8165684285664153,incremental,2.8152756690979004,ok,
enigma,bipolar,L5 IT_2,0.00258931411886143,0.0031709701578926876,0.8165684285664153,incremental,2.8152756690979004,ok,
enigma,bipolar,L5 IT_3,0.015775832393976064,0.019319669781591296,0.8165684285664153,incremental,2.8152756690979004,ok,
enigma,bipolar,L5 IT_4,-0.0011528961445530506,-0.001411879401922383,0.8165684285664153,incremental,2.8152756690979004,ok,
enigma,bipolar,L5 IT_5,0.0008017030054999763,0.000981795251265669,0.8165684285664153,incremental,2.8152756690979004,ok,
enigma,bipolar,L5/6 NP_1,0.0006973031952395292,0.0008539433694047287,0.8165684285664153,incremental,2.8152756690979004,ok,
enigma,bipolar,L5/6 NP_2,0.07360523909481953,0.09013970724295872,0.8165684285664153,incremental,2.8152756690979004,ok,
enigma,bipolar,L6 CT_1,-0.005063790273746593,-0.006201305483530254,0.8165684285664153,incremental,2.8152756690979004,ok,
enigma,bipolar,L6 CT_2,0.003097971574763214,0.0037938909543711826,0.8165684285664153,incremental,2.8152756690979004,ok,
enigma,bipolar,L6 IT Car3_1,0.002368288831219423,0.002900294388526924,0.8165684285664153,incremental,2.8152756690979004,ok,
enigma,bipolar,L6 IT_1,0.05664856848305155,0.06937393915964271,0.8165684285664153,incremental,2.8152756690979004,ok,
enigma,bipolar,L6 IT_2,0.0011204600775560625,0.0013721569905943655,0.8165684285664153,incremental,2.8152756690979004,ok,
enigma,bipolar,L6 IT_3,0.04500184209303981,0.05511092581921884,0.8165684285664153,incremental,2.8152756690979004,ok,
enigma,bipolar,L6b_1,0.044203614369631494,0.05413338652736831,0.8165684285664153,incremental,2.8152756690979004,ok,
enigma,bipolar,L6b_2,0.0007909278843430956,0.0009685996380384988,0.8165684285664153,incremental,2.8152756690979004,ok,
enigma,bipolar,L6b_3,0.012554972979000878,0.01537528581780054,0.8165684285664153,incremental,2.8152756690979004,ok,
enigma,bipolar,Lamp5_1,0.006506196842335665,0.007967730094289931,0.8165684285664153,incremental,2.8152756690979004,ok,
enigma,bipolar,Lamp5_2,-0.0003043068031859386,-0.00037266540382927373,0.8165684285664153,incremental,2.8152756690979004,ok,
enigma,bipolar,Lamp5_Lhx6_1,0.003576143067347659,0.0043794775088549665,0.8165684285664153,incremental,2.8152756690979004,ok,
enigma,bipolar,Micro-PVM_1,0.0027034132992237447,0.003310700248318336,0.8165684285664153,incremental,2.8152756690979004,ok,
enigma,bipolar,Micro-PVM_2,0.0017606833757024543,0.0021561981998171873,0.8165684285664153,incremental,2.8152756690979004,ok,
enigma,bipolar,OPC_1,0.005852279026867024,0.007166918070958742,0.8165684285664153,incremental,2.8152756690979004,ok,
enigma,bipolar,Oligo_1,-0.0017938193075986986,-0.0021967776916724116,0.8165684285664153,incremental,2.8152756690979004,ok,
enigma,bipolar,Oligo_2,0.0023963508496916974,0.002934660177713191,0.8165684285664153,incremental,2.8152756690979004,ok,
enigma,bipolar,Pax6_1,-0.0011690949109877113,-0.001431717012425032,0.8165684285664153,incremental,2.8152756690979004,ok,
enigma,bipolar,Pax6_2,-2.7590650055975274e-05,-3.3788533931459974e-05,0.8165684285664153,incremental,2.8152756690979004,ok,
enigma,bipolar,Pvalb_1,0.18338576687546726,0.22458101545442208,0.8165684285664153,incremental,2.8152756690979004,ok,
enigma,bipolar,Pvalb_2,0.00102542500177083,0.0012557735100916009,0.8165684285664153,incremental,2.8152756690979004,ok,
enigma,bipolar,Pvalb_3,0.004176050589997371,0.005114146523309667,0.8165684285664153,incremental,2.8152756690979004,ok,
enigma,bipolar,Pvalb_4,0.0069924607346095735,0.008563226901737659,0.8165684285664153,incremental,2.8152756690979004,ok,
enigma,bipolar,Pvalb_5,0.00016589291010571383,0.00020315861390448185,0.8165684285664153,incremental,2.8152756690979004,ok,
enigma,bipolar,Sncg_1,-7.208091671639938e-05,-8.827296549163204e-05,0.8165684285664153,incremental,2.8152756690979004,ok,
enigma,bipolar,Sncg_2,0.008907367276961953,0.010908292514566004,0.8165684285664153,incremental,2.8152756690979004,ok,
enigma,bipolar,Sncg_3,0.0023813835395138927,0.0029163306542413104,0.8165684285664153,incremental,2.8152756690979004,ok,
enigma,bipolar,Sncg_4,0.003526210086399084,0.004318327727401576,0.8165684285664153,incremental,2.8152756690979004,ok,
enigma,bipolar,Sst_1,-0.0001710611973068099,-0.00020948789020306424,0.8165684285664153,incremental,2.8152756690979004,ok,
enigma,bipolar,Sst_10,-0.00024524343787124536,-0.0003003342148579022,0.8165684285664153,incremental,2.8152756690979004,ok,
enigma,bipolar,Sst_2,0.007770086583956504,0.009515536374089101,0.8165684285664153,incremental,2.8152756690979004,ok,
enigma,bipolar,Sst_3,0.0034902809808334823,0.004274327611417812,0.8165684285664153,incremental,2.8152756690979004,ok,
enigma,bipolar,Sst_4,-2.2160227634460128e-05,-2.7138237114267433e-05,0.8165684285664153,incremental,2.8152756690979004,ok,
enigma,bipolar,Sst_5,0.004905739043766344,0.0060077500821075856,0.8165684285664153,incremental,2.8152756690979004,ok,
enigma,bipolar,Sst_6,0.0005141742752362566,0.0006296768981614336,0.8165684285664153,incremental,2.8152756690979004,ok,
enigma,bipolar,Sst_7,-0.003405026882995932,-0.00416992227947616,0.8165684285664153,incremental,2.8152756690979004,ok,
enigma,bipolar,Sst_8,0.027436676444286934,0.033599972132715615,0.8165684285664153,incremental,2.8152756690979004,ok,
enigma,bipolar,Sst_9,-0.00018909690580926064,-0.00023157508812977638,0.8165684285664153,incremental,2.8152756690979004,ok,
enigma,bipolar,VLMC_1,0.0032415441669308986,0.003969715278634788,0.8165684285664153,incremental,2.8152756690979004,ok,
enigma,bipolar,Vip_1,0.0009823012638217055,0.0012029625803023688,0.8165684285664153,incremental,2.8152756690979004,ok,
enigma,bipolar,Vip_2,0.0007965188058209893,0.0009754464879561588,0.8165684285664153,incremental,2.8152756690979004,ok,
enigma,bipolar,Vip_3,0.004624675167808956,0.005663548829493852,0.8165684285664153,incremental,2.8152756690979004,ok,
enigma,bipolar,Vip_4,0.00562271140889703,0.006885781046872434,0.8165684285664153,incremental,2.8152756690979004,ok,
enigma,bipolar,Vip_5,3.027616365358643e-05,3.707731354093606e-05,0.8165684285664153,incremental,2.8152756690979004,ok,
enigma,bipolar,Vip_6,0.002353487807979837,0.002882168506210398,0.8165684285664153,incremental,2.8152756690979004,ok,
enigma,bipolar,Vip_7,0.00011921656068825115,0.00014599702427578573,0.8165684285664153,incremental,2.8152756690979004,ok,
enigma,bipolar,Vip_8,0.007483944279354282,0.009165115889299384,0.8165684285664153,incremental,2.8152756690979004,ok,
enigma,bipolar,Vip_9,0.03380807330339097,0.04140262116519143,0.8165684285664153,incremental,2.8152756690979004,ok,
enigma,obesity,Astro_1,-0.001239567937091346,-0.0014165554371139506,0.8750578372116562,incremental,2.7892935276031494,ok,
enigma,obesity,Astro_2,0.003907314828040631,0.004465207511872775,0.8750578372116562,incremental,2.7892935276031494,ok,
enigma,obesity,Chandelier_1,0.0006783869313501389,0.0007752481064700788,0.8750578372116562,incremental,2.7892935276031494,ok,
enigma,obesity,Endo_1,0.0010273353506818905,0.0011740199413052077,0.8750578372116562,incremental,2.7892935276031494,ok,
enigma,obesity,L2/3 IT_1,0.021729950730051906,0.024832587979891362,0.8750578372116562,incremental,2.7892935276031494,ok,
enigma,obesity,L2/3 IT_2,-0.0018090990370225324,-0.0020674051018012346,0.8750578372116562,incremental,2.7892935276031494,ok,
enigma,obesity,L2/3 IT_3,0.0006248646879297715,0.0007140838712111679,0.8750578372116562,incremental,2.7892935276031494,ok,
enigma,obesity,L2/3 IT_4,0.00017497476856342953,0.0001999579469180929,0.8750578372116562,incremental,2.7892935276031494,ok,
enigma,obesity,L2/3 IT_5,-0.00028506919029003264,-0.0003257718269210599,0.8750578372116562,incremental,2.7892935276031494,ok,
enigma,obesity,L2/3 IT_6,0.0005662220319889721,0.0006470681227120033,0.8750578372116562,incremental,2.7892935276031494,ok,
enigma,obesity,L2/3 IT_7,-0.0026518399121221448,-0.003030473871958164,0.8750578372116562,incremental,2.7892935276031494,ok,
enigma,obesity,L2/3 IT_8,-0.0012587317176678825,-0.001438455453046156,0.8750578372116562,incremental,2.7892935276031494,ok,
enigma,obesity,L4 IT_1,0.018139565971833416,0.020729562321999837,0.8750578372116562,incremental,2.7892935276031494,ok,
enigma,obesity,L4 IT_2,-0.0023055819717996417,-0.0026347766670444376,0.8750578372116562,incremental,2.7892935276031494,ok,
enigma,obesity,L4 IT_3,-0.0032505461805134583,-0.0037146643824952415,0.8750578372116562,incremental,2.7892935276031494,ok,
enigma,obesity,L5 ET_1,0.00013723768427720273,0.00015683270115551015,0.8750578372116562,incremental,2.7892935276031494,ok,
enigma,obesity,L5 IT_1,0.035460641681116845,0.0405237690277834,0.8750578372116562,incremental,2.7892935276031494,ok,
enigma,obesity,L5 IT_2,-0.0017216754607948248,-0.0019674990470125824,0.8750578372116562,incremental,2.7892935276031494,ok,
enigma,obesity,L5 IT_3,-0.0034592524075834907,-0.003953170019716968,0.8750578372116562,incremental,2.7892935276031494,ok,
enigma,obesity,L5 IT_4,0.004758450626721755,0.00543786984627714,0.8750578372116562,incremental,2.7892935276031494,ok,
enigma,obesity,L5 IT_5,0.003895840087803637,0.004452094389803544,0.8750578372116562,incremental,2.7892935276031494,ok,
enigma,obesity,L5/6 NP_1,0.0030486548597926655,0.0034839466948917417,0.8750578372116562,incremental,2.7892935276031494,ok,
enigma,obesity,L5/6 NP_2,0.0002642021857534038,0.00030192539797743614,0.8750578372116562,incremental,2.7892935276031494,ok,
enigma,obesity,L6 CT_1,-0.0025615855073699567,-0.0029273327984037797,0.8750578372116562,incremental,2.7892935276031494,ok,
enigma,obesity,L6 CT_2,0.003306821253553194,0.0037789745008058825,0.8750578372116562,incremental,2.7892935276031494,ok,
enigma,obesity,L6 IT Car3_1,0.005068640293624638,0.005792348891789482,0.8750578372116562,incremental,2.7892935276031494,ok,
enigma,obesity,L6 IT_1,0.0010931121015022027,0.001249188402203641,0.8750578372116562,incremental,2.7892935276031494,ok,
enigma,obesity,L6 IT_2,0.0015437729173009007,0.0017641952927592577,0.8750578372116562,incremental,2.7892935276031494,ok,
enigma,obesity,L6 IT_3,0.012844351044348112,0.01467828810639103,0.8750578372116562,incremental,2.7892935276031494,ok,
enigma,obesity,L6b_1,0.010893525026946294,0.012448920018427768,0.8750578372116562,incremental,2.7892935276031494,ok,
enigma,obesity,L6b_2,-0.0004086872122333052,-0.0004670402284900092,0.8750578372116562,incremental,2.7892935276031494,ok,
enigma,obesity,L6b_3,-0.0010241427732521347,-0.0011703715225447643,0.8750578372116562,incremental,2.7892935276031494,ok,
enigma,obesity,Lamp5_1,0.010297277073953448,0.011767538825508257,0.8750578372116562,incremental,2.7892935276031494,ok,
enigma,obesity,Lamp5_2,-0.000708566627168894,-0.0008097369077074023,0.8750578372116562,incremental,2.7892935276031494,ok,
enigma,obesity,Lamp5_Lhx6_1,0.0037106001174579406,0.004240405559113269,0.8750578372116562,incremental,2.7892935276031494,ok,
enigma,obesity,Micro-PVM_1,0.003317202176074896,0.0037908376281104513,0.8750578372116562,incremental,2.7892935276031494,ok,
enigma,obesity,Micro-PVM_2,-0.0012035182102210218,-0.0013753584723679455,0.8750578372116562,incremental,2.7892935276031494,ok,
enigma,obesity,OPC_1,-0.0022553272822690706,-0.00257734653226534,0.8750578372116562,incremental,2.7892935276031494,ok,
enigma,obesity,Oligo_1,0.01645216017911988,0.018801226021292673,0.8750578372116562,incremental,2.7892935276031494,ok,
enigma,obesity,Oligo_2,0.0027296279983560767,0.003119368666023207,0.8750578372116562,incremental,2.7892935276031494,ok,
enigma,obesity,Pax6_1,0.006992546972613978,0.007990954054986244,0.8750578372116562,incremental,2.7892935276031494,ok,
enigma,obesity,Pax6_2,0.0017480969125140966,0.0019976929960245273,0.8750578372116562,incremental,2.7892935276031494,ok,
enigma,obesity,Pvalb_1,0.0020888395066011034,0.0023870873647130844,0.8750578372116562,incremental,2.7892935276031494,ok,
enigma,obesity,Pvalb_2,0.0213396561645659,0.02438656652977823,0.8750578372116562,incremental,2.7892935276031494,ok,
enigma,obesity,Pvalb_3,0.0014477772845878922,0.001654493249499014,0.8750578372116562,incremental,2.7892935276031494,ok,
enigma,obesity,Pvalb_4,0.002114161927682656,0.0024160253617285066,0.8750578372116562,incremental,2.7892935276031494,ok,
enigma,obesity,Pvalb_5,0.08296235839475008,0.09480785711160188,0.8750578372116562,incremental,2.7892935276031494,ok,
enigma,obesity,Sncg_1,0.009029250635323116,0.01031846153631917,0.8750578372116562,incremental,2.7892935276031494,ok,
enigma,obesity,Sncg_2,0.007593272146363295,0.008677451733429431,0.8750578372116562,incremental,2.7892935276031494,ok,
enigma,obesity,Sncg_3,-0.0001619812174870061,-0.00018510915575952564,0.8750578372116562,incremental,2.7892935276031494,ok,
enigma,obesity,Sncg_4,-0.0008337159662776816,-0.0009527552703650892,0.8750578372116562,incremental,2.7892935276031494,ok,
enigma,obesity,Sst_1,0.0029672289473517965,0.00339089465995388,0.8750578372116562,incremental,2.7892935276031494,ok,
enigma,obesity,Sst_10,0.0007878049950639232,0.0009002890569773521,0.8750578372116562,incremental,2.7892935276031494,ok,
enigma,obesity,Sst_2,-0.0010855815975108207,-0.0012405826807631273,0.8750578372116562,incremental,2.7892935276031494,ok,
enigma,obesity,Sst_3,0.0026512620912710894,0.003029813548918379,0.8750578372116562,incremental,2.7892935276031494,ok,
enigma,obesity,Sst_4,0.0030499898730885766,0.003485472323529233,0.8750578372116562,incremental,2.7892935276031494,ok,
enigma,obesity,Sst_5,0.0003887496392792622,0.00044425593686241415,0.8750578372116562,incremental,2.7892935276031494,ok,
enigma,obesity,Sst_6,0.0005001441285154007,0.0005715555101010168,0.8750578372116562,incremental,2.7892935276031494,ok,
enigma,obesity,Sst_7,-0.0033821779476548297,-0.003865090744666697,0.8750578372116562,incremental,2.7892935276031494,ok,
enigma,obesity,Sst_8,-0.0015768615594026203,-0.0018020083842997614,0.8750578372116562,incremental,2.7892935276031494,ok,
enigma,obesity,Sst_9,0.019154267957972704,0.02188914508669183,0.8750578372116562,incremental,2.7892935276031494,ok,
enigma,obesity,VLMC_1,0.004760812741219866,0.005440569227275358,0.8750578372116562,incremental,2.7892935276031494,ok,
enigma,obesity,Vip_1,0.0011540573375392604,0.0013188354968817,0.8750578372116562,incremental,2.7892935276031494,ok,
enigma,obesity,Vip_2,0.0012515191301611939,0.0014302130407163936,0.8750578372116562,incremental,2.7892935276031494,ok,
enigma,obesity,Vip_3,0.0022213083796785993,0.0025384703561500887,0.8750578372116562,incremental,2.7892935276031494,ok,
enigma,obesity,Vip_4,0.5543263010262203,0.6334739001853447,0.8750578372116562,incremental,2.7892935276031494,ok,
enigma,obesity,Vip_5,0.006166190140409866,0.007046608667671881,0.8750578372116562,incremental,2.7892935276031494,ok,
enigma,obesity,Vip_6,0.001986591321720521,0.002270240019849123,0.8750578372116562,incremental,2.7892935276031494,ok,
enigma,obesity,Vip_7,0.0019799563199507375,0.0022626576618750196,0.8750578372116562,incremental,2.7892935276031494,ok,
enigma,obesity,Vip_8,0.0008556765923125598,0.0009778514698401488,0.8750578372116562,incremental,2.7892935276031494,ok,
enigma,obesity,Vip_9,0.0030527937524879034,0.0034886765453304583,0.8750578372116562,incremental,2.7892935276031494,ok,
enigma,schizotypy,Astro_1,-0.00033876583463587906,-0.00045973164983164266,0.7368773386821155,incremental,2.7646939754486084,ok,
enigma,schizotypy,Astro_2,0.07982598172097977,0.10833008091108665,0.7368773386821155,incremental,2.7646939754486084,ok,
enigma,schizotypy,Chandelier_1,-0.00024144856064656217,-0.0003276645215856226,0.7368773386821155,incremental,2.7646939754486084,ok,
enigma,schizotypy,Endo_1,0.018546632601049717,0.02516922644713142,0.7368773386821155,incremental,2.7646939754486084,ok,
enigma,schizotypy,L2/3 IT_1,0.0027864783578966934,0.003781468382350083,0.7368773386821155,incremental,2.7646939754486084,ok,
enigma,schizotypy,L2/3 IT_2,-0.001407423764908322,-0.0019099837802387303,0.7368773386821155,incremental,2.7646939754486084,ok,
enigma,schizotypy,L2/3 IT_3,-0.0008581534054593609,-0.001164581078031446,0.7368773386821155,incremental,2.7646939754486084,ok,
enigma,schizotypy,L2/3 IT_4,0.0007153713332040956,0.0009708146738282348,0.7368773386821155,incremental,2.7646939754486084,ok,
enigma,schizotypy,L2/3 IT_5,0.0028094124558135647,0.0038125917413040825,0.7368773386821155,incremental,2.7646939754486084,ok,
enigma,schizotypy,L2/3 IT_6,0.017780772094986408,0.024129894029292342,0.7368773386821155,incremental,2.7646939754486084,ok,
enigma,schizotypy,L2/3 IT_7,0.005158261434115241,0.007000162935313831,0.7368773386821155,incremental,2.7646939754486084,ok,
enigma,schizotypy,L2/3 IT_8,0.3469441749250406,0.4708302952368444,0.7368773386821155,incremental,2.7646939754486084,ok,
enigma,schizotypy,L4 IT_1,5.254435980528438e-05,7.130679293145111e-05,0.7368773386821155,incremental,2.7646939754486084,ok,
enigma,schizotypy,L4 IT_2,-0.0005680297252360633,-0.0007708606241738532,0.7368773386821155,incremental,2.7646939754486084,ok,
enigma,schizotypy,L4 IT_3,0.006393056885877768,0.008675876635467678,0.7368773386821155,incremental,2.7646939754486084,ok,
enigma,schizotypy,L5 ET_1,-0.007184689133286071,-0.00975018331563254,0.7368773386821155,incremental,2.7646939754486084,ok,
enigma,schizotypy,L5 IT_1,0.008679740225702393,0.011779084211255383,0.7368773386821155,incremental,2.7646939754486084,ok,
enigma,schizotypy,L5 IT_2,0.0026541042900103395,0.003601826451546374,0.7368773386821155,incremental,2.7646939754486084,ok,
enigma,schizotypy,L5 IT_3,-0.007324716115213903,-0.00994021084745794,0.7368773386821155,incremental,2.7646939754486084,ok,
enigma,schizotypy,L5 IT_4,0.0004929997909285389,0.0006690391535316519,0.7368773386821155,incremental,2.7646939754486084,ok,
enigma,schizotypy,L5 IT_5,0.0011740387271518271,0.0015932620878958805,0.7368773386821155,incremental,2.7646939754486084,ok,
enigma,schizotypy,L5/6 NP_1,0.006071532974890936,0.008239543620312309,0.7368773386821155,incremental,2.7646939754486084,ok,
enigma,schizotypy,L5/6 NP_2,-0.00037146863746162495,-0.0005041119029742267,0.7368773386821155,incremental,2.7646939754486084,ok,
enigma,schizotypy,L6 CT_1,0.0005401371501423391,0.0007330082250980323,0.7368773386821155,incremental,2.7646939754486084,ok,
enigma,schizotypy,L6 CT_2,-0.0001503536097628988,-0.00020404157092386913,0.7368773386821155,incremental,2.7646939754486084,ok,
enigma,schizotypy,L6 IT Car3_1,-0.0004496760398936539,-0.0006102454455959887,0.7368773386821155,incremental,2.7646939754486084,ok,
enigma,schizotypy,L6 IT_1,-0.0004051874277081202,-0.0005498709302592838,0.7368773386821155,incremental,2.7646939754486084,ok,
enigma,schizotypy,L6 IT_2,-0.0005123747347952623,-0.0006953324629464521,0.7368773386821155,incremental,2.7646939754486084,ok,
enigma,schizotypy,L6 IT_3,0.01417909065067946,0.01924213150052676,0.7368773386821155,incremental,2.7646939754486084,ok,
enigma,schizotypy,L6b_1,0.011225139744554857,0.01523338981305994,0.7368773386821155,incremental,2.7646939754486084,ok,
enigma,schizotypy,L6b_2,0.004154339566991072,0.005637762689813467,0.7368773386821155,incremental,2.7646939754486084,ok,
enigma,schizotypy,L6b_3,0.016858307238945658,0.022878037298712794,0.7368773386821155,incremental,2.7646939754486084,ok,
enigma,schizotypy,Lamp5_1,0.0023937404060512257,0.003248492361472757,0.7368773386821155,incremental,2.7646939754486084,ok,
enigma,schizotypy,Lamp5_2,-0.0010389200839274748,-0.0014098955543748357,0.7368773386821155,incremental,2.7646939754486084,ok,
enigma,schizotypy,Lamp5_Lhx6_1,-0.00022772030785578323,-0.0003090342122110237,0.7368773386821155,incremental,2.7646939754486084,ok,
enigma,schizotypy,Micro-PVM_1,0.01777710974885305,0.024124923940050745,0.7368773386821155,incremental,2.7646939754486084,ok,
enigma,schizotypy,Micro-PVM_2,0.014704299318900382,0.019954880611742803,0.7368773386821155,incremental,2.7646939754486084,ok,
enigma,schizotypy,OPC_1,0.01137663469978989,0.015438980278775681,0.7368773386821155,incremental,2.7646939754486084,ok,
enigma,schizotypy,Oligo_1,-0.0006509687205078496,-0.0008834153071827246,0.7368773386821155,incremental,2.7646939754486084,ok,
enigma,schizotypy,Oligo_2,0.00018362617472067466,0.0002491950357017152,0.7368773386821155,incremental,2.7646939754486084,ok,
enigma,schizotypy,Pax6_1,0.0006098265484016929,0.0008275821719424167,0.7368773386821155,incremental,2.7646939754486084,ok,
enigma,schizotypy,Pax6_2,0.024422803718019748,0.03314364879465455,0.7368773386821155,incremental,2.7646939754486084,ok,
enigma,schizotypy,Pvalb_1,0.0008340000269300152,0.0011318030602238372,0.7368773386821155,incremental,2.7646939754486084,ok,
enigma,schizotypy,Pvalb_2,-0.0006550928863623406,-0.0008890121217921506,0.7368773386821155,incremental,2.7646939754486084,ok,
enigma,schizotypy,Pvalb_3,0.0034287716170953164,0.00465311041214482,0.7368773386821155,incremental,2.7646939754486084,ok,
enigma,schizotypy,Pvalb_4,-0.0014363613719892143,-0.0019492543691981444,0.7368773386821155,incremental,2.7646939754486084,ok,
enigma,schizotypy,Pvalb_5,-0.006440244899284742,-0.0087399144487235,0.7368773386821155,incremental,2.7646939754486084,ok,
enigma,schizotypy,Sncg_1,0.03786819780644379,0.05139009685678488,0.7368773386821155,incremental,2.7646939754486084,ok,
enigma,schizotypy,Sncg_2,-0.004691397035148426,-0.006366591546347264,0.7368773386821155,incremental,2.7646939754486084,ok,
enigma,schizotypy,Sncg_3,-0.0007312889567613334,-0.0009924161300294881,0.7368773386821155,incremental,2.7646939754486084,ok,
enigma,schizotypy,Sncg_4,0.014967939253721863,0.020312660558257367,0.7368773386821155,incremental,2.7646939754486084,ok,
enigma,schizotypy,Sst_1,-0.0009583458213306972,-0.0013005499979747944,0.7368773386821155,incremental,2.7646939754486084,ok,
enigma,schizotypy,Sst_10,0.001989431342987902,0.002699813440519075,0.7368773386821155,incremental,2.7646939754486084,ok,
enigma,schizotypy,Sst_2,-0.0025083797914150496,-0.0034040669453904186,0.7368773386821155,incremental,2.7646939754486084,ok,
enigma,schizotypy,Sst_3,0.0028479348397657533,0.0038648696197649463,0.7368773386821155,incremental,2.7646939754486084,ok,
enigma,schizotypy,Sst_4,0.0002632036794719683,0.00035718791399217233,0.7368773386821155,incremental,2.7646939754486084,ok,
enigma,schizotypy,Sst_5,0.0002077225202440358,0.0002818956552735653,0.7368773386821155,incremental,2.7646939754486084,ok,
enigma,schizotypy,Sst_6,-0.001210388421926889,-0.0016425914577474113,0.7368773386821155,incremental,2.7646939754486084,ok,
enigma,schizotypy,Sst_7,0.0014713027219160901,0.0019966725052876153,0.7368773386821155,incremental,2.7646939754486084,ok,
enigma,schizotypy,Sst_8,0.0006044525289919944,0.0008202892086124413,0.7368773386821155,incremental,2.7646939754486084,ok,
enigma,schizotypy,Sst_9,0.003828473307686431,0.005195536769435126,0.7368773386821155,incremental,2.7646939754486084,ok,
enigma,schizotypy,VLMC_1,0.02807521973691507,0.03810026209671045,0.7368773386821155,incremental,2.7646939754486084,ok,
enigma,schizotypy,Vip_1,0.041599327525870144,0.05645353078745695,0.7368773386821155,incremental,2.7646939754486084,ok,
enigma,schizotypy,Vip_2,0.005421047806315027,0.0073567845308018555,0.7368773386821155,incremental,2.7646939754486084,ok,
enigma,schizotypy,Vip_3,0.000522376678522174,0.0007089058803958201,0.7368773386821155,incremental,2.7646939754486084,ok,
enigma,schizotypy,Vip_4,0.003535585853288614,0.0047980656585421815,0.7368773386821155,incremental,2.7646939754486084,ok,
enigma,schizotypy,Vip_5,-0.0018955336968318193,-0.002572387013857596,0.7368773386821155,incremental,2.7646939754486084,ok,
enigma,schizotypy,Vip_6,-9.518397756791419e-05,-0.00012917207867750157,0.7368773386821155,incremental,2.7646939754486084,ok,
enigma,schizotypy,Vip_7,0.014149223016317936,0.019201598792036985,0.7368773386821155,incremental,2.7646939754486084,ok,
enigma,schizotypy,Vip_8,-0.003467036921473321,-0.00470503941358004,0.7368773386821155,incremental,2.7646939754486084,ok,
enigma,schizotypy,Vip_9,0.002572121157518703,0.003490568948855002,0.7368773386821155,incremental,2.7646939754486084,ok,
enigma,parkinson,Astro_1,0.003504408878443943,0.004016847701036859,0.8724276196828071,incremental,2.7323877811431885,ok,
enigma,parkinson,Astro_2,0.005639715572901549,0.006464393659329594,0.8724276196828071,incremental,2.7323877811431885,ok,
enigma,parkinson,Chandelier_1,0.017948455312778444,0.020573002169858003,0.8724276196828071,incremental,2.7323877811431885,ok,
enigma,parkinson,Endo_1,0.003433175063226379,0.003935197586333403,0.8724276196828071,incremental,2.7323877811431885,ok,
enigma,parkinson,L2/3 IT_1,0.0003037037574786794,0.00034811341437023565,0.8724276196828071,incremental,2.7323877811431885,ok,
enigma,parkinson,L2/3 IT_2,0.008048453619229567,0.009225353986564277,0.8724276196828071,incremental,2.7323877811431885,ok,
enigma,parkinson,L2/3 IT_3,0.0019037488871966879,0.002182128172293357,0.8724276196828071,incremental,2.7323877811431885,ok,
enigma,parkinson,L2/3 IT_4,0.00019655753899283646,0.00022529953724333013,0.8724276196828071,incremental,2.7323877811431885,ok,
enigma,parkinson,L2/3 IT_5,0.0030898232698007844,0.003541638526900566,0.8724276196828071,incremental,2.7323877811431885,ok,
enigma,parkinson,L2/3 IT_6,0.08475843216775669,0.09715239437120611,0.8724276196828071,incremental,2.7323877811431885,ok,
enigma,parkinson,L2/3 IT_7,0.0016070868817559258,0.0018420862034838174,0.8724276196828071,incremental,2.7323877811431885,ok,
enigma,parkinson,L2/3 IT_8,-0.0007293991259426091,-0.0008360568939894411,0.8724276196828071,incremental,2.7323877811431885,ok,
enigma,parkinson,L4 IT_1,-0.0010243970365754196,-0.0011741914325773693,0.8724276196828071,incremental,2.7323877811431885,ok,
enigma,parkinson,L4 IT_2,-0.0023058182678186157,-0.0026429909092710218,0.8724276196828071,incremental,2.7323877811431885,ok,
enigma,parkinson,L4 IT_3,-0.0001974358642881091,-0.00022630629731769822,0.8724276196828071,incremental,2.7323877811431885,ok,
enigma,parkinson,L5 ET_1,-0.00033057577567363605,-0.00037891484429828704,0.8724276196828071,incremental,2.7323877811431885,ok,
enigma,parkinson,L5 IT_1,0.006536702197105448,0.007492543850780457,0.8724276196828071,incremental,2.7323877811431885,ok,
enigma,parkinson,L5 IT_2,0.001334642834069144,0.0015298035091488584,0.8724276196828071,incremental,2.7323877811431885,ok,
enigma,parkinson,L5 IT_3,0.011620395648974102,0.013319610001800479,0.8724276196828071,incremental,2.7323877811431885,ok,
enigma,parkinson,L5 IT_4,0.6154213107666402,0.7054124570132156,0.8724276196828071,incremental,2.7323877811431885,ok,
enigma,parkinson,L5 IT_5,0.002462190189166713,0.002822228610852444,0.8724276196828071,incremental,2.7323877811431885,ok,
enigma,parkinson,L5/6 NP_1,0.004380299327036319,0.005020816888659355,0.8724276196828071,incremental,2.7323877811431885,ok,
enigma,parkinson,L5/6 NP_2,0.0023509321998708144,0.0026947017114446175,0.8724276196828071,incremental,2.7323877811431885,ok,
enigma,parkinson,L6 CT_1,-0.0022777455503246724,-0.0026108132055158956,0.8724276196828071,incremental,2.7323877811431885,ok,
enigma,parkinson,L6 CT_2,0.0015133668457754101,0.0017346617778167459,0.8724276196828071,incremental,2.7323877811431885,ok,
enigma,parkinson,L6 IT Car3_1,-0.002339804260023559,-0.002681946567526431,0.8724276196828071,incremental,2.7323877811431885,ok,
enigma,parkinson,L6 IT_1,0.0013356718713317672,0.0015309830193333221,0.8724276196828071,incremental,2.7323877811431885,ok,
enigma,parkinson,L6 IT_2,0.00520226638561927,0.005962977636483682,0.8724276196828071,incremental,2.7323877811431885,ok,
enigma,parkinson,L6 IT_3,-0.0012044425092498923,-0.0013805643953452521,0.8724276196828071,incremental,2.7323877811431885,ok,
enigma,parkinson,L6b_1,0.004527793566476812,0.005189878752489524,0.8724276196828071,incremental,2.7323877811431885,ok,
enigma,parkinson,L6b_2,-0.0004490346570708015,-0.0005146955998871967,0.8724276196828071,incremental,2.7323877811431885,ok,
enigma,parkinson,L6b_3,0.0020605913553466415,0.0023619052272735486,0.8724276196828071,incremental,2.7323877811431885,ok,
enigma,parkinson,Lamp5_1,-0.0001750038809308352,-0.00020059415472708467,0.8724276196828071,incremental,2.7323877811431885,ok,
enigma,parkinson,Lamp5_2,-0.0010495175638198795,-0.0012029852564748671,0.8724276196828071,incremental,2.7323877811431885,ok,
enigma,parkinson,Lamp5_Lhx6_1,0.00011469429477373172,0.00013146568515956853,0.8724276196828071,incremental,2.7323877811431885,ok,
enigma,parkinson,Micro-PVM_1,0.0007114300073822744,0.0008154602070495344,0.8724276196828071,incremental,2.7323877811431885,ok,
enigma,parkinson,Micro-PVM_2,-0.00039840410602542953,-0.00045666150066440964,0.8724276196828071,incremental,2.7323877811431885,ok,
enigma,parkinson,OPC_1,0.0012362960402126921,0.001417075769176334,0.8724276196828071,incremental,2.7323877811431885,ok,
enigma,parkinson,Oligo_1,0.003949466883041874,0.004526985154914974,0.8724276196828071,incremental,2.7323877811431885,ok,
enigma,parkinson,Oligo_2,-0.002355589014425008,-0.002700039477523008,0.8724276196828071,incremental,2.7323877811431885,ok,
enigma,parkinson,Pax6_1,-0.00014067648960625068,-0.0001612471756194481,0.8724276196828071,incremental,2.7323877811431885,ok,
enigma,parkinson,Pax6_2,-0.0018127511797265683,-0.002077824152776868,0.8724276196828071,incremental,2.7323877811431885,ok,
enigma,parkinson,Pvalb_1,0.008748170451276183,0.010027388237039995,0.8724276196828071,incremental,2.7323877811431885,ok,
enigma,parkinson,Pvalb_2,0.000574290903774588,0.0006582676783930635,0.8724276196828071,incremental,2.7323877811431885,ok,
enigma,parkinson,Pvalb_3,0.0013551376443091678,0.001553295211815809,0.8724276196828071,incremental,2.7323877811431885,ok,
enigma,parkinson,Pvalb_4,0.008321281876378928,0.009538077072117842,0.8724276196828071,incremental,2.7323877811431885,ok,
enigma,parkinson,Pvalb_5,-0.001215534079287206,-0.0013932778512091854,0.8724276196828071,incremental,2.7323877811431885,ok,
enigma,parkinson,Sncg_1,0.05490093898204029,0.06292893271994404,0.8724276196828071,incremental,2.7323877811431885,ok,
enigma,parkinson,Sncg_2,0.0055066934068149775,0.0063119200751772095,0.8724276196828071,incremental,2.7323877811431885,ok,
enigma,parkinson,Sncg_3,0.00036698803573398386,0.00042065155601952574,0.8724276196828071,incremental,2.7323877811431885,ok,
enigma,parkinson,Sncg_4,0.011399152653142286,0.013066015330058823,0.8724276196828071,incremental,2.7323877811431885,ok,
enigma,parkinson,Sst_1,0.003051507147986854,0.003497719557636547,0.8724276196828071,incremental,2.7323877811431885,ok,
enigma,parkinson,Sst_10,-0.0005574861035950729,-0.0006390055644934315,0.8724276196828071,incremental,2.7323877811431885,ok,
enigma,parkinson,Sst_2,-0.0013094066189119902,-0.0015008770806546193,0.8724276196828071,incremental,2.7323877811431885,ok,
enigma,parkinson,Sst_3,-0.0006092079155110008,-0.000698290496273483,0.8724276196828071,incremental,2.7323877811431885,ok,
enigma,parkinson,Sst_4,-0.003598111681927252,-0.004124252374352196,0.8724276196828071,incremental,2.7323877811431885,ok,
enigma,parkinson,Sst_5,0.002108000197867055,0.002416246517543164,0.8724276196828071,incremental,2.7323877811431885,ok,
enigma,parkinson,Sst_6,-0.0010620501729992071,-0.0012173504701574465,0.8724276196828071,incremental,2.7323877811431885,ok,
enigma,parkinson,Sst_7,0.00221741970439282,0.002541666098557286,0.8724276196828071,incremental,2.7323877811431885,ok,
enigma,parkinson,Sst_8,-0.0006696926991573982,-0.0007676197819148386,0.8724276196828071,incremental,2.7323877811431885,ok,
enigma,parkinson,Sst_9,0.005121132815665286,0.005869980156665835,0.8724276196828071,incremental,2.7323877811431885,ok,
enigma,parkinson,VLMC_1,-0.003375993932780097,-0.0038696550368356336,0.8724276196828071,incremental,2.7323877811431885,ok,
enigma,parkinson,Vip_1,-0.0006516819024628973,-0.0007469753223766947,0.8724276196828071,incremental,2.7323877811431885,ok,
enigma,parkinson,Vip_2,-0.0005727743778212169,-0.0006565293955611623,0.8724276196828071,incremental,2.7323877811431885,ok,
enigma,parkinson,Vip_3,-0.0009145041933064091,-0.0010482293002586278,0.8724276196828071,incremental,2.7323877811431885,ok,
enigma,parkinson,Vip_4,0.002002743508809357,0.002295598469862181,0.8724276196828071,incremental,2.7323877811431885,ok,
enigma,parkinson,Vip_5,0.00566435788721964,0.006492639342710239,0.8724276196828071,incremental,2.7323877811431885,ok,
enigma,parkinson,Vip_6,-0.002024591038980783,-0.0023206406964933935,0.8724276196828071,incremental,2.7323877811431885,ok,
enigma,parkinson,Vip_7,-0.0019063634865903456,-0.002185125096433159,0.8724276196828071,incremental,2.7323877811431885,ok,
enigma,parkinson,Vip_8,0.0010440038771544202,0.001196665320538561,0.8724276196828071,incremental,2.7323877811431885,ok,
enigma,parkinson,Vip_9,0.00011218271268875757,0.00012858684222943835,0.8724276196828071,incremental,2.7323877811431885,ok,
