phenotype,outcome,feature,mean_abs_shap,relative_shap,total_mean_abs_shap
meg,delta,Astro_1,0.002945677301638384,0.01357215774666504,0.21703824525339
meg,delta,Astro_2,0.0016308132370003736,0.007513944075139454,0.21703824525339
meg,delta,Chandelier_1,0.005009101735148303,0.02307935050479341,0.21703824525339
meg,delta,Endo_1,0.0015271069091770263,0.007036118944816127,0.21703824525339
meg,delta,L2/3 IT_1,0.0006842368620634196,0.0031526096299966853,0.21703824525339
meg,delta,L2/3 IT_2,0.002467008703365762,0.011366700373409092,0.21703824525339
meg,delta,L2/3 IT_3,0.0030805719174302392,0.014193682379958897,0.21703824525339
meg,delta,L2/3 IT_4,0.0031568330856884975,0.014545054407359984,0.21703824525339
meg,delta,L2/3 IT_5,0.00194916563353378,0.008980747292985845,0.21703824525339
meg,delta,L2/3 IT_6,0.002868457576655859,0.013216369185564339,0.21703824525339
meg,delta,L2/3 IT_7,0.002662364295521825,0.012266797920401269,0.21703824525339
meg,delta,L2/3 IT_8,0.0036035931430644414,0.0166034937246073,0.21703824525339
meg,delta,L4 IT_1,0.0038615567279411244,0.017792056526409875,0.21703824525339
meg,delta,L4 IT_2,0.0022498165567336422,0.010365991275440897,0.21703824525339
meg,delta,L4 IT_3,0.0015928205630800728,0.0073388934803655026,0.21703824525339
meg,delta,L5 ET_1,0.0033843551121634356,0.015593358249889252,0.21703824525339
meg,delta,L5 IT_1,0.005088853086464486,0.023446803490893047,0.21703824525339
meg,delta,L5 IT_2,0.0036774537918236945,0.01694380539950599,0.21703824525339
meg,delta,L5 IT_3,0.0009446497499850934,0.004352457553654768,0.21703824525339
meg,delta,L5 IT_4,0.002524574430843598,0.011631933477420916,0.21703824525339
meg,delta,L5 IT_5,0.001354803022237101,0.006242231735035371,0.21703824525339
meg,delta,L5/6 NP_1,0.004251836942349942,0.019590265933941572,0.21703824525339
meg,delta,L5/6 NP_2,0.002606512712425362,0.012009462707285918,0.21703824525339
meg,delta,L6 CT_1,0.003430288493336079,0.0158049955174087,0.21703824525339
meg,delta,L6 CT_2,0.0024781333489496153,0.011417956987518118,0.21703824525339
meg,delta,L6 IT Car3_1,0.001882045091916841,0.008671490546376157,0.21703824525339
meg,delta,L6 IT_1,0.0020429461015259373,0.009412839194036139,0.21703824525339
meg,delta,L6 IT_2,0.0023515539403064687,0.010834744528832017,0.21703824525339
meg,delta,L6 IT_3,0.00602481602561638,0.027759236712324446,0.21703824525339
meg,delta,L6b_1,0.005006725936369581,0.023068404052586575,0.21703824525339
meg,delta,L6b_2,0.005677954635384617,0.026161078793996245,0.21703824525339
meg,delta,L6b_3,0.006132372573497716,0.02825480166566142,0.21703824525339
meg,delta,Lamp5_1,0.002346500771197353,0.010811462138655963,0.21703824525339
meg,delta,Lamp5_2,0.004175570565903976,0.01923886990990477,0.21703824525339
meg,delta,Lamp5_Lhx6_1,0.003343642734687589,0.015405776667535804,0.21703824525339
meg,delta,Micro-PVM_1,0.0011331365569841312,0.005220907290607725,0.21703824525339
meg,delta,Micro-PVM_2,0.0025870861121760616,0.011919954979158922,0.21703824525339
meg,delta,OPC_1,0.0015387253815509984,0.007089650857407881,0.21703824525339
meg,delta,Oligo_1,0.00435352792935705,0.020058805415950304,0.21703824525339
meg,delta,Oligo_2,0.0021527261874436715,0.009918649060815918,0.21703824525339
meg,delta,Pax6_1,0.0031832163580878454,0.014666614883342205,0.21703824525339
meg,delta,Pax6_2,0.002401232341176597,0.011063636910504793,0.21703824525339
meg,delta,Pvalb_1,0.004320871702050072,0.019908342407604234,0.21703824525339
meg,delta,Pvalb_2,0.00280331714444646,0.012916235759156711,0.21703824525339
meg,delta,Pvalb_3,0.0007137993229801647,0.003288818162655209,0.21703824525339
meg,delta,Pvalb_4,0.0004953418701330262,0.0022822791879593364,0.21703824525339
meg,delta,Pvalb_5,0.006414802624405336,0.029556093290913396,0.21703824525339
meg,delta,Sncg_1,0.002943206136299811,0.013560771894666063,0.21703824525339
meg,delta,Sncg_2,0.0012592938239323916,0.005802174738660361,0.21703824525339
meg,delta,Sncg_3,0.002978598068472119,0.013723839616352571,0.21703824525339
meg,delta,Sncg_4,0.010485248760300084,0.048310604188946796,0.21703824525339
meg,delta,Sst_1,0.0011438052175178496,0.005270062961403269,0.21703824525339
meg,delta,Sst_10,0.002120621271651149,0.009770726210835997,0.21703824525339
meg,delta,Sst_2,0.0033227550100492142,0.015309536833795954,0.21703824525339
meg,delta,Sst_3,0.0035180986153482323,0.016209579151549476,0.21703824525339
meg,delta,Sst_4,0.005893632400990301,0.027154810407306527,0.21703824525339
meg,delta,Sst_5,0.0018569372701282801,0.008555806687251477,0.21703824525339
meg,delta,Sst_6,0.0020015066649558834,0.009221907699351072,0.21703824525339
meg,delta,Sst_7,0.001438003094157165,0.006625574642286251,0.21703824525339
meg,delta,Sst_8,0.0020896476454691673,0.00962801575837256,0.21703824525339
meg,delta,Sst_9,0.007658410062762253,0.035285993276535824,0.21703824525339
meg,delta,VLMC_1,0.0022639437923163827,0.010431082271574998,0.21703824525339
meg,delta,Vip_1,0.0031177300337490426,0.014364887764868923,0.21703824525339
meg,delta,Vip_2,0.003538704560099582,0.016304520689283033,0.21703824525339
meg,delta,Vip_3,0.0029833554113940105,0.013745758992434595,0.21703824525339
meg,delta,Vip_4,0.004075750056002388,0.018778948619143095,0.21703824525339
meg,delta,Vip_5,0.0017525458898401168,0.00807482518942243,0.21703824525339
meg,delta,Vip_6,0.001691748904774678,0.007794704121384588,0.21703824525339
meg,delta,Vip_7,0.0013588111799792066,0.0062606992532252,0.21703824525339
meg,delta,Vip_8,0.005849163040874562,0.026949918591747377,0.21703824525339
meg,delta,Vip_9,0.0015842314965070733,0.00729931950314793,0.21703824525339
meg,theta,Astro_1,0.0009480458030848741,0.007144441358878581,0.13269698153610193
meg,theta,Astro_2,0.0007667952067308514,0.005778542946903693,0.13269698153610193
meg,theta,Chandelier_1,0.0010289940102728699,0.007754464331902823,0.13269698153610193
meg,theta,Endo_1,0.0021078280615713326,0.015884521540513494,0.13269698153610193
meg,theta,L2/3 IT_1,0.0005246298437060723,0.003953592897388853,0.13269698153610193
meg,theta,L2/3 IT_2,0.0011565049557367576,0.008715382538088219,0.13269698153610193
meg,theta,L2/3 IT_3,0.0026809772475793647,0.020203754573347023,0.13269698153610193
meg,theta,L2/3 IT_4,0.0003005438704334712,0.0022648885223640475,0.13269698153610193
meg,theta,L2/3 IT_5,0.002653640511010718,0.01999774584389292,0.13269698153610193
meg,theta,L2/3 IT_6,0.00233231899405304,0.01757627767454908,0.13269698153610193
meg,theta,L2/3 IT_7,0.0013649724488611734,0.010286386570818982,0.13269698153610193
meg,theta,L2/3 IT_8,0.003073525815200661,0.0231619874063561,0.13269698153610193
meg,theta,L4 IT_1,0.003000369799395203,0.022610686126111418,0.13269698153610193
meg,theta,L4 IT_2,0.0024640719980475313,0.018569163891472156,0.13269698153610193
meg,theta,L4 IT_3,0.0021014273253077503,0.015836285806817917,0.13269698153610193
meg,theta,L5 ET_1,0.0008669838527630617,0.006533561221414727,0.13269698153610193
meg,theta,L5 IT_1,0.0009090863651599555,0.0068508443420216515,0.13269698153610193
meg,theta,L5 IT_2,0.0022072997677338307,0.016634136980224423,0.13269698153610193
meg,theta,L5 IT_3,0.0003149360407497339,0.002373347434915477,0.13269698153610193
meg,theta,L5 IT_4,0.0017187536618173906,0.012952469919971626,0.13269698153610193
meg,theta,L5 IT_5,0.002359278819902607,0.01777944601747203,0.13269698153610193
meg,theta,L5/6 NP_1,0.0034016785796694192,0.02563493562771018,0.13269698153610193
meg,theta,L5/6 NP_2,0.0009709261655636495,0.007316867002732059,0.13269698153610193
meg,theta,L6 CT_1,0.00073725772815277,0.005555949499515854,0.13269698153610193
meg,theta,L6 CT_2,0.0008325253376331946,0.006273883007705758,0.13269698153610193
meg,theta,L6 IT Car3_1,0.0005477642590955114,0.004127933075451946,0.13269698153610193
meg,theta,L6 IT_1,0.0007188242094435904,0.005417035121089208,0.13269698153610193
meg,theta,L6 IT_2,0.003010691537932415,0.022688470401365665,0.13269698153610193
meg,theta,L6 IT_3,0.003715128681996749,0.02799708508053742,0.13269698153610193
meg,theta,L6b_1,0.002663710393389696,0.020073632139590146,0.13269698153610193
meg,theta,L6b_2,0.0012678242191747422,0.009554280771863783,0.13269698153610193
meg,theta,L6b_3,0.004749173430400142,0.0357896116055064,0.13269698153610193
meg,theta,Lamp5_1,0.0015662299164570822,0.011803056093110671,0.13269698153610193
meg,theta,Lamp5_2,0.0007558276107853712,0.005695891511893498,0.13269698153610193
meg,theta,Lamp5_Lhx6_1,0.0007854251823525064,0.005918937818030332,0.13269698153610193
meg,theta,Micro-PVM_1,0.0005967592639411863,0.004497157787864452,0.13269698153610193
meg,theta,Micro-PVM_2,0.0008488903588706277,0.006397209258597009,0.13269698153610193
meg,theta,OPC_1,0.0015378709163900695,0.011589343620236545,0.13269698153610193
meg,theta,Oligo_1,0.0017877503331634596,0.013472426519943704,0.13269698153610193
meg,theta,Oligo_2,0.0016184564994807982,0.012196633870232204,0.13269698153610193
meg,theta,Pax6_1,0.0015406821916921945,0.011610529296576591,0.13269698153610193
meg,theta,Pax6_2,0.0012577477844778406,0.009478345098118558,0.13269698153610193
meg,theta,Pvalb_1,0.0003491742861979785,0.0026313657036952354,0.13269698153610193
meg,theta,Pvalb_2,0.000812177073562155,0.00612053917248443,0.13269698153610193
meg,theta,Pvalb_3,0.002286587388168327,0.017231645827197894,0.13269698153610193
meg,theta,Pvalb_4,0.000923823416576032,0.0069619022669682494,0.13269698153610193
meg,theta,Pvalb_5,0.0018376734279329989,0.013848645286878934,0.13269698153610193
meg,theta,Sncg_1,0.00093149939736983,0.007019748200650695,0.13269698153610193
meg,theta,Sncg_2,0.0008506893661563883,0.006410766517133981,0.13269698153610193
meg,theta,Sncg_3,0.0037233797192556734,0.028059264620444134,0.13269698153610193
meg,theta,Sncg_4,0.006525882565475298,0.049178832027161425,0.13269698153610193
meg,theta,Sst_1,0.0013567897724270576,0.010224722195794072,0.13269698153610193
meg,theta,Sst_10,0.0023143541763185594,0.01744089541093977,0.13269698153610193
meg,theta,Sst_2,0.0014930711923976628,0.011251734403555015,0.13269698153610193
meg,theta,Sst_3,0.00173012968918744,0.013038199280491816,0.13269698153610193
meg,theta,Sst_4,0.00347419680951914,0.026181430574394336,0.13269698153610193
meg,theta,Sst_5,0.0012975160289581237,0.009778037254035938,0.13269698153610193
meg,theta,Sst_6,0.0002820738644768821,0.0021256991772653114,0.13269698153610193
meg,theta,Sst_7,0.0010670773995912841,0.008041459475858326,0.13269698153610193
meg,theta,Sst_8,0.0012053278411294777,0.009083310164078998,0.13269698153610193
meg,theta,Sst_9,0.0018555606469594075,0.013983442769228163,0.13269698153610193
meg,theta,VLMC_1,0.0031273725470251537,0.023567774570473644,0.13269698153610193
meg,theta,Vip_1,0.0024338360718413167,0.018341306966196215,0.13269698153610193
meg,theta,Vip_2,0.0009643454685615534,0.0072672750909499075,0.13269698153610193
meg,theta,Vip_3,0.0013419997742434113,0.01011326526578378,0.13269698153610193
meg,theta,Vip_4,0.0045228687161976,0.034084186873286904,0.13269698153610193
meg,theta,Vip_5,0.00198148635200107,0.014932414656786906,0.13269698153610193
meg,theta,Vip_6,0.003976043157933522,0.029963327815801053,0.13269698153610193
meg,theta,Vip_7,0.002482470081109385,0.01870781122804965,0.13269698153610193
meg,theta,Vip_8,0.004666148089519006,0.03516393542267214,0.13269698153610193
meg,theta,Vip_9,0.00309129821682893,0.023295919628645828,0.13269698153610193
meg,alpha,Astro_1,0.0009857596953687412,0.00632714487556726,0.15579850228739436
meg,alpha,Astro_2,0.0009229867981770499,0.00592423408842826,0.15579850228739436
meg,alpha,Chandelier_1,0.002635470457388323,0.016915890837813006,0.15579850228739436
meg,alpha,Endo_1,0.0018383596624349271,0.01179959778460379,0.15579850228739436
meg,alpha,L2/3 IT_1,0.002170233691001507,0.013929746814883858,0.15579850228739436
meg,alpha,L2/3 IT_2,0.0005079922816873438,0.003260572304798371,0.15579850228739436
meg,alpha,L2/3 IT_3,0.001112017808858041,0.007137538503462329,0.15579850228739436
meg,alpha,L2/3 IT_4,0.001957215015121257,0.012562476444804791,0.15579850228739436
meg,alpha,L2/3 IT_5,0.0016470071479640033,0.010571392688524339,0.15579850228739436
meg,alpha,L2/3 IT_6,0.0010630391413123089,0.006823166626797023,0.15579850228739436
meg,alpha,L2/3 IT_7,0.002531550140685237,0.01624887340711018,0.15579850228739436
meg,alpha,L2/3 IT_8,0.0014833079054777998,0.009520681416703286,0.15579850228739436
meg,alpha,L4 IT_1,0.0018974944565056397,0.012179157236090874,0.15579850228739436
meg,alpha,L4 IT_2,0.001784621881378201,0.011454679314478843,0.15579850228739436
meg,alpha,L4 IT_3,0.0016286917226277428,0.01045383427129081,0.15579850228739436
meg,alpha,L5 ET_1,0.0013891479914567438,0.008916311588761272,0.15579850228739436
meg,alpha,L5 IT_1,0.0012592733112794289,0.008082704857820167,0.15579850228739436
meg,alpha,L5 IT_2,0.002438795999668372,0.015653526599181528,0.15579850228739436
meg,alpha,L5 IT_3,0.001529842518646891,0.009819366015629988,0.15579850228739436
meg,alpha,L5 IT_4,0.0013942811196960118,0.008949258813310318,0.15579850228739436
meg,alpha,L5 IT_5,0.0011462534744821173,0.007357281730267702,0.15579850228739436
meg,alpha,L5/6 NP_1,0.002041991830347099,0.013106620412693894,0.15579850228739436
meg,alpha,L5/6 NP_2,0.00029770833757099334,0.0019108549389122136,0.15579850228739436
meg,alpha,L6 CT_1,0.0017356645123259326,0.011140444143193571,0.15579850228739436
meg,alpha,L6 CT_2,0.0006583265077585698,0.004225499591415744,0.15579850228739436
meg,alpha,L6 IT Car3_1,0.0009599705055915043,0.006161615750456257,0.15579850228739436
meg,alpha,L6 IT_1,0.0008909543863952808,0.005718632549828869,0.15579850228739436
meg,alpha,L6 IT_2,0.0014870807220927153,0.009544897417239387,0.15579850228739436
meg,alpha,L6 IT_3,0.002896658332384723,0.018592337473446244,0.15579850228739436
meg,alpha,L6b_1,0.001107349879202404,0.0071075771778584,0.15579850228739436
meg,alpha,L6b_2,0.0018691647072639158,0.01199732141080505,0.15579850228739436
meg,alpha,L6b_3,0.0021484881060668806,0.01379017175725902,0.15579850228739436
meg,alpha,Lamp5_1,0.0031330425208620813,0.020109580482890018,0.15579850228739436
meg,alpha,Lamp5_2,0.0007841368386632916,0.005033019105773111,0.15579850228739436
meg,alpha,Lamp5_Lhx6_1,0.001755837362007069,0.011269924525770834,0.15579850228739436
meg,alpha,Micro-PVM_1,0.003967786132080851,0.02546742153375555,0.15579850228739436
meg,alpha,Micro-PVM_2,0.0023064670674769376,0.014804167136486995,0.15579850228739436
meg,alpha,OPC_1,0.003063933398091325,0.01966600033445397,0.15579850228739436
meg,alpha,Oligo_1,0.0009513250632800118,0.006106124573169169,0.15579850228739436
meg,alpha,Oligo_2,0.0017009921164839706,0.010917897742984899,0.15579850228739436
meg,alpha,Pax6_1,0.001433039744205796,0.009198032864028007,0.15579850228739436
meg,alpha,Pax6_2,0.0013206642185571717,0.008476745277826887,0.15579850228739436
meg,alpha,Pvalb_1,0.0030212864008483087,0.01939226858083064,0.15579850228739436
meg,alpha,Pvalb_2,0.0011252761900570865,0.007222638045527171,0.15579850228739436
meg,alpha,Pvalb_3,0.00278907445981815,0.017901805337468983,0.15579850228739436
meg,alpha,Pvalb_4,0.0030457793868718225,0.019549477961305513,0.15579850228739436
meg,alpha,Pvalb_5,0.0008508497008599447,0.00546121874323555,0.15579850228739436
meg,alpha,Sncg_1,0.0013806265654179772,0.008861616415741909,0.15579850228739436
meg,alpha,Sncg_2,0.005142384952230663,0.03300663919570126,0.15579850228739436
meg,alpha,Sncg_3,0.001983673580730678,0.012732301990114681,0.15579850228739436
meg,alpha,Sncg_4,0.004014069188401808,0.025764491503244613,0.15579850228739436
meg,alpha,Sst_1,0.0012805113958706958,0.008219022500669455,0.15579850228739436
meg,alpha,Sst_10,0.0067064542748043994,0.04304569155891698,0.15579850228739436
meg,alpha,Sst_2,0.0013941025330867075,0.008948112546775773,0.15579850228739436
meg,alpha,Sst_3,0.005058471753300255,0.03246803838954192,0.15579850228739436
meg,alpha,Sst_4,0.0017820275587756786,0.011438027533078937,0.15579850228739436
meg,alpha,Sst_5,0.006297470584172767,0.04042061054320093,0.15579850228739436
meg,alpha,Sst_6,0.0004308033135923025,0.002765131289886339,0.15579850228739436
meg,alpha,Sst_7,0.0017446493936979946,0.011198114026023945,0.15579850228739436
meg,alpha,Sst_8,0.00044566590964915665,0.0028605275603167044,0.15579850228739436
meg,alpha,Sst_9,0.003416176121963399,0.02192688679164409,0.15579850228739436
meg,alpha,VLMC_1,0.004729892096299248,0.03035903443779089,0.15579850228739436
meg,alpha,Vip_1,0.002132744842541379,0.01368912288134325,0.15579850228739436
meg,alpha,Vip_2,0.005228850778620075,0.033561624161024685,0.15579850228739436
meg,alpha,Vip_3,0.006852655030192167,0.04398408796993047,0.15579850228739436
meg,alpha,Vip_4,0.005936654308483396,0.03810469434123521,0.15579850228739436
meg,alpha,Vip_5,0.002189632305055897,0.014054257729748793,0.15579850228739436
meg,alpha,Vip_6,0.0018383611603450666,0.011799607399010332,0.15579850228739436
meg,alpha,Vip_7,0.000946132579814295,0.00607279637431307,0.15579850228739436
meg,alpha,Vip_8,0.0025698094793435763,0.016494442768154257,0.15579850228739436
meg,alpha,Vip_9,0.0016304919326232711,0.010465389003647655,0.15579850228739436
meg,beta,Astro_1,0.0005095855849364804,0.005626506772560479,0.09056873216995723
meg,beta,Astro_2,0.0004899098201373845,0.005409259999555273,0.09056873216995723
meg,beta,Chandelier_1,0.0019216658235172786,0.021217762217441295,0.09056873216995723
meg,beta,Endo_1,0.0007701454707961054,0.008503436587263748,0.09056873216995723
meg,beta,L2/3 IT_1,0.0006730026382673475,0.007430849722003626,0.09056873216995723
meg,beta,L2/3 IT_2,0.001161716264511844,0.01282690214026425,0.09056873216995723
meg,beta,L2/3 IT_3,0.0009132385805628621,0.010083376002759093,0.09056873216995723
meg,beta,L2/3 IT_4,0.000812644451732994,0.008972682207895124,0.09056873216995723
meg,beta,L2/3 IT_5,0.0011331264206667782,0.01251123200599081,0.09056873216995723
meg,beta,L2/3 IT_6,0.0011631661899872657,0.012842911257767417,0.09056873216995723
meg,beta,L2/3 IT_7,0.003054221434909128,0.033722691725193994,0.09056873216995723
meg,beta,L2/3 IT_8,0.0009399200105319498,0.010377974694049354,0.09056873216995723
meg,beta,L4 IT_1,0.0014240674220881728,0.015723609991755563,0.09056873216995723
meg,beta,L4 IT_2,0.0010489983377261092,0.011582345392200101,0.09056873216995723
meg,beta,L4 IT_3,0.0007817022853689132,0.008631039285191778,0.09056873216995723
meg,beta,L5 ET_1,0.002269566739074292,0.02505905387761556,0.09056873216995723
meg,beta,L5 IT_1,0.0016683015142262459,0.018420281196998387,0.09056873216995723
meg,beta,L5 IT_2,0.00172964989392141,0.019097649403721655,0.09056873216995723
meg,beta,L5 IT_3,0.0006988415757059671,0.007716146168354795,0.09056873216995723
meg,beta,L5 IT_4,0.0005962231397615498,0.006583101314068349,0.09056873216995723
meg,beta,L5 IT_5,0.0016014434224044514,0.017682078395436236,0.09056873216995723
meg,beta,L5/6 NP_1,0.0004003400347972158,0.004420289709322149,0.09056873216995723
meg,beta,L5/6 NP_2,0.0004712183886588298,0.005202881583619416,0.09056873216995723
meg,beta,L6 CT_1,0.0008502080411084312,0.009387434501268813,0.09056873216995723
meg,beta,L6 CT_2,0.0009246028714922618,0.010208852982033506,0.09056873216995723
meg,beta,L6 IT Car3_1,0.0004855845310252609,0.0053615030197622145,0.09056873216995723
meg,beta,L6 IT_1,0.0005537192828788298,0.0061138018564701226,0.09056873216995723
meg,beta,L6 IT_2,0.003775870253968123,0.041690660380256775,0.09056873216995723
meg,beta,L6 IT_3,0.0015960105975424488,0.01762209273888749,0.09056873216995723
meg,beta,L6b_1,0.0006360620921562627,0.007022976660009517,0.09056873216995723
meg,beta,L6b_2,0.0012330049193711875,0.013614024286631126,0.09056873216995723
meg,beta,L6b_3,0.003017089522991536,0.03331270572861505,0.09056873216995723
meg,beta,Lamp5_1,0.0010441197063362862,0.011528478773192252,0.09056873216995723
meg,beta,Lamp5_2,0.0020504789032459634,0.022640030992132323,0.09056873216995723
meg,beta,Lamp5_Lhx6_1,0.0004896987578574517,0.005406929589546478,0.09056873216995723
meg,beta,Micro-PVM_1,0.0014830116071574847,0.01637443267257547,0.09056873216995723
meg,beta,Micro-PVM_2,0.0010620027118211045,0.011725931084341534,0.09056873216995723
meg,beta,OPC_1,0.0006840782022557653,0.007553138769482328,0.09056873216995723
meg,beta,Oligo_1,0.0008211419363586084,0.009066505809286259,0.09056873216995723
meg,beta,Oligo_2,0.001329460766880787,0.01467902591797333,0.09056873216995723
meg,beta,Pax6_1,0.00107402795830159,0.011858705897374353,0.09056873216995723
meg,beta,Pax6_2,0.00044766700638963904,0.004942842807488651,0.09056873216995723
meg,beta,Pvalb_1,0.0004461475354902775,0.004926065815441217,0.09056873216995723
meg,beta,Pvalb_2,0.001579640803221366,0.017441348303927705,0.09056873216995723
meg,beta,Pvalb_3,0.0010077068172533526,0.011126431750886553,0.09056873216995723
meg,beta,Pvalb_4,0.0008080060324966667,0.008921467852507848,0.09056873216995723
meg,beta,Pvalb_5,0.0003214737009127778,0.003549499846255048,0.09056873216995723
meg,beta,Sncg_1,0.002503135998093534,0.027637971053809843,0.09056873216995723
meg,beta,Sncg_2,0.001019843917812672,0.01126044158263007,0.09056873216995723
meg,beta,Sncg_3,0.0016257640303266926,0.017950610452135474,0.09056873216995723
meg,beta,Sncg_4,0.004244410691352938,0.04686397379824272,0.09056873216995723
meg,beta,Sst_1,0.00170117449710288,0.018783242917771358,0.09056873216995723
meg,beta,Sst_10,0.0007993061690000271,0.008825409717562183,0.09056873216995723
meg,beta,Sst_2,0.0006237501588568458,0.006887036440858465,0.09056873216995723
meg,beta,Sst_3,0.0008332494150945032,0.009200188576459972,0.09056873216995723
meg,beta,Sst_4,0.0006754654503515622,0.007458042463087747,0.09056873216995723
meg,beta,Sst_5,0.0012043668096551278,0.013297821232553714,0.09056873216995723
meg,beta,Sst_6,0.0013127665421083007,0.014494699336685223,0.09056873216995723
meg,beta,Sst_7,0.0018007851699207347,0.019883078042226117,0.09056873216995723
meg,beta,Sst_8,0.001821783325395166,0.020114925777877612,0.09056873216995723
meg,beta,Sst_9,0.0009089402318407972,0.010035916480923246,0.09056873216995723
meg,beta,VLMC_1,0.0012749128067160583,0.01407674344301976,0.09056873216995723
meg,beta,Vip_1,0.0017249228153984053,0.01904545613116779,0.09056873216995723
meg,beta,Vip_2,0.001045842889091065,0.011547505016725674,0.09056873216995723
meg,beta,Vip_3,0.0008182664175230109,0.009034756233392874,0.09056873216995723
meg,beta,Vip_4,0.002408983580734268,0.026598402373720735,0.09056873216995723
meg,beta,Vip_5,0.0014101447542066942,0.015569885107373256,0.09056873216995723
meg,beta,Vip_6,0.0009233113179223097,0.010194592502296101,0.09056873216995723
meg,beta,Vip_7,0.0018930606148167418,0.020901922434602583,0.09056873216995723
meg,beta,Vip_8,0.0015416026466995435,0.01702135615420387,0.09056873216995723
meg,beta,Vip_9,0.002499431917133296,0.027597073043299024,0.09056873216995723
meg,gamma1,Astro_1,0.00019864580139902207,0.01046213067086787,0.018987126776399143
meg,gamma1,Astro_2,0.0001545133455227328,0.00813779500934242,0.018987126776399143
meg,gamma1,Chandelier_1,0.0002661072681249542,0.01401514148289796,0.018987126776399143
meg,gamma1,Endo_1,9.389870679976706e-05,0.004945387888623699,0.018987126776399143
meg,gamma1,L2/3 IT_1,9.915124195354737e-05,0.00522202453910992,0.018987126776399143
meg,gamma1,L2/3 IT_2,0.00011141755904084348,0.0058680578874806206,0.018987126776399143
meg,gamma1,L2/3 IT_3,0.0003703312920383256,0.019504335563748625,0.018987126776399143
meg,gamma1,L2/3 IT_4,9.490700380320115e-05,0.004998492132109733,0.018987126776399143
meg,gamma1,L2/3 IT_5,0.0001453653193231571,0.007655993507340201,0.018987126776399143
meg,gamma1,L2/3 IT_6,0.00019554257634667185,0.010298692300813508,0.018987126776399143
meg,gamma1,L2/3 IT_7,0.0005147898042688389,0.027112570023428654,0.018987126776399143
meg,gamma1,L2/3 IT_8,0.0002441455094080126,0.012858475760086231,0.018987126776399143
meg,gamma1,L4 IT_1,0.00031620527304684784,0.016653666285089994,0.018987126776399143
meg,gamma1,L4 IT_2,0.00012324412700739755,0.006490930853244687,0.018987126776399143
meg,gamma1,L4 IT_3,0.00029192206387241746,0.015374736120436843,0.018987126776399143
meg,gamma1,L5 ET_1,4.8709812157385835e-05,0.0025654124887358825,0.018987126776399143
meg,gamma1,L5 IT_1,0.00023660694281864858,0.012461440090701308,0.018987126776399143
meg,gamma1,L5 IT_2,0.00022501754770492307,0.011851058369959283,0.018987126776399143
meg,gamma1,L5 IT_3,0.00011167067057273725,0.0058813885791052425,0.018987126776399143
meg,gamma1,L5 IT_4,0.0002585856034048709,0.013618995988708039,0.018987126776399143
meg,gamma1,L5 IT_5,6.587468923966152e-05,0.0034694395848003327,0.018987126776399143
meg,gamma1,L5/6 NP_1,6.700641767457894e-05,0.0035290446239537106,0.018987126776399143
meg,gamma1,L5/6 NP_2,0.00016306368381779004,0.008588117925271189,0.018987126776399143
meg,gamma1,L6 CT_1,0.00013758457870335428,0.007246203194596609,0.018987126776399143
meg,gamma1,L6 CT_2,0.0002053227121784573,0.010813785287075234,0.018987126776399143
meg,gamma1,L6 IT Car3_1,0.00023956083186122567,0.012617013341850017,0.018987126776399143
meg,gamma1,L6 IT_1,0.00019320167009644496,0.01017540317561861,0.018987126776399143
meg,gamma1,L6 IT_2,0.00040236050671410453,0.02119122663752557,0.018987126776399143
meg,gamma1,L6 IT_3,0.00023075179952388605,0.012153065718753657,0.018987126776399143
meg,gamma1,L6b_1,0.00018198698007752698,0.009584756146661192,0.018987126776399143
meg,gamma1,L6b_2,0.0002561977069043237,0.013493232015639962,0.018987126776399143
meg,gamma1,L6b_3,0.0003148255004647207,0.01658099743959399,0.018987126776399143
meg,gamma1,Lamp5_1,0.00016472658355614494,0.008675698303173435,0.018987126776399143
meg,gamma1,Lamp5_2,0.00015142475059943828,0.007975127168143109,0.018987126776399143
meg,gamma1,Lamp5_Lhx6_1,0.00016034405194109268,0.008444882357893093,0.018987126776399143
meg,gamma1,Micro-PVM_1,0.00017377805473546272,0.009152414516527459,0.018987126776399143
meg,gamma1,Micro-PVM_2,0.0003160326900403385,0.016644576810492716,0.018987126776399143
meg,gamma1,OPC_1,0.00018677660910940174,0.009837012798669659,0.018987126776399143
meg,gamma1,Oligo_1,0.0005376785883666486,0.028318059635804353,0.018987126776399143
meg,gamma1,Oligo_2,0.00048235771649311835,0.025404460726131846,0.018987126776399143
meg,gamma1,Pax6_1,0.00027202903778743726,0.014327024883278671,0.018987126776399143
meg,gamma1,Pax6_2,0.00019565239957958534,0.010304476389907493,0.018987126776399143
meg,gamma1,Pvalb_1,0.0001833179758085102,0.009654856048908521,0.018987126776399143
meg,gamma1,Pvalb_2,0.00035002395173800685,0.018434803530836694,0.018987126776399143
meg,gamma1,Pvalb_3,0.0001147706789354677,0.006044657534921334,0.018987126776399143
meg,gamma1,Pvalb_4,9.932980841598613e-05,0.005231429145954423,0.018987126776399143
meg,gamma1,Pvalb_5,0.000479667709990872,0.02526278544614214,0.018987126776399143
meg,gamma1,Sncg_1,0.0004985655033654253,0.026258080500370307,0.018987126776399143
meg,gamma1,Sncg_2,0.0001715036556891306,0.009032628143733068,0.018987126776399143
meg,gamma1,Sncg_3,0.0002748603952900134,0.014476144733581428,0.018987126776399143
meg,gamma1,Sncg_4,0.0010056557546351203,0.052965136140826895,0.018987126776399143
meg,gamma1,Sst_1,0.0003256159271803307,0.017149299681564714,0.018987126776399143
meg,gamma1,Sst_10,0.0007084721071559143,0.03731328681264928,0.018987126776399143
meg,gamma1,Sst_2,0.000195264684590397,0.010284056502593618,0.018987126776399143
meg,gamma1,Sst_3,0.00019039705752927442,0.010027691907863413,0.018987126776399143
meg,gamma1,Sst_4,0.00047869284833497515,0.025211442150899144,0.018987126776399143
meg,gamma1,Sst_5,0.0005698732193079768,0.030013662731547406,0.018987126776399143
meg,gamma1,Sst_6,0.00010605354233435415,0.005585549808735565,0.018987126776399143
meg,gamma1,Sst_7,0.00012988587045033228,0.0068407333020907325,0.018987126776399143
meg,gamma1,Sst_8,0.00015131914460901724,0.007969565189668707,0.018987126776399143
meg,gamma1,Sst_9,0.00019367926729816018,0.010200556913060804,0.018987126776399143
meg,gamma1,VLMC_1,0.000352510211526067,0.018565748029040107,0.018987126776399143
meg,gamma1,Vip_1,0.00024170574517470904,0.012729980055494625,0.018987126776399143
meg,gamma1,Vip_2,0.00046819147408020653,0.024658363510911246,0.018987126776399143
meg,gamma1,Vip_3,0.00033369737486908856,0.017574927412602095,0.018987126776399143
meg,gamma1,Vip_4,0.00047914828023807,0.025235428502728897,0.018987126776399143
meg,gamma1,Vip_5,0.00025948549837456,0.013666390993770502,0.018987126776399143
meg,gamma1,Vip_6,0.0003578382502495277,0.018846361245889925,0.018987126776399143
meg,gamma1,Vip_7,0.0001780336733283806,0.009376546300289895,0.018987126776399143
meg,gamma1,Vip_8,0.0007226313863781998,0.03805901729567768,0.018987126776399143
meg,gamma1,Vip_9,0.00016762075144202433,0.008828126204454256,0.018987126776399143
meg,gamma2,Astro_1,0.00021263408250283503,0.01436344251727207,0.014803838442430644
meg,gamma2,Astro_2,0.00011643577619778648,0.007865242291759899,0.014803838442430644
meg,gamma2,Chandelier_1,0.0002577899493288262,0.01741372349687029,0.014803838442430644
meg,gamma2,Endo_1,0.00010152702393953652,0.006858155358446805,0.014803838442430644
meg,gamma2,L2/3 IT_1,6.86441798990991e-05,0.004636917659297855,0.014803838442430644
meg,gamma2,L2/3 IT_2,8.558359488337375e-05,0.005781175957586427,0.014803838442430644
meg,gamma2,L2/3 IT_3,0.0002894586355541175,0.01955294477711088,0.014803838442430644
meg,gamma2,L2/3 IT_4,7.602992611080911e-05,0.005135825171726593,0.014803838442430644
meg,gamma2,L2/3 IT_5,7.72965813431887e-05,0.005221387793698279,0.014803838442430644
meg,gamma2,L2/3 IT_6,6.700791409178111e-05,0.00452638782518212,0.014803838442430644
meg,gamma2,L2/3 IT_7,0.00013751745277174472,0.009289310559995932,0.014803838442430644
meg,gamma2,L2/3 IT_8,0.00014093654838918173,0.009520270633677717,0.014803838442430644
meg,gamma2,L4 IT_1,0.00014764268594331435,0.00997327054854517,0.014803838442430644
meg,gamma2,L4 IT_2,0.00019662238092765062,0.013281851304462572,0.014803838442430644
meg,gamma2,L4 IT_3,0.0001444484065460797,0.009757496821369166,0.014803838442430644
meg,gamma2,L5 ET_1,0.0003378608298852559,0.022822515336082153,0.014803838442430644
meg,gamma2,L5 IT_1,0.00024965565809145974,0.016864251731895336,0.014803838442430644
meg,gamma2,L5 IT_2,9.721727215520128e-05,0.006567031417781344,0.014803838442430644
meg,gamma2,L5 IT_3,0.0002627968344705255,0.017751938829411923,0.014803838442430644
meg,gamma2,L5 IT_4,0.00029270821372174053,0.01977245393889078,0.014803838442430644
meg,gamma2,L5 IT_5,6.510421651768851e-05,0.004397792962336533,0.014803838442430644
meg,gamma2,L5/6 NP_1,7.288014896998112e-05,0.004923057574114874,0.014803838442430644
meg,gamma2,L5/6 NP_2,0.00017780847653347466,0.012010971156226713,0.014803838442430644
meg,gamma2,L6 CT_1,0.0001810210386330464,0.012227979880826403,0.014803838442430644
meg,gamma2,L6 CT_2,0.0001248185245931294,0.008431497349726239,0.014803838442430644
meg,gamma2,L6 IT Car3_1,0.0001906482370568177,0.012878297598167731,0.014803838442430644
meg,gamma2,L6 IT_1,0.00013759515914882944,0.009294559629511714,0.014803838442430644
meg,gamma2,L6 IT_2,0.00010966444809286838,0.007407838752046159,0.014803838442430644
meg,gamma2,L6 IT_3,0.00017670479031761874,0.011936417099172663,0.014803838442430644
meg,gamma2,L6b_1,7.197391908053173e-05,0.004861841701422562,0.014803838442430644
meg,gamma2,L6b_2,0.00019019717327064506,0.012847828217680587,0.014803838442430644
meg,gamma2,L6b_3,0.00014692195917852954,0.00992458542086105,0.014803838442430644
meg,gamma2,Lamp5_1,0.00023587481654969267,0.015933355221820725,0.014803838442430644
meg,gamma2,Lamp5_2,0.00032769830846918094,0.02213603652482012,0.014803838442430644
meg,gamma2,Lamp5_Lhx6_1,0.0002496815064179309,0.016865997787593772,0.014803838442430644
meg,gamma2,Micro-PVM_1,0.00015070273297619304,0.01017997687304193,0.014803838442430644
meg,gamma2,Micro-PVM_2,0.00022697627259883057,0.015332258149229255,0.014803838442430644
meg,gamma2,OPC_1,0.00016670621761887583,0.01126101303166507,0.014803838442430644
meg,gamma2,Oligo_1,0.0005131135841076107,0.034660847327064086,0.014803838442430644
meg,gamma2,Oligo_2,0.00037207988805474805,0.025134014364024376,0.014803838442430644
meg,gamma2,Pax6_1,0.00016922644378903855,0.01143125443087808,0.014803838442430644
meg,gamma2,Pax6_2,0.0001022857908437323,0.006909410099380819,0.014803838442430644
meg,gamma2,Pvalb_1,0.0003146409109867544,0.021254008695807777,0.014803838442430644
meg,gamma2,Pvalb_2,0.0002899455913836937,0.019585838666859128,0.014803838442430644
meg,gamma2,Pvalb_3,0.0001109558568065872,0.007495073472874873,0.014803838442430644
meg,gamma2,Pvalb_4,9.489222258788119e-05,0.006409974207493501,0.014803838442430644
meg,gamma2,Pvalb_5,0.0005482481652954889,0.03703418997900601,0.014803838442430644
meg,gamma2,Sncg_1,0.0003512936563039889,0.02372990340782927,0.014803838442430644
meg,gamma2,Sncg_2,0.00015485597905050928,0.010460528845455534,0.014803838442430644
meg,gamma2,Sncg_3,0.0002403180943307387,0.016233498849996964,0.014803838442430644
meg,gamma2,Sncg_4,0.000381140120346497,0.025746033491832514,0.014803838442430644
meg,gamma2,Sst_1,0.0002552420796820973,0.017241614779483442,0.014803838442430644
meg,gamma2,Sst_10,0.0003483289735076787,0.023529638942107134,0.014803838442430644
meg,gamma2,Sst_2,0.00013218963526193732,0.008929416230526836,0.014803838442430644
meg,gamma2,Sst_3,0.00018165813430923706,0.01227101572444684,0.014803838442430644
meg,gamma2,Sst_4,0.00046880760574512595,0.03166797635412133,0.014803838442430644
meg,gamma2,Sst_5,0.0003788510228716128,0.0255914048471208,0.014803838442430644
meg,gamma2,Sst_6,0.00011689983111702479,0.007896589223911512,0.014803838442430644
meg,gamma2,Sst_7,6.548465044351144e-05,0.004423491292354276,0.014803838442430644
meg,gamma2,Sst_8,3.445212087940369e-05,0.002327242425225156,0.014803838442430644
meg,gamma2,Sst_9,0.0003774818623166191,0.025498917985668067,0.014803838442430644
meg,gamma2,VLMC_1,9.418251404221122e-05,0.006362033361041421,0.014803838442430644
meg,gamma2,Vip_1,0.00016405082266362207,0.011081640974507052,0.014803838442430644
meg,gamma2,Vip_2,0.0004006744050165401,0.02706557536240941,0.014803838442430644
meg,gamma2,Vip_3,0.00035862012767834823,0.02422480690213925,0.014803838442430644
meg,gamma2,Vip_4,0.00016857212968003407,0.011387055481291526,0.014803838442430644
meg,gamma2,Vip_5,0.00021877091875622927,0.014777986101847058,0.014803838442430644
meg,gamma2,Vip_6,0.00025888176214072865,0.01748747550491525,0.014803838442430644
meg,gamma2,Vip_7,0.0001978480743153674,0.01336464695185384,0.014803838442430644
meg,gamma2,Vip_8,0.00048623949973624616,0.032845501633048786,0.014803838442430644
meg,gamma2,Vip_9,9.08140756024293e-05,0.00613449518215078,0.014803838442430644
enigma,22q,Astro_1,0.0018808307674353204,0.00630294484058141,0.29840508127655213
enigma,22q,Astro_2,0.0037136012973835856,0.01244483264660611,0.29840508127655213
enigma,22q,Chandelier_1,0.004674143160464476,0.01566375190552681,0.29840508127655213
enigma,22q,Endo_1,0.0032087153471346587,0.01075288441271858,0.29840508127655213
enigma,22q,L2/3 IT_1,0.006318970865027218,0.021175815230743345,0.29840508127655213
enigma,22q,L2/3 IT_2,0.0011181186599245226,0.0037469826423239976,0.29840508127655213
enigma,22q,L2/3 IT_3,0.0023145855602815855,0.007756521941181366,0.29840508127655213
enigma,22q,L2/3 IT_4,0.004420007403500093,0.014812105023787358,0.29840508127655213
enigma,22q,L2/3 IT_5,0.0016856296947181397,0.0056487968888034885,0.29840508127655213
enigma,22q,L2/3 IT_6,0.0016033351789514123,0.005373015674171759,0.29840508127655213
enigma,22q,L2/3 IT_7,0.010737600080090259,0.03598330173921871,0.29840508127655213
enigma,22q,L2/3 IT_8,0.0005126571238725397,0.0017179905974772118,0.29840508127655213
enigma,22q,L4 IT_1,0.004323276724907487,0.014487946071202504,0.29840508127655213
enigma,22q,L4 IT_2,0.0026818323919516086,0.008987220929613371,0.29840508127655213
enigma,22q,L4 IT_3,0.0037407629467120646,0.012535855390630051,0.29840508127655213
enigma,22q,L5 ET_1,0.004508350964950344,0.015108157494048001,0.29840508127655213
enigma,22q,L5 IT_1,0.0017481498688023895,0.005858311330772082,0.29840508127655213
enigma,22q,L5 IT_2,0.004521036859520306,0.015150669821638712,0.29840508127655213
enigma,22q,L5 IT_3,0.004378886340966446,0.014674302201001185,0.29840508127655213
enigma,22q,L5 IT_4,0.005674113064505593,0.01901480041905523,0.29840508127655213
enigma,22q,L5 IT_5,0.005090494963155099,0.017059008986637845,0.29840508127655213
enigma,22q,L5/6 NP_1,0.00998282641810205,0.033453942457669784,0.29840508127655213
enigma,22q,L5/6 NP_2,0.004871719298983869,0.01632585905757053,0.29840508127655213
enigma,22q,L6 CT_1,0.00227137816040543,0.007611727490325107,0.29840508127655213
enigma,22q,L6 CT_2,0.0010144564929567064,0.003399595236840291,0.29840508127655213
enigma,22q,L6 IT Car3_1,0.005025836886968894,0.016842330115388052,0.29840508127655213
enigma,22q,L6 IT_1,0.0034843655682693635,0.011676629477499301,0.29840508127655213
enigma,22q,L6 IT_2,0.006522390720772657,0.021857505552085144,0.29840508127655213
enigma,22q,L6 IT_3,0.004302983099533382,0.014419939101323538,0.29840508127655213
enigma,22q,L6b_1,0.0015626547122635523,0.0052366893538764335,0.29840508127655213
enigma,22q,L6b_2,0.0036296284204370604,0.012163426992964771,0.29840508127655213
enigma,22q,L6b_3,0.007084715185097573,0.023741938826208155,0.29840508127655213
enigma,22q,Lamp5_1,0.002169355131572355,0.007269833081568296,0.29840508127655213
enigma,22q,Lamp5_2,0.002969012371942684,0.009949603938517052,0.29840508127655213
enigma,22q,Lamp5_Lhx6_1,0.004744124873675125,0.01589827107963495,0.29840508127655213
enigma,22q,Micro-PVM_1,0.0023659708581967457,0.007928721749895541,0.29840508127655213
enigma,22q,Micro-PVM_2,0.00596614307254962,0.019993436596411014,0.29840508127655213
enigma,22q,OPC_1,0.0024347692176606237,0.008159275328841196,0.29840508127655213
enigma,22q,Oligo_1,0.00639172483583786,0.02141962465416002,0.29840508127655213
enigma,22q,Oligo_2,0.0022159773055920136,0.00742607095064282,0.29840508127655213
enigma,22q,Pax6_1,0.002920598248058201,0.009787360977782699,0.29840508127655213
enigma,22q,Pax6_2,0.008487582920089557,0.02844315815193355,0.29840508127655213
enigma,22q,Pvalb_1,0.0025933039958109015,0.008690549050696331,0.29840508127655213
enigma,22q,Pvalb_2,0.002490491607221628,0.008346009379490161,0.29840508127655213
enigma,22q,Pvalb_3,0.0014788482621970363,0.004955841421569118,0.29840508127655213
enigma,22q,Pvalb_4,0.0012401343942398063,0.004155875593453752,0.29840508127655213
enigma,22q,Pvalb_5,0.006555778353366043,0.021969392496002306,0.29840508127655213
enigma,22q,Sncg_1,0.007031079724131137,0.02356219838500324,0.29840508127655213
enigma,22q,Sncg_2,0.004843481545992982,0.016231230129436707,0.29840508127655213
enigma,22q,Sncg_3,0.0032632085089427314,0.010935499137558237,0.29840508127655213
enigma,22q,Sncg_4,0.0034517283561242753,0.011567257304594373,0.29840508127655213
enigma,22q,Sst_1,0.003936744076715746,0.013192617430891866,0.29840508127655213
enigma,22q,Sst_10,0.002947757410421654,0.009878375387615362,0.29840508127655213
enigma,22q,Sst_2,0.004527957187373392,0.015173860873960884,0.29840508127655213
enigma,22q,Sst_3,0.007009882232119397,0.023491162423011375,0.29840508127655213
enigma,22q,Sst_4,0.004944328696116977,0.01656918399299888,0.29840508127655213
enigma,22q,Sst_5,0.007060805268509758,0.023661813124308137,0.29840508127655213
enigma,22q,Sst_6,0.002638781286920121,0.008842950246127291,0.29840508127655213
enigma,22q,Sst_7,0.009015180093760457,0.030211215087874062,0.29840508127655213
enigma,22q,Sst_8,0.003017605854568737,0.010112447957185145,0.29840508127655213
enigma,22q,Sst_9,0.003331420099119553,0.011164086364977482,0.29840508127655213
enigma,22q,VLMC_1,0.006804868538676004,0.022804130913472862,0.29840508127655213
enigma,22q,Vip_1,0.002920099605023421,0.009785689950491049,0.29840508127655213
enigma,22q,Vip_2,0.007678709366303364,0.02573250205209135,0.29840508127655213
enigma,22q,Vip_3,0.005596548371141407,0.01875486954578601,0.29840508127655213
enigma,22q,Vip_4,0.005953138325572645,0.01994985574677755,0.29840508127655213
enigma,22q,Vip_5,0.006896873493138526,0.023112453258618368,0.29840508127655213
enigma,22q,Vip_6,0.0019082023994057425,0.006394671267803522,0.29840508127655213
enigma,22q,Vip_7,0.006787164303826789,0.022744801378018983,0.29840508127655213
enigma,22q,Vip_8,0.002039497236682146,0.00683465987897172,0.29840508127655213
enigma,22q,Vip_9,0.001168149619909306,0.00391464386233659,0.29840508127655213
enigma,adhd,Astro_1,0.0036553146645282044,0.01973635368104424,0.18520719295980936
enigma,adhd,Astro_2,0.003943993675629594,0.021295035104200596,0.18520719295980936
enigma,adhd,Chandelier_1,0.0031856917247406946,0.0172006911493551,0.18520719295980936
enigma,adhd,Endo_1,0.0047981803775088636,0.025907095187982718,0.18520719295980936
enigma,adhd,L2/3 IT_1,0.0009330028584165783,0.0050376167550849026,0.18520719295980936
enigma,adhd,L2/3 IT_2,0.00179752484562737,0.009705480747810045,0.18520719295980936
enigma,adhd,L2/3 IT_3,0.0036785284825787664,0.019861693402896185,0.18520719295980936
enigma,adhd,L2/3 IT_4,0.00455798132855137,0.024610174452244244,0.18520719295980936
enigma,adhd,L2/3 IT_5,0.00134352829096307,0.0072541906687966515,0.18520719295980936
enigma,adhd,L2/3 IT_6,0.004002469061642396,0.021610764666742433,0.18520719295980936
enigma,adhd,L2/3 IT_7,0.0015852457946689232,0.008559310085828725,0.18520719295980936
enigma,adhd,L2/3 IT_8,0.00041883720211602035,0.002261452135970278,0.18520719295980936
enigma,adhd,L4 IT_1,0.0035645764688149286,0.019246425648211486,0.18520719295980936
enigma,adhd,L4 IT_2,0.002279225444627487,0.012306354889370237,0.18520719295980936
enigma,adhd,L4 IT_3,0.0003166513926182753,0.0017097143342968855,0.18520719295980936
enigma,adhd,L5 ET_1,0.0016715050964852514,0.009025054965591828,0.18520719295980936
enigma,adhd,L5 IT_1,0.003450161214536424,0.018628656691995336,0.18520719295980936
enigma,adhd,L5 IT_2,0.00390788527027301,0.021100072884971784,0.18520719295980936
enigma,adhd,L5 IT_3,0.003732532486871015,0.020153280373300556,0.18520719295980936
enigma,adhd,L5 IT_4,0.0017664219265334203,0.00953754494252683,0.18520719295980936
enigma,adhd,L5 IT_5,0.0034334386576212114,0.018538365615023818,0.18520719295980936
enigma,adhd,L5/6 NP_1,0.0020822015708024137,0.011242552395112747,0.18520719295980936
enigma,adhd,L5/6 NP_2,0.002174979545197832,0.011743493923963365,0.18520719295980936
enigma,adhd,L6 CT_1,0.0026469243687634973,0.01429169313817034,0.18520719295980936
enigma,adhd,L6 CT_2,0.0020074180585500554,0.010838769415320021,0.18520719295980936
enigma,adhd,L6 IT Car3_1,0.0012541428952934953,0.0067715668881480695,0.18520719295980936
enigma,adhd,L6 IT_1,0.0017371385203195431,0.009379433339268354,0.18520719295980936
enigma,adhd,L6 IT_2,0.0023525472039531434,0.012702245341322433,0.18520719295980936
enigma,adhd,L6 IT_3,0.0021372553620088715,0.011539807541236607,0.18520719295980936
enigma,adhd,L6b_1,0.0027125316390034576,0.014645930299219463,0.18520719295980936
enigma,adhd,L6b_2,0.0009184642396840172,0.004959117542931107,0.18520719295980936
enigma,adhd,L6b_3,0.0035020296731096312,0.018908713085833466,0.18520719295980936
enigma,adhd,Lamp5_1,0.004531596599630437,0.0244677138463721,0.18520719295980936
enigma,adhd,Lamp5_2,0.0015727196834198257,0.00849167712271905,0.18520719295980936
enigma,adhd,Lamp5_Lhx6_1,0.001483714067238001,0.008011103907611042,0.18520719295980936
enigma,adhd,Micro-PVM_1,0.006544709432971162,0.03533723139139303,0.18520719295980936
enigma,adhd,Micro-PVM_2,0.00592206212533372,0.03197533546452933,0.18520719295980936
enigma,adhd,OPC_1,0.005973778581968293,0.032254571145433994,0.18520719295980936
enigma,adhd,Oligo_1,0.0017615717090420054,0.009511356880314433,0.18520719295980936
enigma,adhd,Oligo_2,0.009020341271101639,0.04870405477750039,0.18520719295980936
enigma,adhd,Pax6_1,0.0016368450163411936,0.008837912773163162,0.18520719295980936
enigma,adhd,Pax6_2,0.0009520223467269701,0.0051403097877173835,0.18520719295980936
enigma,adhd,Pvalb_1,0.0016756728389987895,0.009047558100847718,0.18520719295980936
enigma,adhd,Pvalb_2,0.00248310251006856,0.013407160220863572,0.18520719295980936
enigma,adhd,Pvalb_3,0.001722947664291575,0.009302811822570308,0.18520719295980936
enigma,adhd,Pvalb_4,0.0015994996225071113,0.00863627160989481,0.18520719295980936
enigma,adhd,Pvalb_5,0.0002941935257331117,0.0015884562636665671,0.18520719295980936
enigma,adhd,Sncg_1,0.0016468565347145575,0.008891968548283821,0.18520719295980936
enigma,adhd,Sncg_2,0.0014873818296248706,0.008030907471005395,0.18520719295980936
enigma,adhd,Sncg_3,0.0008595110661469797,0.004640808234340535,0.18520719295980936
enigma,adhd,Sncg_4,0.0024330121735237913,0.013136704545010645,0.18520719295980936
enigma,adhd,Sst_1,0.00215235907072873,0.011621357876720263,0.18520719295980936
enigma,adhd,Sst_10,0.0024623250383822163,0.013294975206046937,0.18520719295980936
enigma,adhd,Sst_2,0.0028028841208149334,0.015133775724483711,0.18520719295980936
enigma,adhd,Sst_3,0.0011236113908833726,0.006066780522542666,0.18520719295980936
enigma,adhd,Sst_4,0.0004552685208182735,0.0024581578800617556,0.18520719295980936
enigma,adhd,Sst_5,0.00413221597133376,0.022311314724317785,0.18520719295980936
enigma,adhd,Sst_6,0.0016064436983401157,0.008673765163584764,0.18520719295980936
enigma,adhd,Sst_7,0.0024223255221553506,0.013079003484929465,0.18520719295980936
enigma,adhd,Sst_8,0.0006830608734630093,0.003688090416721752,0.18520719295980936
enigma,adhd,Sst_9,0.0016189048170044168,0.00874104720844036,0.18520719295980936
enigma,adhd,VLMC_1,0.001920335119744218,0.010368577424317087,0.18520719295980936
enigma,adhd,Vip_1,0.00618151091281859,0.033376192436327244,0.18520719295980936
enigma,adhd,Vip_2,0.0022939163194618498,0.01238567618677552,0.18520719295980936
enigma,adhd,Vip_3,0.002719025704501354,0.014680994085858169,0.18520719295980936
enigma,adhd,Vip_4,0.0031273161521725287,0.01688550051536696,0.18520719295980936
enigma,adhd,Vip_5,0.0022124622414252688,0.011945876432052945,0.18520719295980936
enigma,adhd,Vip_6,0.0021242901694329655,0.011469803820707678,0.18520719295980936
enigma,adhd,Vip_7,0.003925875755037145,0.021197209958735645,0.18520719295980936
enigma,adhd,Vip_8,0.004154316929600432,0.022430645717425965,0.18520719295980936
enigma,adhd,Vip_9,0.0019388766902694145,0.010468690007575235,0.18520719295980936
enigma,asd,Astro_1,0.008850999922333494,0.02902061148998396,0.30499012487687543
enigma,asd,Astro_2,0.0031842030540078043,0.01044034804501709,0.30499012487687543
enigma,asd,Chandelier_1,0.005883171518378051,0.019289711497226632,0.30499012487687543
enigma,asd,Endo_1,0.0033311407190261873,0.010922126479901503,0.30499012487687543
enigma,asd,L2/3 IT_1,0.0004979553531314147,0.0016326933645226692,0.30499012487687543
enigma,asd,L2/3 IT_2,0.001825897344619966,0.005986742506358464,0.30499012487687543
enigma,asd,L2/3 IT_3,0.008509020232519144,0.0278993303011179,0.30499012487687543
enigma,asd,L2/3 IT_4,0.00659373496853393,0.02161950315996566,0.30499012487687543
enigma,asd,L2/3 IT_5,0.0036495528400427558,0.01196613444948777,0.30499012487687543
enigma,asd,L2/3 IT_6,0.0009085163216420456,0.002978838485373301,0.30499012487687543
enigma,asd,L2/3 IT_7,0.005230107103746381,0.017148447366477113,0.30499012487687543
enigma,asd,L2/3 IT_8,0.0007515603377536805,0.002464212039839275,0.30499012487687543
enigma,asd,L4 IT_1,0.0025268176083596064,0.008284916140742862,0.30499012487687543
enigma,asd,L4 IT_2,0.0011511003096358818,0.0037742215755365233,0.30499012487687543
enigma,asd,L4 IT_3,0.006938705210324795,0.022750589754753376,0.30499012487687543
enigma,asd,L5 ET_1,0.0037437499541343993,0.0122749874463829,0.30499012487687543
enigma,asd,L5 IT_1,0.006442906020766793,0.021124966007892206,0.30499012487687543
enigma,asd,L5 IT_2,0.0032395094143707406,0.01062168624534493,0.30499012487687543
enigma,asd,L5 IT_3,0.006200355348900393,0.020329692154470502,0.30499012487687543
enigma,asd,L5 IT_4,0.0020493185639697963,0.006719294812568461,0.30499012487687543
enigma,asd,L5 IT_5,0.004664436131177197,0.015293728388944496,0.30499012487687543
enigma,asd,L5/6 NP_1,0.008558398460085243,0.028061231371147737,0.30499012487687543
enigma,asd,L5/6 NP_2,0.005651518175428698,0.018530167747923695,0.30499012487687543
enigma,asd,L6 CT_1,0.003533694548700108,0.0115862588997813,0.30499012487687543
enigma,asd,L6 CT_2,0.001024294530188329,0.0033584514600328024,0.30499012487687543
enigma,asd,L6 IT Car3_1,0.004324093272510266,0.014177814033342567,0.30499012487687543
enigma,asd,L6 IT_1,0.003369173694244979,0.011046828796850766,0.30499012487687543
enigma,asd,L6 IT_2,0.0032564903956476513,0.010677363396478155,0.30499012487687543
enigma,asd,L6 IT_3,0.009518025108993902,0.031207650125840404,0.30499012487687543
enigma,asd,L6b_1,0.006098726593957207,0.01999647233306083,0.30499012487687543
enigma,asd,L6b_2,0.0021159123054945864,0.006937642018241675,0.30499012487687543
enigma,asd,L6b_3,0.005740002811148416,0.01882029070110272,0.30499012487687543
enigma,asd,Lamp5_1,0.0022927895912818047,0.00751758632253226,0.30499012487687543
enigma,asd,Lamp5_2,0.005673465897827039,0.018602129823440738,0.30499012487687543
enigma,asd,Lamp5_Lhx6_1,0.007063891699027575,0.023161050548371916,0.30499012487687543
enigma,asd,Micro-PVM_1,0.002311631712349443,0.007579365768916778,0.30499012487687543
enigma,asd,Micro-PVM_2,0.00804988208764305,0.026393910592655383,0.30499012487687543
enigma,asd,OPC_1,0.003928890235566827,0.012882024416865697,0.30499012487687543
enigma,asd,Oligo_1,0.00628594428284752,0.02061032069607223,0.30499012487687543
enigma,asd,Oligo_2,0.0026980985256742137,0.008846511101837925,0.30499012487687543
enigma,asd,Pax6_1,0.003873347704556039,0.012699911861473253,0.30499012487687543
enigma,asd,Pax6_2,0.0032326881760780302,0.010599320805495152,0.30499012487687543
enigma,asd,Pvalb_1,0.006408771723903212,0.021013046656807116,0.30499012487687543
enigma,asd,Pvalb_2,0.0021956103259624907,0.007198955464046119,0.30499012487687543
enigma,asd,Pvalb_3,0.005862855332533774,0.019223098895089177,0.30499012487687543
enigma,asd,Pvalb_4,0.0017623546288181807,0.005778398987605397,0.30499012487687543
enigma,asd,Pvalb_5,0.0017489332830751781,0.005734393150536342,0.30499012487687543
enigma,asd,Sncg_1,0.0026457947662209035,0.008675017813409569,0.30499012487687543
enigma,asd,Sncg_2,0.0031258898660865802,0.0102491510744766,0.30499012487687543
enigma,asd,Sncg_3,0.0036030625345377693,0.011813702282958591,0.30499012487687543
enigma,asd,Sncg_4,0.0015938690146477742,0.00522596925159862,0.30499012487687543
enigma,asd,Sst_1,0.00260158781067875,0.008530072282599352,0.30499012487687543
enigma,asd,Sst_10,0.009265511998572826,0.030379711481849828,0.30499012487687543
enigma,asd,Sst_2,0.0024842007664397448,0.008145184266023751,0.30499012487687543
enigma,asd,Sst_3,0.00805794120811703,0.02642033479402004,0.30499012487687543
enigma,asd,Sst_4,0.0020755846065116275,0.006805415773214104,0.30499012487687543
enigma,asd,Sst_5,0.013435744616298513,0.04405304801826789,0.30499012487687543
enigma,asd,Sst_6,0.002008083759600109,0.006584094355221411,0.30499012487687543
enigma,asd,Sst_7,0.004847429918848604,0.015893727447095253,0.30499012487687543
enigma,asd,Sst_8,0.003399209373016866,0.011145309620726662,0.30499012487687543
enigma,asd,Sst_9,0.007304478873921687,0.0239498864983596,0.30499012487687543
enigma,asd,VLMC_1,0.0038267829987831546,0.012547235751741232,0.30499012487687543
enigma,asd,Vip_1,0.0031356756508943333,0.010281236653679218,0.30499012487687543
enigma,asd,Vip_2,0.006458543168739361,0.021176237005531492,0.30499012487687543
enigma,asd,Vip_3,0.0024211742016266857,0.00793853310038846,0.30499012487687543
enigma,asd,Vip_4,0.008914982926189138,0.029230398622867273,0.30499012487687543
enigma,asd,Vip_5,0.0026118390702225863,0.008563684057891994,0.30499012487687543
enigma,asd,Vip_6,0.0038499293771470833,0.012623127974065718,0.30499012487687543
enigma,asd,Vip_7,0.0026102188874065125,0.008558371811088173,0.30499012487687543
enigma,asd,Vip_8,0.0007479402213003204,0.002452342421257947,0.30499012487687543
enigma,asd,Vip_9,0.0012124058801492776,0.003975229954211554,0.30499012487687543
enigma,epilepsy_gge,Astro_1,0.0020153344768708763,0.019453062040509037,0.10359985860704839
enigma,epilepsy_gge,Astro_2,0.0010837168934147879,0.010460602050870536,0.10359985860704839
enigma,epilepsy_gge,Chandelier_1,0.0013828967507177312,0.013348442452639084,0.10359985860704839
enigma,epilepsy_gge,Endo_1,0.0026143152810333783,0.0252347379251685,0.10359985860704839
enigma,epilepsy_gge,L2/3 IT_1,0.001042015492197671,0.010058078323736029,0.10359985860704839
enigma,epilepsy_gge,L2/3 IT_2,0.0011884898158215874,0.011471925075974273,0.10359985860704839
enigma,epilepsy_gge,L2/3 IT_3,0.0017800271202983698,0.0171817524100102,0.10359985860704839
enigma,epilepsy_gge,L2/3 IT_4,0.0025776570819778166,0.024880893822015762,0.10359985860704839
enigma,epilepsy_gge,L2/3 IT_5,0.0012859068316485155,0.012412245044908095,0.10359985860704839
enigma,epilepsy_gge,L2/3 IT_6,0.0014667537445417075,0.014157873999665066,0.10359985860704839
enigma,epilepsy_gge,L2/3 IT_7,0.000405591182913608,0.00391497815119618,0.10359985860704839
enigma,epilepsy_gge,L2/3 IT_8,0.0014370813297848236,0.013871460338914518,0.10359985860704839
enigma,epilepsy_gge,L4 IT_1,0.0016334377658300033,0.015766795319920184,0.10359985860704839
enigma,epilepsy_gge,L4 IT_2,0.001580360012468814,0.01525446109403565,0.10359985860704839
enigma,epilepsy_gge,L4 IT_3,0.0002299038438095176,0.002219152100212192,0.10359985860704839
enigma,epilepsy_gge,L5 ET_1,0.002819169747732679,0.027212100341041177,0.10359985860704839
enigma,epilepsy_gge,L5 IT_1,0.0020032112130648513,0.019336041959892823,0.10359985860704839
enigma,epilepsy_gge,L5 IT_2,0.0010915884053018415,0.010536581999037358,0.10359985860704839
enigma,epilepsy_gge,L5 IT_3,0.0008666728616768236,0.008365579580220196,0.10359985860704839
enigma,epilepsy_gge,L5 IT_4,0.0020130086822983872,0.019430612255308934,0.10359985860704839
enigma,epilepsy_gge,L5 IT_5,0.0009188409929051536,0.00886913365770405,0.10359985860704839
enigma,epilepsy_gge,L5/6 NP_1,0.0007515825028070208,0.007254667264149018,0.10359985860704839
enigma,epilepsy_gge,L5/6 NP_2,0.0012472951344078714,0.012039544755932823,0.10359985860704839
enigma,epilepsy_gge,L6 CT_1,0.0015052050068418742,0.014529025686715252,0.10359985860704839
enigma,epilepsy_gge,L6 CT_2,0.0012882472986449364,0.012434836456015114,0.10359985860704839
enigma,epilepsy_gge,L6 IT Car3_1,0.000339445683345677,0.003276507206763532,0.10359985860704839
enigma,epilepsy_gge,L6 IT_1,0.0010634668715567574,0.010265138252653993,0.10359985860704839
enigma,epilepsy_gge,L6 IT_2,0.0019907550850828785,0.019215808900220236,0.10359985860704839
enigma,epilepsy_gge,L6 IT_3,0.00046254325398731636,0.004464709317236919,0.10359985860704839
enigma,epilepsy_gge,L6b_1,0.0018067284995832117,0.01743948808304929,0.10359985860704839
enigma,epilepsy_gge,L6b_2,0.0023410635507410443,0.022597169361211568,0.10359985860704839
enigma,epilepsy_gge,L6b_3,0.0017274871439208808,0.016674609088736265,0.10359985860704839
enigma,epilepsy_gge,Lamp5_1,9.123080747753727e-05,0.000880607451633437,0.10359985860704839
enigma,epilepsy_gge,Lamp5_2,0.0055987362875649285,0.05404192981383104,0.10359985860704839
enigma,epilepsy_gge,Lamp5_Lhx6_1,0.0003139931755170479,0.003030826293962581,0.10359985860704839
enigma,epilepsy_gge,Micro-PVM_1,0.0005517841606685754,0.0053261092060123225,0.10359985860704839
enigma,epilepsy_gge,Micro-PVM_2,0.00032326301094641046,0.003120303592040012,0.10359985860704839
enigma,epilepsy_gge,OPC_1,0.000931619367557142,0.008992477210714644,0.10359985860704839
enigma,epilepsy_gge,Oligo_1,0.0020970692817299983,0.020242009110110162,0.10359985860704839
enigma,epilepsy_gge,Oligo_2,0.0020017074269770164,0.019321526630354212,0.10359985860704839
enigma,epilepsy_gge,Pax6_1,0.0009267108668163533,0.008945097795271554,0.10359985860704839
enigma,epilepsy_gge,Pax6_2,0.00042525103771611406,0.004104745348437978,0.10359985860704839
enigma,epilepsy_gge,Pvalb_1,0.002935036706292895,0.02833050880335092,0.10359985860704839
enigma,epilepsy_gge,Pvalb_2,0.0012858821192802876,0.012412006508209684,0.10359985860704839
enigma,epilepsy_gge,Pvalb_3,0.0009674843216412562,0.009338664498673686,0.10359985860704839
enigma,epilepsy_gge,Pvalb_4,0.0018702257437271535,0.018052396681552164,0.10359985860704839
enigma,epilepsy_gge,Pvalb_5,0.001495573404582649,0.014436056426054797,0.10359985860704839
enigma,epilepsy_gge,Sncg_1,0.0031205279235290637,0.03012096701179049,0.10359985860704839
enigma,epilepsy_gge,Sncg_2,0.001333286882770423,0.01286958206987083,0.10359985860704839
enigma,epilepsy_gge,Sncg_3,0.0021702488257966486,0.020948376329627504,0.10359985860704839
enigma,epilepsy_gge,Sncg_4,0.0022465398793823604,0.021684777465801653,0.10359985860704839
enigma,epilepsy_gge,Sst_1,0.0018564862483259525,0.01791977588857102,0.10359985860704839
enigma,epilepsy_gge,Sst_10,0.0032286038584194133,0.031164172440287057,0.10359985860704839
enigma,epilepsy_gge,Sst_2,0.0036969441886250108,0.0356848381680464,0.10359985860704839
enigma,epilepsy_gge,Sst_3,0.0005470707362045028,0.005280612768783094,0.10359985860704839
enigma,epilepsy_gge,Sst_4,0.0015309420490773476,0.01477745307437312,0.10359985860704839
enigma,epilepsy_gge,Sst_5,0.0016547830261461462,0.015972830932353837,0.10359985860704839
enigma,epilepsy_gge,Sst_6,0.0009685568693818964,0.00934901729022245,0.10359985860704839
enigma,epilepsy_gge,Sst_7,0.0013751954187434343,0.013274105169964714,0.10359985860704839
enigma,epilepsy_gge,Sst_8,0.0012511935490132503,0.0120771742918974,0.10359985860704839
enigma,epilepsy_gge,Sst_9,0.0007951275216477891,0.007674986552478681,0.10359985860704839
enigma,epilepsy_gge,VLMC_1,0.0011154837901502762,0.010767232746728715,0.10359985860704839
enigma,epilepsy_gge,Vip_1,0.0009162707238137721,0.008844324076629906,0.10359985860704839
enigma,epilepsy_gge,Vip_2,0.0005891723688260506,0.005686999738684648,0.10359985860704839
enigma,epilepsy_gge,Vip_3,0.0016027962763505753,0.015471027643289946,0.10359985860704839
enigma,epilepsy_gge,Vip_4,0.0004047399551665496,0.003906761655937369,0.10359985860704839
enigma,epilepsy_gge,Vip_5,0.0005629324744800645,0.005433718559551833,0.10359985860704839
enigma,epilepsy_gge,Vip_6,0.0008319362299063421,0.008030283449148854,0.10359985860704839
enigma,epilepsy_gge,Vip_7,0.0014169048585584633,0.013676706489849057,0.10359985860704839
enigma,epilepsy_gge,Vip_8,0.0024014252166323423,0.023179811719057326,0.10359985860704839
enigma,epilepsy_gge,Vip_9,0.00020732246037695262,0.0020011847811812313,0.10359985860704839
enigma,epilepsy_rtle,Astro_1,0.023572069295537325,0.028922634279911576,0.8150042305070903
enigma,epilepsy_rtle,Astro_2,0.001922611505919312,0.002359020277383193,0.8150042305070903
enigma,epilepsy_rtle,Chandelier_1,0.00516933363494188,0.006342707732603492,0.8150042305070903
enigma,epilepsy_rtle,Endo_1,0.014321007343045533,0.01757169693970189,0.8150042305070903
enigma,epilepsy_rtle,L2/3 IT_1,0.004709264653573448,0.005778208845177865,0.8150042305070903
enigma,epilepsy_rtle,L2/3 IT_2,0.00482171751590853,0.005916187101149756,0.8150042305070903
enigma,epilepsy_rtle,L2/3 IT_3,0.008915532246869438,0.010939246586882442,0.8150042305070903
enigma,epilepsy_rtle,L2/3 IT_4,0.010827968871537743,0.013285782412197605,0.8150042305070903
enigma,epilepsy_rtle,L2/3 IT_5,0.006203360379671913,0.007611445618892337,0.8150042305070903
enigma,epilepsy_rtle,L2/3 IT_6,0.018140263112786062,0.022257876013108926,0.8150042305070903
enigma,epilepsy_rtle,L2/3 IT_7,0.016044823535230453,0.019686797852874298,0.8150042305070903
enigma,epilepsy_rtle,L2/3 IT_8,0.006223690132822087,0.007636389971803887,0.8150042305070903
enigma,epilepsy_rtle,L4 IT_1,0.005854058295212585,0.007182856328942278,0.8150042305070903
enigma,epilepsy_rtle,L4 IT_2,0.019588595929569578,0.02403496226931446,0.8150042305070903
enigma,epilepsy_rtle,L4 IT_3,0.007592736543292768,0.009316192798862673,0.8150042305070903
enigma,epilepsy_rtle,L5 ET_1,0.03135941724129955,0.03847761283617869,0.8150042305070903
enigma,epilepsy_rtle,L5 IT_1,0.02024708678318589,0.024842922312916443,0.8150042305070903
enigma,epilepsy_rtle,L5 IT_2,0.009658057305514259,0.011850315549288719,0.8150042305070903
enigma,epilepsy_rtle,L5 IT_3,0.008413294944639015,0.010323007697032835,0.8150042305070903
enigma,epilepsy_rtle,L5 IT_4,0.019867565537979914,0.02437725449059135,0.8150042305070903
enigma,epilepsy_rtle,L5 IT_5,0.007766532568768304,0.009529438348971537,0.8150042305070903
enigma,epilepsy_rtle,L5/6 NP_1,0.02113703967453767,0.025934883382613048,0.8150042305070903
enigma,epilepsy_rtle,L5/6 NP_2,0.004100505895713317,0.0050312694612174086,0.8150042305070903
enigma,epilepsy_rtle,L6 CT_1,0.015329089456190489,0.018808601087448137,0.8150042305070903
enigma,epilepsy_rtle,L6 CT_2,0.015010388909660562,0.018417559501895095,0.8150042305070903
enigma,epilepsy_rtle,L6 IT Car3_1,0.004630584436636825,0.005681669202815924,0.8150042305070903
enigma,epilepsy_rtle,L6 IT_1,0.005401494569704706,0.0066275662966116524,0.8150042305070903
enigma,epilepsy_rtle,L6 IT_2,0.03504250714510823,0.04299671809470856,0.8150042305070903
enigma,epilepsy_rtle,L6 IT_3,0.011028543997515778,0.01353188558377653,0.8150042305070903
enigma,epilepsy_rtle,L6b_1,0.011263679082436992,0.013820393392840188,0.8150042305070903
enigma,epilepsy_rtle,L6b_2,0.016401926698131803,0.020124958968527847,0.8150042305070903
enigma,epilepsy_rtle,L6b_3,0.004239919742853827,0.005202328508424768,0.8150042305070903
enigma,epilepsy_rtle,Lamp5_1,0.004690538468773118,0.005755232050580517,0.8150042305070903
enigma,epilepsy_rtle,Lamp5_2,0.016396761674365552,0.020118621548950236,0.8150042305070903
enigma,epilepsy_rtle,Lamp5_Lhx6_1,0.007820952610242786,0.009596211059391239,0.8150042305070903
enigma,epilepsy_rtle,Micro-PVM_1,0.009346983960111029,0.011468632444147434,0.8150042305070903
enigma,epilepsy_rtle,Micro-PVM_2,0.009444431427029741,0.011588199267571259,0.8150042305070903
enigma,epilepsy_rtle,OPC_1,0.021854319468837178,0.02681497672133501,0.8150042305070903
enigma,epilepsy_rtle,Oligo_1,0.014207453341823197,0.017432367600084004,0.8150042305070903
enigma,epilepsy_rtle,Oligo_2,0.001114078957064505,0.0013669609498484841,0.8150042305070903
enigma,epilepsy_rtle,Pax6_1,0.002324502589165935,0.0028521356112711773,0.8150042305070903
enigma,epilepsy_rtle,Pax6_2,0.02055643965497007,0.02522249441844,0.8150042305070903
enigma,epilepsy_rtle,Pvalb_1,0.003986055030863228,0.0048908396811426745,0.8150042305070903
enigma,epilepsy_rtle,Pvalb_2,0.02433025418662024,0.029852917660908477,0.8150042305070903
enigma,epilepsy_rtle,Pvalb_3,0.018087534234867995,0.022193178339226596,0.8150042305070903
enigma,epilepsy_rtle,Pvalb_4,0.02350131314554128,0.028835817368603005,0.8150042305070903
enigma,epilepsy_rtle,Pvalb_5,0.012520924769006167,0.015363018129630725,0.8150042305070903
enigma,epilepsy_rtle,Sncg_1,0.025826529782549946,0.03168882910764874,0.8150042305070903
enigma,epilepsy_rtle,Sncg_2,0.007628766709716886,0.009360401362543012,0.8150042305070903
enigma,epilepsy_rtle,Sncg_3,0.017623632244890886,0.021623976398166152,0.8150042305070903
enigma,epilepsy_rtle,Sncg_4,0.006616468925051253,0.008118324638553753,0.8150042305070903
enigma,epilepsy_rtle,Sst_1,0.00804261888375252,0.009868192805267349,0.8150042305070903
enigma,epilepsy_rtle,Sst_10,0.009219660433517364,0.011312408069073398,0.8150042305070903
enigma,epilepsy_rtle,Sst_2,0.00932769074617993,0.01144495991189678,0.8150042305070903
enigma,epilepsy_rtle,Sst_3,0.010646406392541217,0.013063007520730406,0.8150042305070903
enigma,epilepsy_rtle,Sst_4,0.008260810847031525,0.010135911615933212,0.8150042305070903
enigma,epilepsy_rtle,Sst_5,0.0180660105964293,0.0221667691039944,0.8150042305070903
enigma,epilepsy_rtle,Sst_6,0.003491075247194651,0.004283505675820268,0.8150042305070903
enigma,epilepsy_rtle,Sst_7,0.007227032840519698,0.008867478928327876,0.8150042305070903
enigma,epilepsy_rtle,Sst_8,0.00899228660043574,0.011033423218970039,0.8150042305070903
enigma,epilepsy_rtle,Sst_9,0.008974208770418731,0.011011241947584785,0.8150042305070903
enigma,epilepsy_rtle,VLMC_1,0.0023864471214012336,0.0029281407777679903,0.8150042305070903
enigma,epilepsy_rtle,Vip_1,0.004210030097300568,0.005165654287071756,0.8150042305070903
enigma,epilepsy_rtle,Vip_2,0.005293972877345825,0.006495638524541094,0.8150042305070903
enigma,epilepsy_rtle,Vip_3,0.02076092572141266,0.025473396265066436,0.8150042305070903
enigma,epilepsy_rtle,Vip_4,0.009637089871814535,0.011824588770316445,0.8150042305070903
enigma,epilepsy_rtle,Vip_5,0.010585964443028253,0.012988846004445567,0.8150042305070903
enigma,epilepsy_rtle,Vip_6,0.005610050742365486,0.006883462112675108,0.8150042305070903
enigma,epilepsy_rtle,Vip_7,0.010098473632159327,0.012390700875106039,0.8150042305070903
enigma,epilepsy_rtle,Vip_8,0.004714613166069302,0.005784771403132351,0.8150042305070903
enigma,epilepsy_rtle,Vip_9,0.006776253308885682,0.008314378079570878,0.8150042305070903
enigma,epilepsy_ltle,Astro_1,0.006663755425768986,0.013849362410640989,0.4811597262159138
enigma,epilepsy_ltle,Astro_2,0.004069018289099497,0.008456689260134754,0.4811597262159138
enigma,epilepsy_ltle,Chandelier_1,0.0025589384757998,0.005318272366485452,0.4811597262159138
enigma,epilepsy_ltle,Endo_1,0.005212438097836072,0.010833072291459953,0.4811597262159138
enigma,epilepsy_ltle,L2/3 IT_1,0.0038030135951705266,0.007903848530880527,0.4811597262159138
enigma,epilepsy_ltle,L2/3 IT_2,0.00660367148546252,0.01372448924060451,0.4811597262159138
enigma,epilepsy_ltle,L2/3 IT_3,0.001811810942589185,0.003765508299786836,0.4811597262159138
enigma,epilepsy_ltle,L2/3 IT_4,0.007825721826795999,0.016264291046013925,0.4811597262159138
enigma,epilepsy_ltle,L2/3 IT_5,0.0042981390743307354,0.008932873721858435,0.4811597262159138
enigma,epilepsy_ltle,L2/3 IT_6,0.0073417757343888215,0.015258500107912815,0.4811597262159138
enigma,epilepsy_ltle,L2/3 IT_7,0.003356359988299823,0.006975563010428895,0.4811597262159138
enigma,epilepsy_ltle,L2/3 IT_8,0.004392212800462979,0.009128388269329163,0.4811597262159138
enigma,epilepsy_ltle,L4 IT_1,0.007145787190079893,0.014851174777818622,0.4811597262159138
enigma,epilepsy_ltle,L4 IT_2,0.009145104639561868,0.019006380088133414,0.4811597262159138
enigma,epilepsy_ltle,L4 IT_3,0.0074593901543928,0.015502939560335318,0.4811597262159138
enigma,epilepsy_ltle,L5 ET_1,0.016911876477292965,0.03514815466850605,0.4811597262159138
enigma,epilepsy_ltle,L5 IT_1,0.005727765605549262,0.011904083599422048,0.4811597262159138
enigma,epilepsy_ltle,L5 IT_2,0.007295313700445772,0.015161937508402563,0.4811597262159138
enigma,epilepsy_ltle,L5 IT_3,0.004520917936863153,0.009395877689967871,0.4811597262159138
enigma,epilepsy_ltle,L5 IT_4,0.004948152906992798,0.010283805225985149,0.4811597262159138
enigma,epilepsy_ltle,L5 IT_5,0.0023468683961663755,0.00487752458964791,0.4811597262159138
enigma,epilepsy_ltle,L5/6 NP_1,0.009485094454721876,0.01971298497760299,0.4811597262159138
enigma,epilepsy_ltle,L5/6 NP_2,0.004903149077935238,0.010190273231087128,0.4811597262159138
enigma,epilepsy_ltle,L6 CT_1,0.005389177831391432,0.011200392588495887,0.4811597262159138
enigma,epilepsy_ltle,L6 CT_2,0.004006458277619499,0.00832667004183483,0.4811597262159138
enigma,epilepsy_ltle,L6 IT Car3_1,0.005650674566609445,0.011743864373373972,0.4811597262159138
enigma,epilepsy_ltle,L6 IT_1,0.004368227909695426,0.009078540184668832,0.4811597262159138
enigma,epilepsy_ltle,L6 IT_2,0.017490359110165016,0.03635042202662751,0.4811597262159138
enigma,epilepsy_ltle,L6 IT_3,0.00727371925587687,0.015117057516598736,0.4811597262159138
enigma,epilepsy_ltle,L6b_1,0.01054533304375822,0.02191649148754014,0.4811597262159138
enigma,epilepsy_ltle,L6b_2,0.006697371088142737,0.013919226242840997,0.4811597262159138
enigma,epilepsy_ltle,L6b_3,0.006583793555854747,0.013683176702325165,0.4811597262159138
enigma,epilepsy_ltle,Lamp5_1,0.006460549731318755,0.013427037591295977,0.4811597262159138
enigma,epilepsy_ltle,Lamp5_2,0.00359021267043463,0.007461581829946364,0.4811597262159138
enigma,epilepsy_ltle,Lamp5_Lhx6_1,0.002172134726352506,0.004514373518821462,0.4811597262159138
enigma,epilepsy_ltle,Micro-PVM_1,0.0037572325418903695,0.007808701221607153,0.4811597262159138
enigma,epilepsy_ltle,Micro-PVM_2,0.01019041645445377,0.02117886410526587,0.4811597262159138
enigma,epilepsy_ltle,OPC_1,0.006608776740450079,0.013735099552959014,0.4811597262159138
enigma,epilepsy_ltle,Oligo_1,0.01155196731259215,0.0240085914992153,0.4811597262159138
enigma,epilepsy_ltle,Oligo_2,0.003073034455974696,0.006386724176070618,0.4811597262159138
enigma,epilepsy_ltle,Pax6_1,0.00303724413618127,0.006312340727408155,0.4811597262159138
enigma,epilepsy_ltle,Pax6_2,0.01614827437618882,0.03356115131078636,0.4811597262159138
enigma,epilepsy_ltle,Pvalb_1,0.0018472422810551464,0.003839145673273207,0.4811597262159138
enigma,epilepsy_ltle,Pvalb_2,0.010436589368247958,0.021690488209241108,0.4811597262159138
enigma,epilepsy_ltle,Pvalb_3,0.008791336012256044,0.018271138528977906,0.4811597262159138
enigma,epilepsy_ltle,Pvalb_4,0.006254260963833515,0.012998305184476311,0.4811597262159138
enigma,epilepsy_ltle,Pvalb_5,0.013536507784760907,0.028133085641267045,0.4811597262159138
enigma,epilepsy_ltle,Sncg_1,0.004842181331286983,0.010063563235785285,0.4811597262159138
enigma,epilepsy_ltle,Sncg_2,0.0024427014589520663,0.005076695587477198,0.4811597262159138
enigma,epilepsy_ltle,Sncg_3,0.002614558687712615,0.005433868516541985,0.4811597262159138
enigma,epilepsy_ltle,Sncg_4,0.004174328360627756,0.008675556438309601,0.4811597262159138
enigma,epilepsy_ltle,Sst_1,0.006190206513092511,0.01286518005522919,0.4811597262159138
enigma,epilepsy_ltle,Sst_10,0.0039464884751638256,0.0082020340858555,0.4811597262159138
enigma,epilepsy_ltle,Sst_2,0.004629281192985217,0.0096210903381134,0.4811597262159138
enigma,epilepsy_ltle,Sst_3,0.006998981817207497,0.01454606741975491,0.4811597262159138
enigma,epilepsy_ltle,Sst_4,0.017735539754256464,0.03685998388464018,0.4811597262159138
enigma,epilepsy_ltle,Sst_5,0.0071559277656769,0.014872250057075176,0.4811597262159138
enigma,epilepsy_ltle,Sst_6,0.007084827139836322,0.014724480778046464,0.4811597262159138
enigma,epilepsy_ltle,Sst_7,0.00856729908711251,0.01780551991433309,0.4811597262159138
enigma,epilepsy_ltle,Sst_8,0.0058835370526246185,0.012227825256481384,0.4811597262159138
enigma,epilepsy_ltle,Sst_9,0.0034588792989648644,0.007188630117003475,0.4811597262159138
enigma,epilepsy_ltle,VLMC_1,0.009460272656518552,0.01966139753823325,0.4811597262159138
enigma,epilepsy_ltle,Vip_1,0.004325120051794646,0.008988948609247914,0.4811597262159138
enigma,epilepsy_ltle,Vip_2,0.006548685917823886,0.013610212079315327,0.4811597262159138
enigma,epilepsy_ltle,Vip_3,0.0063657873160320325,0.013230091732938333,0.4811597262159138
enigma,epilepsy_ltle,Vip_4,0.00486353750480398,0.010107948026018982,0.4811597262159138
enigma,epilepsy_ltle,Vip_5,0.008140119332306581,0.016917707132981897,0.4811597262159138
enigma,epilepsy_ltle,Vip_6,0.00964209523931217,0.020039281581487586,0.4811597262159138
enigma,epilepsy_ltle,Vip_7,0.02353933339717027,0.048922077461253106,0.4811597262159138
enigma,epilepsy_ltle,Vip_8,0.0036492757380202022,0.007584333308026366,0.4811597262159138
enigma,epilepsy_ltle,Vip_9,0.0056135906555203315,0.011666792438487068,0.4811597262159138
enigma,depression,Astro_1,0.00319563088059161,0.017850418892386234,0.1790227388980013
enigma,depression,Astro_2,0.0018554503263895619,0.010364327670390016,0.1790227388980013
enigma,depression,Chandelier_1,0.0023552631237167432,0.013156223272054065,0.1790227388980013
enigma,depression,Endo_1,0.001462810473330068,0.008171087551975776,0.1790227388980013
enigma,depression,L2/3 IT_1,0.0012185758742340516,0.006806821757588786,0.1790227388980013
enigma,depression,L2/3 IT_2,0.0024328547849878086,0.013589641181693318,0.1790227388980013
enigma,depression,L2/3 IT_3,0.004089515775833976,0.022843554964065146,0.1790227388980013
enigma,depression,L2/3 IT_4,0.0021303283709254136,0.01189976415308434,0.1790227388980013
enigma,depression,L2/3 IT_5,0.0013086735639092004,0.007310096873530802,0.1790227388980013
enigma,depression,L2/3 IT_6,0.004061568478658415,0.022687444643400886,0.1790227388980013
enigma,depression,L2/3 IT_7,0.005770820293438717,0.03223512459345546,0.1790227388980013
enigma,depression,L2/3 IT_8,0.0014387444053042214,0.008036657321637504,0.1790227388980013
enigma,depression,L4 IT_1,0.002485704760248498,0.013884854938258626,0.1790227388980013
enigma,depression,L4 IT_2,0.005675757320276201,0.03170411398693872,0.1790227388980013
enigma,depression,L4 IT_3,0.005092480724513275,0.028445999406895062,0.1790227388980013
enigma,depression,L5 ET_1,0.0022761743601325836,0.0127144427246722,0.1790227388980013
enigma,depression,L5 IT_1,0.003197801167413462,0.017862541859754576,0.1790227388980013
enigma,depression,L5 IT_2,0.00434323351012498,0.024260792438213948,0.1790227388980013
enigma,depression,L5 IT_3,0.004027083524622324,0.022494815739115496,0.1790227388980013
enigma,depression,L5 IT_4,0.004480050330935294,0.02502503513527304,0.1790227388980013
enigma,depression,L5 IT_5,0.0015498411229200664,0.008657230542110591,0.1790227388980013
enigma,depression,L5/6 NP_1,0.0027664459778237722,0.015453042417142118,0.1790227388980013
enigma,depression,L5/6 NP_2,0.0014930662351365315,0.008340092685025951,0.1790227388980013
enigma,depression,L6 CT_1,0.0016726138567331012,0.009343024618152432,0.1790227388980013
enigma,depression,L6 CT_2,0.0019654162135687107,0.0109785842048172,0.1790227388980013
enigma,depression,L6 IT Car3_1,0.0010831125915137295,0.006050139765378273,0.1790227388980013
enigma,depression,L6 IT_1,0.0014687424043262607,0.008204222622038427,0.1790227388980013
enigma,depression,L6 IT_2,0.0021432908743620003,0.011972171175322852,0.1790227388980013
enigma,depression,L6 IT_3,0.002072495424647047,0.011576716105476729,0.1790227388980013
enigma,depression,L6b_1,0.0024226263104024136,0.013532506123608753,0.1790227388980013
enigma,depression,L6b_2,0.002723220441139562,0.01521158964443687,0.1790227388980013
enigma,depression,L6b_3,0.0022528595438841325,0.012584208898556208,0.1790227388980013
enigma,depression,Lamp5_1,0.0033560432597106826,0.018746463607747604,0.1790227388980013
enigma,depression,Lamp5_2,0.0018980188415371154,0.010602110397933956,0.1790227388980013
enigma,depression,Lamp5_Lhx6_1,0.0018907691886051045,0.010561614687854683,0.1790227388980013
enigma,depression,Micro-PVM_1,0.0014046393843241516,0.00784615067879421,0.1790227388980013
enigma,depression,Micro-PVM_2,0.003966973872083998,0.022159050277653233,0.1790227388980013
enigma,depression,OPC_1,0.0037733097492088164,0.021077265225836313,0.1790227388980013
enigma,depression,Oligo_1,0.0029319892746086816,0.016377747836151646,0.1790227388980013
enigma,depression,Oligo_2,0.0020442667124483983,0.011419033833535108,0.1790227388980013
enigma,depression,Pax6_1,0.0018388850006938726,0.010271795706028063,0.1790227388980013
enigma,depression,Pax6_2,0.0010877403342083036,0.006075989792715923,0.1790227388980013
enigma,depression,Pvalb_1,0.0026107331929957726,0.014583249083700173,0.1790227388980013
enigma,depression,Pvalb_2,0.000761273724658821,0.004252385642991189,0.1790227388980013
enigma,depression,Pvalb_3,0.002466062502353795,0.013775135591902887,0.1790227388980013
enigma,depression,Pvalb_4,0.0021946456313452403,0.012259032818147452,0.1790227388980013
enigma,depression,Pvalb_5,0.0038478340564719305,0.021493549256132456,0.1790227388980013
enigma,depression,Sncg_1,0.002189609433877586,0.01223090121040502,0.1790227388980013
enigma,depression,Sncg_2,0.0016296129640518287,0.00910282668047161,0.1790227388980013
enigma,depression,Sncg_3,0.0022077302622468477,0.012332122030066292,0.1790227388980013
enigma,depression,Sncg_4,0.003413378354201516,0.019066730713724014,0.1790227388980013
enigma,depression,Sst_1,0.0012724190926841385,0.007107583653991031,0.1790227388980013
enigma,depression,Sst_10,0.0028009539257310124,0.015645799762491978,0.1790227388980013
enigma,depression,Sst_2,0.0033881677066677075,0.01892590699664206,0.1790227388980013
enigma,depression,Sst_3,0.0011405839148004723,0.0063711678294136875,0.1790227388980013
enigma,depression,Sst_4,0.0026902167235956795,0.015027234753281469,0.1790227388980013
enigma,depression,Sst_5,0.0034468455009621407,0.019253674266071812,0.1790227388980013
enigma,depression,Sst_6,0.00203398574293888,0.011361605544967944,0.1790227388980013
enigma,depression,Sst_7,0.003816881602796767,0.021320652484103968,0.1790227388980013
enigma,depression,Sst_8,0.0023981961301277233,0.013396042004999723,0.1790227388980013
enigma,depression,Sst_9,0.001344465675905555,0.007510027408705707,0.1790227388980013
enigma,depression,VLMC_1,0.0010089883402730777,0.0056360904010520785,0.1790227388980013
enigma,depression,Vip_1,0.0017492004704611416,0.009770828450221362,0.1790227388980013
enigma,depression,Vip_2,0.004059359254574759,0.022675104177059823,0.1790227388980013
enigma,depression,Vip_3,0.0034362156703284926,0.019194297280225873,0.1790227388980013
enigma,depression,Vip_4,0.0038008858880095087,0.02123130229939714,0.1790227388980013
enigma,depression,Vip_5,0.0019176412099841341,0.0107117186441702,0.1790227388980013
enigma,depression,Vip_6,0.0010893699368487862,0.006085092561730149,0.1790227388980013
enigma,depression,Vip_7,0.0022473472381737934,0.012553417806071136,0.1790227388980013
enigma,depression,Vip_8,0.00259773067825105,0.014510618562992236,0.1790227388980013
enigma,depression,Vip_9,0.0007575154092102692,0.004231392134168306,0.1790227388980013
enigma,ocd,Astro_1,0.0015215634988183485,0.01738127407511774,0.08754038928576308
enigma,ocd,Astro_2,0.0006296896456030662,0.007193132801220868,0.08754038928576308
enigma,ocd,Chandelier_1,0.0006212894163448936,0.007097174474707705,0.08754038928576308
enigma,ocd,Endo_1,0.0014052556843473182,0.01605265518936707,0.08754038928576308
enigma,ocd,L2/3 IT_1,0.0007213031117180493,0.008239660773765336,0.08754038928576308
enigma,ocd,L2/3 IT_2,0.0008861877548859256,0.010123187275225523,0.08754038928576308
enigma,ocd,L2/3 IT_3,0.0016970406619788154,0.019385802094608797,0.08754038928576308
enigma,ocd,L2/3 IT_4,0.0011028214416346847,0.012597858550008063,0.08754038928576308
enigma,ocd,L2/3 IT_5,0.0007845267095850781,0.008961882806165082,0.08754038928576308
enigma,ocd,L2/3 IT_6,0.0008314388492657695,0.00949777418228809,0.08754038928576308
enigma,ocd,L2/3 IT_7,0.0008478628677964341,0.009685390648980404,0.08754038928576308
enigma,ocd,L2/3 IT_8,0.0010029745002271561,0.01145727713128039,0.08754038928576308
enigma,ocd,L4 IT_1,0.0014223975604327336,0.01624847195720732,0.08754038928576308
enigma,ocd,L4 IT_2,0.0029207514769586367,0.03336461604510647,0.08754038928576308
enigma,ocd,L4 IT_3,0.0036044226084101824,0.04117439547411721,0.08754038928576308
enigma,ocd,L5 ET_1,0.0007365570170385457,0.00841391068794726,0.08754038928576308
enigma,ocd,L5 IT_1,0.0008354282044398491,0.009543345777372696,0.08754038928576308
enigma,ocd,L5 IT_2,0.00035460811633042567,0.004050794373016303,0.08754038928576308
enigma,ocd,L5 IT_3,0.003760379037529846,0.042955932321189785,0.08754038928576308
enigma,ocd,L5 IT_4,0.002436832962426651,0.027836670390760525,0.08754038928576308
enigma,ocd,L5 IT_5,0.0005995936774953484,0.006849337573060826,0.08754038928576308
enigma,ocd,L5/6 NP_1,0.0013581617020436375,0.015514686570676684,0.08754038928576308
enigma,ocd,L5/6 NP_2,0.001226149445701587,0.014006671157230036,0.08754038928576308
enigma,ocd,L6 CT_1,0.0016581536957117511,0.018941584670122334,0.08754038928576308
enigma,ocd,L6 CT_2,0.0012811212218711923,0.014634630166986753,0.08754038928576308
enigma,ocd,L6 IT Car3_1,0.0021171008327173055,0.024184274824348026,0.08754038928576308
enigma,ocd,L6 IT_1,0.0007988677615143464,0.009125704923547424,0.08754038928576308
enigma,ocd,L6 IT_2,0.0011613788257852796,0.013266777030133195,0.08754038928576308
enigma,ocd,L6 IT_3,0.0008519021272468867,0.009731532315511805,0.08754038928576308
enigma,ocd,L6b_1,0.0034561753806323222,0.03948092313537849,0.08754038928576308
enigma,ocd,L6b_2,0.0009926266496409978,0.011339070544919673,0.08754038928576308
enigma,ocd,L6b_3,0.0014877326028532162,0.016994813651064835,0.08754038928576308
enigma,ocd,Lamp5_1,0.0019140581392374809,0.02186485752295791,0.08754038928576308
enigma,ocd,Lamp5_2,0.000190883775065946,0.0021805223465803107,0.08754038928576308
enigma,ocd,Lamp5_Lhx6_1,0.00022971338996952728,0.0026240846293207674,0.08754038928576308
enigma,ocd,Micro-PVM_1,0.0019862102265056354,0.022689072355183804,0.08754038928576308
enigma,ocd,Micro-PVM_2,0.0016299764510081403,0.01861970759219856,0.08754038928576308
enigma,ocd,OPC_1,0.0003294034303583196,0.0037628737208721934,0.08754038928576308
enigma,ocd,Oligo_1,0.002073684154026274,0.023688313142600143,0.08754038928576308
enigma,ocd,Oligo_2,0.00024294273520854035,0.0027752073893056216,0.08754038928576308
enigma,ocd,Pax6_1,0.0008378628713898305,0.009571157704756682,0.08754038928576308
enigma,ocd,Pax6_2,0.0012748124399386317,0.014562563067628004,0.08754038928576308
enigma,ocd,Pvalb_1,0.0017004088989912795,0.019424278471512593,0.08754038928576308
enigma,ocd,Pvalb_2,0.000546516430183944,0.006243020332019763,0.08754038928576308
enigma,ocd,Pvalb_3,0.0006390336004111725,0.007299871586418684,0.08754038928576308
enigma,ocd,Pvalb_4,0.0015793164970469226,0.018041003814724538,0.08754038928576308
enigma,ocd,Pvalb_5,0.0015740132209772215,0.017980422909008097,0.08754038928576308
enigma,ocd,Sncg_1,0.0006295484968963832,0.007191520417407697,0.08754038928576308
enigma,ocd,Sncg_2,0.0005078720290760262,0.005801573801758531,0.08754038928576308
enigma,ocd,Sncg_3,0.0006596088076659608,0.0075349083211494776,0.08754038928576308
enigma,ocd,Sncg_4,0.0016018173668606705,0.018298037967729008,0.08754038928576308
enigma,ocd,Sst_1,0.0007819599573746002,0.0089325620294194,0.08754038928576308
enigma,ocd,Sst_10,0.0025540280556493825,0.029175424926568733,0.08754038928576308
enigma,ocd,Sst_2,0.0012082542795576006,0.013802249332173146,0.08754038928576308
enigma,ocd,Sst_3,0.0006105149287860578,0.006974094286845345,0.08754038928576308
enigma,ocd,Sst_4,0.0007214864231503287,0.008241754794979714,0.08754038928576308
enigma,ocd,Sst_5,0.0005754233691679405,0.006573232925541983,0.08754038928576308
enigma,ocd,Sst_6,0.0012534554901529264,0.014318596254595126,0.08754038928576308
enigma,ocd,Sst_7,0.0009357928476858748,0.010689841058749613,0.08754038928576308
enigma,ocd,Sst_8,0.001994170260894615,0.022780002204296025,0.08754038928576308
enigma,ocd,Sst_9,0.0009504473239191796,0.01085724351552265,0.08754038928576308
enigma,ocd,VLMC_1,0.002033365165811439,0.023227737303906763,0.08754038928576308
enigma,ocd,Vip_1,0.0015199225353541177,0.017362528859593575,0.08754038928576308
enigma,ocd,Vip_2,0.0012115072247026641,0.013839408695657866,0.08754038928576308
enigma,ocd,Vip_3,0.0013860475940789168,0.015833235440093404,0.08754038928576308
enigma,ocd,Vip_4,0.00145674067629693,0.016640783622078815,0.08754038928576308
enigma,ocd,Vip_5,0.0008122382093830064,0.009278439540993713,0.08754038928576308
enigma,ocd,Vip_6,0.0005282005580298717,0.0060337926566174675,0.08754038928576308
enigma,ocd,Vip_7,0.0008615311256625902,0.009841527238932477,0.08754038928576308
enigma,ocd,Vip_8,0.00046636389471155053,0.005327413991605318,0.08754038928576308
enigma,ocd,Vip_9,0.0004189613555893034,0.004785920636263839,0.08754038928576308
enigma,schizophrenia,Astro_1,0.0031561538062124324,0.00484231628133019,0.6517859682939655
enigma,schizophrenia,Astro_2,0.005585670649575811,0.00856979272535764,0.6517859682939655
enigma,schizophrenia,Chandelier_1,0.01183064977266225,0.018151126824084138,0.6517859682939655
enigma,schizophrenia,Endo_1,0.01071856630777798,0.0164449172415196,0.6517859682939655
enigma,schizophrenia,L2/3 IT_1,0.002881208981721289,0.004420483290339597,0.6517859682939655
enigma,schizophrenia,L2/3 IT_2,0.012053571222692993,0.018493143162076554,0.6517859682939655
enigma,schizophrenia,L2/3 IT_3,0.009554103472182017,0.014658344820140359,0.6517859682939655
enigma,schizophrenia,L2/3 IT_4,0.00433706297590742,0.006654121424644321,0.6517859682939655
enigma,schizophrenia,L2/3 IT_5,0.004404311103686633,0.0067572965941792434,0.6517859682939655
enigma,schizophrenia,L2/3 IT_6,0.018603684037551683,0.028542627399982833,0.6517859682939655
enigma,schizophrenia,L2/3 IT_7,0.01220183271630909,0.018720612762264735,0.6517859682939655
enigma,schizophrenia,L2/3 IT_8,0.0026282842329723183,0.004032434511979125,0.6517859682939655
enigma,schizophrenia,L4 IT_1,0.01849867610085493,0.028381519395507673,0.6517859682939655
enigma,schizophrenia,L4 IT_2,0.0025011723992517674,0.003837413692409684,0.6517859682939655
enigma,schizophrenia,L4 IT_3,0.009568200047261702,0.014679972433751898,0.6517859682939655
enigma,schizophrenia,L5 ET_1,0.00813976734604912,0.012488405307887758,0.6517859682939655
enigma,schizophrenia,L5 IT_1,0.014927666588940652,0.022902712416490754,0.6517859682939655
enigma,schizophrenia,L5 IT_2,0.009106772413326735,0.013972028942512368,0.6517859682939655
enigma,schizophrenia,L5 IT_3,0.008505907622031577,0.013050154553488765,0.6517859682939655
enigma,schizophrenia,L5 IT_4,0.010862759463500302,0.016666145010659435,0.6517859682939655
enigma,schizophrenia,L5 IT_5,0.005108784288578012,0.00783813174430578,0.6517859682939655
enigma,schizophrenia,L5/6 NP_1,0.006423450595419956,0.009855153237240113,0.6517859682939655
enigma,schizophrenia,L5/6 NP_2,0.009817809878742523,0.0150629353136282,0.6517859682939655
enigma,schizophrenia,L6 CT_1,0.009497043994401056,0.014570801545880693,0.6517859682939655
enigma,schizophrenia,L6 CT_2,0.0025393417954245835,0.0038959749349487395,0.6517859682939655
enigma,schizophrenia,L6 IT Car3_1,0.016065637201100456,0.024648639250629902,0.6517859682939655
enigma,schizophrenia,L6 IT_1,0.01024014007266681,0.015710893714803553,0.6517859682939655
enigma,schizophrenia,L6 IT_2,0.0036354468437243665,0.005577669696142836,0.6517859682939655
enigma,schizophrenia,L6 IT_3,0.014298355574279234,0.021937194523694404,0.6517859682939655
enigma,schizophrenia,L6b_1,0.0028720506471324836,0.004406432152336769,0.6517859682939655
enigma,schizophrenia,L6b_2,0.0034706940797749287,0.005324898430783021,0.6517859682939655
enigma,schizophrenia,L6b_3,0.014375005018897956,0.02205479362577288,0.6517859682939655
enigma,schizophrenia,Lamp5_1,0.020866490692692533,0.032014329408333354,0.6517859682939655
enigma,schizophrenia,Lamp5_2,0.00720061489774818,0.011047514441888985,0.6517859682939655
enigma,schizophrenia,Lamp5_Lhx6_1,0.0043310945461001536,0.006644964385220952,0.6517859682939655
enigma,schizophrenia,Micro-PVM_1,0.005243922586728729,0.008045467134640185,0.6517859682939655
enigma,schizophrenia,Micro-PVM_2,0.01954324791867095,0.029984149505128108,0.6517859682939655
enigma,schizophrenia,OPC_1,0.010389468016967043,0.015939999512663998,0.6517859682939655
enigma,schizophrenia,Oligo_1,0.004646657709603227,0.0071291158994504665,0.6517859682939655
enigma,schizophrenia,Oligo_2,0.002535670609006063,0.0038903424319537304,0.6517859682939655
enigma,schizophrenia,Pax6_1,0.0049182858870601785,0.007545860338070297,0.6517859682939655
enigma,schizophrenia,Pax6_2,0.007799868968240322,0.0119669175889998,0.6517859682939655
enigma,schizophrenia,Pvalb_1,0.011408995306740895,0.017504205155879117,0.6517859682939655
enigma,schizophrenia,Pvalb_2,0.004562771328563313,0.007000413556778861,0.6517859682939655
enigma,schizophrenia,Pvalb_3,0.0041904752089989275,0.006429219732924595,0.6517859682939655
enigma,schizophrenia,Pvalb_4,0.004718551505497588,0.007239418666603526,0.6517859682939655
enigma,schizophrenia,Pvalb_5,0.0024956138504128754,0.0038288855112132685,0.6517859682939655
enigma,schizophrenia,Sncg_1,0.008560041704371652,0.013133209551560861,0.6517859682939655
enigma,schizophrenia,Sncg_2,0.02185570746474122,0.033532031261654834,0.6517859682939655
enigma,schizophrenia,Sncg_3,0.007630033492742052,0.011706348193891755,0.6517859682939655
enigma,schizophrenia,Sncg_4,0.0027109219967139764,0.004159221168583532,0.6517859682939655
enigma,schizophrenia,Sst_1,0.00885049425574357,0.013578835210137358,0.6517859682939655
enigma,schizophrenia,Sst_10,0.02521442608788557,0.03868513179853156,0.6517859682939655
enigma,schizophrenia,Sst_2,0.0032385954156059853,0.004968801988915062,0.6517859682939655
enigma,schizophrenia,Sst_3,0.013412998283902753,0.020578838662346416,0.6517859682939655
enigma,schizophrenia,Sst_4,0.013047075877170593,0.020017423681766282,0.6517859682939655
enigma,schizophrenia,Sst_5,0.008234315552940168,0.012633465513983519,0.6517859682939655
enigma,schizophrenia,Sst_6,0.0029606248543473696,0.004542326773460214,0.6517859682939655
enigma,schizophrenia,Sst_7,0.006547051177860484,0.010044786933657434,0.6517859682939655
enigma,schizophrenia,Sst_8,0.01856834278362526,0.028488405223308907,0.6517859682939655
enigma,schizophrenia,Sst_9,0.012271307819467095,0.018827204659816407,0.6517859682939655
enigma,schizophrenia,VLMC_1,0.0036414003965249365,0.0055868039105785245,0.6517859682939655
enigma,schizophrenia,Vip_1,0.022785913822235968,0.03495919662382049,0.6517859682939655
enigma,schizophrenia,Vip_2,0.012624250480872965,0.01936870551834162,0.6517859682939655
enigma,schizophrenia,Vip_3,0.009474911816093456,0.014536845340340504,0.6517859682939655
enigma,schizophrenia,Vip_4,0.013694926134393534,0.02101138533288724,0.6517859682939655
enigma,schizophrenia,Vip_5,0.009676583257439053,0.014846258937987394,0.6517859682939655
enigma,schizophrenia,Vip_6,0.009926844061156414,0.015230220569399024,0.6517859682939655
enigma,schizophrenia,Vip_7,0.011951702301467275,0.018336851179460913,0.6517859682939655
enigma,schizophrenia,Vip_8,0.006794219800274927,0.010424004398343581,0.6517859682939655
enigma,schizophrenia,Vip_9,0.004851769172747287,0.007443807336703917,0.6517859682939655
enigma,bipolar,Astro_1,0.0017657215370202538,0.006646359798178556,0.26566746168393596
enigma,bipolar,Astro_2,0.001312851115038112,0.004941708354935872,0.26566746168393596
enigma,bipolar,Chandelier_1,0.0032724569992988598,0.012317869032798964,0.26566746168393596
enigma,bipolar,Endo_1,0.008703959944303157,0.03276261191014141,0.26566746168393596
enigma,bipolar,L2/3 IT_1,0.0069489413017714986,0.02615653892172403,0.26566746168393596
enigma,bipolar,L2/3 IT_2,0.0030936781444961324,0.011644926800168983,0.26566746168393596
enigma,bipolar,L2/3 IT_3,0.006319459160876502,0.023787102571088473,0.26566746168393596
enigma,bipolar,L2/3 IT_4,0.002857979279311984,0.010757731719182519,0.26566746168393596
enigma,bipolar,L2/3 IT_5,0.0013657392839711469,0.00514078493208914,0.26566746168393596
enigma,bipolar,L2/3 IT_6,0.004326390962663668,0.016284986257785555,0.26566746168393596
enigma,bipolar,L2/3 IT_7,0.0030028896679311226,0.011303189517064964,0.26566746168393596
enigma,bipolar,L2/3 IT_8,0.0007650397135486169,0.002879689174953548,0.26566746168393596
enigma,bipolar,L4 IT_1,0.00673288738769428,0.025343289483092148,0.26566746168393596
enigma,bipolar,L4 IT_2,0.0017974043933727808,0.006765617369849941,0.26566746168393596
enigma,bipolar,L4 IT_3,0.007406937416910747,0.027880484007946616,0.26566746168393596
enigma,bipolar,L5 ET_1,0.004231713601031139,0.015928610806187474,0.26566746168393596
enigma,bipolar,L5 IT_1,0.002574885533302761,0.00969213736970957,0.26566746168393596
enigma,bipolar,L5 IT_2,0.0011975604773384152,0.004507742384963765,0.26566746168393596
enigma,bipolar,L5 IT_3,0.000999239705798687,0.0037612423420805684,0.26566746168393596
enigma,bipolar,L5 IT_4,0.0026402718955153685,0.009938258448287109,0.26566746168393596
enigma,bipolar,L5 IT_5,0.0010454078505908462,0.003935024048351716,0.26566746168393596
enigma,bipolar,L5/6 NP_1,0.003988498522137062,0.015013123913842978,0.26566746168393596
enigma,bipolar,L5/6 NP_2,0.00227224678312778,0.008552973588579949,0.26566746168393596
enigma,bipolar,L6 CT_1,0.0013449376265890945,0.005062485326822462,0.26566746168393596
enigma,bipolar,L6 CT_2,0.001208767490473951,0.004549926749825386,0.26566746168393596
enigma,bipolar,L6 IT Car3_1,0.004493846800199576,0.01691530747391977,0.26566746168393596
enigma,bipolar,L6 IT_1,0.00467728124157984,0.01760577381939378,0.26566746168393596
enigma,bipolar,L6 IT_2,0.0034914762121511073,0.013142280164911237,0.26566746168393596
enigma,bipolar,L6 IT_3,0.005548232284319306,0.0208841242700622,0.26566746168393596
enigma,bipolar,L6b_1,0.001719479431416605,0.006472299695708563,0.26566746168393596
enigma,bipolar,L6b_2,0.0013338187312126593,0.005020632646385205,0.26566746168393596
enigma,bipolar,L6b_3,0.004905893841690718,0.018466295460477768,0.26566746168393596
enigma,bipolar,Lamp5_1,0.00605020662015599,0.022773607960141946,0.26566746168393596
enigma,bipolar,Lamp5_2,0.0019867816106366593,0.0074784529428008365,0.26566746168393596
enigma,bipolar,Lamp5_Lhx6_1,0.0020648493543083796,0.007772308062192903,0.26566746168393596
enigma,bipolar,Micro-PVM_1,0.0018098400662220203,0.006812426537861771,0.26566746168393596
enigma,bipolar,Micro-PVM_2,0.009463807610295884,0.035622757677245986,0.26566746168393596
enigma,bipolar,OPC_1,0.004108717062542042,0.01546563902293076,0.26566746168393596
enigma,bipolar,Oligo_1,0.005121522104604163,0.0192779427037897,0.26566746168393596
enigma,bipolar,Oligo_2,0.0016923463875682784,0.006370168092250828,0.26566746168393596
enigma,bipolar,Pax6_1,0.002494696046240136,0.009390295787174987,0.26566746168393596
enigma,bipolar,Pax6_2,0.003399524661213381,0.01279616494871242,0.26566746168393596
enigma,bipolar,Pvalb_1,0.007742824297062358,0.02914479721372119,0.26566746168393596
enigma,bipolar,Pvalb_2,0.0018004572732666347,0.006777108727784794,0.26566746168393596
enigma,bipolar,Pvalb_3,0.0016632398882473751,0.006260608196822117,0.26566746168393596
enigma,bipolar,Pvalb_4,0.0022713057623666754,0.008549431488410286,0.26566746168393596
enigma,bipolar,Pvalb_5,0.0021983914653371053,0.00827497447900687,0.26566746168393596
enigma,bipolar,Sncg_1,0.001345921805407744,0.005066189878416441,0.26566746168393596
enigma,bipolar,Sncg_2,0.005849544262754095,0.02201829394415371,0.26566746168393596
enigma,bipolar,Sncg_3,0.0011369007263451758,0.004279412763380652,0.26566746168393596
enigma,bipolar,Sncg_4,0.0020891847867127466,0.007863909164752157,0.26566746168393596
enigma,bipolar,Sst_1,0.0066306671844196,0.024958521989825354,0.26566746168393596
enigma,bipolar,Sst_10,0.011950142718744425,0.04498158202362578,0.26566746168393596
enigma,bipolar,Sst_2,0.005938356461963998,0.02235259231342696,0.26566746168393596
enigma,bipolar,Sst_3,0.004246448365326648,0.01598407399389632,0.26566746168393596
enigma,bipolar,Sst_4,0.0022738684116637774,0.008559077567312305,0.26566746168393596
enigma,bipolar,Sst_5,0.0031781825734306483,0.011963010273391047,0.26566746168393596
enigma,bipolar,Sst_6,0.0013970420274980746,0.005258611719489129,0.26566746168393596
enigma,bipolar,Sst_7,0.003534897155020085,0.013305721116971203,0.26566746168393596
enigma,bipolar,Sst_8,0.008002776760340965,0.030123285364399847,0.26566746168393596
enigma,bipolar,Sst_9,0.0038812092719978986,0.014609276000142484,0.26566746168393596
enigma,bipolar,VLMC_1,0.0031009617359020717,0.011672342996942846,0.26566746168393596
enigma,bipolar,Vip_1,0.00479629954358026,0.01805377110609958,0.26566746168393596
enigma,bipolar,Vip_2,0.005044965534248922,0.018989775798177753,0.26566746168393596
enigma,bipolar,Vip_3,0.002420510056110144,0.009111051992471024,0.26566746168393596
enigma,bipolar,Vip_4,0.006916615766188277,0.026034862238481282,0.26566746168393596
enigma,bipolar,Vip_5,0.0030942321598778446,0.011647012171776784,0.26566746168393596
enigma,bipolar,Vip_6,0.005294260569018802,0.019928148277779584,0.26566746168393596
enigma,bipolar,Vip_7,0.005089612448040288,0.01915783143249733,0.26566746168393596
enigma,bipolar,Vip_8,0.0007403768434913018,0.002786855562959858,0.26566746168393596
enigma,bipolar,Vip_9,0.006500079969101312,0.02446697810827298,0.26566746168393596
enigma,obesity,Astro_1,0.0022166474837989995,0.010843316173024125,0.20442523748533215
enigma,obesity,Astro_2,0.0015520222923930173,0.007592126644854099,0.20442523748533215
enigma,obesity,Chandelier_1,0.002533152579160848,0.012391584377357547,0.20442523748533215
enigma,obesity,Endo_1,0.0010863881269230439,0.005314354236721844,0.20442523748533215
enigma,obesity,L2/3 IT_1,0.005136306572899701,0.02512559914853096,0.20442523748533215
enigma,obesity,L2/3 IT_2,0.003649901914861044,0.017854458479584404,0.20442523748533215
enigma,obesity,L2/3 IT_3,0.002747561947282216,0.013440424387323303,0.20442523748533215
enigma,obesity,L2/3 IT_4,0.003609415175507299,0.017656406908986864,0.20442523748533215
enigma,obesity,L2/3 IT_5,0.0007499636522405365,0.003668645131422913,0.20442523748533215
enigma,obesity,L2/3 IT_6,0.005465896063779333,0.026737873126704916,0.20442523748533215
enigma,obesity,L2/3 IT_7,0.004029639911756534,0.019712047109866595,0.20442523748533215
enigma,obesity,L2/3 IT_8,0.0005450230107786108,0.002666123896848681,0.20442523748533215
enigma,obesity,L4 IT_1,0.0040070578225799,0.019601580860912113,0.20442523748533215
enigma,obesity,L4 IT_2,0.0017247311416740785,0.00843697756152946,0.20442523748533215
enigma,obesity,L4 IT_3,0.001266185968483424,0.006193882830021293,0.20442523748533215
enigma,obesity,L5 ET_1,0.004265200442136329,0.02086435361212367,0.20442523748533215
enigma,obesity,L5 IT_1,0.0026522425724531825,0.01297414450915575,0.20442523748533215
enigma,obesity,L5 IT_2,0.0017968355947670335,0.008789695523264144,0.20442523748533215
enigma,obesity,L5 IT_3,0.0035678145161591266,0.017452906304756637,0.20442523748533215
enigma,obesity,L5 IT_4,0.003304736383625695,0.016165990189263277,0.20442523748533215
enigma,obesity,L5 IT_5,0.0009306181195572246,0.004552364135685536,0.20442523748533215
enigma,obesity,L5/6 NP_1,0.004345489082734016,0.021257106686965753,0.20442523748533215
enigma,obesity,L5/6 NP_2,0.003439838307798341,0.016826876906747657,0.20442523748533215
enigma,obesity,L6 CT_1,0.001080558251113276,0.005285835860608002,0.20442523748533215
enigma,obesity,L6 CT_2,0.0008034309647428715,0.003930194601341818,0.20442523748533215
enigma,obesity,L6 IT Car3_1,0.0021234629515589454,0.010387479440797065,0.20442523748533215
enigma,obesity,L6 IT_1,0.001236525640488433,0.006048791507835013,0.20442523748533215
enigma,obesity,L6 IT_2,0.0019457061343096053,0.009517935056571539,0.20442523748533215
enigma,obesity,L6 IT_3,0.006836342894611239,0.03344177548088581,0.20442523748533215
enigma,obesity,L6b_1,0.0013225485821232548,0.006469595429567007,0.20442523748533215
enigma,obesity,L6b_2,0.001952589408133144,0.00955160640707704,0.20442523748533215
enigma,obesity,L6b_3,0.0019428703105873275,0.009504062876418239,0.20442523748533215
enigma,obesity,Lamp5_1,0.004109293835813813,0.0201016953012402,0.20442523748533215
enigma,obesity,Lamp5_2,0.002495806526141287,0.012208896302837193,0.20442523748533215
enigma,obesity,Lamp5_Lhx6_1,0.0018248907883868465,0.008926934907035564,0.20442523748533215
enigma,obesity,Micro-PVM_1,0.0024062299050657755,0.011770708620252559,0.20442523748533215
enigma,obesity,Micro-PVM_2,0.001218591881513932,0.005961063792827282,0.20442523748533215
enigma,obesity,OPC_1,0.003985247964908488,0.019494892186168726,0.20442523748533215
enigma,obesity,Oligo_1,0.0037819655968740814,0.018500482833708063,0.20442523748533215
enigma,obesity,Oligo_2,0.003151397845616977,0.015415894262287918,0.20442523748533215
enigma,obesity,Pax6_1,0.002011683203899378,0.00984067930479337,0.20442523748533215
enigma,obesity,Pax6_2,0.002062177547134492,0.01008768571093115,0.20442523748533215
enigma,obesity,Pvalb_1,0.0041279304943020075,0.020192861434724728,0.20442523748533215
enigma,obesity,Pvalb_2,0.0011978832608151313,0.005859762109368132,0.20442523748533215
enigma,obesity,Pvalb_3,0.0018323770651627721,0.008963556005624053,0.20442523748533215
enigma,obesity,Pvalb_4,0.0007743650961690601,0.003788011234300863,0.20442523748533215
enigma,obesity,Pvalb_5,0.0018133794562366732,0.00887062418781236,0.20442523748533215
enigma,obesity,Sncg_1,0.00491800270526958,0.02405770816640218,0.20442523748533215
enigma,obesity,Sncg_2,0.005814017722414826,0.028440802094369545,0.20442523748533215
enigma,obesity,Sncg_3,0.002042063784797008,0.00998929393413829,0.20442523748533215
enigma,obesity,Sncg_4,0.0015784329033251342,0.0077213211183789834,0.20442523748533215
enigma,obesity,Sst_1,0.0017156807210877167,0.008392705040691562,0.20442523748533215
enigma,obesity,Sst_10,0.009616482197409125,0.04704156060035945,0.20442523748533215
enigma,obesity,Sst_2,0.0021199041951391836,0.010370070844561402,0.20442523748533215
enigma,obesity,Sst_3,0.0013166366868562142,0.00644067583363177,0.20442523748533215
enigma,obesity,Sst_4,0.00374244902201492,0.018307177078776524,0.20442523748533215
enigma,obesity,Sst_5,0.004369839815550595,0.021376224723056215,0.20442523748533215
enigma,obesity,Sst_6,0.0014235237303452245,0.006963542015928267,0.20442523748533215
enigma,obesity,Sst_7,0.005119696901443084,0.02504434855706322,0.20442523748533215
enigma,obesity,Sst_8,0.003767358333834451,0.018429027551477177,0.20442523748533215
enigma,obesity,Sst_9,0.0033737023268815315,0.01650335530183058,0.20442523748533215
enigma,obesity,VLMC_1,0.002703198043766273,0.013223406644985466,0.20442523748533215
enigma,obesity,Vip_1,0.004035654600205283,0.019741469545778798,0.20442523748533215
enigma,obesity,Vip_2,0.004554774077401143,0.022280879471782224,0.20442523748533215
enigma,obesity,Vip_3,0.002895710299916442,0.01416513115277273,0.20442523748533215
enigma,obesity,Vip_4,0.005234525711722314,0.025606063987563668,0.20442523748533215
enigma,obesity,Vip_5,0.0018769627144927478,0.009181658476133227,0.20442523748533215
enigma,obesity,Vip_6,0.0021520771301993757,0.01052745324732124,0.20442523748533215
enigma,obesity,Vip_7,0.004297252519877492,0.021021144809411446,0.20442523748533215
enigma,obesity,Vip_8,0.0012293852284477969,0.006013862297878007,0.20442523748533215
enigma,obesity,Vip_9,0.003867981823876312,0.018921253909042646,0.20442523748533215
enigma,schizotypy,Astro_1,4.750460712913886e-05,0.005060458130228442,0.009387412346200833
enigma,schizotypy,Astro_2,0.00015650723817740964,0.0166720319088518,0.009387412346200833
enigma,schizotypy,Chandelier_1,8.511879655518986e-05,0.009067333298684612,0.009387412346200833
enigma,schizotypy,Endo_1,0.00012133082980977422,0.012924842899745194,0.009387412346200833
enigma,schizotypy,L2/3 IT_1,0.00016217122077912671,0.017275391215211593,0.009387412346200833
enigma,schizotypy,L2/3 IT_2,0.0001983321868614294,0.02112746085365006,0.009387412346200833
enigma,schizotypy,L2/3 IT_3,4.558751537319669e-05,0.004856238726068782,0.009387412346200833
enigma,schizotypy,L2/3 IT_4,0.00020244474652723817,0.021565553856720623,0.009387412346200833
enigma,schizotypy,L2/3 IT_5,0.0001972086081980949,0.02100777093038924,0.009387412346200833
enigma,schizotypy,L2/3 IT_6,0.00014351052599937466,0.015287548975885202,0.009387412346200833
enigma,schizotypy,L2/3 IT_7,4.9821365764383445e-05,0.005307252299889285,0.009387412346200833
enigma,schizotypy,L2/3 IT_8,0.00025117097047274345,0.026756145486076844,0.009387412346200833
enigma,schizotypy,L4 IT_1,0.00019558079919371874,0.02083436755314919,0.009387412346200833
enigma,schizotypy,L4 IT_2,0.000137220019398349,0.014617448806739923,0.009387412346200833
enigma,schizotypy,L4 IT_3,4.1689141350753144e-05,0.004440961983269554,0.009387412346200833
enigma,schizotypy,L5 ET_1,0.0001284297196068086,0.0136810565968997,0.009387412346200833
enigma,schizotypy,L5 IT_1,0.00019008663574444847,0.020249098338732098,0.009387412346200833
enigma,schizotypy,L5 IT_2,0.00018835745494694662,0.020064896267518974,0.009387412346200833
enigma,schizotypy,L5 IT_3,0.0001630014288378442,0.017363829650437406,0.009387412346200833
enigma,schizotypy,L5 IT_4,0.00010923370060717402,0.011636188608608615,0.009387412346200833
enigma,schizotypy,L5 IT_5,4.487145169807842e-05,0.004779959593043581,0.009387412346200833
enigma,schizotypy,L5/6 NP_1,0.00010080438853873137,0.010738250842845716,0.009387412346200833
enigma,schizotypy,L5/6 NP_2,0.00027297378312961197,0.029078703807028018,0.009387412346200833
enigma,schizotypy,L6 CT_1,0.00010335740233570217,0.011010212242091592,0.009387412346200833
enigma,schizotypy,L6 CT_2,0.00012512445942018327,0.013328961678222458,0.009387412346200833
enigma,schizotypy,L6 IT Car3_1,2.766265775239352e-05,0.002946782002559932,0.009387412346200833
enigma,schizotypy,L6 IT_1,0.00020128574426705876,0.021442090412542796,0.009387412346200833
enigma,schizotypy,L6 IT_2,0.0002325519140009111,0.02477273879367053,0.009387412346200833
enigma,schizotypy,L6 IT_3,4.575108071985847e-05,0.004873662627419826,0.009387412346200833
enigma,schizotypy,L6b_1,0.00026924666517661534,0.028681670224658,0.009387412346200833
enigma,schizotypy,L6b_2,0.0002325152973678485,0.02476883818382064,0.009387412346200833
enigma,schizotypy,L6b_3,0.00011565982382901661,0.012320735423519042,0.009387412346200833
enigma,schizotypy,Lamp5_1,2.9300649690557467e-05,0.0031212701232215174,0.009387412346200833
enigma,schizotypy,Lamp5_2,0.00014002336361871147,0.014916076811665797,0.009387412346200833
enigma,schizotypy,Lamp5_Lhx6_1,9.229634330936593e-05,0.009831925977633129,0.009387412346200833
enigma,schizotypy,Micro-PVM_1,8.751901493185152e-05,0.009323018069752866,0.009387412346200833
enigma,schizotypy,Micro-PVM_2,0.00015411306675519612,0.016416991293406537,0.009387412346200833
enigma,schizotypy,OPC_1,4.8643855728027184e-05,0.0051818173032224125,0.009387412346200833
enigma,schizotypy,Oligo_1,9.969758196336943e-05,0.010620347576797124,0.009387412346200833
enigma,schizotypy,Oligo_2,0.00021795022043653278,0.02321728420982158,0.009387412346200833
enigma,schizotypy,Pax6_1,5.868575641396543e-05,0.0062515370849471705,0.009387412346200833
enigma,schizotypy,Pax6_2,8.555586269192394e-05,0.00911389204358847,0.009387412346200833
enigma,schizotypy,Pvalb_1,0.00016400466958306676,0.017470700501341124,0.009387412346200833
enigma,schizotypy,Pvalb_2,6.708666414922108e-05,0.00714644906126571,0.009387412346200833
enigma,schizotypy,Pvalb_3,0.00026401240332050513,0.02812408719079579,0.009387412346200833
enigma,schizotypy,Pvalb_4,0.00020115220081254358,0.02142786461212089,0.009387412346200833
enigma,schizotypy,Pvalb_5,6.233190725829282e-05,0.006639945595179814,0.009387412346200833
enigma,schizotypy,Sncg_1,0.00015936833604305589,0.016976812157138664,0.009387412346200833
enigma,schizotypy,Sncg_2,9.555815993028189e-05,0.010179393043169676,0.009387412346200833
enigma,schizotypy,Sncg_3,0.0001476335832603783,0.015726760241881448,0.009387412346200833
enigma,schizotypy,Sncg_4,0.00024191004872342936,0.025769619976407285,0.009387412346200833
enigma,schizotypy,Sst_1,0.00011980221532334532,0.01276200628087146,0.009387412346200833
enigma,schizotypy,Sst_10,0.00011635599528115119,0.012394895524989,0.009387412346200833
enigma,schizotypy,Sst_2,0.00014588540986042888,0.015540534971756085,0.009387412346200833
enigma,schizotypy,Sst_3,2.5015521146557864e-05,0.002664794111945222,0.009387412346200833
enigma,schizotypy,Sst_4,0.0002088281926521959,0.022245554467063597,0.009387412346200833
enigma,schizotypy,Sst_5,8.441509112437253e-05,0.008992370635400504,0.009387412346200833
enigma,schizotypy,Sst_6,0.00010879290920157043,0.01158923302709717,0.009387412346200833
enigma,schizotypy,Sst_7,4.323828908643646e-05,0.0046059859194248955,0.009387412346200833
enigma,schizotypy,Sst_8,6.23390078558887e-05,0.006640701990801313,0.009387412346200833
enigma,schizotypy,Sst_9,0.00017578140344694102,0.018725224477657176,0.009387412346200833
enigma,schizotypy,VLMC_1,0.00014028625581674045,0.014944081568283885,0.009387412346200833
enigma,schizotypy,Vip_1,0.00018190684285503359,0.019377740760333474,0.009387412346200833
enigma,schizotypy,Vip_2,0.00016846253502122882,0.017945577418830128,0.009387412346200833
enigma,schizotypy,Vip_3,8.662549180263436e-05,0.009227834956849685,0.009387412346200833
enigma,schizotypy,Vip_4,7.202277464155982e-05,0.007672271333719357,0.009387412346200833
enigma,schizotypy,Vip_5,4.722032504301485e-05,0.005030174802337869,0.009387412346200833
enigma,schizotypy,Vip_6,4.701795850132606e-05,0.005008617579300715,0.009387412346200833
enigma,schizotypy,Vip_7,0.00024034794143596396,0.025603215515853508,0.009387412346200833
enigma,schizotypy,Vip_8,0.00023447495389199876,0.024977591826664862,0.009387412346200833
enigma,schizotypy,Vip_9,7.563736402301259e-05,0.008057317739283466,0.009387412346200833
enigma,parkinson,Astro_1,0.00161748858230073,0.014250730299815665,0.11350215380341963
enigma,parkinson,Astro_2,0.0015879915966078861,0.013990849894868184,0.11350215380341963
enigma,parkinson,Chandelier_1,0.0020726500554685006,0.018260887445873782,0.11350215380341963
enigma,parkinson,Endo_1,0.0007311669885513023,0.0064418776565037614,0.11350215380341963
enigma,parkinson,L2/3 IT_1,0.0023418981776131237,0.02063307258176951,0.11350215380341963
enigma,parkinson,L2/3 IT_2,0.0006097547792280467,0.0053721868598556564,0.11350215380341963
enigma,parkinson,L2/3 IT_3,0.00166174802381544,0.01464067392671252,0.11350215380341963
enigma,parkinson,L2/3 IT_4,0.001706632173137945,0.01503612148271434,0.11350215380341963
enigma,parkinson,L2/3 IT_5,0.0019277178678420897,0.016983976103050923,0.11350215380341963
enigma,parkinson,L2/3 IT_6,0.0014098830327367972,0.012421641224347585,0.11350215380341963
enigma,parkinson,L2/3 IT_7,0.0029838496414369207,0.026288925288632033,0.11350215380341963
enigma,parkinson,L2/3 IT_8,0.00036702765614791245,0.003233662479952469,0.11350215380341963
enigma,parkinson,L4 IT_1,0.0013623901293548836,0.012003209487235624,0.11350215380341963
enigma,parkinson,L4 IT_2,0.0022487174278735564,0.019812112391877856,0.11350215380341963
enigma,parkinson,L4 IT_3,0.002202506194451908,0.019404972686831518,0.11350215380341963
enigma,parkinson,L5 ET_1,0.0015187037177467973,0.013380395585947386,0.11350215380341963
enigma,parkinson,L5 IT_1,0.0013757811042574939,0.01212118940615243,0.11350215380341963
enigma,parkinson,L5 IT_2,0.0007276576438589769,0.006410958906729167,0.11350215380341963
enigma,parkinson,L5 IT_3,0.005910234445572644,0.05207156205871556,0.11350215380341963
enigma,parkinson,L5 IT_4,0.0053790802113202986,0.04739187787252576,0.11350215380341963
enigma,parkinson,L5 IT_5,0.0009885554531661477,0.008709574400484761,0.11350215380341963
enigma,parkinson,L5/6 NP_1,0.0013426500870122534,0.011829291709632752,0.11350215380341963
enigma,parkinson,L5/6 NP_2,0.0019344074364930118,0.017042913915477888,0.11350215380341963
enigma,parkinson,L6 CT_1,0.0008486686716345403,0.00747711513126345,0.11350215380341963
enigma,parkinson,L6 CT_2,0.0008271530683644901,0.007287553941902109,0.11350215380341963
enigma,parkinson,L6 IT Car3_1,0.00232263717526672,0.02046337534078356,0.11350215380341963
enigma,parkinson,L6 IT_1,0.0009106916718979296,0.008023562913838662,0.11350215380341963
enigma,parkinson,L6 IT_2,0.002834937532173144,0.02497694922233037,0.11350215380341963
enigma,parkinson,L6 IT_3,0.0013147871466504515,0.01158380790665524,0.11350215380341963
enigma,parkinson,L6b_1,0.0016404076527934796,0.014452656604513323,0.11350215380341963
enigma,parkinson,L6b_2,0.000709291677663612,0.0062491472971699874,0.11350215380341963
enigma,parkinson,L6b_3,0.0004480375813066798,0.00394739277003201,0.11350215380341963
enigma,parkinson,Lamp5_1,0.002153097094602388,0.0189696584818245,0.11350215380341963
enigma,parkinson,Lamp5_2,0.0007399831938970478,0.006519552000560832,0.11350215380341963
enigma,parkinson,Lamp5_Lhx6_1,0.003940480702187654,0.034717232846632855,0.11350215380341963
enigma,parkinson,Micro-PVM_1,0.0019949229171236367,0.01757607983879098,0.11350215380341963
enigma,parkinson,Micro-PVM_2,0.001213199982602675,0.010688783797917,0.11350215380341963
enigma,parkinson,OPC_1,0.0010433843169651593,0.009192638923594804,0.11350215380341963
enigma,parkinson,Oligo_1,0.0016182170345523954,0.014257148259539382,0.11350215380341963
enigma,parkinson,Oligo_2,0.0006254199590906399,0.005510203446657389,0.11350215380341963
enigma,parkinson,Pax6_1,0.0006652538599713804,0.0058611562660173715,0.11350215380341963
enigma,parkinson,Pax6_2,0.0018187916338215386,0.016024291811868166,0.11350215380341963
enigma,parkinson,Pvalb_1,0.00026083507956627003,0.002298062819301421,0.11350215380341963
enigma,parkinson,Pvalb_2,0.00046185606949298116,0.004069139254334275,0.11350215380341963
enigma,parkinson,Pvalb_3,0.0006338881333973144,0.005584811496134062,0.11350215380341963
enigma,parkinson,Pvalb_4,0.0006516903586007988,0.0057416563189584555,0.11350215380341963
enigma,parkinson,Pvalb_5,0.0011955199291252116,0.010533015357539343,0.11350215380341963
enigma,parkinson,Sncg_1,0.0024313129232025666,0.021420852747988252,0.11350215380341963
enigma,parkinson,Sncg_2,0.0016035260983693449,0.014127715154609104,0.11350215380341963
enigma,parkinson,Sncg_3,0.00047680974033331204,0.004200887158133792,0.11350215380341963
enigma,parkinson,Sncg_4,0.00203900763361364,0.017964484067369373,0.11350215380341963
enigma,parkinson,Sst_1,0.0013976877987428604,0.012314196267707744,0.11350215380341963
enigma,parkinson,Sst_10,0.003640755801992226,0.03207653493781134,0.11350215380341963
enigma,parkinson,Sst_2,0.0005627664889686413,0.004958200968973032,0.11350215380341963
enigma,parkinson,Sst_3,0.0019754073463166683,0.017404139746440235,0.11350215380341963
enigma,parkinson,Sst_4,0.0016558656092400946,0.014588847468991431,0.11350215380341963
enigma,parkinson,Sst_5,0.0018547472519586557,0.016341075387617667,0.11350215380341963
enigma,parkinson,Sst_6,0.0009651839326106027,0.0085036618272659,0.11350215380341963
enigma,parkinson,Sst_7,0.0019739246831713547,0.017391076882911836,0.11350215380341963
enigma,parkinson,Sst_8,0.0026851201209783715,0.02365699707891775,0.11350215380341963
enigma,parkinson,Sst_9,0.0012125297162838744,0.01068287847985615,0.11350215380341963
enigma,parkinson,VLMC_1,0.0010067581298709527,0.00886994736341841,0.11350215380341963
enigma,parkinson,Vip_1,0.0008049983601408647,0.007092361978743451,0.11350215380341963
enigma,parkinson,Vip_2,0.004125919237215857,0.03635102153534244,0.11350215380341963
enigma,parkinson,Vip_3,0.0017484205384704344,0.0154042939264273,0.11350215380341963
enigma,parkinson,Vip_4,0.0011315692052083527,0.009969583547887356,0.11350215380341963
enigma,parkinson,Vip_5,0.0006155665092199268,0.005423390557733899,0.11350215380341963
enigma,parkinson,Vip_6,0.00033641348894955996,0.0029639392529256514,0.11350215380341963
enigma,parkinson,Vip_7,0.002560459240168607,0.022558684169140978,0.11350215380341963
enigma,parkinson,Vip_8,0.00101407085296514,0.008934375419178943,0.11350215380341963
enigma,parkinson,Vip_9,0.000801688226684927,0.0070631983607413575,0.11350215380341963
