phenotype,outcome,roi,observed,prediction
meg,delta,1,0.3312916154744195,0.31666213463068665
meg,delta,3,0.3474726275951033,0.30448971319219503
meg,delta,5,0.3684006973515825,0.3102933536970953
meg,delta,7,0.3182067388416367,0.3014519444578675
meg,delta,9,0.315159804163835,0.2931202012462255
meg,delta,11,0.3557986833198726,0.3281544837986169
meg,delta,13,0.3777055015326828,0.30143725196987936
meg,delta,15,0.3709044175747349,0.28804852669426567
meg,delta,17,0.3487081979329769,0.2972562276904423
meg,delta,19,0.3787669936033684,0.2714641249634257
meg,delta,21,0.3703134693102163,0.27922703089392675
meg,delta,23,0.3564299208803411,0.30032401764699723
meg,delta,25,0.3300296043648439,0.29819542434612817
meg,delta,27,0.3879905657126353,0.2737325357066581
meg,delta,29,0.3509188285447601,0.2941793333969242
meg,delta,31,0.3667995685531247,0.28449832503896794
meg,delta,33,0.3559415842572304,0.29589437593126944
meg,delta,35,0.3735224713172231,0.271157351040714
meg,delta,37,0.3650270022904675,0.31539919743777195
meg,delta,39,0.343929482055894,0.31401661542218806
meg,delta,41,0.3896590704443278,0.27582705183572276
meg,delta,43,0.3845199593726326,0.30044684464445465
meg,delta,45,0.3916300362048868,0.28899562474453766
meg,delta,47,0.3988013029398031,0.2718571039657677
meg,delta,49,0.2926410560200854,0.2782498529158041
meg,delta,51,0.3749839792036897,0.30110891730999967
meg,delta,53,0.3068494006603179,0.2925610027167245
meg,delta,55,0.3004796670108545,0.28372642104195434
meg,delta,57,0.2742923192617272,0.2743378115484487
meg,delta,59,0.290942380459685,0.2667835906189796
meg,delta,61,0.3304006175389365,0.31623540085804197
meg,delta,63,0.3354861549148459,0.31095369792467575
meg,delta,65,0.2747198615696831,0.27787900246197134
meg,delta,67,0.2937715676888613,0.27648911694200706
meg,delta,69,0.2534230885931024,0.3276261922212782
meg,delta,71,0.2952363053011516,0.2848684461170637
meg,delta,73,0.3239434494882448,0.32404280056757623
meg,delta,75,0.3022195824980735,0.3006903523014543
meg,delta,77,0.3519408268806261,0.3415290895736142
meg,delta,79,0.3485582078496615,0.33197862394095745
meg,delta,81,0.323961194493983,0.32442960962895107
meg,delta,83,0.3614415369058018,0.32090955166104135
meg,delta,85,0.3008723246251664,0.3116932811552533
meg,delta,87,0.3268921210075155,0.3224904854800559
meg,delta,89,0.3481399723842962,0.322344683515946
meg,delta,91,0.3098150319778002,0.3144612223279964
meg,delta,93,0.3648597479394052,0.32815912898499067
meg,delta,95,0.349924834253632,0.3279037225060983
meg,delta,97,0.3039292583938773,0.31572495236886955
meg,delta,99,0.3213188887986922,0.3222499456663902
meg,delta,101,0.3354593215303288,0.3279835481315908
meg,delta,103,0.3419125774327446,0.3356430517458657
meg,delta,105,0.304538010122677,0.3083032409905322
meg,delta,107,0.3146443436683064,0.31453740690200593
meg,delta,109,0.3337153325110306,0.3370155389528457
meg,delta,111,0.3299388984839121,0.32199337375229814
meg,delta,113,0.3202541866085746,0.3084789766603958
meg,delta,115,0.3388395187182304,0.3325173425993696
meg,delta,119,0.3141647052764892,0.2975553873363669
meg,delta,121,0.3002410697631347,0.3150009342497665
meg,delta,123,0.2953240187307404,0.2865969303078826
meg,delta,125,0.2510429917205691,0.26457281901388957
meg,delta,127,0.2489283233880996,0.23134939121297246
meg,delta,129,0.2637118275121132,0.27605180271236135
meg,delta,131,0.2573943099667949,0.2621188689492431
meg,delta,133,0.2587473253050004,0.2606316782756931
meg,delta,135,0.2681629652754542,0.28561336472559623
meg,delta,137,0.2715111245729805,0.2908111302046537
meg,delta,139,0.2777935496127385,0.2927875290952945
meg,delta,141,0.2804742403539437,0.3105531501275139
meg,delta,143,0.2827162044768286,0.29099215216228036
meg,delta,145,0.2964197648583718,0.3048598882163485
meg,delta,147,0.2558715104504868,0.25337999248544757
meg,delta,149,0.2654093284553019,0.26369354709778203
meg,delta,151,0.2721725658458822,0.2747243279642655
meg,delta,153,0.2787284243960595,0.27838461147515536
meg,delta,155,0.2889064519493668,0.291453789144017
meg,delta,157,0.3089090347290039,0.31176131114885935
meg,delta,159,0.2661181280452214,0.286192899703969
meg,delta,161,0.2641820545096534,0.2756610595403779
meg,delta,163,0.3149499800913503,0.32011696225632635
meg,delta,165,0.3621949767166713,0.35560175104089137
meg,delta,167,0.3529400797990652,0.3704752027437109
meg,delta,169,0.3461492644703906,0.369984297026992
meg,delta,171,0.3270654591985724,0.36034192983319224
meg,delta,173,0.3423168601261245,0.3605930858682773
meg,delta,175,0.3019506811321555,0.29693604613782587
meg,delta,179,0.3645754058635672,0.3820594164715454
meg,delta,181,0.2297153693009046,0.2767239083654269
meg,delta,183,0.32922376304244,0.3296605198103251
meg,delta,185,0.3073662995828866,0.3095660652365759
meg,delta,187,0.2581802616144884,0.3629328174123736
meg,delta,189,0.3001927650045781,0.2482720399256555
meg,delta,191,0.2707411281050068,0.23966715806976482
meg,delta,193,0.2770546208771448,0.23210800774036014
meg,delta,195,0.3137857650240807,0.2693700867132635
meg,delta,197,0.2933355672783596,0.25053491578172615
meg,delta,199,0.2758034105469559,0.2741867649184861
meg,delta,201,0.2865556787913013,0.29293062737945796
meg,delta,203,0.2818476366996765,0.23786400661172213
meg,delta,205,0.2947694547581741,0.2853157627141958
meg,delta,207,0.2490744125952414,0.24891064050881068
meg,delta,209,0.2576366575837832,0.25054026620499814
meg,theta,1,0.3099467358628257,0.26939320560732805
meg,theta,3,0.3164290766936439,0.26741349673231163
meg,theta,5,0.3118081570932152,0.2592536554906333
meg,theta,7,0.3074202339140757,0.2710340397716312
meg,theta,9,0.2949260397599293,0.2714647315722934
meg,theta,11,0.3145563038643341,0.2673240325362665
meg,theta,13,0.2982031907285413,0.2522709872397224
meg,theta,15,0.3014770204520357,0.24957845555163205
meg,theta,17,0.2956741031163778,0.262423527291005
meg,theta,19,0.2885732921793705,0.24170167200108858
meg,theta,21,0.2853635014589473,0.24351607189980207
meg,theta,23,0.3076505228602813,0.267045208237602
meg,theta,25,0.3043166658457588,0.27090669711072873
meg,theta,27,0.273238978936122,0.2389235829278016
meg,theta,29,0.2852055771010263,0.2512436256996129
meg,theta,31,0.2785361761046994,0.24724495112568462
meg,theta,33,0.2738624496819222,0.24998531909929694
meg,theta,35,0.2713185657347952,0.24116936133625871
meg,theta,37,0.2766510975953624,0.25023471619767323
meg,theta,39,0.269666333359184,0.2543617991100282
meg,theta,41,0.280861123016587,0.24353700377659304
meg,theta,43,0.2681180573561612,0.24110068258596062
meg,theta,45,0.265390057304052,0.23919864259178802
meg,theta,47,0.2655311322691452,0.23887910088375736
meg,theta,49,0.1989334711305252,0.24188762266388195
meg,theta,51,0.2699746394891874,0.2429904414706887
meg,theta,53,0.2705152182875272,0.2626937429985188
meg,theta,55,0.2888439235140065,0.27102823700496115
meg,theta,57,0.2661460608410902,0.2650916032807944
meg,theta,59,0.2851060454782687,0.2727300384635385
meg,theta,61,0.2540826942712542,0.25486993647185247
meg,theta,63,0.2834996597590736,0.26430498741731556
meg,theta,65,0.2586258863358153,0.2524767071774312
meg,theta,67,0.2773593902378015,0.2677680879323485
meg,theta,71,0.2469640828314281,0.23913683588589704
meg,theta,73,0.2445483857056586,0.24002808162931238
meg,theta,75,0.2464528449624776,0.24819061687997376
meg,theta,77,0.2425159309154901,0.2393250584938148
meg,theta,79,0.2469056118031342,0.24284911186210476
meg,theta,81,0.248061980351363,0.24799735284347954
meg,theta,83,0.2456697195314514,0.2463669155910421
meg,theta,85,0.2438253096145827,0.24667932521210603
meg,theta,87,0.2473038681951405,0.24609853147567773
meg,theta,89,0.2417777242945201,0.2337416566967731
meg,theta,91,0.2460288829528368,0.24295441253971767
meg,theta,93,0.2406260754946058,0.24466232425953244
meg,theta,95,0.2460502514215273,0.24648607504163322
meg,theta,97,0.2436310548818748,0.24858371784686453
meg,theta,99,0.2486805264887056,0.24851484555587164
meg,theta,101,0.2440516958013177,0.24577180472983878
meg,theta,103,0.2405030586701982,0.23358506731876894
meg,theta,105,0.2305851239270676,0.2300843433068922
meg,theta,107,0.2430181023940234,0.2329419993630821
meg,theta,109,0.2242968908430617,0.23129613858130324
meg,theta,111,0.2380492535599491,0.24030467238455003
meg,theta,113,0.2411684136499058,0.22994661467828825
meg,theta,115,0.2380934670949593,0.23011544276768248
meg,theta,119,0.2402609618504842,0.23144865754890262
meg,theta,121,0.2476593238420975,0.25007446699167935
meg,theta,123,0.2443457255556001,0.2407216614257244
meg,theta,125,0.2372242205274042,0.23286392333239886
meg,theta,127,0.2260079325461874,0.21046045719255982
meg,theta,129,0.2433757906930047,0.24364958495023023
meg,theta,131,0.2476335115490421,0.23940684946765067
meg,theta,133,0.2402234623231083,0.22930174558278432
meg,theta,135,0.2242416473880909,0.22970797956517536
meg,theta,137,0.2402424027486082,0.23442413290185568
meg,theta,139,0.248114009698232,0.252350022455265
meg,theta,141,0.2489585702130997,0.25122392476683186
meg,theta,143,0.238432154004084,0.23422934841783066
meg,theta,145,0.2525103712419294,0.25447593258416124
meg,theta,147,0.232388105822934,0.2266095309374133
meg,theta,149,0.2482799279255483,0.24807082793732688
meg,theta,151,0.2234108882726927,0.2126271187471823
meg,theta,153,0.243420972155323,0.2287284226274648
meg,theta,155,0.2573265456711804,0.2581100770546372
meg,theta,157,0.2523745768948605,0.2545436026420363
meg,theta,159,0.2428971214240856,0.25526037831607035
meg,theta,161,0.259176943311365,0.248468532888063
meg,theta,163,0.2470535332313641,0.2548340794157297
meg,theta,165,0.2600573858000197,0.24575739034173427
meg,theta,167,0.2698074576946405,0.24927418256094672
meg,theta,169,0.2484461483748062,0.23905627779436892
meg,theta,171,0.2511900433931838,0.26385443453765856
meg,theta,173,0.2615581390758355,0.25707287811449553
meg,theta,175,0.2582719169911884,0.26834820857209374
meg,theta,179,0.3015251872739242,0.28848929892749187
meg,theta,181,0.1790479007694456,0.22877404446067573
meg,theta,183,0.28783053252846,0.2829978023439636
meg,theta,185,0.2675370248179362,0.26885088776876925
meg,theta,187,0.1949436667768713,0.25003210557940087
meg,theta,189,0.2172896082379988,0.1787380084324547
meg,theta,191,0.2110712969956332,0.16768384464970296
meg,theta,193,0.2121121019479774,0.15265190697748737
meg,theta,195,0.2332906786301364,0.2121664722883359
meg,theta,197,0.2248143025887856,0.18631986761942282
meg,theta,199,0.2164237680829989,0.22157465599661813
meg,theta,201,0.2313009740630532,0.22868695032667824
meg,theta,203,0.2115657150286894,0.16613404944238638
meg,theta,205,0.2172918467854903,0.22177630054239014
meg,theta,207,0.2042735689276949,0.2014468173456842
meg,theta,209,0.2199800619256426,0.21984825516709422
meg,alpha,1,0.2159518640549456,0.2629051672714313
meg,alpha,3,0.1948020516955939,0.2743425377341202
meg,alpha,5,0.1788149490457287,0.24926325057046705
meg,alpha,7,0.2253735953947309,0.2748824981896767
meg,alpha,9,0.2422702985696303,0.284701422780002
meg,alpha,11,0.1914889438633333,0.24577057813035952
meg,alpha,13,0.1802050909928737,0.21730822281272116
meg,alpha,15,0.187447729031684,0.2609452329517987
meg,alpha,17,0.2110146957330214,0.27599934506505175
meg,alpha,19,0.1886883100538741,0.25148391199776654
meg,alpha,21,0.1970342203685781,0.275309555424471
meg,alpha,23,0.1930902217246272,0.2767632602433972
meg,alpha,25,0.2182320142493528,0.27750781746523767
meg,alpha,27,0.1893096155845202,0.25005658072838943
meg,alpha,29,0.2187257894223794,0.2756609969839147
meg,alpha,31,0.207223101585142,0.26787421630815783
meg,alpha,33,0.2210097636466157,0.2635088873505317
meg,alpha,35,0.2082231933517115,0.24830613338268248
meg,alpha,37,0.2203059699489266,0.26815951512283037
meg,alpha,39,0.2407941772794047,0.28174859889578074
meg,alpha,41,0.1916950257426058,0.2232314841511596
meg,alpha,43,0.2105430878260556,0.23915678964975612
meg,alpha,45,0.213232844027394,0.24193627435578377
meg,alpha,47,0.1986806671224047,0.23096983260036746
meg,alpha,49,0.1794861549647843,0.2130725105049942
meg,alpha,51,0.2170243912963505,0.23492529741360155
meg,alpha,53,0.271499562179875,0.30025738022404636
meg,alpha,55,0.2534737207850472,0.2952305930776637
meg,alpha,57,0.2983023389046933,0.3182589873046882
meg,alpha,59,0.2654434399385201,0.3116240103000292
meg,alpha,61,0.280858484147087,0.29555478825978493
meg,alpha,63,0.2342648410624124,0.2766287311840516
meg,alpha,65,0.3190328388689309,0.3117835972234294
meg,alpha,67,0.27053252093389,0.30898967075992234
meg,alpha,69,0.1628306265308263,0.2363326180061614
meg,alpha,71,0.3412296061477964,0.3395686842386413
meg,alpha,73,0.312624937133809,0.2961358870735677
meg,alpha,75,0.3342733033001422,0.3267764286940539
meg,alpha,77,0.247096650646283,0.2527329126629697
meg,alpha,79,0.2831732389330864,0.27546557034956426
meg,alpha,81,0.3106800483004882,0.3008855554490843
meg,alpha,83,0.2648308929906884,0.29990751433205387
meg,alpha,85,0.3380413635111436,0.3224835789480189
meg,alpha,87,0.3137009975637898,0.29483602421988025
meg,alpha,89,0.2949227757418333,0.300603217277189
meg,alpha,91,0.330039504246834,0.3198038786679172
meg,alpha,93,0.2640165246165959,0.2902773471092397
meg,alpha,95,0.283885407670636,0.29367515727996824
meg,alpha,97,0.3379494702543011,0.3185905312370259
meg,alpha,99,0.3118588626384735,0.3068994270195791
meg,alpha,101,0.3036262699299388,0.29420801897549254
meg,alpha,103,0.2967344760018237,0.2648641395752025
meg,alpha,105,0.3532360884518669,0.32824347188435177
meg,alpha,107,0.3288743381768885,0.32029060191128517
meg,alpha,109,0.2681730040061621,0.25875197977490527
meg,alpha,111,0.3132988674598828,0.3264555125781128
meg,alpha,113,0.3200935753909024,0.32113827561789143
meg,alpha,115,0.3038238905943357,0.26906370072415137
meg,alpha,119,0.3222100234031677,0.34874380547952744
meg,alpha,121,0.3377944088899172,0.31389617552509885
meg,alpha,123,0.3428476751874812,0.3549207294217669
meg,alpha,125,0.3704884468884992,0.33653406057262336
meg,alpha,127,0.3895298609928209,0.3605544102805118
meg,alpha,129,0.3460304502004422,0.3355479110723234
meg,alpha,131,0.3433725557980999,0.324168809924099
meg,alpha,133,0.3598399921114665,0.35949606184392785
meg,alpha,135,0.3876675084304581,0.37421638935671087
meg,alpha,137,0.3509315971482606,0.3722959918169588
meg,alpha,139,0.3255053637814482,0.3246296435730583
meg,alpha,141,0.3317971216567461,0.35309384301623276
meg,alpha,143,0.3575201884354695,0.37279677566551195
meg,alpha,145,0.3226028397960483,0.3346178799729814
meg,alpha,147,0.378540731911306,0.3387812237804311
meg,alpha,149,0.3463829029445073,0.2897346038333275
meg,alpha,151,0.3825214652584009,0.36176509144123364
meg,alpha,153,0.3469339115075787,0.3201899613169764
meg,alpha,155,0.2980559621475361,0.311185626551699
meg,alpha,157,0.3071830094644898,0.303617647543797
meg,alpha,159,0.3326052837827232,0.31242077240282534
meg,alpha,161,0.3175219407934226,0.30232529047055845
meg,alpha,163,0.3120534420013428,0.3161491188013377
meg,alpha,165,0.2390310259641341,0.21377815283300797
meg,alpha,167,0.2368508885686214,0.2509388972622686
meg,alpha,169,0.2795509888750055,0.2652848602096922
meg,alpha,171,0.2894992824982513,0.26959027456541584
meg,alpha,173,0.2600550531513161,0.2642053114785319
meg,alpha,175,0.2958166934711077,0.2859257602133736
meg,alpha,179,0.2017396144685945,0.18061567313290905
meg,alpha,181,0.2347940221136691,0.36194314261634114
meg,alpha,183,0.2397555938611427,0.2406916478458992
meg,alpha,185,0.2736212753261309,0.2775617034769131
meg,alpha,187,0.1351640138396604,0.1708336334433695
meg,alpha,189,0.377904000913813,0.3184302200190176
meg,alpha,191,0.4141239452035459,0.314086855197705
meg,alpha,193,0.40681011880201,0.3009200848764505
meg,alpha,195,0.3390783288707472,0.3281560993229054
meg,alpha,197,0.3684576703991503,0.3245565124822356
meg,alpha,199,0.393942256736602,0.3501910091948117
meg,alpha,201,0.3715545703081568,0.34091984929824287
meg,alpha,203,0.3937851119958437,0.3134082448033143
meg,alpha,205,0.3716754034719824,0.3404145788402594
meg,alpha,207,0.4307239871779713,0.34998516440090893
meg,alpha,209,0.3969549028671276,0.3692224721504408
meg,beta,1,0.1079102963941996,0.12267529949029127
meg,beta,3,0.103601349241252,0.1322304421194619
meg,beta,5,0.0960881000784228,0.11721478342262419
meg,beta,7,0.1136112702897715,0.13728687745447346
meg,beta,9,0.1134318438860086,0.14043566528325607
meg,beta,11,0.1004683822393417,0.11637521452682095
meg,beta,13,0.0955868171507953,0.08935523108342189
meg,beta,15,0.0978362031527975,0.09898752708497184
meg,beta,17,0.1083411146815006,0.11897738586748897
meg,beta,19,0.0958125487439275,0.07483650773014855
meg,beta,21,0.1007840482523236,0.08461088924148252
meg,beta,23,0.1047884869657776,0.13200373501499696
meg,beta,25,0.1128857079089856,0.13964272525871052
meg,beta,27,0.0933348072836032,0.07163525965917691
meg,beta,29,0.1072182087297726,0.08983811705329786
meg,beta,31,0.1014805280873852,0.08500151312744009
meg,beta,33,0.1037196196003319,0.08725768074024577
meg,beta,35,0.0964901590985911,0.07141082233867568
meg,beta,37,0.0979905628203028,0.09496885692740989
meg,beta,39,0.1042645016671918,0.10125929161980829
meg,beta,41,0.0918142736234046,0.06597276215972939
meg,beta,43,0.0898152602946057,0.08017584901335427
meg,beta,45,0.0853934934643726,0.0749286951505466
meg,beta,47,0.0866353792611079,0.0677535797708578
meg,beta,49,0.0656735855041117,0.07245744451526802
meg,beta,51,0.09337683841233,0.07826450791885521
meg,beta,53,0.1181783204177816,0.13179050395465164
meg,beta,55,0.1231834289724709,0.14856721755276542
meg,beta,57,0.1285863257005435,0.1457890063840015
meg,beta,59,0.1224756267509962,0.16058892458399956
meg,beta,61,0.0971248581295921,0.10702921565667757
meg,beta,63,0.1104070884925079,0.12016038730774253
meg,beta,65,0.1167575881858052,0.11754320870224268
meg,beta,67,0.1241564968941916,0.1466399338944064
meg,beta,71,0.09029567163615,0.09863404490069384
meg,beta,73,0.0875563066780068,0.08694533749864854
meg,beta,75,0.0871679445728659,0.09735212230637341
meg,beta,77,0.0790571399988272,0.0811862073125488
meg,beta,79,0.0830339855452378,0.08470975231371822
meg,beta,81,0.0813692073420722,0.0856407195340909
meg,beta,83,0.0817433831655434,0.08902367534681332
meg,beta,85,0.086211536306797,0.08814786963280166
meg,beta,87,0.0808218275521127,0.08708806262575994
meg,beta,89,0.0788339335304587,0.07814382659865073
meg,beta,91,0.0836355909705162,0.0837045099053803
meg,beta,93,0.0816401371122461,0.08421068579068973
meg,beta,95,0.0791057722173004,0.08415119487424871
meg,beta,97,0.0841673000054505,0.0869132110667489
meg,beta,99,0.0825384897284938,0.08565288485813358
meg,beta,101,0.0798287376657956,0.08328871287984488
meg,beta,103,0.0818241792566636,0.079811881832421
meg,beta,105,0.082353566068049,0.07733890477995184
meg,beta,107,0.0820700144054184,0.076888609574972
meg,beta,109,0.0757035506360324,0.07929426688808557
meg,beta,111,0.0829380601644516,0.07995818792173676
meg,beta,113,0.084935504401272,0.07653963681604298
meg,beta,115,0.0819280235431133,0.07848596011400893
meg,beta,119,0.0872281367580096,0.08492276757494008
meg,beta,121,0.0870544669337761,0.09254772241222503
meg,beta,123,0.0899242252060228,0.09808963631088674
meg,beta,125,0.1126490761940391,0.09926226932468903
meg,beta,127,0.1080814429995965,0.09595266883546191
meg,beta,129,0.1199308084034771,0.1011545761644095
meg,beta,131,0.121049870839042,0.10427720703307912
meg,beta,133,0.1144268479811618,0.09916215442358041
meg,beta,135,0.094245592747151,0.09046492119343245
meg,beta,137,0.1106175275236858,0.09103281091299245
meg,beta,139,0.1187903864100151,0.09884010997072723
meg,beta,141,0.1085510622864195,0.09208044914392212
meg,beta,143,0.095489415054274,0.09089942715359045
meg,beta,145,0.1006942669738013,0.0972919499647946
meg,beta,147,0.1056536824338966,0.09689207635369136
meg,beta,149,0.1119513388479774,0.10378511088163118
meg,beta,151,0.0946352527779171,0.08534135214568254
meg,beta,153,0.1026713058589624,0.09253060066424969
meg,beta,155,0.1231866762925077,0.11492862212774499
meg,beta,157,0.0997959609094419,0.1044991422859298
meg,beta,159,0.1285470210936632,0.11299813806027025
meg,beta,161,0.1258999861891959,0.11295724391447151
meg,beta,163,0.09254080275362,0.0898080536810955
meg,beta,165,0.0902831375880061,0.08126940494487628
meg,beta,167,0.0986039891265905,0.08315636217859014
meg,beta,169,0.0862534562854663,0.07890995374416798
meg,beta,171,0.093843861313706,0.08340246032054024
meg,beta,173,0.0960587844321573,0.08621147611894615
meg,beta,175,0.1083772132794062,0.11023104929139324
meg,beta,179,0.0973811072360782,0.09850834610156309
meg,beta,181,0.06880895362473,0.09377689148881412
meg,beta,183,0.1060019367141649,0.10395648859370579
meg,beta,185,0.1138286285218179,0.1110663416258727
meg,beta,187,0.0641792682721653,0.08230594290696018
meg,beta,189,0.0797309789008327,0.06825838641713676
meg,beta,191,0.0815794815143493,0.06402065384815173
meg,beta,193,0.0794187032632411,0.05473275873211153
meg,beta,195,0.083765060342338,0.08245783177444331
meg,beta,197,0.086219952102358,0.07334931958893867
meg,beta,199,0.0867467081096394,0.0894397408227923
meg,beta,201,0.0837302585458679,0.08344931658923503
meg,beta,203,0.0832427852199627,0.06389074327973743
meg,beta,205,0.0843171540229052,0.08372343201632282
meg,beta,207,0.0898122778589572,0.08848663386653112
meg,beta,209,0.09968810881439,0.10131183438919865
meg,gamma1,1,0.0248076506447596,0.024706992133101374
meg,gamma1,3,0.0257071818195627,0.025746650978515095
meg,gamma1,5,0.0289152691146398,0.024301838721148467
meg,gamma1,7,0.0252454318642959,0.02580854779399752
meg,gamma1,9,0.0246719162624615,0.025656037233468144
meg,gamma1,11,0.0255845384999063,0.024706290194650177
meg,gamma1,13,0.0306226584850059,0.020355315811649004
meg,gamma1,15,0.0275251829780597,0.0215389626314801
meg,gamma1,17,0.0246464254286808,0.025083155886334346
meg,gamma1,19,0.0303651515878443,0.018653913025985493
meg,gamma1,21,0.0296222830082901,0.020351211323106105
meg,gamma1,23,0.02570648259409,0.02588387235269152
meg,gamma1,25,0.0244524603161741,0.02609009433272346
meg,gamma1,27,0.0341073646854895,0.019334075926287955
meg,gamma1,29,0.0251122643064735,0.02409619262051345
meg,gamma1,31,0.0290625683482616,0.021840441517081643
meg,gamma1,33,0.0285923025022222,0.023122652707762738
meg,gamma1,35,0.0309070175247533,0.019680953837052814
meg,gamma1,37,0.0256767017324326,0.024925219431841332
meg,gamma1,39,0.0260960368954754,0.02432694148054775
meg,gamma1,41,0.0289491604651427,0.018311278147837715
meg,gamma1,43,0.028687884034041,0.022912003951387944
meg,gamma1,45,0.027033221559318,0.020625082706504705
meg,gamma1,47,0.0304528651899428,0.018616382577618003
meg,gamma1,49,0.0192469362589735,0.0203133162391066
meg,gamma1,51,0.0276238494045079,0.02280657885324578
meg,gamma1,53,0.022703576385079,0.02448535975319082
meg,gamma1,55,0.0245900436136566,0.026000659955546675
meg,gamma1,57,0.0242286196463749,0.02473524203250122
meg,gamma1,59,0.0259426043908062,0.026287149031566245
meg,gamma1,61,0.0231254507329255,0.023786766858218764
meg,gamma1,63,0.0241896546983939,0.026396109719626526
meg,gamma1,65,0.0226236491550489,0.022484469858385082
meg,gamma1,67,0.0251241336432351,0.02537517387827326
meg,gamma1,69,0.0178849677262311,0.024858421621456316
meg,gamma1,71,0.0167874649019231,0.01828340230199229
meg,gamma1,73,0.0193839565515674,0.021976119681769327
meg,gamma1,75,0.0182777983509004,0.020345204115001098
meg,gamma1,77,0.0227052601293111,0.024441071794303937
meg,gamma1,79,0.0225660092197358,0.023033980130994933
meg,gamma1,81,0.0209452820628291,0.022336680477093675
meg,gamma1,83,0.0263223888229597,0.02248555240415011
meg,gamma1,85,0.0187947355755945,0.02094298039735895
meg,gamma1,87,0.0186964415641589,0.022166332192961536
meg,gamma1,89,0.0212429226167611,0.021875505560475433
meg,gamma1,91,0.0183936630447323,0.02089157447807382
meg,gamma1,93,0.0275541625389483,0.023063596703493183
meg,gamma1,95,0.0234857857854009,0.02278590261557741
meg,gamma1,97,0.0183606230803118,0.02133526895598091
meg,gamma1,99,0.020804024378496,0.022088240035921015
meg,gamma1,101,0.021491422641298,0.02270456692072806
meg,gamma1,103,0.0227933992522166,0.02479180685698905
meg,gamma1,105,0.018131387119476,0.019570898777518636
meg,gamma1,107,0.0188985700653472,0.02023118827722894
meg,gamma1,109,0.0212811542973842,0.025219215171638047
meg,gamma1,111,0.0213269162923097,0.02302645553022203
meg,gamma1,113,0.0202390346506779,0.019798050008004248
meg,gamma1,115,0.0221252812980077,0.024637970114831084
meg,gamma1,119,0.0217468022803465,0.019142651027646812
meg,gamma1,121,0.0169375808384173,0.02142308839907251
meg,gamma1,123,0.0172214578145865,0.018616459750716817
meg,gamma1,125,0.019985635642996,0.01836790824718429
meg,gamma1,127,0.0188507481345108,0.016899410776149433
meg,gamma1,129,0.0192520613637492,0.018791440684577186
meg,gamma1,131,0.0218465954786346,0.019324547085493967
meg,gamma1,133,0.0188650121934801,0.017869552484990482
meg,gamma1,135,0.0170283870187779,0.017874316426670228
meg,gamma1,137,0.0180931406425928,0.01792436153314373
meg,gamma1,139,0.0200403954715185,0.019767515827625804
meg,gamma1,141,0.0195093719625524,0.01867988084999598
meg,gamma1,143,0.0168070100008113,0.01791951008025015
meg,gamma1,145,0.018246253340874,0.019532015802371502
meg,gamma1,147,0.019275206092883,0.019205202841369038
meg,gamma1,149,0.0203223435264361,0.02158838338825469
meg,gamma1,151,0.0181685026231869,0.01824355848377533
meg,gamma1,153,0.0196432511344433,0.020372090090462928
meg,gamma1,155,0.0223760837150944,0.021618824672968783
meg,gamma1,157,0.0203225749348731,0.021827440463543974
meg,gamma1,159,0.021133347801613,0.02109521143810495
meg,gamma1,161,0.0241832637308251,0.021138552257457033
meg,gamma1,163,0.0209953221317115,0.020016201880563106
meg,gamma1,165,0.0288615979359678,0.022589269763285815
meg,gamma1,167,0.0260375082636108,0.021171633253068506
meg,gamma1,169,0.0236082670845739,0.020239671620921672
meg,gamma1,171,0.0236564760350368,0.021286450344575266
meg,gamma1,173,0.024719165103441,0.021312818090720838
meg,gamma1,175,0.0239520732361774,0.023327891569150726
meg,gamma1,179,0.0236370825155087,0.02819921746385787
meg,gamma1,181,0.0164744807102906,0.018780110211162052
meg,gamma1,183,0.0251959257972581,0.024505546802016366
meg,gamma1,185,0.0256408826192271,0.023893991577977797
meg,gamma1,187,0.0174410489193577,0.029306652844636155
meg,gamma1,189,0.0160770408609615,0.016553477563854595
meg,gamma1,191,0.014945767916841,0.016169597578584615
meg,gamma1,193,0.0158251191615053,0.015762373088782585
meg,gamma1,195,0.0186825339669642,0.01766031831534004
meg,gamma1,197,0.0175508879581932,0.016869074118796006
meg,gamma1,199,0.0175642399386865,0.017662233122796925
meg,gamma1,201,0.0169469213801299,0.018438917092241214
meg,gamma1,203,0.0185894004255533,0.016065984407086495
meg,gamma1,205,0.019885172573608,0.018096368814581928
meg,gamma1,207,0.0172076474174583,0.016913535036970018
meg,gamma1,209,0.0174629906116173,0.017173441911565206
meg,gamma2,1,0.0100918413277287,0.010766272825313386
meg,gamma2,3,0.0119877111964344,0.011364530225158462
meg,gamma2,5,0.0159728293169256,0.011118321215068675
meg,gamma2,7,0.0101427274141514,0.010633536845605805
meg,gamma2,9,0.0095400969115778,0.010086136501508419
meg,gamma2,11,0.0121031459747699,0.011330079484692996
meg,gamma2,13,0.0176767422542256,0.009576878688849717
meg,gamma2,15,0.0148094482308263,0.010348360525712266
meg,gamma2,17,0.0116154610107724,0.011874432321450265
meg,gamma2,19,0.0177937059069243,0.010160073631616334
meg,gamma2,21,0.0168824780144189,0.010754502023703339
meg,gamma2,23,0.0123343635379033,0.011460667705319776
meg,gamma2,25,0.010083543198804,0.010765442534173865
meg,gamma2,27,0.0220186670382435,0.011822396477442331
meg,gamma2,29,0.0128193340243253,0.013842613735191156
meg,gamma2,31,0.0168980611428137,0.012520080016016387
meg,gamma2,33,0.0168742804902873,0.013799434235924878
meg,gamma2,35,0.0195385948488754,0.012112314961840747
meg,gamma2,37,0.0143486622190977,0.015384694946527389
meg,gamma2,39,0.0152494625538481,0.013819049173153889
meg,gamma2,41,0.0170213477427346,0.011045640853663793
meg,gamma2,43,0.018315753740642,0.015480732300947566
meg,gamma2,45,0.0173203468052202,0.013315903640355732
meg,gamma2,47,0.0198986545560797,0.011424513711629784
meg,gamma2,49,0.0123114760130325,0.011735744649801394
meg,gamma2,51,0.0170163018099292,0.015596911791632518
meg,gamma2,53,0.0102539255520802,0.010284438808817398
meg,gamma2,55,0.0094292172948356,0.009870944212969081
meg,gamma2,57,0.0084443335403122,0.009112297420562326
meg,gamma2,59,0.0100899029376083,0.009016547206840989
meg,gamma2,61,0.0144079019921639,0.012943091832813794
meg,gamma2,63,0.0121526003503154,0.013294533598173754
meg,gamma2,65,0.0082401760783417,0.009494892662728762
meg,gamma2,67,0.0090558860372279,0.009468537124594355
meg,gamma2,69,0.0132901436373801,0.01686509244403749
meg,gamma2,71,0.0094868689139802,0.010063602544524975
meg,gamma2,73,0.0119429636672606,0.014454698031095973
meg,gamma2,75,0.011608533123508,0.012234107026805684
meg,gamma2,77,0.0156585519416974,0.01678092844607536
meg,gamma2,79,0.0157629477170606,0.015565115801501392
meg,gamma2,81,0.0149822861952061,0.01493581052879888
meg,gamma2,83,0.0199920773543984,0.014717686347734928
meg,gamma2,85,0.0122547275329962,0.013501314221013368
meg,gamma2,87,0.0125847462341604,0.01479316624351188
meg,gamma2,89,0.0150826663307067,0.014432692976152954
meg,gamma2,91,0.0120873283236645,0.013609619295298817
meg,gamma2,93,0.021303352677321,0.015497506623561193
meg,gamma2,95,0.0175479472849831,0.015337139332700466
meg,gamma2,97,0.0119622979483759,0.013965156569426776
meg,gamma2,99,0.0147992043048703,0.014653480380564486
meg,gamma2,101,0.0155425531621504,0.015291549679246891
meg,gamma2,103,0.0162323092055671,0.0169084010481255
meg,gamma2,105,0.0111558255308066,0.012405938276613708
meg,gamma2,107,0.01249463257288,0.013009301714575539
meg,gamma2,109,0.0151016667692197,0.01725157894018291
meg,gamma2,111,0.0144479988273559,0.0141412363389216
meg,gamma2,113,0.0133092802441255,0.0124420718965911
meg,gamma2,115,0.015189807742643,0.01665841629923359
meg,gamma2,119,0.014389365799725,0.010871758440871456
meg,gamma2,121,0.0103131529087057,0.013798115267666194
meg,gamma2,123,0.010336902270996,0.010298740405004655
meg,gamma2,125,0.008609628290211,0.010075459931473005
meg,gamma2,127,0.00860169374441,0.00923087990775521
meg,gamma2,129,0.007699064355089,0.010499492379693328
meg,gamma2,131,0.0087031511079159,0.010208274223448444
meg,gamma2,133,0.0078973573460486,0.009899172280220924
meg,gamma2,135,0.0086538989673943,0.010145608238990186
meg,gamma2,137,0.0086042086476327,0.010252366996659445
meg,gamma2,139,0.0097562948747271,0.011032143892228157
meg,gamma2,141,0.0107096368933912,0.010964152878366568
meg,gamma2,143,0.0090350278683172,0.01025072050642772
meg,gamma2,145,0.0095265030078941,0.011165842010573341
meg,gamma2,147,0.0082707665981379,0.009787514192986433
meg,gamma2,149,0.0076541620477491,0.010431723122931868
meg,gamma2,151,0.009091322403604,0.009939400520291996
meg,gamma2,153,0.0086021346857756,0.01056144366906192
meg,gamma2,155,0.0101482813281041,0.010153660269353904
meg,gamma2,157,0.0114148386705078,0.01207143947077325
meg,gamma2,159,0.0086990981153474,0.010034971271783186
meg,gamma2,161,0.0090358125839472,0.010005193675535812
meg,gamma2,163,0.0124069232275421,0.011493659005478265
meg,gamma2,165,0.0195718746685053,0.01534825728068794
meg,gamma2,167,0.0157600785533969,0.014000873627529567
meg,gamma2,169,0.0159918739328808,0.01389039831869937
meg,gamma2,171,0.0147448779634115,0.0131055876983755
meg,gamma2,173,0.0152919989044743,0.013329103504544072
meg,gamma2,175,0.0116314174913805,0.009677308181475794
meg,gamma2,179,0.0111416052510054,0.015105435047549978
meg,gamma2,181,0.0097213652824946,0.009488010826439654
meg,gamma2,183,0.0119922471349127,0.010627304759115266
meg,gamma2,185,0.0120058867385504,0.010086081217514803
meg,gamma2,187,0.0092361225512496,0.017830166164155888
meg,gamma2,189,0.0088056111181642,0.009507607098668321
meg,gamma2,191,0.00753837994185,0.009197115561683972
meg,gamma2,193,0.0087793360460579,0.009063233659333647
meg,gamma2,195,0.0113976338061771,0.010234240211555987
meg,gamma2,197,0.0096216192259895,0.009441235769279995
meg,gamma2,199,0.0095196153213931,0.009562877646069359
meg,gamma2,201,0.0099115996965604,0.011205731260106244
meg,gamma2,203,0.0109693494525093,0.009111307045965283
meg,gamma2,205,0.0120609669250997,0.010537484630110798
meg,gamma2,207,0.0089081034722199,0.008958717025805408
meg,gamma2,209,0.0082772790865526,0.008339920355229687
enigma,22q,1,0.44637533124590056,0.2882606728821671
enigma,22q,3,0.5006282794160579,0.3034669708700128
enigma,22q,5,0.5181688733836879,0.2767036582377104
enigma,22q,7,0.4818936991930848,0.3040603906322105
enigma,22q,9,0.4406077087948714,0.3155308657052082
enigma,22q,11,0.4311931250292391,0.2797933334173498
enigma,22q,13,0.47986236919354747,0.24818778465537483
enigma,22q,15,0.6700507615745832,0.2595133675222067
enigma,22q,17,0.540096957051281,0.2933832400350614
enigma,22q,19,0.6806114444881893,0.22018749276128136
enigma,22q,21,0.6783666494182794,0.24537410293133025
enigma,22q,23,0.5689762763496928,0.3027461841634178
enigma,22q,25,0.49137513501960844,0.3069687425902354
enigma,22q,27,0.6069856156923068,0.2168423900562776
enigma,22q,29,0.5539323496240598,0.284022719870304
enigma,22q,31,0.5860230946451606,0.26606634836156046
enigma,22q,33,0.5502455011643835,0.2688537064330688
enigma,22q,35,0.5062568326428565,0.22832628470534974
enigma,22q,37,0.5625338670718234,0.2706289064176931
enigma,22q,39,0.5337116597163123,0.266592411664046
enigma,22q,41,0.48947598560185196,0.2098756975477681
enigma,22q,43,0.48381813335294116,0.25387098858642404
enigma,22q,45,0.4884938248044696,0.2424757706330469
enigma,22q,47,0.5060746701507541,0.22545262157030255
enigma,22q,49,0.5141439601020409,0.25148405677911195
enigma,22q,51,0.5208120676777249,0.24882845810764423
enigma,22q,53,0.4646097390581166,0.30317249232128124
enigma,22q,55,0.42930998806557397,0.32694266101479297
enigma,22q,57,0.4830971173949585,0.33228168130886754
enigma,22q,59,0.446703369894737,0.35075726578906835
enigma,22q,61,0.5070478354285717,0.2654815941637968
enigma,22q,63,0.4450343461213713,0.29269488565748186
enigma,22q,65,0.4914488292783498,0.24716219135968148
enigma,22q,67,0.5164761471126755,0.32216311153762595
enigma,22q,69,0.02151123151455396,0.5401283537223575
enigma,22q,71,-0.2692703247365083,0.4709645077296656
enigma,22q,73,-0.2502891470669455,0.49192033899360177
enigma,22q,75,-0.2458467957099998,0.4592089329507924
enigma,22q,77,-0.151499254585641,0.5001732973685019
enigma,22q,79,-0.3171810824466666,0.4771355878065627
enigma,22q,81,0.30869195970297,0.4985725354131957
enigma,22q,83,0.18982050513299473,0.46631781896937535
enigma,22q,85,0.24954438628048814,0.4618371112980263
enigma,22q,87,0.11688568388022276,0.47800103331581945
enigma,22q,89,0.2505971011940299,0.5512388591891205
enigma,22q,91,0.275131728076923,0.4922255098443873
enigma,22q,93,0.24677062657522134,0.5208323734812143
enigma,22q,95,0.31477190364485985,0.5191260048971635
enigma,22q,97,0.30863117580152644,0.47280081857902306
enigma,22q,99,0.307853237593985,0.49605237010875614
enigma,22q,101,0.27783356687499994,0.5257159942176425
enigma,22q,103,0.04560223340941168,0.5774012107291535
enigma,22q,105,0.2077559829392973,0.5123791272413667
enigma,22q,107,0.21485652229577412,0.5358207945048332
enigma,22q,109,0.11614599356419755,0.586030916757962
enigma,22q,111,-0.37661791017543833,0.4858208803766482
enigma,22q,113,-0.383556238818182,0.4902761465450289
enigma,22q,115,-0.16203590615384614,0.5691823462832182
enigma,22q,117,0.14836112777777777,0.5443269367000768
enigma,22q,119,-0.2530120581577335,0.39090574715646254
enigma,22q,121,-0.07892412482564107,0.4566269786548945
enigma,22q,123,0.0730758424089349,0.4028455054127579
enigma,22q,125,0.2850924089005242,0.2892726439744794
enigma,22q,127,0.2829345975918365,0.24579791464682316
enigma,22q,129,0.3079418996894401,0.2364204437009788
enigma,22q,131,0.3251369709354841,0.2498601524180144
enigma,22q,133,0.26888974891566353,0.2963461773033087
enigma,22q,135,0.2509412934449761,0.2481792348967994
enigma,22q,137,0.295002876380256,0.24480862795564023
enigma,22q,139,0.5725018327470691,0.18030385227477053
enigma,22q,141,0.4687763208453158,0.1993485205577465
enigma,22q,143,0.2683868207549509,0.2458018338968245
enigma,22q,145,0.4448599959283029,0.1725413296685968
enigma,22q,147,0.3497073421111115,0.18860017247140387
enigma,22q,149,0.3749370406783917,0.1323410731901576
enigma,22q,151,0.375297489237473,0.2460195984652055
enigma,22q,153,0.34941062079575574,0.14151160004109448
enigma,22q,155,0.5691764676296301,0.37635436218527085
enigma,22q,157,0.6161093886315794,0.33014719413783267
enigma,22q,159,0.5552799295955053,0.3573594636909916
enigma,22q,161,0.5304089237086085,0.3052093747417511
enigma,22q,163,0.5338065233472811,0.21998267131680804
enigma,22q,165,0.674519436666666,0.22068444097466855
enigma,22q,167,0.7398478410769245,0.1267059898414597
enigma,22q,169,0.309342689646739,0.03154066613911649
enigma,22q,171,0.7714972599431827,0.20119433916589163
enigma,22q,173,0.7354543840277773,0.18008086021826944
enigma,22q,175,0.14807392251515153,0.2720711424918423
enigma,22q,177,-0.1475472171014493,0.32069770042987544
enigma,22q,179,0.1849379427801046,0.42848779677860777
enigma,22q,181,0.29913957723008877,0.26037830989452737
enigma,22q,183,-0.014015835604166681,0.3840964824243458
enigma,22q,185,0.111138353246114,0.32724376568816715
enigma,22q,187,0.35231017174825185,0.47111899192058293
enigma,22q,189,0.3766668207142861,0.3356748688642699
enigma,22q,191,0.5552551396164381,0.35870039033733364
enigma,22q,193,0.4950450900793648,0.3890868264998883
enigma,22q,195,0.28905717770917727,0.26440681922927367
enigma,22q,197,0.4608213143523321,0.31654311630680565
enigma,22q,199,0.22741808922829543,0.2789293817401486
enigma,22q,201,0.24419140722929952,0.157353494267302
enigma,22q,203,0.258247883907692,0.35852927164170517
enigma,22q,205,0.22682668524495697,0.22944999148186634
enigma,22q,207,0.31233466266055043,0.29716933806351276
enigma,22q,209,0.2693859513157892,0.29324223898834867
enigma,adhd,1,-0.04441071178032765,-0.06363302525733383
enigma,adhd,3,-0.03532796459367405,0.025297769529696555
enigma,adhd,5,-0.030610375040181173,-0.003438685041322713
enigma,adhd,7,-0.0414314963948125,0.030597653918740225
enigma,adhd,9,-0.042733627597435854,-0.017114245524287038
enigma,adhd,11,-0.04582446769590613,-0.05678009239377604
enigma,adhd,13,-0.035885940154301056,-0.038846709727250454
enigma,adhd,15,0.02002217432513813,0.011013207405964294
enigma,adhd,17,-0.013895003477384617,0.05067849418657076
enigma,adhd,19,0.023655097170866165,-0.0038723861359624065
enigma,adhd,21,0.024201233280886397,0.026271336367644272
enigma,adhd,23,-0.006716758617208591,0.05063564342424005
enigma,adhd,25,-0.029840646247058785,0.05660620604308391
enigma,adhd,27,0.027084446168076853,0.01965030449663934
enigma,adhd,29,-0.014569232172180452,0.04107909078068496
enigma,adhd,31,-0.004470828800322579,0.006841115479290564
enigma,adhd,33,-0.0156365314452055,0.008542850079335161
enigma,adhd,35,-0.018493850164285706,0.014843841792329969
enigma,adhd,37,-0.015093219422928166,0.0008965403354536244
enigma,adhd,39,-0.022196234723404235,0.0283560686178833
enigma,adhd,41,-0.05882782252499991,-0.046544241909543295
enigma,adhd,43,0.015879227554058822,0.005042871975106087
enigma,adhd,45,0.022186124151396654,0.008692930736044942
enigma,adhd,47,-0.02556509887286434,-0.024468049096016
enigma,adhd,49,-0.03775712974557823,-0.03433678447709416
enigma,adhd,51,0.007045143088246439,0.00506056130986993
enigma,adhd,53,-0.03417644098777557,0.04461453794170779
enigma,adhd,55,-0.05653778496721311,0.04543041283115132
enigma,adhd,57,-0.02402085227478987,0.03190229245467781
enigma,adhd,59,-0.04992017414736847,0.032134753288374285
enigma,adhd,61,-0.03220022431730161,0.032291742814965003
enigma,adhd,63,-0.05018121567546169,0.058571706660500114
enigma,adhd,65,0.0011401156663230153,0.026043726895360497
enigma,adhd,67,-0.021595197147887383,0.015264595897212626
enigma,adhd,69,-0.00954904518422535,0.01682817550942463
enigma,adhd,71,0.029623630274920657,0.031704056731662406
enigma,adhd,73,0.01987411553891212,0.014545790048315329
enigma,adhd,75,0.030681942059999977,0.03736765639370333
enigma,adhd,77,0.02539535582871797,-0.002100045868346421
enigma,adhd,79,0.03435513588666668,0.01834420492414233
enigma,adhd,81,0.015431132663366348,0.04211964593951754
enigma,adhd,83,0.018711807751269023,0.027921199552731542
enigma,adhd,85,0.02180185065548778,0.047019783514477026
enigma,adhd,87,0.02316508548467968,0.029103008720621132
enigma,adhd,89,-0.0028401951388059682,0.06244667453577339
enigma,adhd,91,0.0008454619239743603,0.05083909636644432
enigma,adhd,93,0.0004074532911504419,0.045397760841381085
enigma,adhd,95,0.007855384415887857,0.045088592817666175
enigma,adhd,97,0.011347606381068716,0.04464962033576762
enigma,adhd,99,0.00728197333872181,0.0453350920344386
enigma,adhd,101,0.00014233417277777826,0.04777112882328713
enigma,adhd,103,0.006370444662058827,0.062146252381995545
enigma,adhd,105,0.012478791395207663,0.06619978644249343
enigma,adhd,107,0.0016026015826760508,0.06359655810785525
enigma,adhd,109,-0.03529627330246913,0.06398622537097369
enigma,adhd,111,0.06102022692982458,0.04145880616223796
enigma,adhd,113,0.07265652130909088,0.05923137566553245
enigma,adhd,115,0.014020329917948708,0.05858346160281272
enigma,adhd,117,-0.03597151044444444,0.0028814590446491362
enigma,adhd,119,0.09569435149333326,0.08569960032070406
enigma,adhd,121,0.01861527094871794,0.035060956272797254
enigma,adhd,123,0.0230083028316151,0.06920830178154216
enigma,adhd,125,0.09094464045026175,0.05446466678213207
enigma,adhd,127,0.09144552557551039,0.08057095902882491
enigma,adhd,129,0.0905604661614908,0.044435544108138936
enigma,adhd,131,0.08813198665806456,0.03841607016561203
enigma,adhd,133,0.09780369001606463,0.06944452926196201
enigma,adhd,135,0.08706379383014337,0.08492467257588662
enigma,adhd,137,0.07602607950639821,0.0805615914862215
enigma,adhd,139,0.031319313110552645,0.03303936892860913
enigma,adhd,141,0.034801847172113244,0.05885483178145317
enigma,adhd,143,0.07294106303589033,0.08097133790294864
enigma,adhd,145,0.02302449473113197,0.028295228834406695
enigma,adhd,147,0.05217559456296284,0.06561007296953908
enigma,adhd,149,0.038818432258542625,0.02552307586045716
enigma,adhd,151,0.052574706407407384,0.09043065295006172
enigma,adhd,153,0.03679914577267878,0.044918259973861105
enigma,adhd,155,0.025812350435851828,-0.004415814252923254
enigma,adhd,157,0.03271787330578949,0.00035603853684828407
enigma,adhd,159,0.05380411972359551,0.0009377707763568574
enigma,adhd,161,0.038765013031788045,0.001596100185061975
enigma,adhd,163,-0.002506638053849372,0.020714955944721117
enigma,adhd,165,0.0070606975614583315,-0.011518085516010076
enigma,adhd,167,-0.004923052882221531,-0.008129955659611113
enigma,adhd,169,0.009904042426956527,-0.006460083795286394
enigma,adhd,171,-0.007535762043749999,0.007066960576946998
enigma,adhd,173,-0.016147513329722224,0.0008449296576054609
enigma,adhd,175,-0.016652481957142865,-0.01630511221413031
enigma,adhd,177,-0.10868384881159425,-0.048603713918171434
enigma,adhd,179,-0.07552177390575916,-0.05703424828437753
enigma,adhd,181,0.05113224701769906,0.06926926754100161
enigma,adhd,183,-0.09318825174999991,-0.04015235754925499
enigma,adhd,185,-0.0716601498290155,-0.024276948625875757
enigma,adhd,187,-0.08262213711888101,-0.0350827779230006
enigma,adhd,189,0.10240863492857148,0.09771510048208189
enigma,adhd,191,0.08233784482739727,0.10070056898378445
enigma,adhd,193,0.0903017552857143,0.10471839901897878
enigma,adhd,195,0.0875632216,0.08692566492464841
enigma,adhd,197,0.07668123537305721,0.09293090040476804
enigma,adhd,199,0.12945627386173628,0.07997121886180067
enigma,adhd,201,0.09865911872292997,0.04485857507543914
enigma,adhd,203,0.13259383618461537,0.10047807011382827
enigma,adhd,205,0.12042632855907774,0.06954128182787302
enigma,adhd,207,0.10503409478899083,0.09072943643118497
enigma,adhd,209,0.09531520021052624,0.08317340347839963
enigma,asd,1,0.10507979740983586,0.05623048242473243
enigma,asd,3,0.10576521691970786,0.0541168254883103
enigma,asd,5,0.10999999640483338,0.04221626128120538
enigma,asd,7,0.10415516188472607,0.05541138449748485
enigma,asd,9,0.08222873874948713,0.06285404278826635
enigma,asd,11,0.10323586852631546,0.06289882262700396
enigma,asd,13,0.10052413267473104,0.028189240389478676
enigma,asd,15,0.10998030142541394,0.02133395703247276
enigma,asd,17,0.06587114008717959,0.035083392021610524
enigma,asd,19,0.10994300782677131,-0.007774564716884452
enigma,asd,21,0.10088040270914114,-0.0005375077805674783
enigma,asd,23,0.08390818698773006,0.0489809869321491
enigma,asd,25,0.07230370755686265,0.05353315898285364
enigma,asd,27,0.08929252271923073,-0.01945133207370689
enigma,asd,29,0.009457768969172933,0.012252030401532693
enigma,asd,31,0.04494970160903228,-0.013337955878995528
enigma,asd,33,-0.006180121533561645,-0.01420584865520659
enigma,asd,35,0.05203877615000004,-0.029076693838561096
enigma,asd,37,0.0016492009806077287,-0.049415193336245354
enigma,asd,39,-0.000776700289361704,-0.03187100059576852
enigma,asd,41,0.06944533959259254,-0.00314541576710263
enigma,asd,43,0.013624030014117628,-0.04138237213477927
enigma,asd,45,0.010022102519385479,-0.021003188704666984
enigma,asd,47,0.05239477628140697,-0.007008746936957425
enigma,asd,49,0.04482484572244889,-0.0016726951233200782
enigma,asd,51,0.010401278740284358,-0.04461745796613025
enigma,asd,53,0.05244575378625237,0.0041218518929384135
enigma,asd,55,0.08953009624590157,0.053764937163638546
enigma,asd,57,0.03619228510560227,0.017105388720644807
enigma,asd,59,0.07565572512631578,0.06604451416903669
enigma,asd,61,0.03590017145015871,-0.0529191880644052
enigma,asd,63,0.07545052424274411,0.03411026574799561
enigma,asd,65,-0.04519830909278348,-0.05152252168469379
enigma,asd,67,-0.012257571448591556,0.03434534188638122
enigma,asd,69,-0.14675691394366205,-0.020989066587317123
enigma,asd,71,-0.139266735168254,-0.11188581764727347
enigma,asd,73,-0.16209664650627578,-0.08138957985288614
enigma,asd,75,-0.13047475650999987,-0.08898444503358958
enigma,asd,77,-0.13561603376923087,-0.052891653283416114
enigma,asd,79,-0.14627433803333342,-0.04905731945777086
enigma,asd,81,-0.12501076084158408,-0.04655363638800664
enigma,asd,83,-0.13320939842639581,-0.06464009608790416
enigma,asd,85,-0.10455663514024405,-0.0609327387969359
enigma,asd,87,-0.12234062541504186,-0.05831396620330614
enigma,asd,89,-0.16901914029850754,-0.025154634233578037
enigma,asd,91,-0.16013953628205138,-0.05483110483698235
enigma,asd,93,-0.15691100070796452,-0.03295578046534906
enigma,asd,95,-0.14434251336448609,-0.03592729519642501
enigma,asd,97,-0.1400975321374045,-0.059544750790946725
enigma,asd,99,-0.14447061924812019,-0.04777057628512225
enigma,asd,101,-0.16033909534722227,-0.033189111325774436
enigma,asd,103,-0.17435625708823538,0.00925102129461196
enigma,asd,105,-0.16134351723961712,-0.04758827637133011
enigma,asd,107,-0.17002958701408466,-0.043449471706303484
enigma,asd,109,-0.21351017246913573,0.017266605943611995
enigma,asd,111,-0.14058063652631575,-0.011265423989064046
enigma,asd,113,-0.12873143043636376,-0.047512226228103575
enigma,asd,115,-0.17888535461538457,0.011556484781903728
enigma,asd,117,-0.18813997000000002,0.01678739483821792
enigma,asd,119,-0.07684370913333334,-0.0521096536945492
enigma,asd,121,-0.09650925213846157,-0.07297729497538251
enigma,asd,123,-0.0823558734810997,-0.06940170686090742
enigma,asd,125,-0.08849074240314134,-0.060339646186527617
enigma,asd,127,-0.08766053261632656,-0.06629868561727667
enigma,asd,129,-0.08637478649068317,-0.05698599221379613
enigma,asd,131,-0.08611981764838701,-0.05474555335657878
enigma,asd,133,-0.08603404848594365,-0.06434309271484784
enigma,asd,135,-0.05392342195693785,-0.04944979641471567
enigma,asd,137,-0.06116505490859233,-0.053564308126913616
enigma,asd,139,-0.08591417190787266,-0.062139412256295684
enigma,asd,141,-0.08283352818082812,-0.0762828983862919
enigma,asd,143,-0.055237951081682876,-0.05295193782312718
enigma,asd,145,-0.09948100304339672,-0.08073321129266096
enigma,asd,147,-0.08202926489629604,-0.054363261562501396
enigma,asd,149,-0.07416756929145737,-0.03589023787584376
enigma,asd,151,-0.07186046331764696,-0.03800302498736703
enigma,asd,153,-0.05812180797586198,-0.0213936596178829
enigma,asd,155,-0.03637717753835557,-0.024455876765425558
enigma,asd,157,-0.06387587251578936,-0.04975930585922876
enigma,asd,159,-0.07548879645168535,-0.029061505724540415
enigma,asd,161,-0.04992483494693163,-0.04148432894891376
enigma,asd,163,-0.12046136635983276,-0.09848801508668312
enigma,asd,165,-0.05644219856250002,-0.06826133405669817
enigma,asd,167,-0.057837836615384525,-0.0715173260497533
enigma,asd,169,-0.11488178063586968,-0.11153822712096284
enigma,asd,171,-0.07504753755113634,-0.06297281207458626
enigma,asd,173,-0.053531110500463,-0.06430560160206236
enigma,asd,175,0.032254577041558395,-0.03549147548593579
enigma,asd,177,0.042654921826086954,0.049843179043088943
enigma,asd,179,0.060147450753926676,0.10851390632538876
enigma,asd,181,0.014369297552654888,-0.06414475324189263
enigma,asd,183,0.05603706816666664,0.06137305621118077
enigma,asd,185,0.019047785398963724,-0.006532033497121059
enigma,asd,187,0.04130120782517486,0.09211370325297263
enigma,asd,189,-0.03243326097619045,-0.02226566229098237
enigma,asd,191,-0.030857045312328787,-0.016527732811147812
enigma,asd,193,-0.022399742531746022,-0.005351015583786686
enigma,asd,195,-0.055337211172602735,-0.04740496785375413
enigma,asd,197,-0.03808965449533679,-0.02763005026377238
enigma,asd,199,-0.028727131553054557,-0.04258373640535729
enigma,asd,201,-0.055882120070063615,-0.10873613175390671
enigma,asd,203,-0.02201914908000004,-0.016193409711194904
enigma,asd,205,-0.040241846945245005,-0.06519352434035854
enigma,asd,207,-0.07497665035321109,-0.04523389589216551
enigma,asd,209,-0.08068443432163754,-0.060909260226564656
enigma,epilepsy_gge,1,-0.007647625901967214,-0.015141968316295135
enigma,epilepsy_gge,3,-0.02848548926593677,-0.05604203799883785
enigma,epilepsy_gge,5,-0.009600825769969765,-0.033365294202234656
enigma,epilepsy_gge,7,-0.07596386261095096,-0.05257780361850945
enigma,epilepsy_gge,9,-0.03909727914794881,-0.007480463489695194
enigma,epilepsy_gge,11,-0.005440765296783618,-0.0064058669905187535
enigma,epilepsy_gge,13,-0.012057006912096765,-0.027423348269841892
enigma,epilepsy_gge,15,0.013796367780442012,-0.06580255225597094
enigma,epilepsy_gge,17,-0.167430780503077,-0.06922906475889433
enigma,epilepsy_gge,19,0.015535770594488147,-0.07944992585032422
enigma,epilepsy_gge,21,0.014295903522160713,-0.08601682199063121
enigma,epilepsy_gge,23,-0.10140109226840506,-0.06690882794635834
enigma,epilepsy_gge,25,-0.20851087029803936,-0.06366777723370344
enigma,epilepsy_gge,27,0.021322575815000033,-0.08233667737598624
enigma,epilepsy_gge,29,-0.09156581342105265,-0.07226324406917485
enigma,epilepsy_gge,31,-0.007167243058064512,-0.08152069880551326
enigma,epilepsy_gge,33,-0.021532292845890418,-0.07532623592822867
enigma,epilepsy_gge,35,-0.004922383945714276,-0.08657867034670408
enigma,epilepsy_gge,37,-0.015535794993646388,-0.058785036431805424
enigma,epilepsy_gge,39,-0.11358658980141852,-0.05778515513384759
enigma,epilepsy_gge,41,-0.0016718280212963006,-0.044228884947235314
enigma,epilepsy_gge,43,0.056175861176470554,-0.06818878936518116
enigma,epilepsy_gge,45,0.0787420999245812,-0.07286929603762772
enigma,epilepsy_gge,47,0.029948492666934688,-0.06873525395359163
enigma,epilepsy_gge,49,0.03220996201598636,-0.043785436728309673
enigma,epilepsy_gge,51,0.03482186142890997,-0.06676191409426918
enigma,epilepsy_gge,53,-0.2858409535070145,-0.04759454997799012
enigma,epilepsy_gge,55,-0.3568110545901639,-0.035216452780004764
enigma,epilepsy_gge,57,-0.24455197641736637,-0.010717286756760099
enigma,epilepsy_gge,59,-0.30680607105263213,-0.003060452317866752
enigma,epilepsy_gge,61,-0.25375722905396836,-0.05138500312300047
enigma,epilepsy_gge,63,-0.3333579121899734,-0.059701817748129965
enigma,epilepsy_gge,65,-0.13511855061168385,-0.02850671132685871
enigma,epilepsy_gge,67,-0.20015655452112685,-0.0020366165972907913
enigma,epilepsy_gge,69,-0.12340688577934286,-0.04626798135131503
enigma,epilepsy_gge,71,-0.05271642554920641,-0.08857839416886125
enigma,epilepsy_gge,73,-0.048908963403765784,-0.06114059047085157
enigma,epilepsy_gge,75,-0.05307603249000003,-0.07765851818108051
enigma,epilepsy_gge,77,-0.04481050596410254,-0.033560571962550675
enigma,epilepsy_gge,79,-0.044796799706666675,-0.05491741563900416
enigma,epilepsy_gge,81,-0.0932337007920792,-0.07502488957780833
enigma,epilepsy_gge,83,-0.08491772880710657,-0.06216816804721173
enigma,epilepsy_gge,85,-0.0975941304207318,-0.07626976058162951
enigma,epilepsy_gge,87,-0.08624184416991652,-0.06503704913030736
enigma,epilepsy_gge,89,-0.05937228986567162,-0.09736123094302039
enigma,epilepsy_gge,91,-0.04691775649999999,-0.08410673381971545
enigma,epilepsy_gge,93,-0.0702347323893805,-0.0783188068524911
enigma,epilepsy_gge,95,-0.06751083949532706,-0.07852555677439912
enigma,epilepsy_gge,97,-0.0702375666946564,-0.07588957391637009
enigma,epilepsy_gge,99,-0.06532846363909765,-0.07748945500862314
enigma,epilepsy_gge,101,-0.045419597013888785,-0.08134607367051894
enigma,epilepsy_gge,103,-0.08154113556764722,-0.09171181511111004
enigma,epilepsy_gge,105,-0.09651284633865846,-0.09871983288603918
enigma,epilepsy_gge,107,-0.0780334918140846,-0.10085154055188768
enigma,epilepsy_gge,109,-0.15143269276543211,-0.09271768630355619
enigma,epilepsy_gge,111,-0.014577908570175458,-0.06236898236259528
enigma,epilepsy_gge,113,0.0021068375454545486,-0.08850024374168929
enigma,epilepsy_gge,115,-0.08167901294871789,-0.08712393625065673
enigma,epilepsy_gge,117,-0.1592268544444444,-0.030584389934539914
enigma,epilepsy_gge,119,0.02308211753333333,-0.07882649789510537
enigma,epilepsy_gge,121,-0.07021294934358967,-0.0683441563419387
enigma,epilepsy_gge,123,-0.08905095938487956,-0.08593176097889725
enigma,epilepsy_gge,125,-0.11884645382198954,-0.06935613023701623
enigma,epilepsy_gge,127,-0.12030338296734688,-0.061328461945275956
enigma,epilepsy_gge,129,-0.12548915773913039,-0.072849325754648
enigma,epilepsy_gge,131,-0.10401413302258061,-0.07799143617052895
enigma,epilepsy_gge,133,-0.1329731706024096,-0.07294548125180617
enigma,epilepsy_gge,135,-0.12765069619617223,-0.07115496894828706
enigma,epilepsy_gge,137,-0.12985162786106041,-0.07083681885633412
enigma,epilepsy_gge,139,-0.1111477824235516,-0.06431467201731901
enigma,epilepsy_gge,141,-0.13469855688453156,-0.057328375377219125
enigma,epilepsy_gge,143,-0.12574878332054448,-0.07127873055372623
enigma,epilepsy_gge,145,-0.1104574423792455,-0.0680842717161508
enigma,epilepsy_gge,147,-0.05548905566296294,-0.05315723525671544
enigma,epilepsy_gge,149,-0.06543306891206047,-0.055085796751211544
enigma,epilepsy_gge,151,-0.04764359003267978,-0.0596959866321127
enigma,epilepsy_gge,153,-0.027419736158620648,-0.048036541371048014
enigma,epilepsy_gge,155,-0.04519989292177793,-0.12609074274554655
enigma,epilepsy_gge,157,-0.017176086819210536,-0.10239638294050699
enigma,epilepsy_gge,159,-0.0010471000368089671,-0.11943013978536124
enigma,epilepsy_gge,161,-0.045988758438631254,-0.11725934813658553
enigma,epilepsy_gge,163,-0.06559340255648535,-0.0778207293294032
enigma,epilepsy_gge,165,-0.0013030444062499859,-0.016308132359969654
enigma,epilepsy_gge,167,-0.02969677264923078,-0.039260329020476076
enigma,epilepsy_gge,169,-0.04904881125543477,-0.019012437431064372
enigma,epilepsy_gge,171,-0.07925431752272726,-0.06036935309671852
enigma,epilepsy_gge,173,-0.09680293337499997,-0.05612119231199986
enigma,epilepsy_gge,175,0.027588550129870135,-0.05657004971317073
enigma,epilepsy_gge,177,0.08071658295652177,-0.021169927912137246
enigma,epilepsy_gge,179,0.01632567504083767,0.0074895944833379
enigma,epilepsy_gge,181,-0.0013802487637168078,-0.06663534226456862
enigma,epilepsy_gge,183,0.06058831334895826,-0.058195383851627494
enigma,epilepsy_gge,185,-0.00031724938082906156,-0.06687373186418066
enigma,epilepsy_gge,187,-0.023558379923076928,0.017609793813487984
enigma,epilepsy_gge,189,-0.03434555925178567,-0.07726090457088824
enigma,epilepsy_gge,191,-0.051026756052328724,-0.0791677090396478
enigma,epilepsy_gge,193,-0.06403305091269838,-0.0813686466978393
enigma,epilepsy_gge,195,-0.017588613645863012,-0.07377367200411188
enigma,epilepsy_gge,197,-0.03669859477215883,-0.07461735127210486
enigma,epilepsy_gge,199,-0.1265791946302252,-0.08108519067957295
enigma,epilepsy_gge,201,-0.11294784102547752,-0.0826549531659802
enigma,epilepsy_gge,203,-0.11930691353538446,-0.07977121815284152
enigma,epilepsy_gge,205,-0.11761427789049006,-0.08148474455193946
enigma,epilepsy_gge,207,-0.12186087645871556,-0.07545406895396443
enigma,epilepsy_gge,209,-0.12922491505847924,-0.07864600073956242
enigma,epilepsy_rtle,1,-0.33399233721311405,-0.24759901555788788
enigma,epilepsy_rtle,3,-0.3415064647445254,-0.3041181063832042
enigma,epilepsy_rtle,5,-0.32785386151057355,-0.2576821481471355
enigma,epilepsy_rtle,7,-0.3734211543515852,-0.3067150269061196
enigma,epilepsy_rtle,9,-0.3558191923846155,-0.3294581704722908
enigma,epilepsy_rtle,11,-0.3262072991228061,-0.21640026836704104
enigma,epilepsy_rtle,13,-0.2861799686290317,-0.16936119357646773
enigma,epilepsy_rtle,15,-0.18389968712707147,-0.2116210763537456
enigma,epilepsy_rtle,17,-0.28434039635897435,-0.24118934414267457
enigma,epilepsy_rtle,19,-0.17356006039370062,-0.12398914265580459
enigma,epilepsy_rtle,21,-0.15620195509695273,-0.12818894493487093
enigma,epilepsy_rtle,23,-0.2613988051533741,-0.3025329663578919
enigma,epilepsy_rtle,25,-0.34660622360784304,-0.31898880647580646
enigma,epilepsy_rtle,27,-0.14239171420000013,-0.07876375979723363
enigma,epilepsy_rtle,29,-0.2214031967669175,-0.10246218043816711
enigma,epilepsy_rtle,31,-0.15344636238709697,-0.10623431992753511
enigma,epilepsy_rtle,33,-0.15290613219178095,-0.11431237427838403
enigma,epilepsy_rtle,35,-0.15515759121428574,-0.07805964019356337
enigma,epilepsy_rtle,37,-0.12816742193922662,-0.10231444554874636
enigma,epilepsy_rtle,39,-0.2425088352482273,-0.21030128257837333
enigma,epilepsy_rtle,41,0.03141449279166666,-0.025521157861262828
enigma,epilepsy_rtle,43,-0.07505124689411771,-0.05300960526837206
enigma,epilepsy_rtle,45,-0.023434861487742993,-0.04810606919101698
enigma,epilepsy_rtle,47,0.021684514732160813,-0.02438904132042613
enigma,epilepsy_rtle,49,0.03985803780306123,-0.0059845767368876535
enigma,epilepsy_rtle,51,-0.08338752988625589,-0.04933581669287221
enigma,epilepsy_rtle,53,-0.4757043829458918,-0.34655379136744885
enigma,epilepsy_rtle,55,-0.4972639652131142,-0.37093943868872115
enigma,epilepsy_rtle,57,-0.4600400119607847,-0.40483178090226024
enigma,epilepsy_rtle,59,-0.4908633998947364,-0.4295753459140246
enigma,epilepsy_rtle,61,-0.41244590511111134,-0.2749113986148843
enigma,epilepsy_rtle,63,-0.45952483897097707,-0.31586743247658405
enigma,epilepsy_rtle,65,-0.45213055731958757,-0.3440187461966723
enigma,epilepsy_rtle,67,-0.49130672327464736,-0.39307473921857694
enigma,epilepsy_rtle,69,-0.12441269901408461,-0.06591222425118198
enigma,epilepsy_rtle,71,-0.18767116714285728,-0.17191345309927802
enigma,epilepsy_rtle,73,-0.165336388023012,-0.08738151611911316
enigma,epilepsy_rtle,75,-0.1669993198,-0.17647637680716288
enigma,epilepsy_rtle,77,-0.11260681257435892,-0.07496802352637436
enigma,epilepsy_rtle,79,-0.13637214464666667,-0.11781252940064224
enigma,epilepsy_rtle,81,-0.10917756762376235,-0.15517962596861518
enigma,epilepsy_rtle,83,-0.10725863612690348,-0.16811192117913293
enigma,epilepsy_rtle,85,-0.1451928002439024,-0.17517489175469142
enigma,epilepsy_rtle,87,-0.12875356513927574,-0.13906316106914968
enigma,epilepsy_rtle,89,-0.08951153179104468,-0.17486131341664407
enigma,epilepsy_rtle,91,-0.06992099202564107,-0.17106247973218763
enigma,epilepsy_rtle,93,-0.08991384831858415,-0.1590681746700242
enigma,epilepsy_rtle,95,-0.07966068400000002,-0.1552797321069188
enigma,epilepsy_rtle,97,-0.08693836068702293,-0.16528788586489906
enigma,epilepsy_rtle,99,-0.07980139581954898,-0.159817321853012
enigma,epilepsy_rtle,101,-0.06690433183333334,-0.1555462568065709
enigma,epilepsy_rtle,103,-0.11415143618235295,-0.1666953084928362
enigma,epilepsy_rtle,105,-0.18616551939297116,-0.18650287736443324
enigma,epilepsy_rtle,107,-0.12066287553521143,-0.17898199539533222
enigma,epilepsy_rtle,109,-0.12121222432098765,-0.16689112014709043
enigma,epilepsy_rtle,111,-0.04828752424561405,-0.06741328658298779
enigma,epilepsy_rtle,113,-0.05619592139090908,-0.14034410609341968
enigma,epilepsy_rtle,115,-0.0756600759230769,-0.144626462497072
enigma,epilepsy_rtle,117,-0.12304776055555555,0.029767746981688215
enigma,epilepsy_rtle,119,-0.10454534370666663,-0.23073963274363313
enigma,epilepsy_rtle,121,-0.18343681097435885,-0.1726440049454157
enigma,epilepsy_rtle,123,-0.20708916336769756,-0.251618566782934
enigma,epilepsy_rtle,125,-0.39858694617801105,-0.3932414858781255
enigma,epilepsy_rtle,127,-0.39477695122449014,-0.37125660282506856
enigma,epilepsy_rtle,129,-0.3839754161180134,-0.4269467652556992
enigma,epilepsy_rtle,131,-0.3930243349677425,-0.46629985025413784
enigma,epilepsy_rtle,133,-0.384864867871487,-0.3918843692940491
enigma,epilepsy_rtle,135,-0.2618920351435405,-0.2729287431171786
enigma,epilepsy_rtle,137,-0.2773579497989025,-0.2749657224865423
enigma,epilepsy_rtle,139,-0.3554186568844245,-0.37141959659430773
enigma,epilepsy_rtle,141,-0.32071214226579486,-0.270234775057456
enigma,epilepsy_rtle,143,-0.24324119381187914,-0.2734747090209789
enigma,epilepsy_rtle,145,-0.3146844873584915,-0.3003571777151186
enigma,epilepsy_rtle,147,-0.386789831888888,-0.3461559210041977
enigma,epilepsy_rtle,149,-0.39497334572864334,-0.3540014166795401
enigma,epilepsy_rtle,151,-0.35267048912854043,-0.28270912545648064
enigma,epilepsy_rtle,153,-0.30871340307692247,-0.19676694893055516
enigma,epilepsy_rtle,155,-0.37332635354074123,-0.4775568670772918
enigma,epilepsy_rtle,157,-0.324545594078948,-0.350282946552021
enigma,epilepsy_rtle,159,-0.3472633677078646,-0.47005976553675227
enigma,epilepsy_rtle,161,-0.377540395121412,-0.49292300091657715
enigma,epilepsy_rtle,163,-0.12366090155648535,-0.21034573218281827
enigma,epilepsy_rtle,165,-0.02430740603125002,-0.07052873948459804
enigma,epilepsy_rtle,167,-0.04725406145384622,-0.15956597826062932
enigma,epilepsy_rtle,169,-0.07097051904347829,-0.14305586230309536
enigma,epilepsy_rtle,171,-0.09598081439772725,-0.18389538292915247
enigma,epilepsy_rtle,173,-0.11778586021759249,-0.19093060640705786
enigma,epilepsy_rtle,175,-0.04600758770303037,-0.35159422548099445
enigma,epilepsy_rtle,177,-0.06451473466666661,-0.26730057170856253
enigma,epilepsy_rtle,179,-0.15965117121989517,-0.25740101457925035
enigma,epilepsy_rtle,181,-0.06794762738318573,-0.3151852441475871
enigma,epilepsy_rtle,183,-0.12463071438541647,-0.32349337995082567
enigma,epilepsy_rtle,185,-0.22740843543005201,-0.3715591222980741
enigma,epilepsy_rtle,187,-0.0008795523155245124,-0.1023412424621582
enigma,epilepsy_rtle,189,-0.33788855952380975,-0.25407987399377235
enigma,epilepsy_rtle,191,-0.3063685247671237,-0.26437310517332163
enigma,epilepsy_rtle,193,-0.2886117422222223,-0.23844513747592755
enigma,epilepsy_rtle,195,-0.3087531420547948,-0.1679630485038957
enigma,epilepsy_rtle,197,-0.3168826112262521,-0.2675439197383995
enigma,epilepsy_rtle,199,-0.2598014612861741,-0.2494838808057698
enigma,epilepsy_rtle,201,-0.20946331878662397,-0.18540364027353445
enigma,epilepsy_rtle,203,-0.2575058884923077,-0.26781328185927167
enigma,epilepsy_rtle,205,-0.2469135290201736,-0.20556833706704683
enigma,epilepsy_rtle,207,-0.359610704678899,-0.3249864552604471
enigma,epilepsy_rtle,209,-0.3661215433918134,-0.31435041368531036
enigma,epilepsy_ltle,1,-0.37569409255737735,-0.2119252823457764
enigma,epilepsy_ltle,3,-0.40147315656934357,-0.24838670053899756
enigma,epilepsy_ltle,5,-0.3830994013595173,-0.22509872720489293
enigma,epilepsy_ltle,7,-0.42136176985590745,-0.24297273268692363
enigma,epilepsy_ltle,9,-0.3903287612820511,-0.2414194924655468
enigma,epilepsy_ltle,11,-0.36074028374269085,-0.19291739454203113
enigma,epilepsy_ltle,13,-0.33225898946236593,-0.17301758000321465
enigma,epilepsy_ltle,15,-0.23266865759668548,-0.2551483419062783
enigma,epilepsy_ltle,17,-0.36182555705128167,-0.25641564699833125
enigma,epilepsy_ltle,19,-0.22178562397637752,-0.2561942376919297
enigma,epilepsy_ltle,21,-0.20753002047091454,-0.28183386979418185
enigma,epilepsy_ltle,23,-0.33893852021472404,-0.25546160084480674
enigma,epilepsy_ltle,25,-0.4197612188235287,-0.2512835337948696
enigma,epilepsy_ltle,27,-0.18131977102307692,-0.24560525690191967
enigma,epilepsy_ltle,29,-0.263722332406015,-0.2614137492924881
enigma,epilepsy_ltle,31,-0.23158745470967762,-0.25744246749082217
enigma,epilepsy_ltle,33,-0.22390804746575346,-0.2421681457476608
enigma,epilepsy_ltle,35,-0.24134669692857144,-0.24159095947068931
enigma,epilepsy_ltle,37,-0.18042407591436446,-0.22682456682027724
enigma,epilepsy_ltle,39,-0.2708603739716314,-0.25033929008590816
enigma,epilepsy_ltle,41,0.00165320218106481,-0.202414687986875
enigma,epilepsy_ltle,43,-0.08875179009294118,-0.20027868200744367
enigma,epilepsy_ltle,45,-0.06104517506983249,-0.20888043755523775
enigma,epilepsy_ltle,47,-0.01666023721165831,-0.2044166470251345
enigma,epilepsy_ltle,49,0.004385556959875499,-0.1624818186087364
enigma,epilepsy_ltle,51,-0.09494648428720383,-0.19550486381377652
enigma,epilepsy_ltle,53,-0.45325715623246415,-0.2761689635639403
enigma,epilepsy_ltle,55,-0.48207798422950926,-0.26621223349972234
enigma,epilepsy_ltle,57,-0.438231462661065,-0.2900842731191453
enigma,epilepsy_ltle,59,-0.4705664699473689,-0.2783043361912074
enigma,epilepsy_ltle,61,-0.3802758671111118,-0.2611271609325049
enigma,epilepsy_ltle,63,-0.4552828068073869,-0.2546784594908232
enigma,epilepsy_ltle,65,-0.4313380671477666,-0.28037242935073065
enigma,epilepsy_ltle,67,-0.4335413440492953,-0.27634978871985805
enigma,epilepsy_ltle,69,-0.28475139319248843,-0.13332901322893162
enigma,epilepsy_ltle,71,-0.33076301015873016,-0.10736297346497778
enigma,epilepsy_ltle,73,-0.26998271166318033,-0.06738757433621595
enigma,epilepsy_ltle,75,-0.3249517418500002,-0.0994267752357304
enigma,epilepsy_ltle,77,-0.27407891876923085,-0.14230014965236612
enigma,epilepsy_ltle,79,-0.36891949519999967,-0.17561257028091792
enigma,epilepsy_ltle,81,-0.2583247158415842,-0.1604816340081431
enigma,epilepsy_ltle,83,-0.29238770477157366,-0.14221847720413955
enigma,epilepsy_ltle,85,-0.2289154781707318,-0.17331272566365624
enigma,epilepsy_ltle,87,-0.29064239192200564,-0.122376977392777
enigma,epilepsy_ltle,89,-0.2536216656716417,-0.30715650815731393
enigma,epilepsy_ltle,91,-0.22269178205128198,-0.21525397144439362
enigma,epilepsy_ltle,93,-0.25331717203539805,-0.1905660441134171
enigma,epilepsy_ltle,95,-0.23875798345794405,-0.17813611009061503
enigma,epilepsy_ltle,97,-0.240453798625954,-0.1658956849196509
enigma,epilepsy_ltle,99,-0.23413538225563912,-0.1722759934109122
enigma,epilepsy_ltle,101,-0.21954564145833333,-0.18981899434812827
enigma,epilepsy_ltle,103,-0.33684340023529397,-0.29512594770636164
enigma,epilepsy_ltle,105,-0.3528951346006387,-0.31858686632118965
enigma,epilepsy_ltle,107,-0.294810444901409,-0.31978905278910186
enigma,epilepsy_ltle,109,-0.4042255302469131,-0.31154649188011624
enigma,epilepsy_ltle,111,-0.33058438210526314,-0.26131886704368823
enigma,epilepsy_ltle,113,-0.3162205127272727,-0.27827967499043677
enigma,epilepsy_ltle,115,-0.3739434994871794,-0.3056867691894443
enigma,epilepsy_ltle,117,-0.34091077000000003,-0.23725784841726558
enigma,epilepsy_ltle,119,-0.2934544254666667,-0.3140528178884204
enigma,epilepsy_ltle,121,-0.1992174313333334,-0.11520070372514285
enigma,epilepsy_ltle,123,-0.17985081893470756,-0.24071803786713872
enigma,epilepsy_ltle,125,-0.48165880523560123,-0.27903516619810514
enigma,epilepsy_ltle,127,-0.47486055191836746,-0.2683447529563127
enigma,epilepsy_ltle,129,-0.43624666360248265,-0.2772203985832992
enigma,epilepsy_ltle,131,-0.45584402909677274,-0.2857806062320908
enigma,epilepsy_ltle,133,-0.4487146844578301,-0.28658531252814384
enigma,epilepsy_ltle,135,-0.28098838918660396,-0.28774999253395744
enigma,epilepsy_ltle,137,-0.283980326032906,-0.2860876177109818
enigma,epilepsy_ltle,139,-0.303676622479062,-0.25662089291125484
enigma,epilepsy_ltle,141,-0.2786324354466231,-0.25705352899895456
enigma,epilepsy_ltle,143,-0.2450892787376229,-0.286987540193565
enigma,epilepsy_ltle,145,-0.28605915267924537,-0.255128134938613
enigma,epilepsy_ltle,147,-0.5230126997037036,-0.2555652179850826
enigma,epilepsy_ltle,149,-0.4982810934673368,-0.24719158220927048
enigma,epilepsy_ltle,151,-0.46888455527233025,-0.2745878057603617
enigma,epilepsy_ltle,153,-0.4520444489389916,-0.2420128532942564
enigma,epilepsy_ltle,155,-0.3612006989777767,-0.35027597001920596
enigma,epilepsy_ltle,157,-0.29241214686052636,-0.3029746816473442
enigma,epilepsy_ltle,159,-0.3446163453707871,-0.3404815404485474
enigma,epilepsy_ltle,161,-0.3773081301324504,-0.3366092737173638
enigma,epilepsy_ltle,163,0.0007781729041840931,-0.24094136829846288
enigma,epilepsy_ltle,165,0.05387849152499998,-0.10582581468250221
enigma,epilepsy_ltle,167,0.04370484815423082,-0.2107827232211181
enigma,epilepsy_ltle,169,-0.07324284116413046,-0.21803690418772137
enigma,epilepsy_ltle,171,0.04127781685795457,-0.22928002836271394
enigma,epilepsy_ltle,173,-0.01346983246759265,-0.23731092814231491
enigma,epilepsy_ltle,175,-0.13992750518181815,-0.4189558505439634
enigma,epilepsy_ltle,177,-0.022451453579710172,-0.33457142789669475
enigma,epilepsy_ltle,179,-0.09985926606282731,-0.2939546344702709
enigma,epilepsy_ltle,181,-0.1618010802300886,-0.40917119279320446
enigma,epilepsy_ltle,183,-0.07728114116145843,-0.367205512675511
enigma,epilepsy_ltle,185,-0.25519124665803145,-0.39618412049986235
enigma,epilepsy_ltle,187,0.015497455020979042,-0.14192738600996163
enigma,epilepsy_ltle,189,-0.3376914607738096,-0.33086834434652734
enigma,epilepsy_ltle,191,-0.2503737716986303,-0.33166959690049447
enigma,epilepsy_ltle,193,-0.26174349841269845,-0.3141625130420736
enigma,epilepsy_ltle,195,-0.3442283768493152,-0.3057208857019539
enigma,epilepsy_ltle,197,-0.32316494122625183,-0.3471548526849937
enigma,epilepsy_ltle,199,-0.3131281063022511,-0.29136494513648065
enigma,epilepsy_ltle,201,-0.2868787832802556,-0.28233243979579026
enigma,epilepsy_ltle,203,-0.3055414061846157,-0.330465930462115
enigma,epilepsy_ltle,205,-0.31828268772334356,-0.29585556588690215
enigma,epilepsy_ltle,207,-0.40040938380733937,-0.35942354264671056
enigma,epilepsy_ltle,209,-0.42565432625731037,-0.3209254549355428
enigma,depression,1,-0.0647953138491802,-0.02799596755868034
enigma,depression,3,-0.06036203235523127,-0.011934939047561724
enigma,depression,5,-0.0621100125287008,-0.043826655557442286
enigma,depression,7,-0.05687982156772314,-0.004542276264019013
enigma,depression,9,-0.058189004423076875,0.004025354974217535
enigma,depression,11,-0.06395329267543846,-0.04411385941320118
enigma,depression,13,-0.06922397083602141,-0.07316760254922182
enigma,depression,15,-0.04111644877071847,-0.059277212374597
enigma,depression,17,-0.02199660260641022,-0.029818886717760604
enigma,depression,19,-0.039634270767716535,-0.08235567559536414
enigma,depression,21,-0.039397206421052766,-0.08078952407531101
enigma,depression,23,-0.029399529495398733,-0.011149579325806257
enigma,depression,25,-0.022719978886274538,-0.00011536910334574574
enigma,depression,27,-0.04034133110769234,-0.09316379866586272
enigma,depression,29,-0.04951974106015037,-0.07233018967766022
enigma,depression,31,-0.05118818175483871,-0.08060612940456172
enigma,depression,33,-0.06025605469863012,-0.0767284825536021
enigma,depression,35,-0.05598968732857142,-0.08806659017017493
enigma,depression,37,-0.06352828280386744,-0.06884224370856928
enigma,depression,39,-0.05304936260283683,-0.04250372821525431
enigma,depression,41,-0.11445043149074074,-0.10089859169112303
enigma,depression,43,-0.05578614008823533,-0.08587304518401134
enigma,depression,45,-0.05207864851955306,-0.09678645365093622
enigma,depression,47,-0.09007189718090451,-0.10706253983196604
enigma,depression,49,-0.10001386923129245,-0.09281720117284692
enigma,depression,51,-0.06068459843601898,-0.0839408244955358
enigma,depression,53,-0.008387329773547095,0.010804409114387709
enigma,depression,55,-0.024227782518032762,0.02143462987714148
enigma,depression,57,-0.0031915073770308108,0.038114577410722786
enigma,depression,59,-0.02510761286894735,0.042644764292598725
enigma,depression,61,-0.023282914191428583,-0.01897149096601454
enigma,depression,63,-0.02418482969920845,-0.015039477899685537
enigma,depression,65,-0.006128432494872863,-0.01011260963468328
enigma,depression,67,-0.011428901496126756,0.02694677067486914
enigma,depression,69,-0.01753448508544599,-0.07332534696092258
enigma,depression,71,-0.007253871248517461,-0.04825795498819187
enigma,depression,73,-0.014868746015753125,-0.06313400075834277
enigma,depression,75,-0.015339226599500018,-0.06598448696729997
enigma,depression,77,-0.01825128616687179,-0.06937946703260872
enigma,depression,79,-0.009722233795133327,-0.07061882091999232
enigma,depression,81,-0.07762733641584153,-0.06793596142151954
enigma,depression,83,-0.06187835884771573,-0.07083605639791697
enigma,depression,85,-0.0749947829817073,-0.0671227486426154
enigma,depression,87,-0.06133453502228409,-0.07549723978428485
enigma,depression,89,-0.06967208313432836,-0.037017360313207445
enigma,depression,91,-0.055660578974359005,-0.05838559751244332
enigma,depression,93,-0.06075174441592928,-0.060514015698679785
enigma,depression,95,-0.06517606286915895,-0.0637999281497088
enigma,depression,97,-0.06485633809160304,-0.06880811284154419
enigma,depression,99,-0.06378716266165407,-0.06660030615984544
enigma,depression,101,-0.0548121112291667,-0.061575818489912275
enigma,depression,103,-0.08383871457941186,-0.03523602016104738
enigma,depression,105,-0.09766822466453677,-0.03677147120415307
enigma,depression,107,-0.08513916309577449,-0.03717954528783898
enigma,depression,109,-0.05987797551851851,-0.03101336835289401
enigma,depression,111,-0.0721205232982456,-0.029224730569426045
enigma,depression,113,-0.08090839699090908,-0.04823299541369854
enigma,depression,115,-0.06152747523076922,-0.03217275168407327
enigma,depression,117,-0.03976939677777777,-0.0522609177561073
enigma,depression,119,-0.055582540720000025,-0.03321641989044323
enigma,depression,121,-0.04635503299487179,-0.07158883949875461
enigma,depression,123,-0.057810021357388254,-0.05168214649726767
enigma,depression,125,-0.007867475757068037,-0.03941257184436055
enigma,depression,127,-0.008994583562040814,-0.03647322361061203
enigma,depression,129,-0.010035381866770169,-0.04283956679384176
enigma,depression,131,-0.0006685097524838687,-0.04242045644399945
enigma,depression,133,-0.010855922472289108,-0.036229609703385124
enigma,depression,135,-0.051630717866028464,-0.03457438003323012
enigma,depression,137,-0.05158889409506392,-0.03580892402450746
enigma,depression,139,-0.0298088426757119,-0.04791095479287135
enigma,depression,141,-0.047062604283224486,-0.04245993885557594
enigma,depression,143,-0.060498192340346785,-0.035659081618235104
enigma,depression,145,-0.03376714572792455,-0.04997194954934518
enigma,depression,147,-0.020144395196296277,-0.041412247164308844
enigma,depression,149,-0.018600281494974898,-0.05182103039738789
enigma,depression,151,-0.01807297839623094,-0.029078990227031594
enigma,depression,153,-0.037190039347480115,-0.045287899753085274
enigma,depression,155,0.021627900067703744,-0.03607693111047482
enigma,depression,157,0.007120358013421058,-0.04414801127365732
enigma,depression,159,0.01906964229442702,-0.03642681280310714
enigma,depression,161,0.019639004985651208,-0.03919325571190777
enigma,depression,163,-0.07495810243514651,-0.012279443006893362
enigma,depression,165,-0.0820311973229167,-0.04593553475800176
enigma,depression,167,-0.09033847450769228,-0.036870447186020394
enigma,depression,169,-0.06035601772282605,-0.03824278145116965
enigma,depression,171,-0.08715597998863646,-0.03648093926731405
enigma,depression,173,-0.08782248860648151,-0.03325437673677886
enigma,depression,175,-0.08882795994372275,-0.05312122287067983
enigma,depression,177,-0.07312808747826087,-0.11032613598636404
enigma,depression,179,-0.07144287693717283,-0.10900074114991098
enigma,depression,181,-0.07331289219911498,-0.019309430107286075
enigma,depression,183,-0.06561394031249995,-0.0816376845218654
enigma,depression,185,-0.06372394407772013,-0.052192382233730586
enigma,depression,187,-0.1256804402937061,-0.1029121509180368
enigma,depression,189,-0.0038214572232143046,-0.002861907079952146
enigma,depression,191,0.05118599594356167,0.009783766834763334
enigma,depression,193,0.03813803593499997,0.02482385316570703
enigma,depression,195,-0.02219320449983561,-0.035551702352620326
enigma,depression,197,0.016790147758963734,-0.009160355683888628
enigma,depression,199,-0.026924133633440477,-0.05118644258169625
enigma,depression,201,-0.04046740415923558,-0.06310451253134848
enigma,depression,203,-0.014155935990769244,0.011075140518245312
enigma,depression,205,-0.03248116313544662,-0.05403488348580936
enigma,depression,207,0.0013417480035963288,-0.025280601380928736
enigma,depression,209,-0.016602607606725134,-0.04412165265509458
enigma,ocd,1,-0.06482510091803269,-0.03846779767249166
enigma,ocd,3,-0.07188476931873473,-0.04076282026550178
enigma,ocd,5,-0.07248757533232598,-0.0469217442075892
enigma,ocd,7,-0.06597004222190175,-0.03595280570245083
enigma,ocd,9,-0.058992777212820424,-0.031420280807578096
enigma,ocd,11,-0.06296319020467826,-0.04226475634830222
enigma,ocd,13,-0.07105770084139784,-0.053613851076556016
enigma,ocd,15,-0.09129929628176778,-0.06067810246760466
enigma,ocd,17,-0.08576207268717957,-0.04755711514111714
enigma,ocd,19,-0.0926045361062993,-0.06993267599807779
enigma,ocd,21,-0.0898208923296399,-0.0733893922654843
enigma,ocd,23,-0.08844440989570547,-0.041649107157872844
enigma,ocd,25,-0.0777347935803921,-0.03579494430562079
enigma,ocd,27,-0.08820916732307701,-0.07354615431388006
enigma,ocd,29,-0.07829612821804513,-0.06308455618471573
enigma,ocd,31,-0.06806609740645161,-0.06465568520067116
enigma,ocd,33,-0.06828455539041091,-0.05903331411962447
enigma,ocd,35,-0.043583637292857184,-0.06638758702896072
enigma,ocd,37,-0.05952694388121536,-0.05385573220985943
enigma,ocd,39,-0.07175044128368786,-0.04691741679773502
enigma,ocd,41,-0.08020159603703707,-0.06679663433894362
enigma,ocd,43,-0.080330098464706,-0.06057760668280846
enigma,ocd,45,-0.09341517149720653,-0.06962007628533161
enigma,ocd,47,-0.0861036834170854,-0.07187772911177073
enigma,ocd,49,-0.0879696619149659,-0.06067374379386055
enigma,ocd,51,-0.07202562232701425,-0.05600726462861748
enigma,ocd,53,-0.03372839951503006,-0.03264982974568803
enigma,ocd,55,-0.04191636804590159,-0.02939075095368939
enigma,ocd,57,-0.03203470785994394,-0.02388683699910133
enigma,ocd,59,-0.038859673089473676,-0.023526067400828375
enigma,ocd,61,-0.04064664815238092,-0.038865778689582006
enigma,ocd,63,-0.04775316076253295,-0.03859604851758895
enigma,ocd,65,-0.032253840975944935,-0.045774737453275496
enigma,ocd,67,-0.021894507838028175,-0.026428848338287778
enigma,ocd,69,-0.007265044554225349,-0.06877845870454989
enigma,ocd,71,-0.01890052335555556,-0.044756814145200365
enigma,ocd,73,-0.014244364917364031,-0.05064865258843342
enigma,ocd,75,-0.02838971931099997,-0.06312325392421982
enigma,ocd,77,-0.020775658266666674,-0.058652365539232344
enigma,ocd,79,-0.024107060958666687,-0.06993321748384104
enigma,ocd,81,-0.08802196340594057,-0.07608608968916114
enigma,ocd,83,-0.07352601973604057,-0.0649931656902557
enigma,ocd,85,-0.08781072953048787,-0.07657701075867653
enigma,ocd,87,-0.06878168458217268,-0.07145169098436231
enigma,ocd,89,-0.0935661345671642,-0.07556079235849306
enigma,ocd,91,-0.08888826920512824,-0.07381866785923429
enigma,ocd,93,-0.08158241951327437,-0.0765771769498387
enigma,ocd,95,-0.08935009445794385,-0.07805356116065024
enigma,ocd,97,-0.0889224146183206,-0.07421518971264543
enigma,ocd,99,-0.08877506336842109,-0.07643135467068604
enigma,ocd,101,-0.0886021141041666,-0.07909004573257426
enigma,ocd,103,-0.08553416991764695,-0.07976187041697455
enigma,ocd,105,-0.10044226324600657,-0.07306374436506853
enigma,ocd,107,-0.09793086267042243,-0.07317089970278678
enigma,ocd,109,-0.06925562300000002,-0.07978946656683057
enigma,ocd,111,-0.0652827316666667,-0.0587211869467714
enigma,ocd,113,-0.07059227603636369,-0.0725271852077305
enigma,ocd,115,-0.06501837330769233,-0.07568332599004922
enigma,ocd,117,-0.03739830772222222,-0.06047410703290578
enigma,ocd,119,-0.05896075298666663,-0.07676754758343121
enigma,ocd,121,-0.052545366846153914,-0.06929063408549235
enigma,ocd,123,-0.07082445556013757,-0.091426400277524
enigma,ocd,125,-0.0672821235759162,-0.06599093108248669
enigma,ocd,127,-0.06864169935102034,-0.06508373795482189
enigma,ocd,129,-0.0648432587795033,-0.06470508461446285
enigma,ocd,131,-0.058061211651612876,-0.06431420541527803
enigma,ocd,133,-0.06970827689558233,-0.06637215554065193
enigma,ocd,135,-0.12387986658133965,-0.06658952021266429
enigma,ocd,137,-0.11703358487751364,-0.06678201322902959
enigma,ocd,139,-0.04992999470854259,-0.06272641717688936
enigma,ocd,141,-0.07093499803485825,-0.06547824191717166
enigma,ocd,143,-0.12700712614727747,-0.06683388201951691
enigma,ocd,145,-0.043453158830188604,-0.061961511616268325
enigma,ocd,147,-0.08989756977037051,-0.06388752936435876
enigma,ocd,149,-0.07775216265577903,-0.061714864029882646
enigma,ocd,151,-0.0860291294488019,-0.06258696636994644
enigma,ocd,153,-0.09180505828912458,-0.06117153401768259
enigma,ocd,155,-0.026707180601481473,-0.059789693529343935
enigma,ocd,157,-0.03197244562631575,-0.06091721591585499
enigma,ocd,159,-0.03285596734382024,-0.059700368509381985
enigma,ocd,161,-0.030637827578366434,-0.06004383259784796
enigma,ocd,163,-0.04621802915481171,-0.025743577775412613
enigma,ocd,165,-0.07547000141666671,-0.03914983559048292
enigma,ocd,167,-0.06948959250000004,-0.03071664636347917
enigma,ocd,169,-0.04072643515760872,-0.020983489296503947
enigma,ocd,171,-0.05732952803409089,-0.040773635178248765
enigma,ocd,173,-0.06491673661111108,-0.03590839473774096
enigma,ocd,175,-0.06760397631168825,-0.03691754143343234
enigma,ocd,177,-0.03398404374173917,-0.05964422983579145
enigma,ocd,179,-0.044717302268062815,-0.06734209855071412
enigma,ocd,181,-0.06961332497787623,-0.06397573550363152
enigma,ocd,183,-0.035291301632916695,-0.05564269666096111
enigma,ocd,185,-0.0471608681606218,-0.03483834062722191
enigma,ocd,187,-0.07660040546153847,-0.07279741503067864
enigma,ocd,189,-0.056877876363095256,-0.06102874795436855
enigma,ocd,191,-0.025588185254794473,-0.052675342217595456
enigma,ocd,193,-0.031923197844841274,-0.039950723757897766
enigma,ocd,195,-0.06213676543561649,-0.0793677905474679
enigma,ocd,197,-0.04953747675820374,-0.0658027808764773
enigma,ocd,199,-0.08171818654983945,-0.09499757545074095
enigma,ocd,201,-0.08757587025796168,-0.08480807784904097
enigma,ocd,203,-0.06811853271384616,-0.051991748473386445
enigma,ocd,205,-0.07689968917579244,-0.08862955165647331
enigma,ocd,207,-0.0613341195229358,-0.082192556621098
enigma,ocd,209,-0.07790635312280693,-0.09427972246050709
enigma,schizophrenia,1,-0.4068707255081954,-0.27714866678479966
enigma,schizophrenia,3,-0.417068562798054,-0.2459678524502641
enigma,schizophrenia,5,-0.4165493418428998,-0.2647845629276443
enigma,schizophrenia,7,-0.406630926772335,-0.2195751159009885
enigma,schizophrenia,9,-0.38700515766666704,-0.2735308189839368
enigma,schizophrenia,11,-0.3990765347368426,-0.2787550977052286
enigma,schizophrenia,13,-0.3887023700268817,-0.2853456357364541
enigma,schizophrenia,15,-0.3709627061602201,-0.2699740284091629
enigma,schizophrenia,17,-0.35952208958974363,-0.23076163449494635
enigma,schizophrenia,19,-0.3676364852362202,-0.26939233857318245
enigma,schizophrenia,21,-0.36023784684210397,-0.2431007441116404
enigma,schizophrenia,23,-0.3720842915644171,-0.2229570640371962
enigma,schizophrenia,25,-0.3636396642745098,-0.20543807437028616
enigma,schizophrenia,27,-0.3542369553461535,-0.2431401915445721
enigma,schizophrenia,29,-0.36428676887218026,-0.26543348235821834
enigma,schizophrenia,31,-0.35821289877419304,-0.2717680720160713
enigma,schizophrenia,33,-0.3650774480821918,-0.2969588238457158
enigma,schizophrenia,35,-0.3403188017857142,-0.2519140590886766
enigma,schizophrenia,37,-0.3646646912707184,-0.3405783757510179
enigma,schizophrenia,39,-0.3608815814893619,-0.29705204999879753
enigma,schizophrenia,41,-0.24577541606481457,-0.28552213567813345
enigma,schizophrenia,43,-0.3730479017647054,-0.31369958073678
enigma,schizophrenia,45,-0.3839100362290502,-0.299078731282652
enigma,schizophrenia,47,-0.2944272298994975,-0.27673544014469675
enigma,schizophrenia,49,-0.29437559714285705,-0.28466606243592496
enigma,schizophrenia,51,-0.3707270631279622,-0.3152289312298667
enigma,schizophrenia,53,-0.3038706378156318,-0.2333428553093433
enigma,schizophrenia,55,-0.3261480513114752,-0.2388003934137105
enigma,schizophrenia,57,-0.297837813837534,-0.2723939372111953
enigma,schizophrenia,59,-0.3247607816842109,-0.28188973620472046
enigma,schizophrenia,61,-0.3201048930793649,-0.29213415487065586
enigma,schizophrenia,63,-0.32769435976253347,-0.22309586415182814
enigma,schizophrenia,65,-0.2671213032302403,-0.26805844626691006
enigma,schizophrenia,67,-0.2776319993661969,-0.27956011589280955
enigma,schizophrenia,69,-0.31851335150234766,-0.3389427747688746
enigma,schizophrenia,71,-0.41155421463492076,-0.34377289752018536
enigma,schizophrenia,73,-0.39303885583681997,-0.37675278904881526
enigma,schizophrenia,75,-0.41929113570000065,-0.33060762263536403
enigma,schizophrenia,77,-0.42302037415384586,-0.3648305663917941
enigma,schizophrenia,79,-0.43582411759999995,-0.3893754893762821
enigma,schizophrenia,81,-0.438161655742574,-0.3323985265509109
enigma,schizophrenia,83,-0.4390120024873099,-0.3315614364824932
enigma,schizophrenia,85,-0.4134749059756097,-0.32409377726209193
enigma,schizophrenia,87,-0.43277787671309276,-0.35348067853881426
enigma,schizophrenia,89,-0.4609792074626868,-0.3792837934830531
enigma,schizophrenia,91,-0.451399676153846,-0.34532479854481324
enigma,schizophrenia,93,-0.43897311513274334,-0.3337980809958579
enigma,schizophrenia,95,-0.4471024513084114,-0.33454641618752595
enigma,schizophrenia,97,-0.44318450251908353,-0.3182991091954011
enigma,schizophrenia,99,-0.4458814776691728,-0.3246277346761575
enigma,schizophrenia,101,-0.45142828784722205,-0.3379534177338082
enigma,schizophrenia,103,-0.39704641329411816,-0.3398103743867265
enigma,schizophrenia,105,-0.464405318370606,-0.39528557496172584
enigma,schizophrenia,107,-0.4642713529577462,-0.40099579446394085
enigma,schizophrenia,109,-0.2861262164197531,-0.33820116510619086
enigma,schizophrenia,111,-0.28966143982456155,-0.2712944501895084
enigma,schizophrenia,113,-0.3272441394545453,-0.3589007368977704
enigma,schizophrenia,115,-0.2622772666666666,-0.32671530663881354
enigma,schizophrenia,117,-0.2731929722222223,-0.33259737591326394
enigma,schizophrenia,119,-0.3021933714666666,-0.36925677528813594
enigma,schizophrenia,121,-0.38682345266666635,-0.3413335179158814
enigma,schizophrenia,123,-0.3766514942268037,-0.33935354740100016
enigma,schizophrenia,125,-0.22288470083769701,-0.30910569538595156
enigma,schizophrenia,127,-0.22516345930612228,-0.2527917638520991
enigma,schizophrenia,129,-0.2353316038509316,-0.30501584561720135
enigma,schizophrenia,131,-0.22186087741935515,-0.2866862676634826
enigma,schizophrenia,133,-0.22466134060241041,-0.27616048588672976
enigma,schizophrenia,135,-0.33707785729665035,-0.33434193290770986
enigma,schizophrenia,137,-0.3415124056672763,-0.34615430834844046
enigma,schizophrenia,139,-0.360717440217756,-0.3568894230197199
enigma,schizophrenia,141,-0.38868903485838896,-0.37660351643141177
enigma,schizophrenia,143,-0.3658773246287121,-0.34705650135943733
enigma,schizophrenia,145,-0.38973926794339736,-0.40362974519091693
enigma,schizophrenia,147,-0.282330753814815,-0.33316036050901676
enigma,schizophrenia,149,-0.2802427102010045,-0.36510003564220794
enigma,schizophrenia,151,-0.28229267187363843,-0.2819641704695901
enigma,schizophrenia,153,-0.30231333058355503,-0.3206919992952137
enigma,schizophrenia,155,-0.2762355026222224,-0.26513265494313826
enigma,schizophrenia,157,-0.2980522172105266,-0.3195275275431761
enigma,schizophrenia,159,-0.2702139208988763,-0.2720483310664815
enigma,schizophrenia,161,-0.26131121286975706,-0.25988890533742137
enigma,schizophrenia,163,-0.37339107807531374,-0.4010061017317894
enigma,schizophrenia,165,-0.4048815494791671,-0.42334784400403225
enigma,schizophrenia,167,-0.39752347423076906,-0.418173895626876
enigma,schizophrenia,169,-0.41872421505434804,-0.46308965451687323
enigma,schizophrenia,171,-0.38796201323863627,-0.4190289412664764
enigma,schizophrenia,173,-0.3889028169444444,-0.403649887346061
enigma,schizophrenia,175,-0.30814930463203444,-0.24535365857357025
enigma,schizophrenia,177,-0.23578074857971032,-0.32076432199914773
enigma,schizophrenia,179,-0.26441868612565456,-0.3800511419893089
enigma,schizophrenia,181,-0.3129797206194689,-0.27820821142511387
enigma,schizophrenia,183,-0.25931048324999983,-0.3289502028500326
enigma,schizophrenia,185,-0.2989026253367882,-0.24947612736070116
enigma,schizophrenia,187,-0.21808147223776225,-0.2411099410723837
enigma,schizophrenia,189,-0.34287408017857157,-0.31711751771123176
enigma,schizophrenia,191,-0.19562450782465735,-0.3160010908711549
enigma,schizophrenia,193,-0.21753810694047618,-0.33159545375479904
enigma,schizophrenia,195,-0.36456691679452097,-0.3051681433305966
enigma,schizophrenia,197,-0.25385540034542364,-0.30562709636280794
enigma,schizophrenia,199,-0.32656903231511336,-0.3528786120822542
enigma,schizophrenia,201,-0.3650074963694267,-0.4170918540005797
enigma,schizophrenia,203,-0.3117096479384628,-0.31364393183219297
enigma,schizophrenia,205,-0.3503558056195969,-0.3888577469763947
enigma,schizophrenia,207,-0.22715562655963276,-0.2606080433567859
enigma,schizophrenia,209,-0.2428259334502924,-0.24993707754236646
enigma,bipolar,1,-0.2247327639016388,-0.1541653297237927
enigma,bipolar,3,-0.23762437299270017,-0.14301925136829438
enigma,bipolar,5,-0.23876791202416894,-0.14201447789585636
enigma,bipolar,7,-0.22773644521613917,-0.12833727460474437
enigma,bipolar,9,-0.2119541885641031,-0.12769904097938536
enigma,bipolar,11,-0.22140336435672509,-0.1601104160071216
enigma,bipolar,13,-0.22557701298387167,-0.17309698116330285
enigma,bipolar,15,-0.26987892345303893,-0.15663468310626338
enigma,bipolar,17,-0.26183939605128265,-0.1397335718551212
enigma,bipolar,19,-0.2720260053149607,-0.17569449213081423
enigma,bipolar,21,-0.27550855595567825,-0.1638382411860725
enigma,bipolar,23,-0.264254885398773,-0.13505968594749593
enigma,bipolar,25,-0.24607356137254877,-0.12252054583773411
enigma,bipolar,27,-0.2533327118461539,-0.16668020910370504
enigma,bipolar,29,-0.27237100218045107,-0.15608685895279267
enigma,bipolar,31,-0.2789522933548388,-0.1645622109626538
enigma,bipolar,33,-0.2861983950684934,-0.16975352717666609
enigma,bipolar,35,-0.2642419709285713,-0.16134412383539823
enigma,bipolar,37,-0.26359831837016595,-0.17243184666187483
enigma,bipolar,39,-0.2651025394326242,-0.15805208481406746
enigma,bipolar,41,-0.19250847069444457,-0.18152394801474878
enigma,bipolar,43,-0.22738809082352962,-0.1670606169803535
enigma,bipolar,45,-0.21818156625698307,-0.17965027558805013
enigma,bipolar,47,-0.203807350603015,-0.18079025736548734
enigma,bipolar,49,-0.20351678207482987,-0.1798720621148997
enigma,bipolar,51,-0.23114169563981063,-0.16193028368776533
enigma,bipolar,53,-0.15954527903807625,-0.11570600703988602
enigma,bipolar,55,-0.1871579849508195,-0.11105584036084715
enigma,bipolar,57,-0.15175973450980412,-0.09932699294377528
enigma,bipolar,59,-0.18072611673684205,-0.10322466028722517
enigma,bipolar,61,-0.17480933116825398,-0.14806924745994712
enigma,bipolar,63,-0.19966731994722944,-0.1296382187465873
enigma,bipolar,65,-0.14886130752577326,-0.14049220879102034
enigma,bipolar,67,-0.15143294813380304,-0.10723241142416227
enigma,bipolar,69,-0.15161708655399042,-0.21735871458983394
enigma,bipolar,71,-0.2086747438412694,-0.17731774491717522
enigma,bipolar,73,-0.1880666787656907,-0.18783177642858306
enigma,bipolar,75,-0.2150252250000001,-0.2017582702608944
enigma,bipolar,77,-0.20361854738461538,-0.19910663248243113
enigma,bipolar,79,-0.21518065506666653,-0.21845890035048054
enigma,bipolar,81,-0.24760768623762394,-0.22161547518047467
enigma,bipolar,83,-0.24053737553299478,-0.2113626567568364
enigma,bipolar,85,-0.24054881560975583,-0.2173268000019852
enigma,bipolar,87,-0.23669568437325858,-0.2218908623529351
enigma,bipolar,89,-0.2606811464179103,-0.21255969058465748
enigma,bipolar,91,-0.2524733362820511,-0.21371630620235346
enigma,bipolar,93,-0.24528479867256647,-0.22026087732210492
enigma,bipolar,95,-0.25082692700934567,-0.22235994137572443
enigma,bipolar,97,-0.24824908893129755,-0.21633982344295125
enigma,bipolar,99,-0.25012803330827077,-0.21961584899611641
enigma,bipolar,101,-0.25244691805555547,-0.22263892038223512
enigma,bipolar,103,-0.19223681683235327,-0.21897071394826118
enigma,bipolar,105,-0.2688868413738017,-0.20474321693450184
enigma,bipolar,107,-0.2631384481971828,-0.2082508289822089
enigma,bipolar,109,-0.10631413729629628,-0.2182307253238554
enigma,bipolar,111,-0.05511689766666669,-0.11144650835734199
enigma,bipolar,113,-0.08718716710000006,-0.19656129157851734
enigma,bipolar,115,-0.05383722715384614,-0.20084247424964807
enigma,bipolar,117,-0.10966186477777777,-0.1872741050263745
enigma,bipolar,119,-0.08306408305333336,-0.197325780055011
enigma,bipolar,121,-0.21440287512820505,-0.2166840104036897
enigma,bipolar,123,-0.22426505274914113,-0.2185972920872891
enigma,bipolar,125,-0.16824412120418855,-0.22734467900773453
enigma,bipolar,127,-0.17003308738775522,-0.1961575363581364
enigma,bipolar,129,-0.17188933810559034,-0.21683716702497904
enigma,bipolar,131,-0.15481040732258075,-0.21196608695609515
enigma,bipolar,133,-0.1715543442570286,-0.2147826884907576
enigma,bipolar,135,-0.24207790610047863,-0.19816956732352967
enigma,bipolar,137,-0.24696077058500876,-0.20511151067901992
enigma,bipolar,139,-0.22211446075376953,-0.2129884886282365
enigma,bipolar,141,-0.2536835693464057,-0.21591274440066233
enigma,bipolar,143,-0.25910772831682827,-0.20504390692416133
enigma,bipolar,145,-0.23176654292452797,-0.2130519512342542
enigma,bipolar,147,-0.19925952688888954,-0.19661445229137262
enigma,bipolar,149,-0.1886134791959798,-0.1927566119175082
enigma,bipolar,151,-0.18457420344226583,-0.15058352964489854
enigma,bipolar,153,-0.19669595360742687,-0.16420973247928877
enigma,bipolar,155,-0.11758082418370379,-0.1774503488376986
enigma,bipolar,157,-0.1348699477999997,-0.19201265106204465
enigma,bipolar,159,-0.1265128949865167,-0.17890013647163486
enigma,bipolar,161,-0.1198051138432669,-0.16945263172457198
enigma,bipolar,163,-0.1825253362761505,-0.21153020167600706
enigma,bipolar,165,-0.20531175968750015,-0.21551437913779714
enigma,bipolar,167,-0.21728336084615368,-0.21835921756541107
enigma,bipolar,169,-0.20138074407608703,-0.21862223705103737
enigma,bipolar,171,-0.1876600588636361,-0.23521061540145397
enigma,bipolar,173,-0.21664551375000038,-0.2191048796450785
enigma,bipolar,175,-0.1551738248484849,-0.17567055179009625
enigma,bipolar,177,-0.13918769088405786,-0.19981992326956957
enigma,bipolar,179,-0.16702718371204178,-0.18545979623303627
enigma,bipolar,181,-0.15298127628318614,-0.15490774398313772
enigma,bipolar,183,-0.15293646478124992,-0.1996144958987098
enigma,bipolar,185,-0.16272885834196932,-0.1698901167825813
enigma,bipolar,187,-0.1745252216083916,-0.18281853518416047
enigma,bipolar,189,-0.19360109214285695,-0.1163739868457144
enigma,bipolar,191,-0.07332729364520534,-0.10366791497423573
enigma,bipolar,193,-0.08540740564880951,-0.08311630909516089
enigma,bipolar,195,-0.20347513922191762,-0.12779910192079633
enigma,bipolar,197,-0.13122338382383394,-0.12605348233066127
enigma,bipolar,199,-0.17044565424437275,-0.22203171759625207
enigma,bipolar,201,-0.19559576786624208,-0.24654931317709894
enigma,bipolar,203,-0.14476274867692296,-0.10280865201885961
enigma,bipolar,205,-0.17383524827089333,-0.21882084939695529
enigma,bipolar,207,-0.14310406029816525,-0.14732169721929345
enigma,bipolar,209,-0.18144869213450282,-0.17788710854432835
enigma,obesity,1,-0.14494321629508142,-0.06308847877828233
enigma,obesity,3,-0.1492992039172747,-0.026361425826475285
enigma,obesity,5,-0.14282364319637433,-0.055519270645886284
enigma,obesity,7,-0.15770319729106566,-0.01980270991867708
enigma,obesity,9,-0.15596191615384614,-0.028380350159956935
enigma,obesity,11,-0.14194747327485327,-0.06956121130685969
enigma,obesity,13,-0.1372539776532258,-0.09536897169477893
enigma,obesity,15,-0.10413925935635351,-0.0708043831520426
enigma,obesity,17,-0.15640806683333314,-0.03213525733737138
enigma,obesity,19,-0.10133940487401588,-0.114251473154225
enigma,obesity,21,-0.09413020967035994,-0.08993848874564607
enigma,obesity,23,-0.1422448896411041,-0.019508278091149966
enigma,obesity,25,-0.1713244638039217,-0.00964620029361768
enigma,obesity,27,-0.10020175664230771,-0.11843300513851873
enigma,obesity,29,-0.14681723413533837,-0.05695334016468308
enigma,obesity,31,-0.0896679187354839,-0.08208833748391796
enigma,obesity,33,-0.11094138571917808,-0.08428994968165558
enigma,obesity,35,-0.05758905803571425,-0.10864536497775712
enigma,obesity,37,-0.10048767430939208,-0.11984397635923401
enigma,obesity,39,-0.15363706234042565,-0.09789186042410103
enigma,obesity,41,-0.09267801760185176,-0.13744373966465773
enigma,obesity,43,-0.10969575111176458,-0.12199206669439502
enigma,obesity,45,-0.118943452142458,-0.1195790232722907
enigma,obesity,47,-0.09985844255276365,-0.12285240369105112
enigma,obesity,49,-0.10196363051020432,-0.12691538462018498
enigma,obesity,51,-0.1062211528672984,-0.12012551018870037
enigma,obesity,53,-0.16172725045490988,-0.035637075805610416
enigma,obesity,55,-0.1943091895737707,-0.0009525122437012423
enigma,obesity,57,-0.1476501322464983,-0.016569848111588403
enigma,obesity,59,-0.18424951115789479,0.013319733180271631
enigma,obesity,61,-0.16469812461587258,-0.10744269298624873
enigma,obesity,63,-0.1894304338258575,-0.0283323492972265
enigma,obesity,65,-0.13961881013745672,-0.11219741540703054
enigma,obesity,67,-0.1610689905985914,-0.025652955071591918
enigma,obesity,69,-0.18390750323943642,-0.13111639579789955
enigma,obesity,71,-0.2176811757142855,-0.1284106720063921
enigma,obesity,73,-0.2202172405020926,-0.1471766336635345
enigma,obesity,75,-0.2214646026499999,-0.13191358024146416
enigma,obesity,77,-0.22423986307692337,-0.15498398730712698
enigma,obesity,79,-0.23840939199999994,-0.15600329342780367
enigma,obesity,81,-0.22394864564356443,-0.1296529148111042
enigma,obesity,83,-0.22853686111675128,-0.14393862371274962
enigma,obesity,85,-0.20312776067073154,-0.13144069374466186
enigma,obesity,87,-0.2247986504735374,-0.14434412033631014
enigma,obesity,89,-0.2604721467164179,-0.10471164561118348
enigma,obesity,91,-0.23737227025641042,-0.12503283418026864
enigma,obesity,93,-0.239388018938053,-0.12207396729475516
enigma,obesity,95,-0.2293600099999999,-0.12359657313345307
enigma,obesity,97,-0.224908404503817,-0.1323695874742872
enigma,obesity,99,-0.22852977857142875,-0.1275697405820104
enigma,obesity,101,-0.2366997555555558,-0.12067836731619004
enigma,obesity,103,-0.24285014176470537,-0.09588174639377287
enigma,obesity,105,-0.284199532939297,-0.10917518875849187
enigma,obesity,107,-0.27598968960563414,-0.10885078045062334
enigma,obesity,109,-0.19947640790123455,-0.09177078577020484
enigma,obesity,111,-0.1406885388421054,-0.09251049460054558
enigma,obesity,113,-0.1586251303636363,-0.11533100456449093
enigma,obesity,115,-0.15172284179487192,-0.09405033457121591
enigma,obesity,117,-0.18064462888888888,-0.1148146886267861
enigma,obesity,119,-0.10293318146666662,-0.09727557829539112
enigma,obesity,121,-0.1974106274358974,-0.13867980518604628
enigma,obesity,123,-0.17798086982817873,-0.11559170265433412
enigma,obesity,125,-0.09073874019371717,-0.13699578311763624
enigma,obesity,127,-0.09095717731428563,-0.10107612862284421
enigma,obesity,129,-0.08932560005279506,-0.14832543216487307
enigma,obesity,131,-0.08216714333870967,-0.14450377580119403
enigma,obesity,133,-0.0882186108995981,-0.1173985695943307
enigma,obesity,135,-0.11153943472248791,-0.10920996904633473
enigma,obesity,137,-0.11819146342778789,-0.11862995546030393
enigma,obesity,139,-0.12343930543718572,-0.17197852075280548
enigma,obesity,141,-0.14329625453812625,-0.15675241937821494
enigma,obesity,143,-0.1261220366856445,-0.11812879825182682
enigma,obesity,145,-0.1527654777849052,-0.19253175933485112
enigma,obesity,147,-0.11787708304814817,-0.12409032593246026
enigma,obesity,149,-0.12397693745477345,-0.157398691310942
enigma,obesity,151,-0.11035804312200462,-0.07937340459299577
enigma,obesity,153,-0.12824649368700294,-0.12175048106745806
enigma,obesity,155,-0.07664464228444438,-0.15897094567689293
enigma,obesity,157,-0.07909401556842108,-0.17522095543131022
enigma,obesity,159,-0.060783275743820225,-0.1587962148313927
enigma,obesity,161,-0.07496229678366435,-0.1589246062523962
enigma,obesity,163,-0.1745155760669453,-0.1672552033665608
enigma,obesity,165,-0.1588408638541667,-0.1599966498783571
enigma,obesity,167,-0.15497420812307688,-0.1981358467941084
enigma,obesity,169,-0.20442980668478264,-0.21558330175153423
enigma,obesity,171,-0.17001871477272723,-0.18650222898660446
enigma,obesity,173,-0.1729450008333337,-0.18701742085849649
enigma,obesity,175,-0.15673662515151515,-0.1564373338083576
enigma,obesity,177,-0.14469041286956513,-0.1646390447017563
enigma,obesity,179,-0.10464137699999987,-0.1461636742750702
enigma,obesity,181,-0.11813285811061955,-0.0987802528745338
enigma,obesity,183,-0.13077480517187492,-0.15972606883049642
enigma,obesity,185,-0.18458695020725382,-0.15638755555455555
enigma,obesity,187,-0.09666238830769251,-0.10110830817957567
enigma,obesity,189,-0.08125816572023807,-0.046985356478647405
enigma,obesity,191,-0.01458471761863013,-0.03452194954024923
enigma,obesity,193,-0.0196699056038095,-0.016275549366990105
enigma,obesity,195,-0.11562489114794525,-0.08261550892862302
enigma,obesity,197,-0.05654893585803122,-0.05704741301510201
enigma,obesity,199,-0.0685746678553058,-0.11632385404578684
enigma,obesity,201,-0.11212492229936295,-0.19882518968239446
enigma,obesity,203,-0.05334476007692309,-0.034726208945002474
enigma,obesity,205,-0.09129410255907774,-0.1398641662282874
enigma,obesity,207,-0.06994924644954117,-0.07708052925639167
enigma,obesity,209,-0.09174626504678365,-0.10194643451570583
enigma,schizotypy,1,-0.0016499596078688524,0.00011379572429090186
enigma,schizotypy,3,-0.0018552311955596097,-0.0031931610451675814
enigma,schizotypy,5,-0.002061037489957706,-0.0011462117659675518
enigma,schizotypy,7,-0.007098477128789649,-0.0033080864124856077
enigma,schizotypy,9,-0.00844533756735897,-0.0027936542747503718
enigma,schizotypy,11,-0.0011289257059064327,0.001693045977515499
enigma,schizotypy,13,0.004798528073091391,0.003969766645002171
enigma,schizotypy,15,0.0030053692347292837,-0.0028902511524779555
enigma,schizotypy,17,0.0012585207778205154,-0.0042263754486769655
enigma,schizotypy,19,0.0033840545844488184,-0.002283426769717028
enigma,schizotypy,21,0.002658340552077564,-0.004486342354059593
enigma,schizotypy,23,0.004503014194110423,-0.004095516122453282
enigma,schizotypy,25,-0.0023124329829411717,-0.004247530590583333
enigma,schizotypy,27,0.007973121046538453,-0.0011894990063720775
enigma,schizotypy,29,-0.012175957652631578,-0.004310775848581722
enigma,schizotypy,31,-0.0067849697078709624,-0.003175837925833732
enigma,schizotypy,33,-0.011946979568493148,-0.002812021670029377
enigma,schizotypy,35,-0.005541347535799998,-0.0013981239108995795
enigma,schizotypy,37,-0.008694414997237575,-0.002302474999550349
enigma,schizotypy,39,-0.01832862176595744,-0.004276226639818637
enigma,schizotypy,41,0.04802462197685182,0.0017810951868780737
enigma,schizotypy,43,0.0064336996958823615,0.0013506355396520264
enigma,schizotypy,45,0.009001743625418999,0.0014742234370748817
enigma,schizotypy,47,0.035754007145728656,0.0018332283826266648
enigma,schizotypy,49,0.0360631086802721,0.004515621087332556
enigma,schizotypy,51,0.003288580285345971,0.0013777275097105407
enigma,schizotypy,53,-0.03000972620841685,-0.0058791284939371385
enigma,schizotypy,55,-0.03334763218032787,-0.0052689388637865275
enigma,schizotypy,57,-0.027393853028011207,-0.006876595015234691
enigma,schizotypy,59,-0.0331220357631579,-0.006118141607451261
enigma,schizotypy,61,-0.026677864384126986,-0.0050969937309514
enigma,schizotypy,63,-0.029803671852242735,-0.004958261462974451
enigma,schizotypy,65,-0.030596533618556705,-0.005240217981972678
enigma,schizotypy,67,-0.040518161214788725,-0.005960834525475778
enigma,schizotypy,69,0.00643566797896713,-0.00040595977548768796
enigma,schizotypy,71,0.001968715584793651,-0.008871604543414152
enigma,schizotypy,73,0.008034896868238484,-0.0037347306066219115
enigma,schizotypy,75,0.002574770588409997,-0.005925902151350613
enigma,schizotypy,77,0.0012094983332923074,0.0008276939809305599
enigma,schizotypy,79,0.001288353144863333,-0.0024024610576639286
enigma,schizotypy,81,-0.0006067022868316836,-0.004824643457632312
enigma,schizotypy,83,-0.0011093259578375634,-0.003300818331997537
enigma,schizotypy,85,0.0034015485629268266,-0.004949953399514288
enigma,schizotypy,87,0.0010587823425013945,-0.003712058487492939
enigma,schizotypy,89,-0.013577267688059705,-0.008688685473670223
enigma,schizotypy,91,-0.005539627797435901,-0.0065311091694811455
enigma,schizotypy,93,-0.006571969872566368,-0.005275906366180106
enigma,schizotypy,95,-0.0026636302869158888,-0.005304544424701024
enigma,schizotypy,97,-0.0016969053961832068,-0.004983306443626323
enigma,schizotypy,99,-0.002345789374436091,-0.005167155640521742
enigma,schizotypy,101,-0.005144875102777777,-0.005736597868081973
enigma,schizotypy,103,-0.019169281340588238,-0.006952412700798126
enigma,schizotypy,105,-0.030020942422044727,-0.009174823656972149
enigma,schizotypy,107,-0.020220329180281656,-0.009708050465652667
enigma,schizotypy,109,-0.019988533969135802,-0.007004126272065774
enigma,schizotypy,111,0.0011288121140350857,-0.002276428080899313
enigma,schizotypy,113,-0.0004143746918181804,-0.007564891795850998
enigma,schizotypy,115,-0.007328721484615383,-0.006191546003156029
enigma,schizotypy,117,-0.0077458734,0.003662293661775659
enigma,schizotypy,119,0.001970682015546667,-0.004187591317228897
enigma,schizotypy,121,0.011498347167692309,-0.004010947277627806
enigma,schizotypy,123,0.00901374576219934,-0.0057529349919596354
enigma,schizotypy,125,-0.015981641303664963,-0.001590204318938018
enigma,schizotypy,127,-0.015940505670204077,-2.6963724101348834e-05
enigma,schizotypy,129,-0.017523090335403745,-0.0028476092809851415
enigma,schizotypy,131,-0.016332618453225804,-0.0040315430308618646
enigma,schizotypy,133,-0.017519672891566314,-0.002041985194912173
enigma,schizotypy,135,-0.003583512166028715,-0.0018224619984549936
enigma,schizotypy,137,-0.008545262535831733,-0.0017555287758756724
enigma,schizotypy,139,-0.0185229801298158,-0.002075515238340881
enigma,schizotypy,141,-0.01651790358932464,0.0005648707825500533
enigma,schizotypy,143,-0.003830773552821788,-0.0018354521562854301
enigma,schizotypy,145,-0.01585560536416982,-0.0034483028931720765
enigma,schizotypy,147,-0.003058531432111109,0.0003738478142155796
enigma,schizotypy,149,-0.00837068022311558,-0.0017251194558586208
enigma,schizotypy,151,-0.0020867212697167747,0.00025048428134771556
enigma,schizotypy,153,-0.002328680330847481,0.0004480899787886396
enigma,schizotypy,155,-0.011696703299555565,-0.013388468538574998
enigma,schizotypy,157,-0.008993821901578936,-0.009605059439610587
enigma,schizotypy,159,-0.008711887197528077,-0.011938009156891215
enigma,schizotypy,161,-0.012913470650551897,-0.012352867485397392
enigma,schizotypy,163,0.0034731448776569034,-0.005678957919009014
enigma,schizotypy,165,0.001230097185416667,0.008766220707370112
enigma,schizotypy,167,-0.0025996477790769215,0.004221565281540383
enigma,schizotypy,169,-0.0004626642234239138,0.00878843588883741
enigma,schizotypy,171,-0.0050605121048295405,-0.0014329860028851555
enigma,schizotypy,173,-0.008888190977314808,-8.47150341684753e-05
enigma,schizotypy,175,-0.006272595045231609,-0.0022736889503568287
enigma,schizotypy,177,0.015361960231884061,0.008196932603713342
enigma,schizotypy,179,0.013241725250261766,0.015015874063529073
enigma,schizotypy,181,-0.016378575313274323,-0.0016467965455004667
enigma,schizotypy,183,0.011571377640104177,0.0006714188441026498
enigma,schizotypy,185,-0.0048102671631088095,-0.0038534005221477607
enigma,schizotypy,187,0.039562003769230775,0.01565724912037017
enigma,schizotypy,189,-0.0070267101845238045,-0.007697335172897493
enigma,schizotypy,191,-0.010698341648767118,-0.008024020003759895
enigma,schizotypy,193,-0.0012429012628571426,-0.00844044556257554
enigma,schizotypy,195,-0.015178592341643805,-0.007286715839850325
enigma,schizotypy,197,-0.00877236932709844,-0.007260051508060562
enigma,schizotypy,199,0.026211762309967898,-0.00834446909703464
enigma,schizotypy,201,0.019325796883439498,-0.008833803323567115
enigma,schizotypy,203,0.029464243481538397,-0.00812526840980686
enigma,schizotypy,205,0.023883097444380406,-0.008956299699443481
enigma,schizotypy,207,-0.007524497494724762,-0.007246272108806345
enigma,schizotypy,209,-0.01449578057046786,-0.007529630932856626
enigma,parkinson,1,-0.09593758573442596,-0.06665678377886519
enigma,parkinson,3,-0.10594485139902651,-0.07273948755533521
enigma,parkinson,5,-0.10185380028700879,-0.07667700720487053
enigma,parkinson,7,-0.09894417116714685,-0.06493982431469615
enigma,parkinson,9,-0.10648218915384623,-0.07532677214624725
enigma,parkinson,11,-0.0915653807204676,-0.06094313867519638
enigma,parkinson,13,-0.09331365184408608,-0.06213591208569216
enigma,parkinson,15,-0.09029465890331495,-0.09860979062028877
enigma,parkinson,17,-0.111807819851282,-0.07589109618753012
enigma,parkinson,19,-0.08942876337795276,-0.11363394766340404
enigma,parkinson,21,-0.0843023364432135,-0.11802677885290351
enigma,parkinson,23,-0.11495486384662562,-0.07258805301340604
enigma,parkinson,25,-0.11605762560000013,-0.06471341294979359
enigma,parkinson,27,-0.08814216942692306,-0.11068051659963071
enigma,parkinson,29,-0.043175499105263145,-0.08683106431069115
enigma,parkinson,31,-0.05366368993548388,-0.09521583764504797
enigma,parkinson,33,-0.029281876582191804,-0.08285355848916282
enigma,parkinson,35,-0.0684288083071428,-0.10114173833231796
enigma,parkinson,37,-0.04687662045856355,-0.07499706619696458
enigma,parkinson,39,-0.027828724978723428,-0.08344307699020755
enigma,parkinson,41,-0.08386899530092584,-0.09483519435389273
enigma,parkinson,43,-0.11478882361176469,-0.07441692424483948
enigma,parkinson,45,-0.11989390468435744,-0.08635108038328737
enigma,parkinson,47,-0.10050679636683413,-0.09062286101721645
enigma,parkinson,49,-0.10322447209183672,-0.06839427113441249
enigma,parkinson,51,-0.09902524012796202,-0.07004693089798514
enigma,parkinson,53,-0.0656320812845692,-0.08177327331082929
enigma,parkinson,55,-0.059817484937704835,-0.07390705545952196
enigma,parkinson,57,-0.07164269832212883,-0.08857099642868231
enigma,parkinson,59,-0.06617679675263156,-0.08309218523334755
enigma,parkinson,61,-0.05826759514920651,-0.08891369255490386
enigma,parkinson,63,-0.060399691044854875,-0.07327767874013186
enigma,parkinson,65,-0.11499752455326484,-0.12467418494244187
enigma,parkinson,67,-0.09867667967253511,-0.0912863067803357
enigma,parkinson,69,-0.10302956276056328,-0.10021068104846521
enigma,parkinson,71,-0.0995826723746031,-0.11377974731270529
enigma,parkinson,73,-0.08358596388912147,-0.08755584728916191
enigma,parkinson,75,-0.10601778371500009,-0.11424591905486678
enigma,parkinson,77,-0.08654472433846153,-0.09282386475727272
enigma,parkinson,79,-0.10716988427666681,-0.11353167043694218
enigma,parkinson,81,-0.15888680306930703,-0.11665080819844703
enigma,parkinson,83,-0.15099209291370558,-0.1043146827968115
enigma,parkinson,85,-0.149376881890244,-0.12491100836406321
enigma,parkinson,87,-0.13674089428969377,-0.10821426688504417
enigma,parkinson,89,-0.19417921955223888,-0.1523556553310778
enigma,parkinson,91,-0.19202250128205117,-0.13509519616127508
enigma,parkinson,93,-0.18000521097345154,-0.1192707853905526
enigma,parkinson,95,-0.17843302252336452,-0.11909240186158307
enigma,parkinson,97,-0.17702109160305354,-0.12161265965932129
enigma,parkinson,99,-0.1785512140601501,-0.12070668248322527
enigma,parkinson,101,-0.1918945988888887,-0.12285756538792983
enigma,parkinson,103,-0.16541850820588253,-0.13468224612623195
enigma,parkinson,105,-0.18664972507987213,-0.16488410516159022
enigma,parkinson,107,-0.19347030870422552,-0.16385312212167186
enigma,parkinson,109,-0.12466722237037037,-0.13616210296152548
enigma,parkinson,111,-0.12654432757894735,-0.2221917840054038
enigma,parkinson,113,-0.13927125590909087,-0.16768287801394544
enigma,parkinson,115,-0.11688829853846151,-0.1509596102037994
enigma,parkinson,117,-0.10671914138888888,-0.15093057309180927
enigma,parkinson,119,-0.12495612541333327,-0.15724149574983853
enigma,parkinson,121,-0.11010556061538433,-0.10859873820658773
enigma,parkinson,123,-0.12372380671477676,-0.15151574331290427
enigma,parkinson,125,-0.14666006581151825,-0.13352658277293747
enigma,parkinson,127,-0.1475472051836736,-0.13850696142781904
enigma,parkinson,129,-0.14534333968944144,-0.13176804670391895
enigma,parkinson,131,-0.14042412612903202,-0.1299337088241847
enigma,parkinson,133,-0.14922665558232967,-0.13773984813721085
enigma,parkinson,135,-0.18009181313397166,-0.14177799968599006
enigma,parkinson,137,-0.17432518519195606,-0.14158774525494852
enigma,parkinson,139,-0.12979179166499194,-0.1259704372595584
enigma,parkinson,141,-0.14276518332244012,-0.1362813111245743
enigma,parkinson,143,-0.1790936901980205,-0.14173497832244547
enigma,parkinson,145,-0.12034542956226431,-0.12070169825602813
enigma,parkinson,147,-0.15376780751851843,-0.1359312863300213
enigma,parkinson,149,-0.14689669798994984,-0.1261907031919352
enigma,parkinson,151,-0.15062997721132862,-0.13466080491693447
enigma,parkinson,153,-0.1590375250663127,-0.12815839418460215
enigma,parkinson,155,-0.09815557306518513,-0.10616135548964807
enigma,parkinson,157,-0.10321914986315829,-0.1067959984483603
enigma,parkinson,159,-0.11810177273932604,-0.10766026556816041
enigma,parkinson,161,-0.10738166238410601,-0.11062966305195672
enigma,parkinson,163,-0.057533289456066845,-0.09579936666211929
enigma,parkinson,165,-0.07258102335416669,-0.06943583853043997
enigma,parkinson,167,-0.04995601101538462,-0.0736634819736633
enigma,parkinson,169,-0.060824998548913045,-0.07881483855685838
enigma,parkinson,171,-0.045613666732954555,-0.09399244701514657
enigma,parkinson,173,-0.0350079469675926,-0.08533966457294545
enigma,parkinson,175,-0.16608022593073568,-0.0998604424607289
enigma,parkinson,177,-0.07568173798550727,-0.09252974466170506
enigma,parkinson,179,-0.028174111473821963,-0.08633500250102748
enigma,parkinson,181,-0.16164032486725644,-0.1370549464910197
enigma,parkinson,183,-0.06219713034583326,-0.0925630948447736
enigma,parkinson,185,-0.14070215527461155,-0.09363423794038732
enigma,parkinson,187,-0.03648261108601399,-0.07931327103411362
enigma,parkinson,189,-0.12414443076190469,-0.12967115946060787
enigma,parkinson,191,-0.09161687343013708,-0.12249165229768263
enigma,parkinson,193,-0.10378457043253966,-0.11149182240329587
enigma,parkinson,195,-0.12720246251780828,-0.14614450061162798
enigma,parkinson,197,-0.11490818362003495,-0.1340831593543373
enigma,parkinson,199,-0.1673885114790993,-0.15388636052958768
enigma,parkinson,201,-0.17257104375796187,-0.15622613299951232
enigma,parkinson,203,-0.15749838148307713,-0.12178558223457331
enigma,parkinson,205,-0.16690810184438018,-0.15357685815999644
enigma,parkinson,207,-0.14220103317431196,-0.14709589375037288
enigma,parkinson,209,-0.15368530801169591,-0.1549723446717739
