phenotype,outcome,feature,pearson_r,spin_p,spin_q_bh,n_valid_spins
meg,delta,Astro_1,0.34213081958172487,0.5124875124875125,0.8376385519242662,1000
meg,delta,Astro_2,0.26539418371869455,0.5404595404595405,0.8376385519242662,1000
meg,delta,Chandelier_1,0.7634332469468132,0.011988011988011988,0.42557442557442554,1000
meg,delta,Endo_1,0.09354188301491043,0.8401598401598401,0.8793118646059823,1000
meg,delta,L2/3 IT_1,0.10894135301175288,0.7112887112887113,0.8376385519242662,1000
meg,delta,L2/3 IT_2,0.3356973773460945,0.22377622377622378,0.6620046620046621,1000
meg,delta,L2/3 IT_3,-0.27690067403845703,0.3356643356643357,0.7491883116883117,1000
meg,delta,L2/3 IT_4,-0.1226038754706014,0.7072927072927073,0.8376385519242662,1000
meg,delta,L2/3 IT_5,0.3263935471967691,0.3096903096903097,0.732933732933733,1000
meg,delta,L2/3 IT_6,-0.4234012446605224,0.35564435564435565,0.7651742197196743,1000
meg,delta,L2/3 IT_7,-0.24989566938217564,0.6153846153846154,0.8376385519242662,1000
meg,delta,L2/3 IT_8,0.41901318538842763,0.23176823176823177,0.6620046620046621,1000
meg,delta,L4 IT_1,0.5485145492641135,0.18081918081918083,0.6620046620046621,1000
meg,delta,L4 IT_2,-0.11459027994254119,0.8311688311688312,0.8793118646059823,1000
meg,delta,L4 IT_3,-0.28395510137016766,0.2077922077922078,0.6620046620046621,1000
meg,delta,L5 ET_1,0.06979615169774524,0.9090909090909091,0.922077922077922,1000
meg,delta,L5 IT_1,-0.4220798725543106,0.0959040959040959,0.602897102897103,1000
meg,delta,L5 IT_2,0.2584131775821609,0.38961038961038963,0.8135981665393431,1000
meg,delta,L5 IT_3,-0.15760145984968574,0.7432567432567433,0.8376385519242662,1000
meg,delta,L5 IT_4,-0.2598077254078787,0.6403596403596403,0.8376385519242662,1000
meg,delta,L5 IT_5,0.10327084483778083,0.8421578421578422,0.8793118646059823,1000
meg,delta,L5/6 NP_1,-0.25079518723007826,0.2967032967032967,0.7264115195149677,1000
meg,delta,L5/6 NP_2,-0.19832180902534866,0.45554445554445555,0.8376385519242662,1000
meg,delta,L6 CT_1,-0.07578968526557289,0.7422577422577422,0.8376385519242662,1000
meg,delta,L6 CT_2,0.4214746022905946,0.33766233766233766,0.7491883116883117,1000
meg,delta,L6 IT Car3_1,0.19234065109054607,0.5804195804195804,0.8376385519242662,1000
meg,delta,L6 IT_1,0.16800354848827703,0.6013986013986014,0.8376385519242662,1000
meg,delta,L6 IT_2,-0.29967752246003576,0.4675324675324675,0.8376385519242662,1000
meg,delta,L6 IT_3,0.27529529725748847,0.24775224775224775,0.6620046620046621,1000
meg,delta,L6b_1,0.385374870296582,0.26573426573426573,0.6738261738261738,1000
meg,delta,L6b_2,-0.015251604138287345,0.9560439560439561,0.9560439560439561,1000
meg,delta,L6b_3,0.24972812143148776,0.6293706293706294,0.8376385519242662,1000
meg,delta,Lamp5_1,0.42300785324878254,0.4325674325674326,0.8376385519242662,1000
meg,delta,Lamp5_2,0.274239714509857,0.5604395604395604,0.8376385519242662,1000
meg,delta,Lamp5_Lhx6_1,-0.05496858831458022,0.906093906093906,0.922077922077922,1000
meg,delta,Micro-PVM_1,0.6938973011082452,0.052947052947052944,0.602897102897103,1000
meg,delta,Micro-PVM_2,-0.14338451701799687,0.5664335664335665,0.8376385519242662,1000
meg,delta,OPC_1,0.5830786942652972,0.11188811188811189,0.602897102897103,1000
meg,delta,Oligo_1,0.22425283072328547,0.6283716283716284,0.8376385519242662,1000
meg,delta,Oligo_2,-0.17806975827413288,0.6663336663336663,0.8376385519242662,1000
meg,delta,Pax6_1,0.565774992198498,0.1848151848151848,0.6620046620046621,1000
meg,delta,Pax6_2,-0.104213298739484,0.5984015984015985,0.8376385519242662,1000
meg,delta,Pvalb_1,-0.7288753468950867,0.01098901098901099,0.42557442557442554,1000
meg,delta,Pvalb_2,0.22613832964518632,0.6643356643356644,0.8376385519242662,1000
meg,delta,Pvalb_3,0.43830095769470917,0.14585414585414586,0.6620046620046621,1000
meg,delta,Pvalb_4,-0.0939387051279592,0.7242757242757243,0.8376385519242662,1000
meg,delta,Pvalb_5,-0.21906287473428906,0.5964035964035964,0.8376385519242662,1000
meg,delta,Sncg_1,0.5560085506283621,0.1798201798201798,0.6620046620046621,1000
meg,delta,Sncg_2,0.6617203079566732,0.1008991008991009,0.602897102897103,1000
meg,delta,Sncg_3,0.3283177950221552,0.2517482517482518,0.6620046620046621,1000
meg,delta,Sncg_4,0.5646449261198868,0.07092907092907093,0.602897102897103,1000
meg,delta,Sst_1,-0.4456458500032465,0.11688311688311688,0.602897102897103,1000
meg,delta,Sst_10,0.32791814265982355,0.5534465534465535,0.8376385519242662,1000
meg,delta,Sst_2,0.3393630504411532,0.24575424575424576,0.6620046620046621,1000
meg,delta,Sst_3,0.5024163471943961,0.1888111888111888,0.6620046620046621,1000
meg,delta,Sst_4,0.5328800102715096,0.1938061938061938,0.6620046620046621,1000
meg,delta,Sst_5,-0.31499516759036733,0.5994005994005994,0.8376385519242662,1000
meg,delta,Sst_6,0.10810175962740531,0.7112887112887113,0.8376385519242662,1000
meg,delta,Sst_7,0.09898073677260175,0.7032967032967034,0.8376385519242662,1000
meg,delta,Sst_8,0.06991378700850702,0.7912087912087912,0.8642434488588334,1000
meg,delta,Sst_9,0.533821846992561,0.07592407592407592,0.602897102897103,1000
meg,delta,VLMC_1,0.3016001863893292,0.24475524475524477,0.6620046620046621,1000
meg,delta,Vip_1,0.5846546371578741,0.11888111888111888,0.602897102897103,1000
meg,delta,Vip_2,-0.14385399818647976,0.6263736263736264,0.8376385519242662,1000
meg,delta,Vip_3,-0.6176551436638077,0.025974025974025976,0.602897102897103,1000
meg,delta,Vip_4,0.1777246687201413,0.6503496503496503,0.8376385519242662,1000
meg,delta,Vip_5,0.6414789410804714,0.04495504495504495,0.602897102897103,1000
meg,delta,Vip_6,0.5133287147257585,0.06593406593406594,0.602897102897103,1000
meg,delta,Vip_7,0.04259388194766051,0.7862137862137862,0.8642434488588334,1000
meg,delta,Vip_8,0.5253032820441498,0.1088911088911089,0.602897102897103,1000
meg,delta,Vip_9,0.1719526011510569,0.5764235764235764,0.8376385519242662,1000
meg,theta,Astro_1,0.6410476351293372,0.03996003996003996,0.18292234081707767,1000
meg,theta,Astro_2,0.6798554245235213,0.004995004995004995,0.08511488511488512,1000
meg,theta,Chandelier_1,0.663351694676259,0.056943056943056944,0.19252176395033538,1000
meg,theta,Endo_1,0.36265654185885693,0.16083916083916083,0.3358700123406006,1000
meg,theta,L2/3 IT_1,-0.24008908941543705,0.3856143856143856,0.5748210123210123,1000
meg,theta,L2/3 IT_2,0.15595166561574011,0.6083916083916084,0.7321322745051559,1000
meg,theta,L2/3 IT_3,-0.3895467396094418,0.10989010989010989,0.27864992150706436,1000
meg,theta,L2/3 IT_4,0.2671316723693256,0.36863136863136864,0.5689745037571124,1000
meg,theta,L2/3 IT_5,-0.017627981327340055,0.957042957042957,0.9847833326094195,1000
meg,theta,L2/3 IT_6,-0.6787717307184026,0.016983016983016984,0.1773226773226773,1000
meg,theta,L2/3 IT_7,-0.37733371219180073,0.3156843156843157,0.5454783311926169,1000
meg,theta,L2/3 IT_8,0.09582025457969952,0.7982017982017982,0.8995607567036138,1000
meg,theta,L4 IT_1,0.49349755396550415,0.1918081918081918,0.3782883782883783,1000
meg,theta,L4 IT_2,-0.6825205796370774,0.04895104895104895,0.18292234081707767,1000
meg,theta,L4 IT_3,-0.39247098680041453,0.08491508491508491,0.23188350111427034,1000
meg,theta,L5 ET_1,0.6972196578980512,0.03396603396603397,0.18292234081707767,1000
meg,theta,L5 IT_1,-0.47875535056236845,0.07092907092907093,0.21869796869796868,1000
meg,theta,L5 IT_2,0.26790064030841015,0.3546453546453546,0.5689745037571124,1000
meg,theta,L5 IT_3,-0.5683088332912876,0.04195804195804196,0.18292234081707767,1000
meg,theta,L5 IT_4,-0.5752204639447022,0.055944055944055944,0.19252176395033538,1000
meg,theta,L5 IT_5,0.5308734040165308,0.12887112887112886,0.3020205600850762,1000
meg,theta,L5/6 NP_1,-0.41681714288526667,0.07392607392607392,0.21869796869796868,1000
meg,theta,L5/6 NP_2,-0.22036266805889287,0.47152847152847155,0.631670216575877,1000
meg,theta,L6 CT_1,0.10210963343502182,0.6523476523476524,0.771944721944722,1000
meg,theta,L6 CT_2,0.5488087328073079,0.08891108891108891,0.2338032338032338,1000
meg,theta,L6 IT Car3_1,-0.12163624298444041,0.6983016983016983,0.8127773865478783,1000
meg,theta,L6 IT_1,0.004246581722926125,0.99000999000999,0.99000999000999,1000
meg,theta,L6 IT_2,0.21376448088141647,0.5954045954045954,0.7321322745051559,1000
meg,theta,L6 IT_3,0.34099150349230206,0.1258741258741259,0.3020205600850762,1000
meg,theta,L6b_1,0.25535399373680245,0.46553446553446554,0.631670216575877,1000
meg,theta,L6b_2,-0.14825993916100652,0.5654345654345654,0.7181568431568432,1000
meg,theta,L6b_3,0.7490863675847964,0.001998001998001998,0.08511488511488512,1000
meg,theta,Lamp5_1,0.7679339955101228,0.004995004995004995,0.08511488511488512,1000
meg,theta,Lamp5_2,0.7431940098448571,0.005994005994005994,0.08511488511488512,1000
meg,theta,Lamp5_Lhx6_1,0.39168346124226594,0.3106893106893107,0.5454783311926169,1000
meg,theta,Micro-PVM_1,0.6557240826835155,0.04895104895104895,0.18292234081707767,1000
meg,theta,Micro-PVM_2,-0.31569912324471416,0.14285714285714285,0.30735930735930733,1000
meg,theta,OPC_1,0.6832327149629818,0.029970029970029972,0.18292234081707767,1000
meg,theta,Oligo_1,0.6189859035094603,0.026973026973026972,0.18292234081707767,1000
meg,theta,Oligo_2,0.4456797498963443,0.1918081918081918,0.3782883782883783,1000
meg,theta,Pax6_1,0.7462335468389331,0.01998001998001998,0.1773226773226773,1000
meg,theta,Pax6_2,0.012818027295624486,0.9500499500499501,0.9847833326094195,1000
meg,theta,Pvalb_1,-0.27606556766780854,0.5984015984015985,0.7321322745051559,1000
meg,theta,Pvalb_2,0.6224691018203481,0.04395604395604396,0.18292234081707767,1000
meg,theta,Pvalb_3,0.34931582644970766,0.25074925074925075,0.46850517903149486,1000
meg,theta,Pvalb_4,0.25805953660452285,0.34265734265734266,0.5657830541551472,1000
meg,theta,Pvalb_5,0.32592965514404615,0.36063936063936064,0.5689745037571124,1000
meg,theta,Sncg_1,0.4457344326729377,0.27672327672327673,0.5037782730090422,1000
meg,theta,Sncg_2,0.6424456934271928,0.06293706293706294,0.20311506675143043,1000
meg,theta,Sncg_3,0.23278361628689306,0.43956043956043955,0.62985014985015,1000
meg,theta,Sncg_4,0.05686294564079255,0.8971028971028971,0.9799123952970107,1000
meg,theta,Sst_1,-0.2789696785567253,0.4435564435564436,0.62985014985015,1000
meg,theta,Sst_10,0.8106186257708895,0.002997002997002997,0.08511488511488512,1000
meg,theta,Sst_2,0.5912287014719321,0.01898101898101898,0.1773226773226773,1000
meg,theta,Sst_3,0.579216574200652,0.07792207792207792,0.2212987012987013,1000
meg,theta,Sst_4,0.03214675805319168,0.9470529470529471,0.9847833326094195,1000
meg,theta,Sst_5,-0.6069857123780346,0.13186813186813187,0.3020205600850762,1000
meg,theta,Sst_6,0.2063166757343801,0.46653346653346656,0.631670216575877,1000
meg,theta,Sst_7,-0.0034206108493115947,0.983016983016983,0.99000999000999,1000
meg,theta,Sst_8,0.22968296973406846,0.3226773226773227,0.5454783311926169,1000
meg,theta,Sst_9,0.2331896290355635,0.5664335664335665,0.7181568431568432,1000
meg,theta,VLMC_1,0.30622720721025715,0.21878121878121878,0.41982341982341986,1000
meg,theta,Vip_1,0.6310363363304381,0.04895104895104895,0.18292234081707767,1000
meg,theta,Vip_2,-0.08626152479436199,0.7102897102897103,0.8133962811382167,1000
meg,theta,Vip_3,-0.25546904360175643,0.5214785214785215,0.6856476856476856,1000
meg,theta,Vip_4,-0.07985436113752745,0.8551448551448552,0.9486763236763237,1000
meg,theta,Vip_5,0.6406883769052355,0.03196803196803197,0.18292234081707767,1000
meg,theta,Vip_6,0.4671373338279932,0.13686313686313686,0.3036650849150849,1000
meg,theta,Vip_7,0.17936116633735205,0.3886113886113886,0.5748210123210123,1000
meg,theta,Vip_8,0.03176548024172757,0.9460539460539461,0.9847833326094195,1000
meg,theta,Vip_9,0.4710569718694069,0.03496503496503497,0.18292234081707767,1000
meg,alpha,Astro_1,-0.6337166530857767,0.14385614385614387,0.3404595404595405,1000
meg,alpha,Astro_2,-0.5034073186955054,0.24975024975024976,0.4387705317937876,1000
meg,alpha,Chandelier_1,-0.842901805376735,0.00999000999000999,0.07802197802197802,1000
meg,alpha,Endo_1,-0.3699599442387209,0.26573426573426573,0.4387705317937876,1000
meg,alpha,L2/3 IT_1,-0.027773812758438023,0.9430569430569431,0.9676751819608962,1000
meg,alpha,L2/3 IT_2,-0.4478016530800937,0.1048951048951049,0.29790209790209793,1000
meg,alpha,L2/3 IT_3,0.46823404715325534,0.03996003996003996,0.16689193159781396,1000
meg,alpha,L2/3 IT_4,0.06822850329342481,0.8261738261738262,0.9057096749404442,1000
meg,alpha,L2/3 IT_5,-0.4158702587325186,0.23976023976023977,0.4387705317937876,1000
meg,alpha,L2/3 IT_6,0.7230010329899148,0.025974025974025976,0.12294372294372295,1000
meg,alpha,L2/3 IT_7,0.5684807473763863,0.12487512487512488,0.3283753283753284,1000
meg,alpha,L2/3 IT_8,-0.5472792714983589,0.12987012987012986,0.32931354359925785,1000
meg,alpha,L4 IT_1,-0.7459220295829678,0.01098901098901099,0.07802197802197802,1000
meg,alpha,L4 IT_2,0.4604577639829163,0.4835164835164835,0.6241758241758242,1000
meg,alpha,L4 IT_3,0.456531434161531,0.005994005994005994,0.06079634651063223,1000
meg,alpha,L5 ET_1,-0.4586098139558926,0.46853146853146854,0.616032116032116,1000
meg,alpha,L5 IT_1,0.4648485698466854,0.07192807192807193,0.24318538604252893,1000
meg,alpha,L5 IT_2,-0.46508992611319194,0.07592407592407592,0.24502769957315412,1000
meg,alpha,L5 IT_3,0.43355248074287817,0.3986013986013986,0.566013986013986,1000
meg,alpha,L5 IT_4,0.5437067893039823,0.26573426573426573,0.4387705317937876,1000
meg,alpha,L5 IT_5,-0.44837027524870376,0.3046953046953047,0.4916674234856054,1000
meg,alpha,L5/6 NP_1,0.263030753241043,0.33266733266733267,0.5025400131783111,1000
meg,alpha,L5/6 NP_2,0.09462256730220316,0.7732267732267732,0.8999852606409984,1000
meg,alpha,L6 CT_1,0.044860838743191286,0.8621378621378621,0.9274513365422457,1000
meg,alpha,L6 CT_2,-0.701883546680795,0.029970029970029972,0.132992007992008,1000
meg,alpha,L6 IT Car3_1,-0.08484813988163926,0.8291708291708292,0.9057096749404442,1000
meg,alpha,L6 IT_1,-0.3042181533485088,0.35564435564435565,0.526057276057276,1000
meg,alpha,L6 IT_2,0.18887388670594785,0.7212787212787213,0.8679794781489697,1000
meg,alpha,L6 IT_3,-0.43220414251094297,0.023976023976023976,0.12159269302126446,1000
meg,alpha,L6b_1,-0.5304897544488153,0.0959040959040959,0.2837162837162837,1000
meg,alpha,L6b_2,-0.03899416183662338,0.8961038961038961,0.9377240406652172,1000
meg,alpha,L6b_3,-0.41974745195864477,0.4595404595404595,0.6156108042900496,1000
meg,alpha,Lamp5_1,-0.7498169385727566,0.052947052947052944,0.19785477680214522,1000
meg,alpha,Lamp5_2,-0.5286030987722592,0.2647352647352647,0.4387705317937876,1000
meg,alpha,Lamp5_Lhx6_1,-0.3203364109179885,0.5444555444555444,0.6781814676551519,1000
meg,alpha,Micro-PVM_1,-0.8482082744126247,0.001998001998001998,0.04728604728604729,1000
meg,alpha,Micro-PVM_2,0.18466924482191005,0.42957042957042957,0.586528855759625,1000
meg,alpha,OPC_1,-0.7803654283374414,0.001998001998001998,0.04728604728604729,1000
meg,alpha,Oligo_1,-0.47405010572851786,0.3246753246753247,0.5011293054771315,1000
meg,alpha,Oligo_2,-0.009638920816410856,0.983016983016983,0.983016983016983,1000
meg,alpha,Pax6_1,-0.8361577595444337,0.003996003996003996,0.05674325674325674,1000
meg,alpha,Pax6_2,0.09668236747195243,0.5934065934065934,0.7264115195149677,1000
meg,alpha,Pvalb_1,0.6215356059520614,0.2137862137862138,0.4387705317937876,1000
meg,alpha,Pvalb_2,-0.5787713441759388,0.11888111888111888,0.3246369015599785,1000
meg,alpha,Pvalb_3,-0.5933271780843306,0.012987012987012988,0.08382526564344747,1000
meg,alpha,Pvalb_4,0.07239336833056123,0.8101898101898102,0.9057096749404442,1000
meg,alpha,Pvalb_5,-0.13455196470795,0.7892107892107892,0.9037736457091297,1000
meg,alpha,Sncg_1,-0.757103832198709,0.02197802197802198,0.12159269302126446,1000
meg,alpha,Sncg_2,-0.872248765597046,0.000999000999000999,0.04728604728604729,1000
meg,alpha,Sncg_3,-0.5260458313885071,0.022977022977022976,0.12159269302126446,1000
meg,alpha,Sncg_4,-0.5679564631046901,0.16783216783216784,0.3723776223776224,1000
meg,alpha,Sst_1,0.349448601076502,0.3706293706293706,0.5370343941772513,1000
meg,alpha,Sst_10,-0.6235531456190893,0.23476523476523475,0.4387705317937876,1000
meg,alpha,Sst_2,-0.48016780833704337,0.06793206793206794,0.24115884115884115,1000
meg,alpha,Sst_3,-0.6914062056061611,0.01098901098901099,0.07802197802197802,1000
meg,alpha,Sst_4,-0.3775367165091905,0.5054945054945055,0.640894819466248,1000
meg,alpha,Sst_5,0.6384141475495771,0.23976023976023977,0.4387705317937876,1000
meg,alpha,Sst_6,-0.3655948500422521,0.15484515484515485,0.3546453546453547,1000
meg,alpha,Sst_7,-0.08438391463981985,0.7662337662337663,0.8999852606409984,1000
meg,alpha,Sst_8,-0.2785144934391978,0.24875124875124874,0.4387705317937876,1000
meg,alpha,Sst_9,-0.5000108241897288,0.2087912087912088,0.4387705317937876,1000
meg,alpha,VLMC_1,-0.38672806176732294,0.13786213786213786,0.33752454442109614,1000
meg,alpha,Vip_1,-0.7700711656755854,0.003996003996003996,0.05674325674325674,1000
meg,alpha,Vip_2,0.2166245979712167,0.41858141858141856,0.5827309944957003,1000
meg,alpha,Vip_3,0.5724535171901871,0.0919080919080919,0.2837162837162837,1000
meg,alpha,Vip_4,0.023487648775400695,0.954045954045954,0.9676751819608962,1000
meg,alpha,Vip_5,-0.7552061489722013,0.005994005994005994,0.06079634651063223,1000
meg,alpha,Vip_6,-0.5664873612724893,0.05194805194805195,0.19785477680214522,1000
meg,alpha,Vip_7,0.022411982784736436,0.8981018981018981,0.9377240406652172,1000
meg,alpha,Vip_8,-0.4933379920863767,0.25374625374625376,0.4387705317937876,1000
meg,alpha,Vip_9,-0.33466993193043837,0.3206793206793207,0.5011293054771315,1000
meg,beta,Astro_1,0.4614087302397347,0.3016983016983017,0.9099186527757956,1000
meg,beta,Astro_2,0.5156663128620551,0.15884115884115885,0.9099186527757956,1000
meg,beta,Chandelier_1,-0.0051507807743967704,0.9920079920079921,0.993006993006993,1000
meg,beta,Endo_1,0.4074346938426623,0.16983016983016982,0.9099186527757956,1000
meg,beta,L2/3 IT_1,-0.38163031103833367,0.16583416583416583,0.9099186527757956,1000
meg,beta,L2/3 IT_2,-0.18942063043006652,0.5854145854145855,0.9600756386470672,1000
meg,beta,L2/3 IT_3,-0.07075795239896093,0.8431568431568431,0.9666945957268538,1000
meg,beta,L2/3 IT_4,0.45842025769056455,0.08491508491508491,0.9099186527757956,1000
meg,beta,L2/3 IT_5,-0.3995044261567779,0.25874125874125875,0.9099186527757956,1000
meg,beta,L2/3 IT_6,-0.2251088728643922,0.6493506493506493,0.9600756386470672,1000
meg,beta,L2/3 IT_7,-0.2829212228314879,0.5124875124875125,0.9307278087765892,1000
meg,beta,L2/3 IT_8,-0.3588763473659592,0.3966033966033966,0.9099186527757956,1000
meg,beta,L4 IT_1,0.026696408430236306,0.9600399600399601,0.9878672052585096,1000
meg,beta,L4 IT_2,-0.6879479079803206,0.13586413586413587,0.9099186527757956,1000
meg,beta,L4 IT_3,-0.16087561139907458,0.5204795204795205,0.9307278087765892,1000
meg,beta,L5 ET_1,0.6834478361121418,0.13486513486513488,0.9099186527757956,1000
meg,beta,L5 IT_1,-0.029588562971452372,0.9150849150849151,0.9878672052585096,1000
meg,beta,L5 IT_2,-0.06961358320326808,0.8321678321678322,0.9666945957268538,1000
meg,beta,L5 IT_3,-0.4923304185649875,0.24475524475524477,0.9099186527757956,1000
meg,beta,L5 IT_4,-0.37371588941374645,0.4115884115884116,0.9099186527757956,1000
meg,beta,L5 IT_5,0.3630237122560909,0.4035964035964036,0.9099186527757956,1000
meg,beta,L5/6 NP_1,-0.21827377999025005,0.4435564435564436,0.9099186527757956,1000
meg,beta,L5/6 NP_2,-0.11868283328743526,0.7392607392607392,0.9600756386470672,1000
meg,beta,L6 CT_1,0.171052036311264,0.5374625374625375,0.9307278087765892,1000
meg,beta,L6 CT_2,0.13567475935820186,0.7792207792207793,0.9666945957268538,1000
meg,beta,L6 IT Car3_1,-0.21180166321432103,0.6473526473526473,0.9600756386470672,1000
meg,beta,L6 IT_1,-0.2774531079478318,0.3726273726273726,0.9099186527757956,1000
meg,beta,L6 IT_2,0.5625676601153976,0.13986013986013987,0.9099186527757956,1000
meg,beta,L6 IT_3,0.031108035522273605,0.9070929070929071,0.9878672052585096,1000
meg,beta,L6b_1,-0.15498207070957154,0.6983016983016983,0.9600756386470672,1000
meg,beta,L6b_2,-0.2064151085109721,0.4485514485514486,0.9099186527757956,1000
meg,beta,L6b_3,0.6796310368903995,0.07092907092907093,0.9099186527757956,1000
meg,beta,Lamp5_1,0.46794763945255846,0.35364635364635366,0.9099186527757956,1000
meg,beta,Lamp5_2,0.5797590436911086,0.12187812187812187,0.9099186527757956,1000
meg,beta,Lamp5_Lhx6_1,0.3973579530465204,0.3866133866133866,0.9099186527757956,1000
meg,beta,Micro-PVM_1,0.05025657098373826,0.9470529470529471,0.9878672052585096,1000
meg,beta,Micro-PVM_2,-0.09719784440323939,0.7142857142857143,0.9600756386470672,1000
meg,beta,OPC_1,0.18275057993571261,0.7542457542457542,0.9600756386470672,1000
meg,beta,Oligo_1,0.4816410244876621,0.23176823176823177,0.9099186527757956,1000
meg,beta,Oligo_2,0.6831002257786567,0.016983016983016984,0.9099186527757956,1000
meg,beta,Pax6_1,0.2475113513332048,0.6513486513486514,0.9600756386470672,1000
meg,beta,Pax6_2,0.1440102081234338,0.44655344655344653,0.9099186527757956,1000
meg,beta,Pvalb_1,0.4222047681040147,0.48151848151848153,0.9307278087765892,1000
meg,beta,Pvalb_2,0.39572957463574304,0.3626373626373626,0.9099186527757956,1000
meg,beta,Pvalb_3,-0.24015316948892496,0.5374625374625375,0.9307278087765892,1000
meg,beta,Pvalb_4,0.45065235368401335,0.04795204795204795,0.9099186527757956,1000
meg,beta,Pvalb_5,0.38234648630033763,0.36563436563436563,0.9099186527757956,1000
meg,beta,Sncg_1,0.068295321658665,0.9040959040959041,0.9878672052585096,1000
meg,beta,Sncg_2,0.1358984936768371,0.8441558441558441,0.9666945957268538,1000
meg,beta,Sncg_3,-0.03261703762673171,0.926073926073926,0.9878672052585096,1000
meg,beta,Sncg_4,-0.5056853007689164,0.27672327672327673,0.9099186527757956,1000
meg,beta,Sst_1,0.003797923578207458,0.993006993006993,0.993006993006993,1000
meg,beta,Sst_10,0.5548087793484496,0.24675324675324675,0.9099186527757956,1000
meg,beta,Sst_2,0.2964433469887881,0.3126873126873127,0.9099186527757956,1000
meg,beta,Sst_3,0.19677861886873502,0.7092907092907093,0.9600756386470672,1000
meg,beta,Sst_4,-0.48583901850073513,0.3866133866133866,0.9099186527757956,1000
meg,beta,Sst_5,-0.35235969484085733,0.5164835164835165,0.9307278087765892,1000
meg,beta,Sst_6,0.09265109854757661,0.7442557442557443,0.9600756386470672,1000
meg,beta,Sst_7,-0.14211496345185867,0.6413586413586414,0.9600756386470672,1000
meg,beta,Sst_8,0.26856781016368875,0.1938061938061938,0.9099186527757956,1000
meg,beta,Sst_9,-0.4208574892393458,0.34465534465534464,0.9099186527757956,1000
meg,beta,VLMC_1,0.11062429845795992,0.7572427572427572,0.9600756386470672,1000
meg,beta,Vip_1,0.18072241750502965,0.7432567432567433,0.9600756386470672,1000
meg,beta,Vip_2,0.06254095650222183,0.8171828171828172,0.9666945957268538,1000
meg,beta,Vip_3,0.21543090481333216,0.6473526473526473,0.9600756386470672,1000
meg,beta,Vip_4,-0.2673096665780205,0.5634365634365635,0.9524760953332382,1000
meg,beta,Vip_5,0.13396090410615824,0.8261738261738262,0.9666945957268538,1000
meg,beta,Vip_6,0.021603233864397133,0.9560439560439561,0.9878672052585096,1000
meg,beta,Vip_7,0.1853958633751337,0.2777222777222777,0.9099186527757956,1000
meg,beta,Vip_8,-0.5375594407798671,0.2037962037962038,0.9099186527757956,1000
meg,beta,Vip_9,0.41836572360405483,0.1038961038961039,0.9099186527757956,1000
meg,gamma1,Astro_1,0.5932085013181448,0.061938061938061936,0.36984444127301275,1000
meg,gamma1,Astro_2,0.44493372861623726,0.23676323676323677,0.531968031968032,1000
meg,gamma1,Chandelier_1,0.7371933428425278,0.016983016983016984,0.2955377955377956,1000
meg,gamma1,Endo_1,0.3777739024831597,0.16383616383616384,0.5024142524142524,1000
meg,gamma1,L2/3 IT_1,-9.332143867045761e-05,1.0,1.0,1000
meg,gamma1,L2/3 IT_2,0.3159516508015755,0.23976023976023977,0.531968031968032,1000
meg,gamma1,L2/3 IT_3,-0.2992195335749662,0.25874125874125875,0.5403126285479227,1000
meg,gamma1,L2/3 IT_4,0.05086477128854631,0.8581418581418582,0.9697333916083917,1000
meg,gamma1,L2/3 IT_5,0.19802825343549668,0.5764235764235764,0.7578902578902579,1000
meg,gamma1,L2/3 IT_6,-0.5670278547128204,0.08691308691308691,0.4113886113886114,1000
meg,gamma1,L2/3 IT_7,-0.5171097220083569,0.13686313686313686,0.5024142524142524,1000
meg,gamma1,L2/3 IT_8,0.3366201619862366,0.3756243756243756,0.5926517926517926,1000
meg,gamma1,L4 IT_1,0.6364287985071678,0.06493506493506493,0.36984444127301275,1000
meg,gamma1,L4 IT_2,-0.4437166110306174,0.4075924075924076,0.6157247008310839,1000
meg,gamma1,L4 IT_3,-0.37863513825885187,0.07292707292707293,0.36984444127301275,1000
meg,gamma1,L5 ET_1,0.4083964175634428,0.44455544455544455,0.6441517666007462,1000
meg,gamma1,L5 IT_1,-0.3438318536018278,0.2057942057942058,0.531968031968032,1000
meg,gamma1,L5 IT_2,0.27834785877918844,0.3076923076923077,0.5601577909270217,1000
meg,gamma1,L5 IT_3,-0.37781148285243177,0.3756243756243756,0.5926517926517926,1000
meg,gamma1,L5 IT_4,-0.42274860207561904,0.34265734265734266,0.5657830541551472,1000
meg,gamma1,L5 IT_5,0.31892382381196693,0.4565434565434565,0.6482917082917083,1000
meg,gamma1,L5/6 NP_1,-0.24674767056888366,0.3076923076923077,0.5601577909270217,1000
meg,gamma1,L5/6 NP_2,-0.14494459086376782,0.6163836163836164,0.7814863707720852,1000
meg,gamma1,L6 CT_1,0.0015735739482135422,0.989010989010989,1.0,1000
meg,gamma1,L6 CT_2,0.524952847457464,0.13886113886113885,0.5024142524142524,1000
meg,gamma1,L6 IT Car3_1,0.06935177396455998,0.8741258741258742,0.9697333916083917,1000
meg,gamma1,L6 IT_1,0.0917832265338001,0.7852147852147852,0.9291708291708292,1000
meg,gamma1,L6 IT_2,-0.016822158237345272,0.981018981018981,1.0,1000
meg,gamma1,L6 IT_3,0.2808928210903955,0.2127872127872128,0.531968031968032,1000
meg,gamma1,L6b_1,0.3628252373488574,0.26873126873126874,0.5451405737120023,1000
meg,gamma1,L6b_2,-0.030466769815562875,0.9200799200799201,0.989782944328399,1000
meg,gamma1,L6b_3,0.5126345186136023,0.23276723276723277,0.531968031968032,1000
meg,gamma1,Lamp5_1,0.6364960655952986,0.07292707292707293,0.36984444127301275,1000
meg,gamma1,Lamp5_2,0.5325107534989272,0.14585414585414586,0.5024142524142524,1000
meg,gamma1,Lamp5_Lhx6_1,0.20015593781484906,0.6593406593406593,0.821283979178716,1000
meg,gamma1,Micro-PVM_1,0.7112410746124854,0.022977022977022976,0.2955377955377956,1000
meg,gamma1,Micro-PVM_2,-0.1554608930132662,0.5074925074925075,0.6905547282905773,1000
meg,gamma1,OPC_1,0.639638639221181,0.05094905094905095,0.36984444127301275,1000
meg,gamma1,Oligo_1,0.39756743324311367,0.33966033966033965,0.5657830541551472,1000
meg,gamma1,Oligo_2,0.09988378018131504,0.8031968031968032,0.9348684102782464,1000
meg,gamma1,Pax6_1,0.6956511443094142,0.024975024975024976,0.2955377955377956,1000
meg,gamma1,Pax6_2,-0.08698066476564295,0.6883116883116883,0.8425884460367219,1000
meg,gamma1,Pvalb_1,-0.4799667130542194,0.3016983016983017,0.5601577909270217,1000
meg,gamma1,Pvalb_2,0.421287482913708,0.2967032967032967,0.5601577909270217,1000
meg,gamma1,Pvalb_3,0.36073126539924166,0.2547452547452547,0.5403126285479227,1000
meg,gamma1,Pvalb_4,0.041197868702374886,0.8711288711288712,0.9697333916083917,1000
meg,gamma1,Pvalb_5,0.0006140697278925019,0.998001998001998,1.0,1000
meg,gamma1,Sncg_1,0.6915973773388722,0.03396603396603397,0.344512630226916,1000
meg,gamma1,Sncg_2,0.7608909285691037,0.006993006993006993,0.2955377955377956,1000
meg,gamma1,Sncg_3,0.37747147597948055,0.15884115884115885,0.5024142524142524,1000
meg,gamma1,Sncg_4,0.39705858359703194,0.3246753246753247,0.5657830541551472,1000
meg,gamma1,Sst_1,-0.38419969851296054,0.23276723276723277,0.531968031968032,1000
meg,gamma1,Sst_10,0.5700487330829991,0.1848151848151848,0.5248751248751249,1000
meg,gamma1,Sst_2,0.41521661635230495,0.13286713286713286,0.5024142524142524,1000
meg,gamma1,Sst_3,0.5923313425778015,0.06493506493506493,0.36984444127301275,1000
meg,gamma1,Sst_4,0.2812045344958442,0.5954045954045954,0.7686132049768414,1000
meg,gamma1,Sst_5,-0.5669543807209413,0.23676323676323677,0.531968031968032,1000
meg,gamma1,Sst_6,0.21977091998530332,0.4355644355644356,0.6441517666007462,1000
meg,gamma1,Sst_7,-0.020535697451128338,0.936063936063936,0.9919483501573053,1000
meg,gamma1,Sst_8,0.23098574077079653,0.34165834165834164,0.5657830541551472,1000
meg,gamma1,Sst_9,0.25240618385171654,0.5154845154845155,0.6905547282905773,1000
meg,gamma1,VLMC_1,0.3332561870311319,0.16983016983016982,0.5024142524142524,1000
meg,gamma1,Vip_1,0.6855740114574255,0.017982017982017984,0.2955377955377956,1000
meg,gamma1,Vip_2,-0.19460192664125803,0.46653346653346656,0.6494877671348259,1000
meg,gamma1,Vip_3,-0.5390496918610898,0.06293706293706294,0.36984444127301275,1000
meg,gamma1,Vip_4,-0.04732426661363154,0.9020979020979021,0.98536847767617,1000
meg,gamma1,Vip_5,0.6923093036522134,0.024975024975024976,0.2955377955377956,1000
meg,gamma1,Vip_6,0.4902864328930033,0.11188811188811189,0.4965034965034965,1000
meg,gamma1,Vip_7,0.05671169918906704,0.7332667332667333,0.8824057298633571,1000
meg,gamma1,Vip_8,0.3527601022004106,0.3956043956043956,0.610606784519828,1000
meg,gamma1,Vip_9,0.37777839409126124,0.15484515484515485,0.5024142524142524,1000
meg,gamma2,Astro_1,0.16393294734103006,0.7892107892107892,1.0,1000
meg,gamma2,Astro_2,0.0997073955794222,0.8301698301698301,1.0,1000
meg,gamma2,Chandelier_1,0.6515106361433999,0.1038961038961039,0.8430426716141002,1000
meg,gamma2,Endo_1,0.00016901149309596277,1.0,1.0,1000
meg,gamma2,L2/3 IT_1,0.15374180192353212,0.5944055944055944,0.9814604000650512,1000
meg,gamma2,L2/3 IT_2,0.33145407885365624,0.24375624375624375,0.8430426716141002,1000
meg,gamma2,L2/3 IT_3,-0.09203327015913493,0.7942057942057942,1.0,1000
meg,gamma2,L2/3 IT_4,-0.2591770582434279,0.36063936063936064,0.8430426716141002,1000
meg,gamma2,L2/3 IT_5,0.36474433956986746,0.27372627372627373,0.8430426716141002,1000
meg,gamma2,L2/3 IT_6,-0.21187894168945706,0.6953046953046953,1.0,1000
meg,gamma2,L2/3 IT_7,-0.17468815169494228,0.7392607392607392,1.0,1000
meg,gamma2,L2/3 IT_8,0.4336026971883358,0.22377622377622378,0.8430426716141002,1000
meg,gamma2,L4 IT_1,0.46701476399574443,0.3046953046953047,0.8430426716141002,1000
meg,gamma2,L4 IT_2,0.18388675877226662,0.7832167832167832,1.0,1000
meg,gamma2,L4 IT_3,-0.2992258424453465,0.14385614385614387,0.8430426716141002,1000
meg,gamma2,L5 ET_1,-0.22897769335226387,0.7142857142857143,1.0,1000
meg,gamma2,L5 IT_1,-0.2034336538982401,0.5364635364635365,0.9187003472717759,1000
meg,gamma2,L5 IT_2,0.20739994016781832,0.5204795204795205,0.9187003472717759,1000
meg,gamma2,L5 IT_3,0.08189144542099379,0.8931068931068931,1.0,1000
meg,gamma2,L5 IT_4,0.009055135290117075,0.9920079920079921,1.0,1000
meg,gamma2,L5 IT_5,-0.11608927781491256,0.8081918081918081,1.0,1000
meg,gamma2,L5/6 NP_1,-0.21930747657787641,0.36863136863136864,0.8430426716141002,1000
meg,gamma2,L5/6 NP_2,-0.2346469497669986,0.40559440559440557,0.8430426716141002,1000
meg,gamma2,L6 CT_1,-0.25945897783653155,0.23976023976023977,0.8430426716141002,1000
meg,gamma2,L6 CT_2,0.23212685687694207,0.6643356643356644,1.0,1000
meg,gamma2,L6 IT Car3_1,0.32046424419410946,0.3146853146853147,0.8430426716141002,1000
meg,gamma2,L6 IT_1,0.10411678342676577,0.7572427572427572,1.0,1000
meg,gamma2,L6 IT_2,-0.4378731329624281,0.24475524475524477,0.8430426716141002,1000
meg,gamma2,L6 IT_3,0.21865117614108662,0.35264735264735264,0.8430426716141002,1000
meg,gamma2,L6b_1,0.274189038453067,0.4945054945054945,0.9002535925612848,1000
meg,gamma2,L6b_2,-0.04784007213521462,0.8591408591408591,1.0,1000
meg,gamma2,L6b_3,0.011871055686786779,0.99000999000999,1.0,1000
meg,gamma2,Lamp5_1,0.2179674961323108,0.7262737262737263,1.0,1000
meg,gamma2,Lamp5_2,0.06877422528994065,0.8931068931068931,1.0,1000
meg,gamma2,Lamp5_Lhx6_1,-0.27642929250177495,0.5434565434565435,0.9187003472717759,1000
meg,gamma2,Micro-PVM_1,0.5928536602701021,0.19480519480519481,0.8430426716141002,1000
meg,gamma2,Micro-PVM_2,0.05808077566646776,0.7902097902097902,1.0,1000
meg,gamma2,OPC_1,0.4548067370553857,0.32667332667332666,0.8430426716141002,1000
meg,gamma2,Oligo_1,0.005353222563866768,0.994005994005994,1.0,1000
meg,gamma2,Oligo_2,-0.3699151242287002,0.3356643356643357,0.8430426716141002,1000
meg,gamma2,Pax6_1,0.38077820068612694,0.4805194805194805,0.8978127136021874,1000
meg,gamma2,Pax6_2,-0.006189537046725269,0.9760239760239761,1.0,1000
meg,gamma2,Pvalb_1,-0.7804826683236012,0.000999000999000999,0.07092907092907093,1000
meg,gamma2,Pvalb_2,0.0037115918151812036,0.998001998001998,1.0,1000
meg,gamma2,Pvalb_3,0.3444357729276403,0.3146853146853147,0.8430426716141002,1000
meg,gamma2,Pvalb_4,-0.18589265827056686,0.46353646353646355,0.8978127136021874,1000
meg,gamma2,Pvalb_5,-0.40669176830757314,0.25374625374625376,0.8430426716141002,1000
meg,gamma2,Sncg_1,0.5083941711279768,0.26673326673326675,0.8430426716141002,1000
meg,gamma2,Sncg_2,0.5816147567041834,0.22377622377622378,0.8430426716141002,1000
meg,gamma2,Sncg_3,0.33355084831569826,0.25874125874125875,0.8430426716141002,1000
meg,gamma2,Sncg_4,0.7094699923546459,0.005994005994005994,0.21278721278721277,1000
meg,gamma2,Sst_1,-0.490284120506669,0.06293706293706294,0.6991579848722707,1000
meg,gamma2,Sst_10,0.04202799463181424,0.957042957042957,1.0,1000
meg,gamma2,Sst_2,0.2167641354265873,0.4745254745254745,0.8978127136021874,1000
meg,gamma2,Sst_3,0.41996856002104754,0.32967032967032966,0.8430426716141002,1000
meg,gamma2,Sst_4,0.7072093546876557,0.01898101898101898,0.2695304695304695,1000
meg,gamma2,Sst_5,-0.061132007988121254,0.9210789210789211,1.0,1000
meg,gamma2,Sst_6,0.03389584457833987,0.8971028971028971,1.0,1000
meg,gamma2,Sst_7,0.194640740442584,0.3936063936063936,0.8430426716141002,1000
meg,gamma2,Sst_8,0.08212495282763377,0.7612387612387612,1.0,1000
meg,gamma2,Sst_9,0.4782722414045839,0.15384615384615385,0.8430426716141002,1000
meg,gamma2,VLMC_1,0.24016689155580798,0.4155844155844156,0.8430426716141002,1000
meg,gamma2,Vip_1,0.4644382291675278,0.3026973026973027,0.8430426716141002,1000
meg,gamma2,Vip_2,-0.02690496036795034,0.9250749250749251,1.0,1000
meg,gamma2,Vip_3,-0.6321423431664412,0.011988011988011988,0.21278721278721277,1000
meg,gamma2,Vip_4,0.33230538484357547,0.3856143856143856,0.8430426716141002,1000
meg,gamma2,Vip_5,0.5779341366785313,0.10989010989010989,0.8430426716141002,1000
meg,gamma2,Vip_6,0.5206137997462462,0.06893106893106893,0.6991579848722707,1000
meg,gamma2,Vip_7,0.07046907602174561,0.7152847152847153,1.0,1000
meg,gamma2,Vip_8,0.6560403273197434,0.01098901098901099,0.21278721278721277,1000
meg,gamma2,Vip_9,0.10959514878389431,0.7522477522477522,1.0,1000
enigma,22q,Astro_1,0.2104200221585508,0.4755244755244755,0.9690309690309691,1000
enigma,22q,Astro_2,0.13402927175032225,0.6623376623376623,0.9690309690309691,1000
enigma,22q,Chandelier_1,0.1797498789435585,0.6403596403596403,0.9690309690309691,1000
enigma,22q,Endo_1,0.07464977233927798,0.7332667332667333,0.9690309690309691,1000
enigma,22q,L2/3 IT_1,-0.16441519565756463,0.3856143856143856,0.9690309690309691,1000
enigma,22q,L2/3 IT_2,-0.03230872155924659,0.8691308691308691,0.9690309690309691,1000
enigma,22q,L2/3 IT_3,-0.18909011516592295,0.34265734265734266,0.9690309690309691,1000
enigma,22q,L2/3 IT_4,0.2416609338937807,0.24375624375624375,0.9690309690309691,1000
enigma,22q,L2/3 IT_5,-0.02275351505413262,0.9300699300699301,0.9690309690309691,1000
enigma,22q,L2/3 IT_6,-0.178042279579648,0.5594405594405595,0.9690309690309691,1000
enigma,22q,L2/3 IT_7,-0.35122659496558745,0.17882117882117882,0.9690309690309691,1000
enigma,22q,L2/3 IT_8,0.022195540155232656,0.9410589410589411,0.9690309690309691,1000
enigma,22q,L4 IT_1,0.21091323588767658,0.4915084915084915,0.9690309690309691,1000
enigma,22q,L4 IT_2,-0.37327053310105557,0.2677322677322677,0.9690309690309691,1000
enigma,22q,L4 IT_3,0.1151090732945944,0.5884115884115884,0.9690309690309691,1000
enigma,22q,L5 ET_1,0.3775380771764431,0.25274725274725274,0.9690309690309691,1000
enigma,22q,L5 IT_1,-0.05155833196075288,0.8071928071928072,0.9690309690309691,1000
enigma,22q,L5 IT_2,-0.14513600423330877,0.5014985014985015,0.9690309690309691,1000
enigma,22q,L5 IT_3,-0.42356578959094154,0.07192807192807193,0.9690309690309691,1000
enigma,22q,L5 IT_4,-0.4006143325397585,0.14685314685314685,0.9690309690309691,1000
enigma,22q,L5 IT_5,0.013704908313330325,0.9690309690309691,0.9690309690309691,1000
enigma,22q,L5/6 NP_1,0.1809086960058062,0.3626373626373626,0.9690309690309691,1000
enigma,22q,L5/6 NP_2,0.16753117092101388,0.45354645354645357,0.9690309690309691,1000
enigma,22q,L6 CT_1,0.3065820921686924,0.09490509490509491,0.9690309690309691,1000
enigma,22q,L6 CT_2,0.14694624629428996,0.6083916083916084,0.9690309690309691,1000
enigma,22q,L6 IT Car3_1,0.04120490329885498,0.8791208791208791,0.9690309690309691,1000
enigma,22q,L6 IT_1,-0.056202310643072635,0.8171828171828172,0.9690309690309691,1000
enigma,22q,L6 IT_2,0.25259404364237187,0.34065934065934067,0.9690309690309691,1000
enigma,22q,L6 IT_3,-0.07160370942380319,0.7272727272727273,0.9690309690309691,1000
enigma,22q,L6b_1,0.06892689631331966,0.7862137862137862,0.9690309690309691,1000
enigma,22q,L6b_2,-0.017700962145373495,0.9100899100899101,0.9690309690309691,1000
enigma,22q,L6b_3,0.33172589980806116,0.2597402597402597,0.9690309690309691,1000
enigma,22q,Lamp5_1,0.1725297584735124,0.6133866133866134,0.9690309690309691,1000
enigma,22q,Lamp5_2,0.24816533836531102,0.4165834165834166,0.9690309690309691,1000
enigma,22q,Lamp5_Lhx6_1,0.1604134788150569,0.6603396603396603,0.9690309690309691,1000
enigma,22q,Micro-PVM_1,0.14616628258732028,0.7092907092907093,0.9690309690309691,1000
enigma,22q,Micro-PVM_2,-0.24524953861953888,0.18181818181818182,0.9690309690309691,1000
enigma,22q,OPC_1,0.14333642814797393,0.6983016983016983,0.9690309690309691,1000
enigma,22q,Oligo_1,0.30709368844067664,0.2647352647352647,0.9690309690309691,1000
enigma,22q,Oligo_2,0.2074344594941082,0.4435564435564436,0.9690309690309691,1000
enigma,22q,Pax6_1,0.11506756853990928,0.7242757242757243,0.9690309690309691,1000
enigma,22q,Pax6_2,-0.3683137208720956,0.03596403596403597,0.8511488511488511,1000
enigma,22q,Pvalb_1,0.05109952228854391,0.8901098901098901,0.9690309690309691,1000
enigma,22q,Pvalb_2,0.09007877673394171,0.7612387612387612,0.9690309690309691,1000
enigma,22q,Pvalb_3,0.06788569364145315,0.7802197802197802,0.9690309690309691,1000
enigma,22q,Pvalb_4,0.0459255032434392,0.8221778221778222,0.9690309690309691,1000
enigma,22q,Pvalb_5,-0.05245543728138445,0.8631368631368631,0.9690309690309691,1000
enigma,22q,Sncg_1,0.2696711358187683,0.3786213786213786,0.9690309690309691,1000
enigma,22q,Sncg_2,0.21878521483846433,0.5624375624375625,0.9690309690309691,1000
enigma,22q,Sncg_3,-0.02333523326485,0.9270729270729271,0.9690309690309691,1000
enigma,22q,Sncg_4,-0.02333780631137178,0.9460539460539461,0.9690309690309691,1000
enigma,22q,Sst_1,-0.03323431106923616,0.8911088911088911,0.9690309690309691,1000
enigma,22q,Sst_10,0.33785452200376903,0.27172827172827174,0.9690309690309691,1000
enigma,22q,Sst_2,-0.00918749482089761,0.9690309690309691,0.9690309690309691,1000
enigma,22q,Sst_3,0.10984623410755888,0.7392607392607392,0.9690309690309691,1000
enigma,22q,Sst_4,-0.20601122536095193,0.5274725274725275,0.9690309690309691,1000
enigma,22q,Sst_5,-0.4979270233224683,0.04795204795204795,0.8511488511488511,1000
enigma,22q,Sst_6,0.08501772687483458,0.7332667332667333,0.9690309690309691,1000
enigma,22q,Sst_7,-0.3642297148922052,0.04695304695304695,0.8511488511488511,1000
enigma,22q,Sst_8,-0.00925615392434948,0.9690309690309691,0.9690309690309691,1000
enigma,22q,Sst_9,-0.0687465917502938,0.8281718281718282,0.9690309690309691,1000
enigma,22q,VLMC_1,-0.08707405821863917,0.6873126873126874,0.9690309690309691,1000
enigma,22q,Vip_1,0.17345272594887498,0.6233766233766234,0.9690309690309691,1000
enigma,22q,Vip_2,-0.40840890835498694,0.029970029970029972,0.8511488511488511,1000
enigma,22q,Vip_3,-0.2994086082096713,0.2627372627372627,0.9690309690309691,1000
enigma,22q,Vip_4,-0.3938301530347131,0.1088911088911089,0.9690309690309691,1000
enigma,22q,Vip_5,0.15342313430041127,0.6613386613386614,0.9690309690309691,1000
enigma,22q,Vip_6,-0.1081064861391084,0.6933066933066933,0.9690309690309691,1000
enigma,22q,Vip_7,-0.23999333283647914,0.18181818181818182,0.9690309690309691,1000
enigma,22q,Vip_8,-0.11899689089871214,0.6723276723276723,0.9690309690309691,1000
enigma,22q,Vip_9,0.026076101487953234,0.8941058941058941,0.9690309690309691,1000
enigma,adhd,Astro_1,-0.7213976823249397,0.004995004995004995,0.022165334665334664,1000
enigma,adhd,Astro_2,-0.7013152860566093,0.001998001998001998,0.014185814185814185,1000
enigma,adhd,Chandelier_1,-0.7453107706027854,0.005994005994005994,0.025033789739672095,1000
enigma,adhd,Endo_1,-0.5869391934136228,0.012987012987012988,0.04390847247990105,1000
enigma,adhd,L2/3 IT_1,0.1159904079278686,0.6653346653346653,0.7442096365173289,1000
enigma,adhd,L2/3 IT_2,-0.3851919641149416,0.14585414585414586,0.2642107892107892,1000
enigma,adhd,L2/3 IT_3,0.4582096657984674,0.03896103896103896,0.09538737124944022,1000
enigma,adhd,L2/3 IT_4,0.1400024305211203,0.6353646353646354,0.7395227723096576,1000
enigma,adhd,L2/3 IT_5,-0.320839014010569,0.2867132867132867,0.3928379312994698,1000
enigma,adhd,L2/3 IT_6,0.717316632758268,0.00999000999000999,0.035464535464535464,1000
enigma,adhd,L2/3 IT_7,0.541614376455322,0.07592407592407592,0.15604395604395604,1000
enigma,adhd,L2/3 IT_8,-0.414832454526092,0.2057942057942058,0.32469752469752466,1000
enigma,adhd,L4 IT_1,-0.6366270466794743,0.03496503496503497,0.09119451976594835,1000
enigma,adhd,L4 IT_2,0.557028292200669,0.1938061938061938,0.31273272182363093,1000
enigma,adhd,L4 IT_3,0.5307067208304649,0.001998001998001998,0.014185814185814185,1000
enigma,adhd,L5 ET_1,-0.5530939523035517,0.15884115884115885,0.27506639701761654,1000
enigma,adhd,L5 IT_1,0.6384751773739017,0.006993006993006993,0.027583527583527584,1000
enigma,adhd,L5 IT_2,-0.6031432625705966,0.003996003996003996,0.02026544883687741,1000
enigma,adhd,L5 IT_3,0.4630608975940162,0.17482517482517482,0.2886648235485445,1000
enigma,adhd,L5 IT_4,0.5315255799430145,0.11388611388611389,0.21853821853821856,1000
enigma,adhd,L5 IT_5,-0.6181490059885886,0.025974025974025976,0.07683982683982685,1000
enigma,adhd,L5/6 NP_1,0.4094582105574678,0.06993006993006994,0.15604395604395604,1000
enigma,adhd,L5/6 NP_2,0.29106761501301925,0.2707292707292707,0.39228118819955554,1000
enigma,adhd,L6 CT_1,0.06827323710439172,0.7662337662337663,0.8000381970970207,1000
enigma,adhd,L6 CT_2,-0.7097272291630676,0.003996003996003996,0.02026544883687741,1000
enigma,adhd,L6 IT Car3_1,-0.06362118095448618,0.8381618381618382,0.8381618381618382,1000
enigma,adhd,L6 IT_1,-0.27606859703684045,0.3106893106893107,0.4162064350743596,1000
enigma,adhd,L6 IT_2,0.16872018276340087,0.6813186813186813,0.7442096365173289,1000
enigma,adhd,L6 IT_3,-0.5266020944421137,0.004995004995004995,0.022165334665334664,1000
enigma,adhd,L6b_1,-0.44104796108252126,0.13986013986013987,0.2613176297386824,1000
enigma,adhd,L6b_2,-0.053106956159605215,0.8281718281718282,0.8381618381618382,1000
enigma,adhd,L6b_3,-0.475338915113361,0.24275724275724275,0.36794455544455545,1000
enigma,adhd,Lamp5_1,-0.8215869434016227,0.001998001998001998,0.014185814185814185,1000
enigma,adhd,Lamp5_2,-0.5431944202348552,0.1018981018981019,0.200965700965701,1000
enigma,adhd,Lamp5_Lhx6_1,-0.3993241783323012,0.24775224775224775,0.36794455544455545,1000
enigma,adhd,Micro-PVM_1,-0.7771341258410421,0.001998001998001998,0.014185814185814185,1000
enigma,adhd,Micro-PVM_2,0.08511806851117343,0.6753246753246753,0.7442096365173289,1000
enigma,adhd,OPC_1,-0.8440602489011716,0.000999000999000999,0.014185814185814185,1000
enigma,adhd,Oligo_1,-0.5732464820505963,0.04295704295704296,0.10166500166500167,1000
enigma,adhd,Oligo_2,-0.13500663296102322,0.7032967032967034,0.7505777804285267,1000
enigma,adhd,Pax6_1,-0.8711026295175796,0.000999000999000999,0.014185814185814185,1000
enigma,adhd,Pax6_2,-0.18979615006254064,0.33966033966033965,0.4465904465904466,1000
enigma,adhd,Pvalb_1,0.4458274991386311,0.28771228771228774,0.3928379312994698,1000
enigma,adhd,Pvalb_2,-0.7762726129039701,0.002997002997002997,0.019344292071564802,1000
enigma,adhd,Pvalb_3,-0.4806348483105059,0.07692307692307693,0.15604395604395604,1000
enigma,adhd,Pvalb_4,-0.12915310503463717,0.6293706293706294,0.7395227723096576,1000
enigma,adhd,Pvalb_5,-0.33414108404004994,0.2867132867132867,0.3928379312994698,1000
enigma,adhd,Sncg_1,-0.6019327094348625,0.07192807192807193,0.15604395604395604,1000
enigma,adhd,Sncg_2,-0.7341388056067633,0.003996003996003996,0.02026544883687741,1000
enigma,adhd,Sncg_3,-0.5179748491955045,0.024975024975024976,0.07683982683982685,1000
enigma,adhd,Sncg_4,-0.3069804744603153,0.43956043956043955,0.5380826070481243,1000
enigma,adhd,Sst_1,0.2737270205781438,0.4015984015984016,0.5184270275179367,1000
enigma,adhd,Sst_10,-0.6734295205426337,0.03596403596403597,0.09119451976594835,1000
enigma,adhd,Sst_2,-0.6879693752586598,0.000999000999000999,0.014185814185814185,1000
enigma,adhd,Sst_3,-0.7452659659402627,0.000999000999000999,0.014185814185814185,1000
enigma,adhd,Sst_4,-0.32666192844176906,0.43756243756243757,0.5380826070481243,1000
enigma,adhd,Sst_5,0.5044874881788531,0.24875124875124874,0.36794455544455545,1000
enigma,adhd,Sst_6,-0.41877872205722466,0.07692307692307693,0.15604395604395604,1000
enigma,adhd,Sst_7,-0.3095163252178635,0.16783216783216784,0.2837162837162837,1000
enigma,adhd,Sst_8,-0.4447663915772545,0.03496503496503497,0.09119451976594835,1000
enigma,adhd,Sst_9,-0.4287243706274945,0.14885114885114886,0.2642107892107892,1000
enigma,adhd,VLMC_1,-0.46466514505387907,0.025974025974025976,0.07683982683982685,1000
enigma,adhd,Vip_1,-0.6914660741718553,0.00999000999000999,0.035464535464535464,1000
enigma,adhd,Vip_2,-0.0601392008491542,0.8171828171828172,0.8381618381618382,1000
enigma,adhd,Vip_3,0.1389022201629397,0.7082917082917083,0.7505777804285267,1000
enigma,adhd,Vip_4,-0.14915357955792113,0.6703296703296703,0.7442096365173289,1000
enigma,adhd,Vip_5,-0.7125616624926774,0.001998001998001998,0.014185814185814185,1000
enigma,adhd,Vip_6,-0.6913821361278479,0.000999000999000999,0.014185814185814185,1000
enigma,adhd,Vip_7,-0.13653854649172276,0.5224775224775224,0.6287441372187135,1000
enigma,adhd,Vip_8,-0.29640806411658105,0.4355644355644356,0.5380826070481243,1000
enigma,adhd,Vip_9,-0.47941410741899637,0.028971028971028972,0.08227772227772229,1000
enigma,asd,Astro_1,0.5009956616656396,0.22477522477522477,0.5615218115218116,1000
enigma,asd,Astro_2,0.22052034694878975,0.6193806193806194,0.7715091925618242,1000
enigma,asd,Chandelier_1,0.3211335231833666,0.5524475524475524,0.7543033889187735,1000
enigma,asd,Endo_1,0.3270069551524321,0.2757242757242757,0.5615218115218116,1000
enigma,asd,L2/3 IT_1,0.013220453017079336,0.971028971028971,0.984900813472242,1000
enigma,asd,L2/3 IT_2,0.23655266240924838,0.4245754245754246,0.7543033889187735,1000
enigma,asd,L2/3 IT_3,-0.360037831863533,0.16083916083916083,0.5615218115218116,1000
enigma,asd,L2/3 IT_4,0.20478472838880918,0.5054945054945055,0.7543033889187735,1000
enigma,asd,L2/3 IT_5,0.07625011268549486,0.8281718281718282,0.9333365047650762,1000
enigma,asd,L2/3 IT_6,-0.575479158049655,0.1018981018981019,0.48231768231768235,1000
enigma,asd,L2/3 IT_7,-0.5475582269926226,0.1108891108891109,0.49207042957042957,1000
enigma,asd,L2/3 IT_8,0.2290388537701299,0.5494505494505495,0.7543033889187735,1000
enigma,asd,L4 IT_1,0.47767382531146035,0.23376623376623376,0.5615218115218116,1000
enigma,asd,L4 IT_2,-0.718976644316786,0.03896103896103896,0.27082008900190724,1000
enigma,asd,L4 IT_3,-0.0043108504685837705,0.989010989010989,0.989010989010989,1000
enigma,asd,L5 ET_1,0.7104870057462432,0.04195804195804196,0.27082008900190724,1000
enigma,asd,L5 IT_1,-0.29738225676348423,0.2967032967032967,0.5693495693495694,1000
enigma,asd,L5 IT_2,0.22528181176302456,0.46353646353646355,0.7543033889187735,1000
enigma,asd,L5 IT_3,-0.6067815879624749,0.028971028971028972,0.23643023643023645,1000
enigma,asd,L5 IT_4,-0.6408383222300206,0.029970029970029972,0.23643023643023645,1000
enigma,asd,L5 IT_5,0.5419055374529214,0.1258741258741259,0.525709584533114,1000
enigma,asd,L5/6 NP_1,0.17343238104076308,0.5014985014985015,0.7543033889187735,1000
enigma,asd,L5/6 NP_2,0.38463490961021574,0.14285714285714285,0.5338345864661654,1000
enigma,asd,L6 CT_1,0.4353170026029154,0.02097902097902098,0.23643023643023645,1000
enigma,asd,L6 CT_2,0.5307728937965353,0.13486513486513488,0.531968031968032,1000
enigma,asd,L6 IT Car3_1,-0.26508350999825564,0.4595404595404595,0.7543033889187735,1000
enigma,asd,L6 IT_1,0.25134567225149607,0.4045954045954046,0.7543033889187735,1000
enigma,asd,L6 IT_2,0.3178936079211041,0.4755244755244755,0.7543033889187735,1000
enigma,asd,L6 IT_3,0.13177428188859003,0.6053946053946054,0.7715091925618242,1000
enigma,asd,L6b_1,0.4328024263265734,0.17582417582417584,0.5615218115218116,1000
enigma,asd,L6b_2,0.2807027405014185,0.27672327672327673,0.5615218115218116,1000
enigma,asd,L6b_3,0.4996375938886504,0.25874125874125875,0.5615218115218116,1000
enigma,asd,Lamp5_1,0.492387027514105,0.28471528471528473,0.5615218115218116,1000
enigma,asd,Lamp5_2,0.431729495643108,0.27372627372627373,0.5615218115218116,1000
enigma,asd,Lamp5_Lhx6_1,0.6604759036736476,0.02097902097902098,0.23643023643023645,1000
enigma,asd,Micro-PVM_1,0.31908087248159706,0.5424575424575424,0.7543033889187735,1000
enigma,asd,Micro-PVM_2,-0.49911191994702003,0.007992007992007992,0.18914418914418915,1000
enigma,asd,OPC_1,0.272172615161041,0.5654345654345654,0.7574689461481914,1000
enigma,asd,Oligo_1,0.4321938966821816,0.27372627372627373,0.5615218115218116,1000
enigma,asd,Oligo_2,0.2759525550104433,0.4885114885114885,0.7543033889187735,1000
enigma,asd,Pax6_1,0.48569307444785303,0.26873126873126874,0.5615218115218116,1000
enigma,asd,Pax6_2,-0.411678550582417,0.026973026973026972,0.23643023643023645,1000
enigma,asd,Pvalb_1,0.09975993772510955,0.8651348651348651,0.9449934680703912,1000
enigma,asd,Pvalb_2,0.47202719108761776,0.19480519480519481,0.5615218115218116,1000
enigma,asd,Pvalb_3,0.37748234529278824,0.22077922077922077,0.5615218115218116,1000
enigma,asd,Pvalb_4,-0.057862256945183974,0.8231768231768232,0.9333365047650762,1000
enigma,asd,Pvalb_5,0.4041888025565673,0.23276723276723277,0.5615218115218116,1000
enigma,asd,Sncg_1,0.4598133216814646,0.2807192807192807,0.5615218115218116,1000
enigma,asd,Sncg_2,0.39475045339708703,0.45054945054945056,0.7543033889187735,1000
enigma,asd,Sncg_3,0.19255977690170376,0.5514485514485514,0.7543033889187735,1000
enigma,asd,Sncg_4,-0.07819795679269016,0.8871128871128872,0.9543184088638634,1000
enigma,asd,Sst_1,0.1833505658124561,0.6143856143856143,0.7715091925618242,1000
enigma,asd,Sst_10,0.6686841038144485,0.08491508491508491,0.43064078778364495,1000
enigma,asd,Sst_2,0.09692770390470398,0.7502497502497503,0.8744042842403499,1000
enigma,asd,Sst_3,0.27988898126660766,0.5204795204795205,0.7543033889187735,1000
enigma,asd,Sst_4,-0.3781381338978303,0.4515484515484515,0.7543033889187735,1000
enigma,asd,Sst_5,-0.8691349048471151,0.000999000999000999,0.07092907092907093,1000
enigma,asd,Sst_6,0.35482957573260654,0.18281718281718282,0.5615218115218116,1000
enigma,asd,Sst_7,-0.3933532005136239,0.06993006993006994,0.4137529137529138,1000
enigma,asd,Sst_8,0.06939066740815372,0.7512487512487512,0.8744042842403499,1000
enigma,asd,Sst_9,0.06129820735696841,0.9040959040959041,0.9580717789673014,1000
enigma,asd,VLMC_1,-0.04783811013291766,0.8651348651348651,0.9449934680703912,1000
enigma,asd,Vip_1,0.47238674055086205,0.23876123876123875,0.5615218115218116,1000
enigma,asd,Vip_2,-0.584838526102862,0.007992007992007992,0.18914418914418915,1000
enigma,asd,Vip_3,-0.13990128426462434,0.7312687312687313,0.8744042842403499,1000
enigma,asd,Vip_4,-0.6537859990127208,0.011988011988011988,0.21278721278721277,1000
enigma,asd,Vip_5,0.21096118062512237,0.6813186813186813,0.8340280409245927,1000
enigma,asd,Vip_6,-0.026106146927662298,0.9590409590409591,0.984900813472242,1000
enigma,asd,Vip_7,-0.32804227692210797,0.07792207792207792,0.42557442557442554,1000
enigma,asd,Vip_8,-0.034837824875053124,0.936063936063936,0.977360874419698,1000
enigma,asd,Vip_9,0.1716862059002511,0.6013986013986014,0.7715091925618242,1000
enigma,epilepsy_gge,Astro_1,0.08706622763630906,0.7672327672327672,0.9560005212179125,1000
enigma,epilepsy_gge,Astro_2,-0.22404671445021124,0.5224775224775224,0.8453587229097433,1000
enigma,epilepsy_gge,Chandelier_1,0.10889202037247062,0.8211788211788211,0.9560005212179125,1000
enigma,epilepsy_gge,Endo_1,-0.11462747691746455,0.6203796203796204,0.8747918747918748,1000
enigma,epilepsy_gge,L2/3 IT_1,0.326024739667862,0.08591408591408592,0.37040737040737043,1000
enigma,epilepsy_gge,L2/3 IT_2,0.5452712664369218,0.005994005994005994,0.18054672600127147,1000
enigma,epilepsy_gge,L2/3 IT_3,0.09935319001342265,0.6533466533466533,0.8779145382918968,1000
enigma,epilepsy_gge,L2/3 IT_4,-0.5380950648817265,0.013986013986013986,0.18054672600127147,1000
enigma,epilepsy_gge,L2/3 IT_5,0.4298871179601588,0.053946053946053944,0.2946284484746023,1000
enigma,epilepsy_gge,L2/3 IT_6,-0.19067649074418713,0.5724275724275725,0.8453587229097433,1000
enigma,epilepsy_gge,L2/3 IT_7,-0.2456936275283545,0.4065934065934066,0.8453587229097433,1000
enigma,epilepsy_gge,L2/3 IT_8,0.5551320197969182,0.014985014985014986,0.18054672600127147,1000
enigma,epilepsy_gge,L4 IT_1,0.4786701790186028,0.0939060939060939,0.37040737040737043,1000
enigma,epilepsy_gge,L4 IT_2,0.11652222732413384,0.8071928071928072,0.9560005212179125,1000
enigma,epilepsy_gge,L4 IT_3,-0.10581002393763951,0.5724275724275725,0.8453587229097433,1000
enigma,epilepsy_gge,L5 ET_1,-0.22141457250533747,0.6553446553446554,0.8779145382918968,1000
enigma,epilepsy_gge,L5 IT_1,0.09614070763097869,0.6283716283716284,0.8747918747918748,1000
enigma,epilepsy_gge,L5 IT_2,0.4536360775896889,0.027972027972027972,0.18054672600127147,1000
enigma,epilepsy_gge,L5 IT_3,0.2298195009344696,0.5064935064935064,0.8453587229097433,1000
enigma,epilepsy_gge,L5 IT_4,0.025224302139460884,0.929070929070929,0.9560005212179125,1000
enigma,epilepsy_gge,L5 IT_5,0.23868783570674057,0.43156843156843155,0.8453587229097433,1000
enigma,epilepsy_gge,L5/6 NP_1,0.21673142352163247,0.2707292707292707,0.8357294879034008,1000
enigma,epilepsy_gge,L5/6 NP_2,0.3344094769935903,0.10789210789210789,0.4031757715968243,1000
enigma,epilepsy_gge,L6 CT_1,-0.13743206442305322,0.4915084915084915,0.8453587229097433,1000
enigma,epilepsy_gge,L6 CT_2,0.29790262566075476,0.3256743256743257,0.8453587229097433,1000
enigma,epilepsy_gge,L6 IT Car3_1,0.23391116519996397,0.3806193806193806,0.8453587229097433,1000
enigma,epilepsy_gge,L6 IT_1,0.45146844610812836,0.026973026973026972,0.18054672600127147,1000
enigma,epilepsy_gge,L6 IT_2,-0.4464214585574468,0.08091908091908091,0.37040737040737043,1000
enigma,epilepsy_gge,L6 IT_3,0.2887971117251195,0.14285714285714285,0.5071428571428571,1000
enigma,epilepsy_gge,L6b_1,0.5167861335643958,0.01898101898101898,0.18054672600127147,1000
enigma,epilepsy_gge,L6b_2,0.4695966139224947,0.016983016983016984,0.18054672600127147,1000
enigma,epilepsy_gge,L6b_3,-0.21587013297148808,0.5524475524475524,0.8453587229097433,1000
enigma,epilepsy_gge,Lamp5_1,0.055589430202140015,0.8431568431568431,0.9560005212179125,1000
enigma,epilepsy_gge,Lamp5_2,-0.29187908111001704,0.36063936063936064,0.8453587229097433,1000
enigma,epilepsy_gge,Lamp5_Lhx6_1,0.09514598342035382,0.8261738261738262,0.9560005212179125,1000
enigma,epilepsy_gge,Micro-PVM_1,0.23965590413125154,0.5834165834165834,0.8453587229097433,1000
enigma,epilepsy_gge,Micro-PVM_2,0.002131752036223201,0.9920079920079921,0.9920079920079921,1000
enigma,epilepsy_gge,OPC_1,0.03178831813727397,0.9280719280719281,0.9560005212179125,1000
enigma,epilepsy_gge,Oligo_1,-0.3785391125561399,0.17482517482517482,0.591075591075591,1000
enigma,epilepsy_gge,Oligo_2,-0.6149110444074802,0.004995004995004995,0.18054672600127147,1000
enigma,epilepsy_gge,Pax6_1,0.20502725339964023,0.5484515484515484,0.8453587229097433,1000
enigma,epilepsy_gge,Pax6_2,0.0067600805943169315,0.9660339660339661,0.9798344512630227,1000
enigma,epilepsy_gge,Pvalb_1,-0.3004039862940084,0.4305694305694306,0.8453587229097433,1000
enigma,epilepsy_gge,Pvalb_2,0.03345332608915674,0.9230769230769231,0.9560005212179125,1000
enigma,epilepsy_gge,Pvalb_3,0.3935623753201145,0.0919080919080919,0.37040737040737043,1000
enigma,epilepsy_gge,Pvalb_4,-0.476531539169524,0.007992007992007992,0.18054672600127147,1000
enigma,epilepsy_gge,Pvalb_5,-0.03568894686481046,0.8981018981018981,0.9560005212179125,1000
enigma,epilepsy_gge,Sncg_1,0.4100746771111894,0.1888111888111888,0.6093452002542912,1000
enigma,epilepsy_gge,Sncg_2,0.2592149637111677,0.5504495504495505,0.8453587229097433,1000
enigma,epilepsy_gge,Sncg_3,0.47234697979575274,0.024975024975024976,0.18054672600127147,1000
enigma,epilepsy_gge,Sncg_4,0.33557968614704586,0.2867132867132867,0.8453587229097433,1000
enigma,epilepsy_gge,Sst_1,0.19339685384469749,0.46253746253746253,0.8453587229097433,1000
enigma,epilepsy_gge,Sst_10,-0.22124264267339022,0.5744255744255744,0.8453587229097433,1000
enigma,epilepsy_gge,Sst_2,-0.2040197284485799,0.3966033966033966,0.8453587229097433,1000
enigma,epilepsy_gge,Sst_3,0.21849283276648396,0.5174825174825175,0.8453587229097433,1000
enigma,epilepsy_gge,Sst_4,0.3045516432332737,0.4035964035964036,0.8453587229097433,1000
enigma,epilepsy_gge,Sst_5,-0.06809694046688088,0.8831168831168831,0.9560005212179125,1000
enigma,epilepsy_gge,Sst_6,0.3651490881805204,0.08591408591408592,0.37040737040737043,1000
enigma,epilepsy_gge,Sst_7,0.06899094271250751,0.6943056943056943,0.9128834128834129,1000
enigma,epilepsy_gge,Sst_8,0.14630176268572462,0.4355644355644356,0.8453587229097433,1000
enigma,epilepsy_gge,Sst_9,0.251482788724013,0.4045954045954046,0.8453587229097433,1000
enigma,epilepsy_gge,VLMC_1,0.05680854361928655,0.8171828171828172,0.9560005212179125,1000
enigma,epilepsy_gge,Vip_1,0.25567012112068904,0.46253746253746253,0.8453587229097433,1000
enigma,epilepsy_gge,Vip_2,-0.11707000450560064,0.5784215784215784,0.8453587229097433,1000
enigma,epilepsy_gge,Vip_3,-0.10769866044064995,0.7702297702297702,0.9560005212179125,1000
enigma,epilepsy_gge,Vip_4,-0.05017300894623193,0.8691308691308691,0.9560005212179125,1000
enigma,epilepsy_gge,Vip_5,0.03330950622749728,0.9280719280719281,0.9560005212179125,1000
enigma,epilepsy_gge,Vip_6,0.20789101421486117,0.48151848151848153,0.8453587229097433,1000
enigma,epilepsy_gge,Vip_7,-0.3269844805606733,0.053946053946053944,0.2946284484746023,1000
enigma,epilepsy_gge,Vip_8,0.5352695299906182,0.026973026973026972,0.18054672600127147,1000
enigma,epilepsy_gge,Vip_9,-0.06848599014319023,0.7742257742257742,0.9560005212179125,1000
enigma,epilepsy_rtle,Astro_1,0.013630585143080147,0.9790209790209791,0.986013986013986,1000
enigma,epilepsy_rtle,Astro_2,-0.10422139672030233,0.8001998001998002,0.9009050650841696,1000
enigma,epilepsy_rtle,Chandelier_1,0.3466332962237486,0.5364635364635365,0.8566049335280104,1000
enigma,epilepsy_rtle,Endo_1,-0.15150657562079203,0.6743256743256744,0.8595641646489104,1000
enigma,epilepsy_rtle,L2/3 IT_1,0.31333399828703573,0.23976023976023977,0.7007792207792208,1000
enigma,epilepsy_rtle,L2/3 IT_2,0.4813410944931025,0.03396603396603397,0.2192353101444011,1000
enigma,epilepsy_rtle,L2/3 IT_3,0.07500961310416644,0.8101898101898102,0.9009050650841696,1000
enigma,epilepsy_rtle,L2/3 IT_4,-0.6003394344200875,0.004995004995004995,0.11821511821511822,1000
enigma,epilepsy_rtle,L2/3 IT_5,0.5389442743928375,0.028971028971028972,0.2192353101444011,1000
enigma,epilepsy_rtle,L2/3 IT_6,-0.10367506044637181,0.8391608391608392,0.9009050650841696,1000
enigma,epilepsy_rtle,L2/3 IT_7,-0.07274901413985835,0.8491508491508492,0.9009050650841696,1000
enigma,epilepsy_rtle,L2/3 IT_8,0.5866553683306339,0.026973026973026972,0.2192353101444011,1000
enigma,epilepsy_rtle,L4 IT_1,0.3731961212451331,0.4085914085914086,0.8566049335280104,1000
enigma,epilepsy_rtle,L4 IT_2,0.4294271796461068,0.43756243756243757,0.8566049335280104,1000
enigma,epilepsy_rtle,L4 IT_3,-0.28999769809793424,0.17582417582417584,0.6906251643093748,1000
enigma,epilepsy_rtle,L5 ET_1,-0.5029293563817954,0.34565434565434566,0.8566049335280104,1000
enigma,epilepsy_rtle,L5 IT_1,-0.07686956747199374,0.8221778221778222,0.9009050650841696,1000
enigma,epilepsy_rtle,L5 IT_2,0.4050618207107351,0.11188811188811189,0.5296037296037296,1000
enigma,epilepsy_rtle,L5 IT_3,0.3582682702117916,0.43156843156843155,0.8566049335280104,1000
enigma,epilepsy_rtle,L5 IT_4,0.21345449295130248,0.6713286713286714,0.8595641646489104,1000
enigma,epilepsy_rtle,L5 IT_5,-0.057807102857567155,0.903096903096903,0.9429394135276489,1000
enigma,epilepsy_rtle,L5/6 NP_1,-0.09932981099255528,0.6933066933066933,0.8595641646489104,1000
enigma,epilepsy_rtle,L5/6 NP_2,-0.061340665783694084,0.8461538461538461,0.9009050650841696,1000
enigma,epilepsy_rtle,L6 CT_1,-0.44293495479497064,0.004995004995004995,0.11821511821511822,1000
enigma,epilepsy_rtle,L6 CT_2,0.21698478416435313,0.6273726273726273,0.8566049335280104,1000
enigma,epilepsy_rtle,L6 IT Car3_1,0.4225267619770546,0.1848151848151848,0.6906251643093748,1000
enigma,epilepsy_rtle,L6 IT_1,0.33282328262862393,0.23876123876123875,0.7007792207792208,1000
enigma,epilepsy_rtle,L6 IT_2,-0.7430391771705742,0.000999000999000999,0.07092907092907093,1000
enigma,epilepsy_rtle,L6 IT_3,0.3096182355994669,0.15684315684315683,0.6550508315214197,1000
enigma,epilepsy_rtle,L6b_1,0.40904327202895613,0.21178821178821178,0.7007792207792208,1000
enigma,epilepsy_rtle,L6b_2,0.21344368645084413,0.3836163836163836,0.8566049335280104,1000
enigma,epilepsy_rtle,L6b_3,-0.34516783699321973,0.4785214785214785,0.8566049335280104,1000
enigma,epilepsy_rtle,Lamp5_1,0.011027899438000834,0.986013986013986,0.986013986013986,1000
enigma,epilepsy_rtle,Lamp5_2,-0.30187046855959754,0.5234765234765235,0.8566049335280104,1000
enigma,epilepsy_rtle,Lamp5_Lhx6_1,-0.22438853665484965,0.6513486513486514,0.8595641646489104,1000
enigma,epilepsy_rtle,Micro-PVM_1,0.4044753783476713,0.45454545454545453,0.8566049335280104,1000
enigma,epilepsy_rtle,Micro-PVM_2,0.22229030873044672,0.3106893106893107,0.8484208099592715,1000
enigma,epilepsy_rtle,OPC_1,0.2666653754539962,0.6133866133866134,0.8566049335280104,1000
enigma,epilepsy_rtle,Oligo_1,-0.2284389468822452,0.6193806193806194,0.8566049335280104,1000
enigma,epilepsy_rtle,Oligo_2,-0.6711106271266376,0.00999000999000999,0.15604395604395604,1000
enigma,epilepsy_rtle,Pax6_1,0.20131731558051483,0.7112887112887113,0.8595641646489104,1000
enigma,epilepsy_rtle,Pax6_2,0.15720937159913034,0.3756243756243756,0.8566049335280104,1000
enigma,epilepsy_rtle,Pvalb_1,-0.7083769675648399,0.04995004995004995,0.2955377955377956,1000
enigma,epilepsy_rtle,Pvalb_2,-0.09418215358907167,0.8501498501498501,0.9009050650841696,1000
enigma,epilepsy_rtle,Pvalb_3,0.3940633886698961,0.21878121878121878,0.7007792207792208,1000
enigma,epilepsy_rtle,Pvalb_4,-0.4219871431047105,0.06293706293706294,0.32424718139003855,1000
enigma,epilepsy_rtle,Pvalb_5,-0.31890239119200453,0.4355644355644356,0.8566049335280104,1000
enigma,epilepsy_rtle,Sncg_1,0.3807937662732084,0.4435564435564436,0.8566049335280104,1000
enigma,epilepsy_rtle,Sncg_2,0.3605159560280281,0.5254745254745254,0.8566049335280104,1000
enigma,epilepsy_rtle,Sncg_3,0.45242532980320643,0.06393606393606394,0.32424718139003855,1000
enigma,epilepsy_rtle,Sncg_4,0.6681699359952552,0.02097902097902098,0.2127872127872128,1000
enigma,epilepsy_rtle,Sst_1,-0.2313324393032583,0.5324675324675324,0.8566049335280104,1000
enigma,epilepsy_rtle,Sst_10,-0.3449473331611812,0.5394605394605395,0.8566049335280104,1000
enigma,epilepsy_rtle,Sst_2,-0.013029227039770209,0.975024975024975,0.986013986013986,1000
enigma,epilepsy_rtle,Sst_3,0.2843664174581292,0.5454545454545454,0.8566049335280104,1000
enigma,epilepsy_rtle,Sst_4,0.7530199172788321,0.017982017982017984,0.2127872127872128,1000
enigma,epilepsy_rtle,Sst_5,0.22040085422446173,0.7142857142857143,0.8595641646489104,1000
enigma,epilepsy_rtle,Sst_6,0.16869106502190842,0.5264735264735265,0.8566049335280104,1000
enigma,epilepsy_rtle,Sst_7,0.3928206325769211,0.03196803196803197,0.2192353101444011,1000
enigma,epilepsy_rtle,Sst_8,0.12653273274421312,0.5924075924075924,0.8566049335280104,1000
enigma,epilepsy_rtle,Sst_9,0.4806471892156095,0.2097902097902098,0.7007792207792208,1000
enigma,epilepsy_rtle,VLMC_1,0.15973631235417662,0.6043956043956044,0.8566049335280104,1000
enigma,epilepsy_rtle,Vip_1,0.2904756198633012,0.5584415584415584,0.8566049335280104,1000
enigma,epilepsy_rtle,Vip_2,0.10627746217537079,0.6993006993006993,0.8595641646489104,1000
enigma,epilepsy_rtle,Vip_3,-0.32412759817061454,0.4405594405594406,0.8566049335280104,1000
enigma,epilepsy_rtle,Vip_4,0.4065397274955971,0.24675324675324675,0.7007792207792208,1000
enigma,epilepsy_rtle,Vip_5,0.28760645366923415,0.5664335664335665,0.8566049335280104,1000
enigma,epilepsy_rtle,Vip_6,0.46130665309997093,0.12387612387612387,0.5497002997002997,1000
enigma,epilepsy_rtle,Vip_7,-0.08328162794966983,0.5934065934065934,0.8566049335280104,1000
enigma,epilepsy_rtle,Vip_8,0.7220392560821909,0.01098901098901099,0.15604395604395604,1000
enigma,epilepsy_rtle,Vip_9,-0.06532933531861806,0.8351648351648352,0.9009050650841696,1000
enigma,epilepsy_ltle,Astro_1,0.17513390875957605,0.6663336663336663,0.908942908942909,1000
enigma,epilepsy_ltle,Astro_2,0.005912460606135847,0.9820179820179821,0.996003996003996,1000
enigma,epilepsy_ltle,Chandelier_1,0.2607132443831613,0.5284715284715285,0.8527608754881483,1000
enigma,epilepsy_ltle,Endo_1,-0.04846267175295484,0.8701298701298701,0.9585855321149439,1000
enigma,epilepsy_ltle,L2/3 IT_1,0.23387018678514285,0.2757242757242757,0.5975236884327793,1000
enigma,epilepsy_ltle,L2/3 IT_2,0.5818599037143715,0.007992007992007992,0.09457209457209458,1000
enigma,epilepsy_ltle,L2/3 IT_3,-0.02201294954615226,0.9180819180819181,0.9585855321149439,1000
enigma,epilepsy_ltle,L2/3 IT_4,-0.6672987436975731,0.001998001998001998,0.07092907092907093,1000
enigma,epilepsy_ltle,L2/3 IT_5,0.6502545097076394,0.005994005994005994,0.09457209457209458,1000
enigma,epilepsy_ltle,L2/3 IT_6,-0.27544532667816607,0.42657342657342656,0.7713536463536463,1000
enigma,epilepsy_ltle,L2/3 IT_7,-0.4183674102126048,0.16083916083916083,0.4392146315223238,1000
enigma,epilepsy_ltle,L2/3 IT_8,0.6873523767172982,0.007992007992007992,0.09457209457209458,1000
enigma,epilepsy_ltle,L4 IT_1,0.5377485867412415,0.07292707292707293,0.24656296084867513,1000
enigma,epilepsy_ltle,L4 IT_2,0.0688677205231985,0.8911088911088911,0.9585855321149439,1000
enigma,epilepsy_ltle,L4 IT_3,-0.19719077819873734,0.36663336663336665,0.7131247131247131,1000
enigma,epilepsy_ltle,L5 ET_1,-0.1702124153703091,0.7222777222777222,0.923344512630227,1000
enigma,epilepsy_ltle,L5 IT_1,-0.1366220632966766,0.5774225774225774,0.8912391955870216,1000
enigma,epilepsy_ltle,L5 IT_2,0.4937410909430684,0.028971028971028972,0.14185814185814186,1000
enigma,epilepsy_ltle,L5 IT_3,-0.002077436632469098,0.996003996003996,0.996003996003996,1000
enigma,epilepsy_ltle,L5 IT_4,-0.17182055709066418,0.6503496503496503,0.908942908942909,1000
enigma,epilepsy_ltle,L5 IT_5,0.14677711274065025,0.6833166833166833,0.908942908942909,1000
enigma,epilepsy_ltle,L5/6 NP_1,0.12730993844711855,0.5554445554445554,0.8763680763680762,1000
enigma,epilepsy_ltle,L5/6 NP_2,0.20980310196558893,0.3966033966033966,0.7410221357589779,1000
enigma,epilepsy_ltle,L6 CT_1,-0.22389610874153568,0.2987012987012987,0.6237585943468297,1000
enigma,epilepsy_ltle,L6 CT_2,0.44169741881907304,0.12187812187812187,0.3762324631889849,1000
enigma,epilepsy_ltle,L6 IT Car3_1,0.5903699965622894,0.012987012987012988,0.10245310245310246,1000
enigma,epilepsy_ltle,L6 IT_1,0.49502032203884505,0.014985014985014986,0.10316955771501227,1000
enigma,epilepsy_ltle,L6 IT_2,-0.7038961211479315,0.000999000999000999,0.07092907092907093,1000
enigma,epilepsy_ltle,L6 IT_3,0.4172582899925895,0.04295704295704296,0.16052368683947635,1000
enigma,epilepsy_ltle,L6b_1,0.6259694261663643,0.005994005994005994,0.09457209457209458,1000
enigma,epilepsy_ltle,L6b_2,0.47677805660583356,0.023976023976023976,0.14185814185814186,1000
enigma,epilepsy_ltle,L6b_3,-0.18363253216478428,0.6273726273726273,0.908942908942909,1000
enigma,epilepsy_ltle,Lamp5_1,0.15821420865701688,0.7282717282717283,0.923344512630227,1000
enigma,epilepsy_ltle,Lamp5_2,-0.30785452954883796,0.37162837162837165,0.7131247131247131,1000
enigma,epilepsy_ltle,Lamp5_Lhx6_1,0.11310723611348546,0.7682317682317682,0.9569202727097463,1000
enigma,epilepsy_ltle,Micro-PVM_1,0.42853370826572057,0.24175824175824176,0.5537043601559731,1000
enigma,epilepsy_ltle,Micro-PVM_2,0.1435393846389593,0.5004995004995005,0.8460824889396319,1000
enigma,epilepsy_ltle,OPC_1,0.29017283971384966,0.43456543456543456,0.7713536463536463,1000
enigma,epilepsy_ltle,Oligo_1,-0.021402794802350057,0.9660339660339661,0.9940349505566897,1000
enigma,epilepsy_ltle,Oligo_2,-0.5714808228019956,0.011988011988011988,0.10245310245310246,1000
enigma,epilepsy_ltle,Pax6_1,0.2857165852447963,0.4935064935064935,0.8460824889396319,1000
enigma,epilepsy_ltle,Pax6_2,0.05431691752900822,0.8111888111888111,0.9585855321149439,1000
enigma,epilepsy_ltle,Pvalb_1,-0.4662707686793487,0.1918081918081918,0.46959936615109027,1000
enigma,epilepsy_ltle,Pvalb_2,0.05645497507437095,0.8971028971028971,0.9585855321149439,1000
enigma,epilepsy_ltle,Pvalb_3,0.5011053242261558,0.03196803196803197,0.14185814185814186,1000
enigma,epilepsy_ltle,Pvalb_4,-0.46766150022649083,0.03196803196803197,0.14185814185814186,1000
enigma,epilepsy_ltle,Pvalb_5,-0.1307416484444011,0.6913086913086913,0.908942908942909,1000
enigma,epilepsy_ltle,Sncg_1,0.5657803264970923,0.056943056943056944,0.20214785214785214,1000
enigma,epilepsy_ltle,Sncg_2,0.3777984023878048,0.3306693306693307,0.6707863565006422,1000
enigma,epilepsy_ltle,Sncg_3,0.5355782601242578,0.015984015984015984,0.10316955771501227,1000
enigma,epilepsy_ltle,Sncg_4,0.4593834105790942,0.13486513486513488,0.398976023976024,1000
enigma,epilepsy_ltle,Sst_1,0.033467467452103675,0.9110889110889111,0.9585855321149439,1000
enigma,epilepsy_ltle,Sst_10,-0.18816370325465404,0.6583416583416584,0.908942908942909,1000
enigma,epilepsy_ltle,Sst_2,-0.07923202523403589,0.7982017982017982,0.9585855321149439,1000
enigma,epilepsy_ltle,Sst_3,0.378586951224055,0.2177822177822178,0.5154179154179155,1000
enigma,epilepsy_ltle,Sst_4,0.5348420606188329,0.0969030969030969,0.31273272182363093,1000
enigma,epilepsy_ltle,Sst_5,-0.07675274010199433,0.8771228771228772,0.9585855321149439,1000
enigma,epilepsy_ltle,Sst_6,0.4892281100932236,0.012987012987012988,0.10245310245310246,1000
enigma,epilepsy_ltle,Sst_7,0.3046977180293126,0.15484515484515485,0.4392146315223238,1000
enigma,epilepsy_ltle,Sst_8,0.3080604626824499,0.17382617382617382,0.44077351220208366,1000
enigma,epilepsy_ltle,Sst_9,0.4984193040279718,0.03696303696303696,0.15367965367965367,1000
enigma,epilepsy_ltle,VLMC_1,0.03178774106167245,0.906093906093906,0.9585855321149439,1000
enigma,epilepsy_ltle,Vip_1,0.3759411325749899,0.2777222777222777,0.5975236884327793,1000
enigma,epilepsy_ltle,Vip_2,-0.11660782163161963,0.6583416583416584,0.908942908942909,1000
enigma,epilepsy_ltle,Vip_3,-0.20237523554550113,0.5184815184815185,0.8527608754881483,1000
enigma,epilepsy_ltle,Vip_4,0.04475572920577176,0.8921078921078921,0.9585855321149439,1000
enigma,epilepsy_ltle,Vip_5,0.18175399512025714,0.6303696303696303,0.908942908942909,1000
enigma,epilepsy_ltle,Vip_6,0.36557308245138703,0.17282717282717283,0.44077351220208366,1000
enigma,epilepsy_ltle,Vip_7,-0.39915720880179995,0.03896103896103896,0.15367965367965367,1000
enigma,epilepsy_ltle,Vip_8,0.5677944028853116,0.030969030969030968,0.14185814185814186,1000
enigma,epilepsy_ltle,Vip_9,-0.06527190281066107,0.7942057942057942,0.9585855321149439,1000
enigma,depression,Astro_1,-0.2409825869647419,0.4945054945054945,0.7021978021978023,1000
enigma,depression,Astro_2,-0.1969537641390476,0.5384615384615384,0.7352071005917159,1000
enigma,depression,Chandelier_1,-0.45892466535823095,0.14085914085914086,0.3846538077307308,1000
enigma,depression,Endo_1,-0.04285157822554441,0.8711288711288712,0.9817484103198388,1000
enigma,depression,L2/3 IT_1,-0.11702420436129171,0.6063936063936064,0.8025493025493026,1000
enigma,depression,L2/3 IT_2,-0.5583660470095253,0.007992007992007992,0.14185814185814186,1000
enigma,depression,L2/3 IT_3,-0.06371176802343091,0.8011988011988012,0.9480852480852481,1000
enigma,depression,L2/3 IT_4,0.3967288997229366,0.0969030969030969,0.3723776223776224,1000
enigma,depression,L2/3 IT_5,-0.4452709215747984,0.061938061938061936,0.3120879120879121,1000
enigma,depression,L2/3 IT_6,0.37176169761777533,0.21478521478521478,0.448522066169125,1000
enigma,depression,L2/3 IT_7,0.14343862317051906,0.6593406593406593,0.8359497645211932,1000
enigma,depression,L2/3 IT_8,-0.5224748801345498,0.04095904095904096,0.2643719916447189,1000
enigma,depression,L4 IT_1,-0.4204788867746663,0.17782217782217782,0.42084582084582084,1000
enigma,depression,L4 IT_2,-0.13390577720016106,0.7512487512487512,0.9196320920458851,1000
enigma,depression,L4 IT_3,0.594865897853907,0.001998001998001998,0.07092907092907093,1000
enigma,depression,L5 ET_1,0.09130722559413076,0.8461538461538461,0.968982630272953,1000
enigma,depression,L5 IT_1,0.2112222404800246,0.3886113886113886,0.621023421023421,1000
enigma,depression,L5 IT_2,-0.5164309064714139,0.01898101898101898,0.1773226773226773,1000
enigma,depression,L5 IT_3,-0.17077577903683444,0.6303696303696303,0.8137498864771592,1000
enigma,depression,L5 IT_4,-0.029728457002923987,0.935064935064935,0.9888346947170478,1000
enigma,depression,L5 IT_5,-0.2752306630738488,0.3596403596403596,0.621023421023421,1000
enigma,depression,L5/6 NP_1,0.3495155513298556,0.08491508491508491,0.3723776223776224,1000
enigma,depression,L5/6 NP_2,0.09238849864755211,0.6763236763236763,0.842438263490895,1000
enigma,depression,L6 CT_1,0.5082513812898649,0.000999000999000999,0.07092907092907093,1000
enigma,depression,L6 CT_2,-0.39987836283697975,0.15284715284715283,0.3977094334237191,1000
enigma,depression,L6 IT Car3_1,-0.18780591930935975,0.5124875124875125,0.7134630075806545,1000
enigma,depression,L6 IT_1,-0.32012738939830715,0.15684315684315683,0.3977094334237191,1000
enigma,depression,L6 IT_2,0.48607329567647456,0.06593406593406594,0.3120879120879121,1000
enigma,depression,L6 IT_3,-0.5079319444129747,0.014985014985014986,0.1773226773226773,1000
enigma,depression,L6b_1,-0.48042391668895995,0.04095904095904096,0.2643719916447189,1000
enigma,depression,L6b_2,-0.17623557640372128,0.3936063936063936,0.621023421023421,1000
enigma,depression,L6b_3,-0.0036186250525655807,0.995004995004995,0.995004995004995,1000
enigma,depression,Lamp5_1,-0.29122097682331544,0.43956043956043955,0.6760898675792293,1000
enigma,depression,Lamp5_2,-0.04096661620239807,0.9070929070929071,0.9888346947170478,1000
enigma,depression,Lamp5_Lhx6_1,-0.085783960121849,0.8001998001998002,0.9480852480852481,1000
enigma,depression,Micro-PVM_1,-0.47651397275564367,0.10789210789210789,0.3723776223776224,1000
enigma,depression,Micro-PVM_2,-0.016349561809033727,0.9470529470529471,0.9888346947170478,1000
enigma,depression,OPC_1,-0.4223270371265246,0.17682317682317683,0.42084582084582084,1000
enigma,depression,Oligo_1,-0.07916580699035958,0.8161838161838162,0.9499844417877206,1000
enigma,depression,Oligo_2,0.3245317456622501,0.26173826173826176,0.4890372785109628,1000
enigma,depression,Pax6_1,-0.41723930165879375,0.1998001998001998,0.44706808343171983,1000
enigma,depression,Pax6_2,-0.19943536542509188,0.2897102897102897,0.5274212966520658,1000
enigma,depression,Pvalb_1,0.6253783707800453,0.003996003996003996,0.09457209457209458,1000
enigma,depression,Pvalb_2,-0.23533972189527516,0.46653346653346656,0.6900807525807526,1000
enigma,depression,Pvalb_3,-0.4605271562267419,0.05194805194805195,0.3055406132329209,1000
enigma,depression,Pvalb_4,0.26672791878748336,0.24175824175824176,0.4890372785109628,1000
enigma,depression,Pvalb_5,-0.0156379565317125,0.9460539460539461,0.9888346947170478,1000
enigma,depression,Sncg_1,-0.4141192520851879,0.2077922077922078,0.44706808343171983,1000
enigma,depression,Sncg_2,-0.49075653806740754,0.11988011988011989,0.3723776223776224,1000
enigma,depression,Sncg_3,-0.524136726961851,0.01998001998001998,0.1773226773226773,1000
enigma,depression,Sncg_4,-0.43490374853380964,0.1258741258741259,0.3723776223776224,1000
enigma,depression,Sst_1,0.2314734773794934,0.3726273726273726,0.621023421023421,1000
enigma,depression,Sst_10,0.008230267167763403,0.985014985014985,0.995004995004995,1000
enigma,depression,Sst_2,-0.1982819449363286,0.44755244755244755,0.6760898675792293,1000
enigma,depression,Sst_3,-0.42940497082949497,0.1258741258741259,0.3723776223776224,1000
enigma,depression,Sst_4,-0.5348712369391248,0.055944055944055944,0.3055406132329209,1000
enigma,depression,Sst_5,0.005781195137471891,0.987012987012987,0.995004995004995,1000
enigma,depression,Sst_6,-0.26487010048950244,0.25874125874125875,0.4890372785109628,1000
enigma,depression,Sst_7,-0.32586987557548713,0.11388611388611389,0.3723776223776224,1000
enigma,depression,Sst_8,-0.2472725996029074,0.25274725274725274,0.4890372785109628,1000
enigma,depression,Sst_9,-0.4049200794607914,0.1108891108891109,0.3723776223776224,1000
enigma,depression,VLMC_1,-0.19975347834056847,0.3676323676323676,0.621023421023421,1000
enigma,depression,Vip_1,-0.443046450105908,0.11988011988011989,0.3723776223776224,1000
enigma,depression,Vip_2,-0.10643231023012965,0.6103896103896104,0.8025493025493026,1000
enigma,depression,Vip_3,0.21600787015785808,0.4875124875124875,0.7021978021978023,1000
enigma,depression,Vip_4,-0.34304244183696214,0.2077922077922078,0.44706808343171983,1000
enigma,depression,Vip_5,-0.4209704311332153,0.13986013986013987,0.3846538077307308,1000
enigma,depression,Vip_6,-0.5196157724756884,0.022977022977022976,0.18126318126318125,1000
enigma,depression,Vip_7,0.021819017269689513,0.9120879120879121,0.9888346947170478,1000
enigma,depression,Vip_8,-0.5449416455531522,0.01998001998001998,0.1773226773226773,1000
enigma,depression,Vip_9,-0.20257512560981625,0.38961038961038963,0.621023421023421,1000
enigma,ocd,Astro_1,0.2797846055027716,0.07592407592407592,0.6147186147186148,1000
enigma,ocd,Astro_2,0.2867223328462843,0.13786213786213786,0.7314560439560439,1000
enigma,ocd,Chandelier_1,-0.025329262739974646,0.8901098901098901,0.9722738799661876,1000
enigma,ocd,Endo_1,0.39557861809772776,0.01898101898101898,0.3369130869130869,1000
enigma,ocd,L2/3 IT_1,-0.015804009731184676,0.9140859140859141,0.9833348469712107,1000
enigma,ocd,L2/3 IT_2,-0.07151238760149277,0.7312687312687313,0.9108785950891214,1000
enigma,ocd,L2/3 IT_3,-0.3156054131445287,0.06393606393606394,0.6147186147186148,1000
enigma,ocd,L2/3 IT_4,-0.11876554248305614,0.6223776223776224,0.8725614008632877,1000
enigma,ocd,L2/3 IT_5,0.07254953782226971,0.7162837162837162,0.9081454260025689,1000
enigma,ocd,L2/3 IT_6,-0.12408813093404562,0.5164835164835165,0.8709430104778942,1000
enigma,ocd,L2/3 IT_7,-0.31094239535065105,0.16483516483516483,0.7314560439560439,1000
enigma,ocd,L2/3 IT_8,-0.005175168644160258,0.9790209790209791,0.984015984015984,1000
enigma,ocd,L4 IT_1,0.10733187147822003,0.6123876123876124,0.8725614008632877,1000
enigma,ocd,L4 IT_2,-0.4267420995276693,0.003996003996003996,0.23643023643023645,1000
enigma,ocd,L4 IT_3,0.18737807037241352,0.34965034965034963,0.7757867132867132,1000
enigma,ocd,L5 ET_1,0.3309434547049444,0.028971028971028972,0.4113886113886114,1000
enigma,ocd,L5 IT_1,-0.27737476650518145,0.16183816183816183,0.7314560439560439,1000
enigma,ocd,L5 IT_2,0.13178242800813986,0.5434565434565435,0.8725614008632877,1000
enigma,ocd,L5 IT_3,-0.39070351186585706,0.008991008991008992,0.23643023643023645,1000
enigma,ocd,L5 IT_4,-0.419089059621503,0.00999000999000999,0.23643023643023645,1000
enigma,ocd,L5 IT_5,0.17846618894981406,0.37962037962037964,0.7927366750896163,1000
enigma,ocd,L5/6 NP_1,0.15042477685468153,0.48951048951048953,0.8688811188811189,1000
enigma,ocd,L5/6 NP_2,-0.10251475820000393,0.7052947052947053,0.9081454260025689,1000
enigma,ocd,L6 CT_1,0.3274880360186642,0.07392607392607392,0.6147186147186148,1000
enigma,ocd,L6 CT_2,0.18249816243246234,0.2947052947052947,0.7757867132867132,1000
enigma,ocd,L6 IT Car3_1,0.24901963315636383,0.3046953046953047,0.7757867132867132,1000
enigma,ocd,L6 IT_1,0.08535163782640175,0.6513486513486514,0.8725614008632877,1000
enigma,ocd,L6 IT_2,-0.061302788411924124,0.8021978021978022,0.9513502370645227,1000
enigma,ocd,L6 IT_3,0.012527801869474414,0.9530469530469531,0.984015984015984,1000
enigma,ocd,L6b_1,-0.005601910033752234,0.978021978021978,0.984015984015984,1000
enigma,ocd,L6b_2,0.10523172653491875,0.6733266733266733,0.8852998852998852,1000
enigma,ocd,L6b_3,0.07666019331385766,0.6403596403596403,0.8725614008632877,1000
enigma,ocd,Lamp5_1,0.26324230973246837,0.1028971028971029,0.6147186147186148,1000
enigma,ocd,Lamp5_2,0.04512947491108529,0.8441558441558441,0.9513502370645227,1000
enigma,ocd,Lamp5_Lhx6_1,0.1492809999945467,0.4825174825174825,0.8688811188811189,1000
enigma,ocd,Micro-PVM_1,0.13959341131676584,0.37162837162837165,0.7927366750896163,1000
enigma,ocd,Micro-PVM_2,0.29061732740384316,0.1878121878121878,0.7757867132867132,1000
enigma,ocd,OPC_1,0.20001336641076206,0.24875124875124874,0.7757867132867132,1000
enigma,ocd,Oligo_1,0.19477523086608522,0.22977022977022976,0.7757867132867132,1000
enigma,ocd,Oligo_2,0.12206149909230485,0.5654345654345654,0.8725614008632877,1000
enigma,ocd,Pax6_1,0.20013880147247126,0.21878121878121878,0.7757867132867132,1000
enigma,ocd,Pax6_2,0.1911959116557127,0.43356643356643354,0.8530658530658531,1000
enigma,ocd,Pvalb_1,0.28601060536246764,0.08891108891108891,0.6147186147186148,1000
enigma,ocd,Pvalb_2,0.28597062371238463,0.1038961038961039,0.6147186147186148,1000
enigma,ocd,Pvalb_3,-0.04258161211874984,0.8191808191808192,0.9513502370645227,1000
enigma,ocd,Pvalb_4,0.22604667077623913,0.32667332667332666,0.7757867132867132,1000
enigma,ocd,Pvalb_5,0.19387856764077563,0.34065934065934067,0.7757867132867132,1000
enigma,ocd,Sncg_1,0.09875048925680793,0.6253746253746254,0.8725614008632877,1000
enigma,ocd,Sncg_2,-0.015959382007691668,0.935064935064935,0.984015984015984,1000
enigma,ocd,Sncg_3,0.00469156867212025,0.984015984015984,0.984015984015984,1000
enigma,ocd,Sncg_4,-0.14769030977292505,0.4045954045954046,0.8207506778935351,1000
enigma,ocd,Sst_1,0.1412311816526263,0.5144855144855145,0.8709430104778942,1000
enigma,ocd,Sst_10,0.2378364075929758,0.16183816183816183,0.7314560439560439,1000
enigma,ocd,Sst_2,0.2464344367927936,0.3016983016983017,0.7757867132867132,1000
enigma,ocd,Sst_3,0.20402833059297618,0.25674325674325676,0.7757867132867132,1000
enigma,ocd,Sst_4,-0.053445222114327944,0.7852147852147852,0.9513502370645227,1000
enigma,ocd,Sst_5,-0.13997612843510004,0.47352647352647353,0.8688811188811189,1000
enigma,ocd,Sst_6,0.2428088758497116,0.34065934065934067,0.7757867132867132,1000
enigma,ocd,Sst_7,0.23282812390460386,0.2977022977022977,0.7757867132867132,1000
enigma,ocd,Sst_8,0.28807929196765597,0.2137862137862138,0.7757867132867132,1000
enigma,ocd,Sst_9,0.1369494995107185,0.44455544455544455,0.8530658530658531,1000
enigma,ocd,VLMC_1,0.30630054477928736,0.08291708291708291,0.6147186147186148,1000
enigma,ocd,Vip_1,0.027013680530913447,0.8681318681318682,0.9630837912087912,1000
enigma,ocd,Vip_2,0.10867877638365846,0.6493506493506493,0.8725614008632877,1000
enigma,ocd,Vip_3,0.24406413621225725,0.2017982017982018,0.7757867132867132,1000
enigma,ocd,Vip_4,-0.1044345006943503,0.6383616383616384,0.8725614008632877,1000
enigma,ocd,Vip_5,-0.03850020202186495,0.8381618381618382,0.9513502370645227,1000
enigma,ocd,Vip_6,0.11026170509366069,0.5274725274725275,0.8709430104778942,1000
enigma,ocd,Vip_7,0.05578794924636849,0.8151848151848152,0.9513502370645227,1000
enigma,ocd,Vip_8,-0.18633620823392347,0.3106893106893107,0.7757867132867132,1000
enigma,ocd,Vip_9,0.07472832053052021,0.6513486513486514,0.8725614008632877,1000
enigma,schizophrenia,Astro_1,-0.05436129614512408,0.8621378621378621,0.993006993006993,1000
enigma,schizophrenia,Astro_2,-0.27841033206329474,0.3696303696303696,0.993006993006993,1000
enigma,schizophrenia,Chandelier_1,-0.38019769449605356,0.23076923076923078,0.993006993006993,1000
enigma,schizophrenia,Endo_1,0.17475252679743875,0.5364635364635365,0.993006993006993,1000
enigma,schizophrenia,L2/3 IT_1,0.2932457104361135,0.14085914085914086,0.993006993006993,1000
enigma,schizophrenia,L2/3 IT_2,-0.031188312982800045,0.8941058941058941,0.993006993006993,1000
enigma,schizophrenia,L2/3 IT_3,-0.07725934267382879,0.7372627372627373,0.993006993006993,1000
enigma,schizophrenia,L2/3 IT_4,-0.002679936011199237,0.991008991008991,0.993006993006993,1000
enigma,schizophrenia,L2/3 IT_5,0.024602487635651153,0.922077922077922,0.993006993006993,1000
enigma,schizophrenia,L2/3 IT_6,0.1172140474992712,0.7732267732267732,0.993006993006993,1000
enigma,schizophrenia,L2/3 IT_7,-0.2496087901813269,0.4565434565434565,0.993006993006993,1000
enigma,schizophrenia,L2/3 IT_8,0.008444237861689588,0.981018981018981,0.993006993006993,1000
enigma,schizophrenia,L4 IT_1,-0.08100750663556568,0.8331668331668332,0.993006993006993,1000
enigma,schizophrenia,L4 IT_2,-0.15114485349627158,0.7562437562437563,0.993006993006993,1000
enigma,schizophrenia,L4 IT_3,0.29550407051157174,0.1928071928071928,0.993006993006993,1000
enigma,schizophrenia,L5 ET_1,0.11524298892129925,0.8281718281718282,0.993006993006993,1000
enigma,schizophrenia,L5 IT_1,0.22298576659148395,0.35264735264735264,0.993006993006993,1000
enigma,schizophrenia,L5 IT_2,-0.0030584780231269313,0.993006993006993,0.993006993006993,1000
enigma,schizophrenia,L5 IT_3,-0.08089246772862241,0.8461538461538461,0.993006993006993,1000
enigma,schizophrenia,L5 IT_4,-0.11051527154575032,0.7872127872127872,0.993006993006993,1000
enigma,schizophrenia,L5 IT_5,0.14064996301616,0.7232767232767233,0.993006993006993,1000
enigma,schizophrenia,L5/6 NP_1,0.47624021530110955,0.02197802197802198,0.993006993006993,1000
enigma,schizophrenia,L5/6 NP_2,0.429517871693539,0.07692307692307693,0.993006993006993,1000
enigma,schizophrenia,L6 CT_1,0.260459191854692,0.2087912087912088,0.993006993006993,1000
enigma,schizophrenia,L6 CT_2,0.039459474770031054,0.9210789210789211,0.993006993006993,1000
enigma,schizophrenia,L6 IT Car3_1,-0.24954263723161854,0.44155844155844154,0.993006993006993,1000
enigma,schizophrenia,L6 IT_1,0.2288378081353448,0.34765234765234765,0.993006993006993,1000
enigma,schizophrenia,L6 IT_2,0.21875671702186064,0.5034965034965035,0.993006993006993,1000
enigma,schizophrenia,L6 IT_3,-0.17594023971192485,0.4835164835164835,0.993006993006993,1000
enigma,schizophrenia,L6b_1,0.07671580475057578,0.7842157842157842,0.993006993006993,1000
enigma,schizophrenia,L6b_2,0.27486819085801817,0.24975024975024976,0.993006993006993,1000
enigma,schizophrenia,L6b_3,-0.1681257015172656,0.6463536463536463,0.993006993006993,1000
enigma,schizophrenia,Lamp5_1,-0.10873053490334737,0.7682317682317682,0.993006993006993,1000
enigma,schizophrenia,Lamp5_2,-0.16264092199007193,0.6263736263736264,0.993006993006993,1000
enigma,schizophrenia,Lamp5_Lhx6_1,0.3020737143273883,0.3806193806193806,0.993006993006993,1000
enigma,schizophrenia,Micro-PVM_1,-0.30601122518593393,0.3866133866133866,0.993006993006993,1000
enigma,schizophrenia,Micro-PVM_2,-0.042785078423811844,0.8681318681318682,0.993006993006993,1000
enigma,schizophrenia,OPC_1,-0.34088830223783295,0.27672327672327673,0.993006993006993,1000
enigma,schizophrenia,Oligo_1,-0.19410438571577698,0.5294705294705294,0.993006993006993,1000
enigma,schizophrenia,Oligo_2,-0.018437257373346422,0.952047952047952,0.993006993006993,1000
enigma,schizophrenia,Pax6_1,-0.12761103018779726,0.7482517482517482,0.993006993006993,1000
enigma,schizophrenia,Pax6_2,-0.26219743743648777,0.2817182817182817,0.993006993006993,1000
enigma,schizophrenia,Pvalb_1,0.4794616895535371,0.0939060939060939,0.993006993006993,1000
enigma,schizophrenia,Pvalb_2,0.027872823950675522,0.9440559440559441,0.993006993006993,1000
enigma,schizophrenia,Pvalb_3,-0.08892673450835281,0.7352647352647352,0.993006993006993,1000
enigma,schizophrenia,Pvalb_4,-0.16815115683911327,0.4755244755244755,0.993006993006993,1000
enigma,schizophrenia,Pvalb_5,0.1979951384759764,0.5384615384615384,0.993006993006993,1000
enigma,schizophrenia,Sncg_1,0.014789854804649427,0.971028971028971,0.993006993006993,1000
enigma,schizophrenia,Sncg_2,-0.1766124184085949,0.6633366633366633,0.993006993006993,1000
enigma,schizophrenia,Sncg_3,0.005708805105636003,0.987012987012987,0.993006993006993,1000
enigma,schizophrenia,Sncg_4,-0.2336440066658495,0.47952047952047955,0.993006993006993,1000
enigma,schizophrenia,Sst_1,0.43076487117138984,0.0899100899100899,0.993006993006993,1000
enigma,schizophrenia,Sst_10,-0.022848627238150537,0.965034965034965,0.993006993006993,1000
enigma,schizophrenia,Sst_2,-0.35157217042884115,0.19880119880119881,0.993006993006993,1000
enigma,schizophrenia,Sst_3,-0.2527251979017287,0.43956043956043955,0.993006993006993,1000
enigma,schizophrenia,Sst_4,-0.49891465704970916,0.1108891108891109,0.993006993006993,1000
enigma,schizophrenia,Sst_5,-0.23477005362822334,0.5894105894105894,0.993006993006993,1000
enigma,schizophrenia,Sst_6,0.15045439253423706,0.5934065934065934,0.993006993006993,1000
enigma,schizophrenia,Sst_7,-0.2655630671006688,0.2727272727272727,0.993006993006993,1000
enigma,schizophrenia,Sst_8,0.05210705314688872,0.8531468531468531,0.993006993006993,1000
enigma,schizophrenia,Sst_9,-0.36977865141007266,0.13386613386613386,0.993006993006993,1000
enigma,schizophrenia,VLMC_1,-0.1477858747996253,0.5204795204795205,0.993006993006993,1000
enigma,schizophrenia,Vip_1,-0.16729101088570628,0.6403596403596403,0.993006993006993,1000
enigma,schizophrenia,Vip_2,-0.3190308053702196,0.23276723276723277,0.993006993006993,1000
enigma,schizophrenia,Vip_3,0.21710925390920613,0.46653346653346656,0.993006993006993,1000
enigma,schizophrenia,Vip_4,-0.506146910048883,0.056943056943056944,0.993006993006993,1000
enigma,schizophrenia,Vip_5,-0.34226990461666157,0.25574425574425574,0.993006993006993,1000
enigma,schizophrenia,Vip_6,-0.4254359388894288,0.1018981018981019,0.993006993006993,1000
enigma,schizophrenia,Vip_7,-0.3277200962763537,0.13086913086913088,0.993006993006993,1000
enigma,schizophrenia,Vip_8,-0.15937977620426955,0.6063936063936064,0.993006993006993,1000
enigma,schizophrenia,Vip_9,-0.21563578000694753,0.3996003996003996,0.993006993006993,1000
enigma,bipolar,Astro_1,-0.13047054067809602,0.6433566433566433,1.0,1000
enigma,bipolar,Astro_2,-0.2345004410559829,0.37662337662337664,1.0,1000
enigma,bipolar,Chandelier_1,-0.35644228134699063,0.15584415584415584,0.9349741167922987,1000
enigma,bipolar,Endo_1,0.2512400903076209,0.23276723276723277,0.9349741167922987,1000
enigma,bipolar,L2/3 IT_1,0.3611504714630614,0.030969030969030968,0.9349741167922987,1000
enigma,bipolar,L2/3 IT_2,-0.17848653526484484,0.4835164835164835,1.0,1000
enigma,bipolar,L2/3 IT_3,-0.2218416774471685,0.25374625374625376,0.9349741167922987,1000
enigma,bipolar,L2/3 IT_4,-0.10760427410236942,0.6243756243756243,1.0,1000
enigma,bipolar,L2/3 IT_5,0.009831419740766874,0.9660339660339661,1.0,1000
enigma,bipolar,L2/3 IT_6,0.1726473171472124,0.5814185814185814,1.0,1000
enigma,bipolar,L2/3 IT_7,0.0010992014261956347,1.0,1.0,1000
enigma,bipolar,L2/3 IT_8,-0.07079544434652595,0.7962037962037962,1.0,1000
enigma,bipolar,L4 IT_1,-0.28043922236641144,0.33666333666333664,1.0,1000
enigma,bipolar,L4 IT_2,0.03769939813585954,0.9170829170829171,1.0,1000
enigma,bipolar,L4 IT_3,0.35022120457613864,0.07492507492507493,0.9349741167922987,1000
enigma,bipolar,L5 ET_1,-0.041339254267411765,0.9090909090909091,1.0,1000
enigma,bipolar,L5 IT_1,-0.052882869822333964,0.8651348651348651,1.0,1000
enigma,bipolar,L5 IT_2,-0.024868089219673897,0.9110889110889111,1.0,1000
enigma,bipolar,L5 IT_3,0.11118793530724186,0.6613386613386614,1.0,1000
enigma,bipolar,L5 IT_4,-0.014957180964008922,0.9660339660339661,1.0,1000
enigma,bipolar,L5 IT_5,0.007383018845229605,0.983016983016983,1.0,1000
enigma,bipolar,L5/6 NP_1,0.36759607827534624,0.08291708291708291,0.9349741167922987,1000
enigma,bipolar,L5/6 NP_2,0.13058482263637958,0.6013986013986014,1.0,1000
enigma,bipolar,L6 CT_1,0.27509934663835794,0.16083916083916083,0.9349741167922987,1000
enigma,bipolar,L6 CT_2,-0.05105400630836451,0.8601398601398601,1.0,1000
enigma,bipolar,L6 IT Car3_1,-0.08652865898011687,0.7882117882117882,1.0,1000
enigma,bipolar,L6 IT_1,0.16943555643274602,0.44555444555444557,1.0,1000
enigma,bipolar,L6 IT_2,0.02310416848087537,0.9400599400599401,1.0,1000
enigma,bipolar,L6 IT_3,-0.24847431537375508,0.2897102897102897,0.9349741167922987,1000
enigma,bipolar,L6b_1,-0.06456603470509265,0.7982017982017982,1.0,1000
enigma,bipolar,L6b_2,0.18563172227416316,0.4075924075924076,1.0,1000
enigma,bipolar,L6b_3,-0.32208662591980486,0.21678321678321677,0.9349741167922987,1000
enigma,bipolar,Lamp5_1,-0.21319122098935533,0.4855144855144855,1.0,1000
enigma,bipolar,Lamp5_2,-0.2817754135424581,0.2627372627372627,0.9349741167922987,1000
enigma,bipolar,Lamp5_Lhx6_1,0.06712460661181464,0.8031968031968032,1.0,1000
enigma,bipolar,Micro-PVM_1,-0.3131728024552502,0.23676323676323677,0.9349741167922987,1000
enigma,bipolar,Micro-PVM_2,0.2947447096066783,0.18681318681318682,0.9349741167922987,1000
enigma,bipolar,OPC_1,-0.2881679018032034,0.2837162837162837,0.9349741167922987,1000
enigma,bipolar,Oligo_1,-0.18301477679356914,0.4875124875124875,1.0,1000
enigma,bipolar,Oligo_2,-0.05639354428922019,0.8411588411588412,1.0,1000
enigma,bipolar,Pax6_1,-0.17074638843403137,0.6033966033966034,1.0,1000
enigma,bipolar,Pax6_2,-0.014938043763516203,0.9600399600399601,1.0,1000
enigma,bipolar,Pvalb_1,0.43730747399210673,0.056943056943056944,0.9349741167922987,1000
enigma,bipolar,Pvalb_2,0.0028086442016371006,0.991008991008991,1.0,1000
enigma,bipolar,Pvalb_3,-0.16808239142622264,0.5164835164835165,1.0,1000
enigma,bipolar,Pvalb_4,0.023734480189333572,0.9180819180819181,1.0,1000
enigma,bipolar,Pvalb_5,0.08106753192662408,0.7612387612387612,1.0,1000
enigma,bipolar,Sncg_1,-0.20217315634667368,0.5214785214785215,1.0,1000
enigma,bipolar,Sncg_2,-0.36694066329577363,0.15584415584415584,0.9349741167922987,1000
enigma,bipolar,Sncg_3,-0.20748358729613658,0.4025974025974026,1.0,1000
enigma,bipolar,Sncg_4,-0.23116353333615264,0.35264735264735264,1.0,1000
enigma,bipolar,Sst_1,0.3101410874790433,0.16983016983016982,0.9349741167922987,1000
enigma,bipolar,Sst_10,-0.11901477074855685,0.7192807192807192,1.0,1000
enigma,bipolar,Sst_2,-0.10542766701385987,0.7152847152847153,1.0,1000
enigma,bipolar,Sst_3,-0.2773245121173141,0.28471528471528473,0.9349741167922987,1000
enigma,bipolar,Sst_4,-0.23783678829095337,0.3856143856143856,1.0,1000
enigma,bipolar,Sst_5,0.05643668629999833,0.8691308691308691,1.0,1000
enigma,bipolar,Sst_6,0.025975009330145397,0.9410589410589411,1.0,1000
enigma,bipolar,Sst_7,0.013567848074855147,0.942057942057942,1.0,1000
enigma,bipolar,Sst_8,-0.025996644736031586,0.919080919080919,1.0,1000
enigma,bipolar,Sst_9,-0.07211553745619326,0.7502497502497503,1.0,1000
enigma,bipolar,VLMC_1,0.11880687695136896,0.5704295704295704,1.0,1000
enigma,bipolar,Vip_1,-0.38314960928748426,0.1068931068931069,0.9349741167922987,1000
enigma,bipolar,Vip_2,-0.02185005912516833,0.932067932067932,1.0,1000
enigma,bipolar,Vip_3,0.30744485907159547,0.2137862137862138,0.9349741167922987,1000
enigma,bipolar,Vip_4,-0.15663549803742988,0.5724275724275725,1.0,1000
enigma,bipolar,Vip_5,-0.36351837123179226,0.12187812187812187,0.9349741167922987,1000
enigma,bipolar,Vip_6,-0.2916762818547876,0.21478521478521478,0.9349741167922987,1000
enigma,bipolar,Vip_7,-0.03812753205840761,0.8971028971028971,1.0,1000
enigma,bipolar,Vip_8,-0.18563709954097732,0.45754245754245754,1.0,1000
enigma,bipolar,Vip_9,-0.29141603242103425,0.16683316683316685,0.9349741167922987,1000
enigma,obesity,Astro_1,-0.13472955056413255,0.5774225774225774,0.8227772227772228,1000
enigma,obesity,Astro_2,-0.4493436635879932,0.06993006993006994,0.2613176297386824,1000
enigma,obesity,Chandelier_1,-0.3627659491885094,0.11988011988011989,0.37006471789080486,1000
enigma,obesity,Endo_1,-0.1062707847690596,0.6153846153846154,0.8227772227772228,1000
enigma,obesity,L2/3 IT_1,0.33361655278796104,0.04595404595404595,0.23051948051948054,1000
enigma,obesity,L2/3 IT_2,0.0014962573523718456,0.994005994005994,0.998001998001998,1000
enigma,obesity,L2/3 IT_3,-0.026924097481500795,0.9150849150849151,0.9697168503138652,1000
enigma,obesity,L2/3 IT_4,0.063462163637327,0.8141858141858141,0.9476588984785707,1000
enigma,obesity,L2/3 IT_5,0.04037940484952054,0.8681318681318682,0.9630837912087912,1000
enigma,obesity,L2/3 IT_6,0.10729716608274578,0.6543456543456544,0.8296168117596691,1000
enigma,obesity,L2/3 IT_7,-0.2385601184597333,0.3876123876123876,0.7420272035656651,1000
enigma,obesity,L2/3 IT_8,0.06365419278575102,0.7962037962037962,0.9476588984785707,1000
enigma,obesity,L4 IT_1,0.0013703480378991642,0.998001998001998,0.998001998001998,1000
enigma,obesity,L4 IT_2,-0.1649174006659555,0.6273726273726273,0.8227772227772228,1000
enigma,obesity,L4 IT_3,0.4736457065392564,0.023976023976023976,0.14185814185814186,1000
enigma,obesity,L5 ET_1,0.11141920445052818,0.7632367632367633,0.9428674773502359,1000
enigma,obesity,L5 IT_1,0.2957855196263418,0.20279720279720279,0.5332815332815333,1000
enigma,obesity,L5 IT_2,-0.15526090137589899,0.5614385614385614,0.8227772227772228,1000
enigma,obesity,L5 IT_3,-0.16490038702341978,0.5204795204795205,0.8227772227772228,1000
enigma,obesity,L5 IT_4,-0.2059016467767411,0.4075924075924076,0.7420272035656651,1000
enigma,obesity,L5 IT_5,0.028888228221300608,0.9110889110889111,0.9697168503138652,1000
enigma,obesity,L5/6 NP_1,0.6660330519712685,0.000999000999000999,0.017732267732267732,1000
enigma,obesity,L5/6 NP_2,0.6741469003492797,0.000999000999000999,0.017732267732267732,1000
enigma,obesity,L6 CT_1,0.4361170770115687,0.012987012987012988,0.10245310245310246,1000
enigma,obesity,L6 CT_2,0.011363277517944982,0.972027972027972,0.998001998001998,1000
enigma,obesity,L6 IT Car3_1,-0.15970466235757158,0.5644355644355644,0.8227772227772228,1000
enigma,obesity,L6 IT_1,0.2325204431064374,0.2787212787212787,0.5996730542185088,1000
enigma,obesity,L6 IT_2,0.2620377891162581,0.26673326673326675,0.5996730542185088,1000
enigma,obesity,L6 IT_3,-0.24074695810580915,0.3876123876123876,0.7420272035656651,1000
enigma,obesity,L6b_1,0.17423164910806044,0.46553446553446554,0.7869749298320727,1000
enigma,obesity,L6b_2,0.35776078420271085,0.14485514485514486,0.4285298035298036,1000
enigma,obesity,L6b_3,-0.13820557293643057,0.6173826173826173,0.8227772227772228,1000
enigma,obesity,Lamp5_1,-0.21191388724695254,0.4225774225774226,0.750074925074925,1000
enigma,obesity,Lamp5_2,-0.22527405539367976,0.3336663336663337,0.6967738144208734,1000
enigma,obesity,Lamp5_Lhx6_1,0.28077475306353167,0.27672327672327673,0.5996730542185088,1000
enigma,obesity,Micro-PVM_1,-0.2919907394470879,0.2217782217782218,0.5623662052233481,1000
enigma,obesity,Micro-PVM_2,-0.27580262032352626,0.2757242757242757,0.5996730542185088,1000
enigma,obesity,OPC_1,-0.43623067814613825,0.06693306693306693,0.2613176297386824,1000
enigma,obesity,Oligo_1,-0.243048763954232,0.26573426573426573,0.5996730542185088,1000
enigma,obesity,Oligo_2,-0.09479544423942926,0.6373626373626373,0.8227772227772228,1000
enigma,obesity,Pax6_1,-0.23503892359026984,0.36063936063936064,0.7315827030112745,1000
enigma,obesity,Pax6_2,-0.5485289358509091,0.008991008991008992,0.08866133866133866,1000
enigma,obesity,Pvalb_1,0.4264816950962064,0.05094905094905095,0.23051948051948054,1000
enigma,obesity,Pvalb_2,-0.18438131269828933,0.44655344655344653,0.7732998708608464,1000
enigma,obesity,Pvalb_3,0.005841942211379455,0.981018981018981,0.998001998001998,1000
enigma,obesity,Pvalb_4,-0.3186385615380436,0.19080919080919082,0.5332815332815333,1000
enigma,obesity,Pvalb_5,0.05863808256075106,0.8341658341658341,0.9552544229963584,1000
enigma,obesity,Sncg_1,0.08408261392872575,0.7702297702297702,0.9428674773502359,1000
enigma,obesity,Sncg_2,-0.1694442049075313,0.5444555444555444,0.8227772227772228,1000
enigma,obesity,Sncg_3,-0.06905164555972708,0.8081918081918081,0.9476588984785707,1000
enigma,obesity,Sncg_4,-0.19400821817841757,0.4025974025974026,0.7420272035656651,1000
enigma,obesity,Sst_1,0.46522219296164674,0.01998001998001998,0.12896194714376533,1000
enigma,obesity,Sst_10,-0.051123289346543394,0.8581418581418582,0.9630837912087912,1000
enigma,obesity,Sst_2,-0.5775060584138345,0.028971028971028972,0.15822638899561978,1000
enigma,obesity,Sst_3,-0.3340013589967865,0.1968031968031968,0.5332815332815333,1000
enigma,obesity,Sst_4,-0.5639201439201114,0.01998001998001998,0.12896194714376533,1000
enigma,obesity,Sst_5,-0.3926277982399152,0.11288711288711288,0.36431750068113705,1000
enigma,obesity,Sst_6,0.13502978611511945,0.6133866133866134,0.8227772227772228,1000
enigma,obesity,Sst_7,-0.5325363728999479,0.00999000999000999,0.08866133866133866,1000
enigma,obesity,Sst_8,-0.16891743755083238,0.5724275724275725,0.8227772227772228,1000
enigma,obesity,Sst_9,-0.31729140523310906,0.09490509490509491,0.3208696065838923,1000
enigma,obesity,VLMC_1,-0.344593775233859,0.09090909090909091,0.3208696065838923,1000
enigma,obesity,Vip_1,-0.1303771586051538,0.6103896103896104,0.8227772227772228,1000
enigma,obesity,Vip_2,-0.6357916048633498,0.000999000999000999,0.017732267732267732,1000
enigma,obesity,Vip_3,-0.030451052909737045,0.8981018981018981,0.9697168503138652,1000
enigma,obesity,Vip_4,-0.7474032546455858,0.000999000999000999,0.017732267732267732,1000
enigma,obesity,Vip_5,-0.4231265438497279,0.05194805194805195,0.23051948051948054,1000
enigma,obesity,Vip_6,-0.5916367480078768,0.002997002997002997,0.035464535464535464,1000
enigma,obesity,Vip_7,-0.5940853958301601,0.001998001998001998,0.02837162837162837,1000
enigma,obesity,Vip_8,-0.12761151334920576,0.5744255744255744,0.8227772227772228,1000
enigma,obesity,Vip_9,-0.37286754761934787,0.061938061938061936,0.25868249397661164,1000
enigma,schizotypy,Astro_1,-0.0504756264586125,0.8871128871128872,0.9543184088638634,1000
enigma,schizotypy,Astro_2,-0.2606961295544225,0.31868131868131866,0.7070741758241758,1000
enigma,schizotypy,Chandelier_1,0.10334188744760181,0.7592407592407593,0.8786052657020399,1000
enigma,schizotypy,Endo_1,-0.22858048264382408,0.29270729270729273,0.6795462601914215,1000
enigma,schizotypy,L2/3 IT_1,0.3519823617036001,0.028971028971028972,0.15822638899561978,1000
enigma,schizotypy,L2/3 IT_2,0.4943657599897829,0.01898101898101898,0.1123043623043623,1000
enigma,schizotypy,L2/3 IT_3,-0.03925992394545046,0.8561438561438561,0.9351725197879044,1000
enigma,schizotypy,L2/3 IT_4,-0.5028898283818353,0.013986013986013986,0.1123043623043623,1000
enigma,schizotypy,L2/3 IT_5,0.5302228550435188,0.004995004995004995,0.05910755910755911,1000
enigma,schizotypy,L2/3 IT_6,-0.24621858137110936,0.3596403596403596,0.7092907092907093,1000
enigma,schizotypy,L2/3 IT_7,-0.24033529788081023,0.3986013986013986,0.7092907092907093,1000
enigma,schizotypy,L2/3 IT_8,0.5943261376201233,0.001998001998001998,0.05910755910755911,1000
enigma,schizotypy,L4 IT_1,0.41347175299886313,0.13486513486513488,0.4559725988297417,1000
enigma,schizotypy,L4 IT_2,0.15795558340111707,0.6453546453546454,0.8486156700442415,1000
enigma,schizotypy,L4 IT_3,-0.04145139292454273,0.8381618381618382,0.9298357892107892,1000
enigma,schizotypy,L5 ET_1,-0.21233352173691433,0.5094905094905094,0.8077228893555425,1000
enigma,schizotypy,L5 IT_1,0.09561040063083162,0.6583416583416584,0.8486156700442415,1000
enigma,schizotypy,L5 IT_2,0.4003627619240856,0.06493506493506493,0.2881493506493506,1000
enigma,schizotypy,L5 IT_3,0.09179431543141617,0.7262737262737263,0.8786052657020399,1000
enigma,schizotypy,L5 IT_4,-0.0037898999630761893,0.994005994005994,0.994005994005994,1000
enigma,schizotypy,L5 IT_5,0.15330220938184494,0.5494505494505495,0.8077228893555425,1000
enigma,schizotypy,L5/6 NP_1,0.24980755090015455,0.22877122877122877,0.6672586672586673,1000
enigma,schizotypy,L5/6 NP_2,0.4453801761532443,0.04195804195804196,0.1986013986013986,1000
enigma,schizotypy,L6 CT_1,-0.15554729690779842,0.4115884115884116,0.7127506639701762,1000
enigma,schizotypy,L6 CT_2,0.3040805455889417,0.22577422577422576,0.6672586672586673,1000
enigma,schizotypy,L6 IT Car3_1,0.1559855014537242,0.5444555444555444,0.8077228893555425,1000
enigma,schizotypy,L6 IT_1,0.5055800620633892,0.004995004995004995,0.05910755910755911,1000
enigma,schizotypy,L6 IT_2,-0.48038518489857274,0.03796203796203796,0.19252176395033538,1000
enigma,schizotypy,L6 IT_3,0.2602887966751877,0.24175824175824176,0.6672586672586673,1000
enigma,schizotypy,L6b_1,0.549826421071049,0.001998001998001998,0.05910755910755911,1000
enigma,schizotypy,L6b_2,0.4629243676277036,0.01898101898101898,0.1123043623043623,1000
enigma,schizotypy,L6b_3,-0.2982971555976651,0.2967032967032967,0.6795462601914215,1000
enigma,schizotypy,Lamp5_1,-0.015109129112287933,0.9600399600399601,0.9878672052585096,1000
enigma,schizotypy,Lamp5_2,-0.28946227552686565,0.25374625374625376,0.6672586672586673,1000
enigma,schizotypy,Lamp5_Lhx6_1,0.19490498311950652,0.4855144855144855,0.8016634528262435,1000
enigma,schizotypy,Micro-PVM_1,0.18543454583096422,0.5804195804195804,0.8241958041958043,1000
enigma,schizotypy,Micro-PVM_2,-0.12790169951409408,0.5574425574425574,0.8077228893555425,1000
enigma,schizotypy,OPC_1,0.02452535952798602,0.9430569430569431,0.9846623964271024,1000
enigma,schizotypy,Oligo_1,-0.2391826742462664,0.34065934065934067,0.7092907092907093,1000
enigma,schizotypy,Oligo_2,-0.528465682444449,0.017982017982017984,0.1123043623043623,1000
enigma,schizotypy,Pax6_1,0.14149873166436838,0.6693306693306693,0.8486156700442415,1000
enigma,schizotypy,Pax6_2,-0.13326807365395543,0.5144855144855145,0.8077228893555425,1000
enigma,schizotypy,Pvalb_1,-0.2946087689062125,0.3696303696303696,0.7092907092907093,1000
enigma,schizotypy,Pvalb_2,-0.025063001305017825,0.9300699300699301,0.9846623964271024,1000
enigma,schizotypy,Pvalb_3,0.5544438814704172,0.004995004995004995,0.05910755910755911,1000
enigma,schizotypy,Pvalb_4,-0.5453567513327741,0.003996003996003996,0.05910755910755911,1000
enigma,schizotypy,Pvalb_5,0.05734477003258957,0.8341658341658341,0.9298357892107892,1000
enigma,schizotypy,Sncg_1,0.37656758389774214,0.18281718281718282,0.5900009081827264,1000
enigma,schizotypy,Sncg_2,0.20844006472800214,0.5514485514485514,0.8077228893555425,1000
enigma,schizotypy,Sncg_3,0.395430021711091,0.08291708291708291,0.309848046690152,1000
enigma,schizotypy,Sncg_4,0.44791661720493026,0.07092907092907093,0.2955377955377956,1000
enigma,schizotypy,Sst_1,0.2535627298577541,0.2937062937062937,0.6795462601914215,1000
enigma,schizotypy,Sst_10,-0.22954063374693037,0.45254745254745254,0.7650206935921222,1000
enigma,schizotypy,Sst_2,-0.2741494611139998,0.2727272727272727,0.6795462601914215,1000
enigma,schizotypy,Sst_3,0.10216743052023222,0.7272727272727273,0.8786052657020399,1000
enigma,schizotypy,Sst_4,0.301507775085011,0.35864135864135865,0.7092907092907093,1000
enigma,schizotypy,Sst_5,-0.10342516795016674,0.7672327672327672,0.8786052657020399,1000
enigma,schizotypy,Sst_6,0.35178554792348926,0.10989010989010989,0.3901098901098901,1000
enigma,schizotypy,Sst_7,0.09034945243240661,0.6543456543456544,0.8486156700442415,1000
enigma,schizotypy,Sst_8,0.0713780309632873,0.7612387612387612,0.8786052657020399,1000
enigma,schizotypy,Sst_9,0.38077159806091515,0.07492507492507493,0.2955377955377956,1000
enigma,schizotypy,VLMC_1,-0.17457977832476798,0.3916083916083916,0.7092907092907093,1000
enigma,schizotypy,Vip_1,0.267902229209201,0.33666333666333664,0.7092907092907093,1000
enigma,schizotypy,Vip_2,-0.24935705295035046,0.25074925074925075,0.6672586672586673,1000
enigma,schizotypy,Vip_3,-0.13795225186904195,0.6503496503496503,0.8486156700442415,1000
enigma,schizotypy,Vip_4,-0.12917696209126744,0.6383616383616384,0.8486156700442415,1000
enigma,schizotypy,Vip_5,0.002107038156171695,0.994005994005994,0.994005994005994,1000
enigma,schizotypy,Vip_6,0.08031500008228915,0.7622377622377622,0.8786052657020399,1000
enigma,schizotypy,Vip_7,-0.45020938208356137,0.015984015984015984,0.1123043623043623,1000
enigma,schizotypy,Vip_8,0.5580250842941878,0.008991008991008992,0.09119451976594835,1000
enigma,schizotypy,Vip_9,-0.18704077651308176,0.3996003996003996,0.7092907092907093,1000
enigma,parkinson,Astro_1,0.5321790369767196,0.16183816183816183,0.485001485001485,1000
enigma,parkinson,Astro_2,0.44070585044816496,0.16283716283716285,0.485001485001485,1000
enigma,parkinson,Chandelier_1,0.4371244185024393,0.37462537462537465,0.5704508257699746,1000
enigma,parkinson,Endo_1,0.3293174832830689,0.23476523476523475,0.485001485001485,1000
enigma,parkinson,L2/3 IT_1,0.07781958939735381,0.7622377622377622,0.8566049335280105,1000
enigma,parkinson,L2/3 IT_2,0.26825741382885687,0.3176823176823177,0.5245452222196408,1000
enigma,parkinson,L2/3 IT_3,-0.4069133820727611,0.06993006993006994,0.485001485001485,1000
enigma,parkinson,L2/3 IT_4,-0.1302860866662269,0.6053946053946054,0.7959817959817961,1000
enigma,parkinson,L2/3 IT_5,0.40064712330247476,0.13086913086913088,0.485001485001485,1000
enigma,parkinson,L2/3 IT_6,-0.4554832706423656,0.23176823176823177,0.485001485001485,1000
enigma,parkinson,L2/3 IT_7,-0.637911825453857,0.02197802197802198,0.485001485001485,1000
enigma,parkinson,L2/3 IT_8,0.39148802154762113,0.22277722277722278,0.485001485001485,1000
enigma,parkinson,L4 IT_1,0.546460482432385,0.07892107892107893,0.485001485001485,1000
enigma,parkinson,L4 IT_2,-0.6248824099953851,0.11188811188811189,0.485001485001485,1000
enigma,parkinson,L4 IT_3,-0.06001395980967336,0.7842157842157842,0.8566049335280105,1000
enigma,parkinson,L5 ET_1,0.5444724415423808,0.21078921078921078,0.485001485001485,1000
enigma,parkinson,L5 IT_1,-0.47087377957777,0.04895104895104895,0.485001485001485,1000
enigma,parkinson,L5 IT_2,0.26678291950942595,0.2817182817182817,0.48785360980482934,1000
enigma,parkinson,L5 IT_3,-0.6827989212220985,0.001998001998001998,0.07092907092907093,1000
enigma,parkinson,L5 IT_4,-0.7868412691124554,0.000999000999000999,0.07092907092907093,1000
enigma,parkinson,L5 IT_5,0.31814670302820036,0.43756243756243757,0.6340190421823075,1000
enigma,parkinson,L5/6 NP_1,0.10832679762474826,0.7012987012987013,0.8523310023310023,1000
enigma,parkinson,L5/6 NP_2,0.06181118341888697,0.7812187812187812,0.8566049335280105,1000
enigma,parkinson,L6 CT_1,0.24736809504625118,0.24675324675324675,0.485001485001485,1000
enigma,parkinson,L6 CT_2,0.5888644615148182,0.058941058941058944,0.485001485001485,1000
enigma,parkinson,L6 IT Car3_1,0.32968949786721524,0.27672327672327673,0.48785360980482934,1000
enigma,parkinson,L6 IT_1,0.3325617412297971,0.1918081918081918,0.485001485001485,1000
enigma,parkinson,L6 IT_2,-0.19338942843977128,0.6553446553446554,0.8163065005170268,1000
enigma,parkinson,L6 IT_3,0.2544324234725314,0.22277722277722278,0.485001485001485,1000
enigma,parkinson,L6b_1,0.44547482490921175,0.0969030969030969,0.485001485001485,1000
enigma,parkinson,L6b_2,0.24605113415660074,0.31368631368631367,0.5245452222196408,1000
enigma,parkinson,L6b_3,0.30809873706206203,0.4965034965034965,0.6912107500342795,1000
enigma,parkinson,Lamp5_1,0.5749108674328832,0.13986013986013987,0.485001485001485,1000
enigma,parkinson,Lamp5_2,0.2346304536185746,0.6203796203796204,0.8008536917627826,1000
enigma,parkinson,Lamp5_Lhx6_1,0.3301881619068547,0.43456543456543456,0.6340190421823075,1000
enigma,parkinson,Micro-PVM_1,0.539086239410706,0.17682317682317683,0.485001485001485,1000
enigma,parkinson,Micro-PVM_2,-0.03351954562578616,0.8871128871128872,0.9231058796276188,1000
enigma,parkinson,OPC_1,0.5297245530255987,0.14785214785214784,0.485001485001485,1000
enigma,parkinson,Oligo_1,0.47023797598363026,0.13686313686313686,0.485001485001485,1000
enigma,parkinson,Oligo_2,0.05172730859206643,0.8971028971028971,0.9231058796276188,1000
enigma,parkinson,Pax6_1,0.5413965740447487,0.17682317682317683,0.485001485001485,1000
enigma,parkinson,Pax6_2,-0.1905418605858191,0.25274725274725274,0.485001485001485,1000
enigma,parkinson,Pvalb_1,-0.16066654792657306,0.7082917082917083,0.8523310023310023,1000
enigma,parkinson,Pvalb_2,0.43605468001253184,0.22677322677322678,0.485001485001485,1000
enigma,parkinson,Pvalb_3,0.3703855365735321,0.1838161838161838,0.485001485001485,1000
enigma,parkinson,Pvalb_4,-0.04398857501945857,0.8421578421578422,0.8924359222866686,1000
enigma,parkinson,Pvalb_5,0.16465041342900424,0.6363636363636364,0.8068181818181819,1000
enigma,parkinson,Sncg_1,0.5828123225437316,0.07092907092907093,0.485001485001485,1000
enigma,parkinson,Sncg_2,0.512460528300349,0.27372627372627373,0.48785360980482934,1000
enigma,parkinson,Sncg_3,0.3376234943174925,0.16983016983016982,0.485001485001485,1000
enigma,parkinson,Sncg_4,0.11124893731854234,0.7762237762237763,0.8566049335280105,1000
enigma,parkinson,Sst_1,-0.02231739292832015,0.9430569430569431,0.9430569430569431,1000
enigma,parkinson,Sst_10,0.5303829542017645,0.21678321678321677,0.485001485001485,1000
enigma,parkinson,Sst_2,0.2585163508727074,0.34065934065934067,0.5497002997002998,1000
enigma,parkinson,Sst_3,0.49098087018442793,0.14085914085914086,0.485001485001485,1000
enigma,parkinson,Sst_4,0.03738463661047617,0.9310689310689311,0.9430569430569431,1000
enigma,parkinson,Sst_5,-0.6208584358112785,0.09490509490509491,0.485001485001485,1000
enigma,parkinson,Sst_6,0.4540734808489545,0.030969030969030968,0.485001485001485,1000
enigma,parkinson,Sst_7,0.06981391182718641,0.8121878121878122,0.8737171918990101,1000
enigma,parkinson,Sst_8,0.33642291954817033,0.061938061938061936,0.485001485001485,1000
enigma,parkinson,Sst_9,0.3225692546209414,0.3776223776223776,0.5704508257699746,1000
enigma,parkinson,VLMC_1,0.2822968221972572,0.24375624375624375,0.485001485001485,1000
enigma,parkinson,Vip_1,0.45232185686301474,0.27972027972027974,0.48785360980482934,1000
enigma,parkinson,Vip_2,-0.3454090561471607,0.0959040959040959,0.485001485001485,1000
enigma,parkinson,Vip_3,-0.23650386855184366,0.5384615384615384,0.7213352685050798,1000
enigma,parkinson,Vip_4,-0.3181837721585595,0.35064935064935066,0.5532467532467532,1000
enigma,parkinson,Vip_5,0.3248547086974124,0.4875124875124875,0.6912107500342795,1000
enigma,parkinson,Vip_6,0.23301654892146395,0.5204795204795205,0.7106547298854992,1000
enigma,parkinson,Vip_7,-0.28208511627779104,0.07192807192807193,0.485001485001485,1000
enigma,parkinson,Vip_8,0.12201578682111607,0.7532467532467533,0.8566049335280105,1000
enigma,parkinson,Vip_9,0.11364548775736774,0.7202797202797203,0.8523310023310023,1000
