phenotype,outcome,roi,observed,prediction
meg,delta,1,0.3312916154744195,0.30057535029001226
meg,delta,3,0.3474726275951033,0.30165578032758167
meg,delta,5,0.3684006973515825,0.30916999387192595
meg,delta,7,0.3182067388416367,0.29875697631876175
meg,delta,9,0.315159804163835,0.29779892140717645
meg,delta,11,0.3557986833198726,0.3143174828968171
meg,delta,13,0.3777055015326828,0.31941776950600886
meg,delta,15,0.3709044175747349,0.29967925859753347
meg,delta,17,0.3487081979329769,0.2918515194975958
meg,delta,19,0.3787669936033684,0.2890076495059368
meg,delta,21,0.3703134693102163,0.2817475149177195
meg,delta,23,0.3564299208803411,0.2994747872135116
meg,delta,25,0.3300296043648439,0.2982038785723007
meg,delta,27,0.3879905657126353,0.2908640940463524
meg,delta,29,0.3509188285447601,0.28154721949318395
meg,delta,31,0.3667995685531247,0.290487307525991
meg,delta,33,0.3559415842572304,0.2989160962877779
meg,delta,35,0.3735224713172231,0.28983469576074605
meg,delta,37,0.3650270022904675,0.3153441623719291
meg,delta,39,0.343929482055894,0.3074132113790746
meg,delta,41,0.3896590704443278,0.30488882784909954
meg,delta,43,0.3845199593726326,0.3250309992818599
meg,delta,45,0.3916300362048868,0.3128576352437409
meg,delta,47,0.3988013029398031,0.29942650017547406
meg,delta,49,0.2926410560200854,0.30830072673647296
meg,delta,51,0.3749839792036897,0.3237734775130884
meg,delta,53,0.3068494006603179,0.2928314259133366
meg,delta,55,0.3004796670108545,0.29507780394999267
meg,delta,57,0.2742923192617272,0.29381743992342985
meg,delta,59,0.290942380459685,0.2982057962921173
meg,delta,61,0.3304006175389365,0.31105124189933564
meg,delta,63,0.3354861549148459,0.3045111314238396
meg,delta,65,0.2747198615696831,0.278983861858024
meg,delta,67,0.2937715676888613,0.29652130582205793
meg,delta,69,0.2534230885931024,0.33945164824082835
meg,delta,71,0.2952363053011516,0.3102228878149565
meg,delta,73,0.3239434494882448,0.3392903035936007
meg,delta,75,0.3022195824980735,0.32162598861751746
meg,delta,77,0.3519408268806261,0.3569273628400996
meg,delta,79,0.3485582078496615,0.345515067454678
meg,delta,81,0.323961194493983,0.3544054798110726
meg,delta,83,0.3614415369058018,0.33195915190984654
meg,delta,85,0.3008723246251664,0.3333224862432078
meg,delta,87,0.3268921210075155,0.34117181380938794
meg,delta,89,0.3481399723842962,0.3757316822552115
meg,delta,91,0.3098150319778002,0.34715962522443206
meg,delta,93,0.3648597479394052,0.3657947070524691
meg,delta,95,0.349924834253632,0.36491627146257205
meg,delta,97,0.3039292583938773,0.33971283782812184
meg,delta,99,0.3213188887986922,0.3536865681661577
meg,delta,101,0.3354593215303288,0.36860842917442327
meg,delta,103,0.3419125774327446,0.4035791181207888
meg,delta,105,0.304538010122677,0.34869354991714796
meg,delta,107,0.3146443436683064,0.3606595034166726
meg,delta,109,0.3337153325110306,0.41052428634854093
meg,delta,111,0.3299388984839121,0.3844685086157813
meg,delta,113,0.3202541866085746,0.35294086620514636
meg,delta,115,0.3388395187182304,0.4067975354592143
meg,delta,119,0.3141647052764892,0.30234410289877456
meg,delta,121,0.3002410697631347,0.32812252248400414
meg,delta,123,0.2953240187307404,0.2999012355301381
meg,delta,125,0.2510429917205691,0.28277562305910947
meg,delta,127,0.2489283233880996,0.25316901585512835
meg,delta,129,0.2637118275121132,0.27926812596931466
meg,delta,131,0.2573943099667949,0.27138167771808347
meg,delta,133,0.2587473253050004,0.2808935851442821
meg,delta,135,0.2681629652754542,0.29659557091777156
meg,delta,137,0.2715111245729805,0.2994341407671132
meg,delta,139,0.2777935496127385,0.2783276120277034
meg,delta,141,0.2804742403539437,0.3062012154805735
meg,delta,143,0.2827162044768286,0.2997503010622167
meg,delta,145,0.2964197648583718,0.2966664550595915
meg,delta,147,0.2558715104504868,0.26975725663787714
meg,delta,149,0.2654093284553019,0.286594198315807
meg,delta,151,0.2721725658458822,0.27189572056260336
meg,delta,153,0.2787284243960595,0.27423977819934486
meg,delta,155,0.2889064519493668,0.29354876470300384
meg,delta,157,0.3089090347290039,0.31202200661422813
meg,delta,159,0.2661181280452214,0.28701417605334073
meg,delta,161,0.2641820545096534,0.2878691671573421
meg,delta,163,0.3149499800913503,0.31071651400272404
meg,delta,165,0.3621949767166713,0.36089930003879483
meg,delta,167,0.3529400797990652,0.33892273975717335
meg,delta,169,0.3461492644703906,0.3394404422610105
meg,delta,171,0.3270654591985724,0.3214508204326441
meg,delta,173,0.3423168601261245,0.3282087288355137
meg,delta,175,0.3019506811321555,0.29414389036938954
meg,delta,179,0.3645754058635672,0.371039474057286
meg,delta,181,0.2297153693009046,0.27442796499255906
meg,delta,183,0.32922376304244,0.3234074608937431
meg,delta,185,0.3073662995828866,0.2987529785705408
meg,delta,187,0.2581802616144884,0.3841187891310522
meg,delta,189,0.3001927650045781,0.2505982723066571
meg,delta,191,0.2707411281050068,0.24548517284870483
meg,delta,193,0.2770546208771448,0.2436860306574824
meg,delta,195,0.3137857650240807,0.2674159390073583
meg,delta,197,0.2933355672783596,0.24996533273839444
meg,delta,199,0.2758034105469559,0.2766579383467989
meg,delta,201,0.2865556787913013,0.2918348340699638
meg,delta,203,0.2818476366996765,0.2439793413225047
meg,delta,205,0.2947694547581741,0.28910125830971084
meg,delta,207,0.2490744125952414,0.24536092452554226
meg,delta,209,0.2576366575837832,0.2517464965584656
meg,theta,1,0.3099467358628257,0.2558394033765508
meg,theta,3,0.3164290766936439,0.25601228362651635
meg,theta,5,0.3118081570932152,0.2520444026210849
meg,theta,7,0.3074202339140757,0.25759808671430384
meg,theta,9,0.2949260397599293,0.2583388597440551
meg,theta,11,0.3145563038643341,0.2542219740228585
meg,theta,13,0.2982031907285413,0.24901182323251414
meg,theta,15,0.3014770204520357,0.2490064727755339
meg,theta,17,0.2956741031163778,0.25637680729755097
meg,theta,19,0.2885732921793705,0.24605606637561603
meg,theta,21,0.2853635014589473,0.2477499804155307
meg,theta,23,0.3076505228602813,0.2564175113089579
meg,theta,25,0.3043166658457588,0.25794110004445386
meg,theta,27,0.273238978936122,0.2450807262412636
meg,theta,29,0.2852055771010263,0.2553310578455031
meg,theta,31,0.2785361761046994,0.25416747325756356
meg,theta,33,0.2738624496819222,0.2554052035358616
meg,theta,35,0.2713185657347952,0.25002399704785805
meg,theta,37,0.2766510975953624,0.2532165240658311
meg,theta,39,0.269666333359184,0.25296482422672995
meg,theta,41,0.280861123016587,0.24735659797624931
meg,theta,43,0.2681180573561612,0.24851644798650105
meg,theta,45,0.265390057304052,0.24599471870279038
meg,theta,47,0.2655311322691452,0.2460058898380699
meg,theta,49,0.1989334711305252,0.24862406737811388
meg,theta,51,0.2699746394891874,0.2508567760306292
meg,theta,53,0.2705152182875272,0.25494431565855563
meg,theta,55,0.2888439235140065,0.25892264788211033
meg,theta,57,0.2661460608410902,0.25689541168995594
meg,theta,59,0.2851060454782687,0.26049071865950546
meg,theta,61,0.2540826942712542,0.2512654593686021
meg,theta,63,0.2834996597590736,0.25609004819316256
meg,theta,65,0.2586258863358153,0.24917778488807774
meg,theta,67,0.2773593902378015,0.2577471961427195
meg,theta,71,0.2469640828314281,0.25390492621845534
meg,theta,73,0.2445483857056586,0.2562985318106245
meg,theta,75,0.2464528449624776,0.25057624665808337
meg,theta,77,0.2425159309154901,0.2594786624697735
meg,theta,79,0.2469056118031342,0.2569480378782929
meg,theta,81,0.248061980351363,0.2591502757066166
meg,theta,83,0.2456697195314514,0.250664974594423
meg,theta,85,0.2438253096145827,0.2507500656193458
meg,theta,87,0.2473038681951405,0.2558100211089426
meg,theta,89,0.2417777242945201,0.269175760418157
meg,theta,91,0.2460288829528368,0.25749766244924804
meg,theta,93,0.2406260754946058,0.2625406889669941
meg,theta,95,0.2460502514215273,0.26315419537135104
meg,theta,97,0.2436310548818748,0.25292164366870884
meg,theta,99,0.2486805264887056,0.2585158039021243
meg,theta,101,0.2440516958013177,0.26485576528800014
meg,theta,103,0.2405030586701982,0.2742910813241883
meg,theta,105,0.2305851239270676,0.25927674583398475
meg,theta,107,0.2430181023940234,0.2661253497373098
meg,theta,109,0.2242968908430617,0.2764486953113525
meg,theta,111,0.2380492535599491,0.27644265590238615
meg,theta,113,0.2411684136499058,0.25715791423281237
meg,theta,115,0.2380934670949593,0.27679631894374
meg,theta,119,0.2402609618504842,0.22728578947727626
meg,theta,121,0.2476593238420975,0.25107464837975013
meg,theta,123,0.2443457255556001,0.24207104007714977
meg,theta,125,0.2372242205274042,0.26619384152354136
meg,theta,127,0.2260079325461874,0.23498983570193638
meg,theta,129,0.2433757906930047,0.2577789473623353
meg,theta,131,0.2476335115490421,0.25596865808806407
meg,theta,133,0.2402234623231083,0.2551369110069278
meg,theta,135,0.2242416473880909,0.24170842536107362
meg,theta,137,0.2402424027486082,0.24621026709188915
meg,theta,139,0.248114009698232,0.24975511346594872
meg,theta,141,0.2489585702130997,0.25472558916607674
meg,theta,143,0.238432154004084,0.24604860537704193
meg,theta,145,0.2525103712419294,0.248304719932888
meg,theta,147,0.232388105822934,0.24341932598698385
meg,theta,149,0.2482799279255483,0.2560534900117398
meg,theta,151,0.2234108882726927,0.21478107757573078
meg,theta,153,0.243420972155323,0.22944734628778687
meg,theta,155,0.2573265456711804,0.2606969695954565
meg,theta,157,0.2523745768948605,0.2543290937594181
meg,theta,159,0.2428971214240856,0.25906921406806993
meg,theta,161,0.259176943311365,0.2566597979657121
meg,theta,163,0.2470535332313641,0.24811733202818
meg,theta,165,0.2600573858000197,0.2543541927696329
meg,theta,167,0.2698074576946405,0.25173873920408535
meg,theta,169,0.2484461483748062,0.24964535306105506
meg,theta,171,0.2511900433931838,0.24996336457063373
meg,theta,173,0.2615581390758355,0.25134679462280934
meg,theta,175,0.2582719169911884,0.2602442364404832
meg,theta,179,0.3015251872739242,0.29466912991014627
meg,theta,181,0.1790479007694456,0.22683196512188927
meg,theta,183,0.28783053252846,0.2827032141684508
meg,theta,185,0.2675370248179362,0.26303639019375014
meg,theta,187,0.1949436667768713,0.2835562853086445
meg,theta,189,0.2172896082379988,0.20003439522066152
meg,theta,191,0.2110712969956332,0.19832991260850263
meg,theta,193,0.2121121019479774,0.19570598904014835
meg,theta,195,0.2332906786301364,0.2116970676588585
meg,theta,197,0.2248143025887856,0.20278276771466652
meg,theta,199,0.2164237680829989,0.22475029580667052
meg,theta,201,0.2313009740630532,0.23683935872870962
meg,theta,203,0.2115657150286894,0.19834372387322388
meg,theta,205,0.2172918467854903,0.22593562383308893
meg,theta,207,0.2042735689276949,0.2076448411436467
meg,theta,209,0.2199800619256426,0.22193281901377176
meg,alpha,1,0.2159518640549456,0.2883599250618884
meg,alpha,3,0.1948020516955939,0.2996355137490569
meg,alpha,5,0.1788149490457287,0.2534921263224569
meg,alpha,7,0.2253735953947309,0.302475692433768
meg,alpha,9,0.2422702985696303,0.299152096214426
meg,alpha,11,0.1914889438633333,0.26859974872743436
meg,alpha,13,0.1802050909928737,0.22614408501448857
meg,alpha,15,0.187447729031684,0.25859071106539383
meg,alpha,17,0.2110146957330214,0.28968160334821547
meg,alpha,19,0.1886883100538741,0.24474209226783267
meg,alpha,21,0.1970342203685781,0.26159894943812934
meg,alpha,23,0.1930902217246272,0.3015568517522771
meg,alpha,25,0.2182320142493528,0.3050250007536125
meg,alpha,27,0.1893096155845202,0.2366028182375975
meg,alpha,29,0.2187257894223794,0.26243379046317955
meg,alpha,31,0.207223101585142,0.2454960542621721
meg,alpha,33,0.2210097636466157,0.24609035618005007
meg,alpha,35,0.2082231933517115,0.22941911642171836
meg,alpha,37,0.2203059699489266,0.25779063937861546
meg,alpha,39,0.2407941772794047,0.27942968014065955
meg,alpha,41,0.1916950257426058,0.21567516787567328
meg,alpha,43,0.2105430878260556,0.22353008777093183
meg,alpha,45,0.213232844027394,0.22553478045573372
meg,alpha,47,0.1986806671224047,0.21656673481221073
meg,alpha,49,0.1794861549647843,0.1999245765476536
meg,alpha,51,0.2170243912963505,0.2210331250656915
meg,alpha,53,0.271499562179875,0.3041460344187776
meg,alpha,55,0.2534737207850472,0.308001594529655
meg,alpha,57,0.2983023389046933,0.3175677332464881
meg,alpha,59,0.2654434399385201,0.3205504581100709
meg,alpha,61,0.280858484147087,0.2938597551222328
meg,alpha,63,0.2342648410624124,0.2888661947899533
meg,alpha,65,0.3190328388689309,0.3093434407995121
meg,alpha,67,0.27053252093389,0.3134922547358189
meg,alpha,69,0.1628306265308263,0.2990567539021576
meg,alpha,71,0.3412296061477964,0.31874647814285284
meg,alpha,73,0.312624937133809,0.3015153276353126
meg,alpha,75,0.3342733033001422,0.3527923687150896
meg,alpha,77,0.247096650646283,0.2927252492746825
meg,alpha,79,0.2831732389330864,0.3165168884966888
meg,alpha,81,0.3106800483004882,0.36687092391709386
meg,alpha,83,0.2648308929906884,0.3535704652771803
meg,alpha,85,0.3380413635111436,0.37805467809580656
meg,alpha,87,0.3137009975637898,0.3537941018992041
meg,alpha,89,0.2949227757418333,0.33525189506872727
meg,alpha,91,0.330039504246834,0.36523525392132766
meg,alpha,93,0.2640165246165959,0.3530822860052216
meg,alpha,95,0.283885407670636,0.359057815215566
meg,alpha,97,0.3379494702543011,0.3819165218784877
meg,alpha,99,0.3118588626384735,0.37160964855924333
meg,alpha,101,0.3036262699299388,0.3579133607564041
meg,alpha,103,0.2967344760018237,0.3247074701607451
meg,alpha,105,0.3532360884518669,0.34200992989944645
meg,alpha,107,0.3288743381768885,0.3415559931868175
meg,alpha,109,0.2681730040061621,0.3181896751625607
meg,alpha,111,0.3132988674598828,0.27189103908549306
meg,alpha,113,0.3200935753909024,0.3289789747689055
meg,alpha,115,0.3038238905943357,0.3053810733451269
meg,alpha,119,0.3222100234031677,0.3347323261566524
meg,alpha,121,0.3377944088899172,0.36712274717633187
meg,alpha,123,0.3428476751874812,0.3620670363803971
meg,alpha,125,0.3704884468884992,0.32203598744287637
meg,alpha,127,0.3895298609928209,0.36117448300263433
meg,alpha,129,0.3460304502004422,0.30602205423497403
meg,alpha,131,0.3433725557980999,0.30444269642156613
meg,alpha,133,0.3598399921114665,0.3353100714794437
meg,alpha,135,0.3876675084304581,0.3713042830759287
meg,alpha,137,0.3509315971482606,0.3658967942233704
meg,alpha,139,0.3255053637814482,0.30573264204774975
meg,alpha,141,0.3317971216567461,0.33571876787621957
meg,alpha,143,0.3575201884354695,0.3668461490707393
meg,alpha,145,0.3226028397960483,0.31167106470798966
meg,alpha,147,0.378540731911306,0.34958931471106114
meg,alpha,149,0.3463829029445073,0.30909144612931383
meg,alpha,151,0.3825214652584009,0.3747693752278387
meg,alpha,153,0.3469339115075787,0.3279783626941057
meg,alpha,155,0.2980559621475361,0.2871122538266651
meg,alpha,157,0.3071830094644898,0.28916121444614307
meg,alpha,159,0.3326052837827232,0.2892423082550966
meg,alpha,161,0.3175219407934226,0.2910264890341073
meg,alpha,163,0.3120534420013428,0.3070927342121336
meg,alpha,165,0.2390310259641341,0.22016748878011666
meg,alpha,167,0.2368508885686214,0.25612628105828716
meg,alpha,169,0.2795509888750055,0.25813452765990086
meg,alpha,171,0.2894992824982513,0.28482919502225523
meg,alpha,173,0.2600550531513161,0.2736069784053443
meg,alpha,175,0.2958166934711077,0.2796830899823883
meg,alpha,179,0.2017396144685945,0.17096639673459024
meg,alpha,181,0.2347940221136691,0.36270834984281247
meg,alpha,183,0.2397555938611427,0.23173226700119381
meg,alpha,185,0.2736212753261309,0.27592619180183603
meg,alpha,187,0.1351640138396604,0.14815974194188727
meg,alpha,189,0.377904000913813,0.32383749372213855
meg,alpha,191,0.4141239452035459,0.3145341461438289
meg,alpha,193,0.40681011880201,0.29658878316268006
meg,alpha,195,0.3390783288707472,0.3448859812220134
meg,alpha,197,0.3684576703991503,0.3314974922875557
meg,alpha,199,0.393942256736602,0.36168754038319006
meg,alpha,201,0.3715545703081568,0.34707232888570366
meg,alpha,203,0.3937851119958437,0.3132844293639183
meg,alpha,205,0.3716754034719824,0.34726868604816075
meg,alpha,207,0.4307239871779713,0.35568513271484664
meg,alpha,209,0.3969549028671276,0.3692614032860444
meg,beta,1,0.1079102963941996,0.12940502854811545
meg,beta,3,0.103601349241252,0.13455472969901291
meg,beta,5,0.0960881000784228,0.1120525969565899
meg,beta,7,0.1136112702897715,0.1398427930888992
meg,beta,9,0.1134318438860086,0.14513367518864217
meg,beta,11,0.1004683822393417,0.11783843902490351
meg,beta,13,0.0955868171507953,0.08411805502481524
meg,beta,15,0.0978362031527975,0.09632932033182846
meg,beta,17,0.1083411146815006,0.13226777606913098
meg,beta,19,0.0958125487439275,0.07258321167353801
meg,beta,21,0.1007840482523236,0.0848455299781912
meg,beta,23,0.1047884869657776,0.1353480666622719
meg,beta,25,0.1128857079089856,0.14177938860311862
meg,beta,27,0.0933348072836032,0.06890925461410592
meg,beta,29,0.1072182087297726,0.12096649372503433
meg,beta,31,0.1014805280873852,0.1023898892055536
meg,beta,33,0.1037196196003319,0.11013814515514381
meg,beta,35,0.0964901590985911,0.0816600155875208
meg,beta,37,0.0979905628203028,0.10837725618247734
meg,beta,39,0.1042645016671918,0.11105100008363906
meg,beta,41,0.0918142736234046,0.0661837046496309
meg,beta,43,0.0898152602946057,0.08210185464830248
meg,beta,45,0.0853934934643726,0.07324032952402568
meg,beta,47,0.0866353792611079,0.06718919179168098
meg,beta,49,0.0656735855041117,0.07783847852539923
meg,beta,51,0.09337683841233,0.08583772665020818
meg,beta,53,0.1181783204177816,0.13285256773141618
meg,beta,55,0.1231834289724709,0.15051919616333603
meg,beta,57,0.1285863257005435,0.14814720239320014
meg,beta,59,0.1224756267509962,0.16350324445462244
meg,beta,61,0.0971248581295921,0.10704472312295572
meg,beta,63,0.1104070884925079,0.1281400471337257
meg,beta,65,0.1167575881858052,0.11290667924205944
meg,beta,67,0.1241564968941916,0.14841679931516435
meg,beta,71,0.09029567163615,0.10520125644146767
meg,beta,73,0.0875563066780068,0.0985449718549818
meg,beta,75,0.0871679445728659,0.10326489049083142
meg,beta,77,0.0790571399988272,0.09720059311122231
meg,beta,79,0.0830339855452378,0.09788769629864888
meg,beta,81,0.0813692073420722,0.0975298334844059
meg,beta,83,0.0817433831655434,0.09994415937093121
meg,beta,85,0.086211536306797,0.09421881337818226
meg,beta,87,0.0808218275521127,0.09986520358051519
meg,beta,89,0.0788339335304587,0.09526335819164627
meg,beta,91,0.0836355909705162,0.09311645713814752
meg,beta,93,0.0816401371122461,0.09922729065838642
meg,beta,95,0.0791057722173004,0.09863174594897346
meg,beta,97,0.0841673000054505,0.09387322287327364
meg,beta,99,0.0825384897284938,0.09564850107924486
meg,beta,101,0.0798287376657956,0.09813236487947755
meg,beta,103,0.0818241792566636,0.10190083400396568
meg,beta,105,0.082353566068049,0.08959186467517877
meg,beta,107,0.0820700144054184,0.09140669984112644
meg,beta,109,0.0757035506360324,0.10259935474873927
meg,beta,111,0.0829380601644516,0.0866574255717932
meg,beta,113,0.084935504401272,0.0896083381392392
meg,beta,115,0.0819280235431133,0.0988324700379726
meg,beta,119,0.0872281367580096,0.08050718168152365
meg,beta,121,0.0870544669337761,0.10051470491790523
meg,beta,123,0.0899242252060228,0.09716975627218873
meg,beta,125,0.1126490761940391,0.10432745332556119
meg,beta,127,0.1080814429995965,0.10182390502556464
meg,beta,129,0.1199308084034771,0.09424851764460446
meg,beta,131,0.121049870839042,0.10081173204623209
meg,beta,133,0.1144268479811618,0.09777806752353546
meg,beta,135,0.094245592747151,0.09446862148504
meg,beta,137,0.1106175275236858,0.09516106815307701
meg,beta,139,0.1187903864100151,0.08822146706235212
meg,beta,141,0.1085510622864195,0.09222261497956592
meg,beta,143,0.095489415054274,0.09528313927117657
meg,beta,145,0.1006942669738013,0.08927988770699018
meg,beta,147,0.1056536824338966,0.10366816179562573
meg,beta,149,0.1119513388479774,0.10587962122652048
meg,beta,151,0.0946352527779171,0.08856215238041375
meg,beta,153,0.1026713058589624,0.09326706765937531
meg,beta,155,0.1231866762925077,0.10856550431614505
meg,beta,157,0.0997959609094419,0.10111833261495246
meg,beta,159,0.1285470210936632,0.10840355370837375
meg,beta,161,0.1258999861891959,0.10996371210864625
meg,beta,163,0.09254080275362,0.09548604251959669
meg,beta,165,0.0902831375880061,0.07748183659050722
meg,beta,167,0.0986039891265905,0.08125545505053405
meg,beta,169,0.0862534562854663,0.07728834480235652
meg,beta,171,0.093843861313706,0.08721880907818437
meg,beta,173,0.0960587844321573,0.08633912375026895
meg,beta,175,0.1083772132794062,0.09928994009050075
meg,beta,179,0.0973811072360782,0.09449434633625205
meg,beta,181,0.06880895362473,0.09989252412786463
meg,beta,183,0.1060019367141649,0.10133444531714553
meg,beta,185,0.1138286285218179,0.10030128825121323
meg,beta,187,0.0641792682721653,0.0845679076505305
meg,beta,189,0.0797309789008327,0.05840470966670707
meg,beta,191,0.0815794815143493,0.052875363708378836
meg,beta,193,0.0794187032632411,0.04188141225572325
meg,beta,195,0.083765060342338,0.07688148112314236
meg,beta,197,0.086219952102358,0.06657506283667228
meg,beta,199,0.0867467081096394,0.08895881589390657
meg,beta,201,0.0837302585458679,0.0914634686292838
meg,beta,203,0.0832427852199627,0.05260581840874286
meg,beta,205,0.0843171540229052,0.08360456849313516
meg,beta,207,0.0898122778589572,0.08072520189698368
meg,beta,209,0.09968810881439,0.09729459479569219
meg,gamma1,1,0.0248076506447596,0.02206109103896492
meg,gamma1,3,0.0257071818195627,0.021930135687953163
meg,gamma1,5,0.0289152691146398,0.022347890113273282
meg,gamma1,7,0.0252454318642959,0.022105043767628004
meg,gamma1,9,0.0246719162624615,0.022654481834798176
meg,gamma1,11,0.0255845384999063,0.022141860923036556
meg,gamma1,13,0.0306226584850059,0.0222458007132163
meg,gamma1,15,0.0275251829780597,0.02190922573145284
meg,gamma1,17,0.0246464254286808,0.022267304335921598
meg,gamma1,19,0.0303651515878443,0.021532840649950105
meg,gamma1,21,0.0296222830082901,0.021572223571709254
meg,gamma1,23,0.02570648259409,0.021962287221251733
meg,gamma1,25,0.0244524603161741,0.022120507615191198
meg,gamma1,27,0.0341073646854895,0.021538260139652383
meg,gamma1,29,0.0251122643064735,0.022906489098862406
meg,gamma1,31,0.0290625683482616,0.02291472388730935
meg,gamma1,33,0.0285923025022222,0.02313907254661471
meg,gamma1,35,0.0309070175247533,0.022425417132076336
meg,gamma1,37,0.0256767017324326,0.022964572494938346
meg,gamma1,39,0.0260960368954754,0.022388759989785536
meg,gamma1,41,0.0289491604651427,0.022214940212259546
meg,gamma1,43,0.028687884034041,0.022750737067371095
meg,gamma1,45,0.027033221559318,0.02210443346778487
meg,gamma1,47,0.0304528651899428,0.02210342170791817
meg,gamma1,49,0.0192469362589735,0.022917916534662568
meg,gamma1,51,0.0276238494045079,0.023049886461191698
meg,gamma1,53,0.022703576385079,0.02221236656865383
meg,gamma1,55,0.0245900436136566,0.02263448894648888
meg,gamma1,57,0.0242286196463749,0.022611430941723597
meg,gamma1,59,0.0259426043908062,0.02294155759761561
meg,gamma1,61,0.0231254507329255,0.022028584702365475
meg,gamma1,63,0.0241896546983939,0.022427078197380743
meg,gamma1,65,0.0226236491550489,0.02146106722571121
meg,gamma1,67,0.0251241336432351,0.02270330758801207
meg,gamma1,69,0.0178849677262311,0.025472007880325043
meg,gamma1,71,0.0167874649019231,0.022930624945540646
meg,gamma1,73,0.0193839565515674,0.023681643989523465
meg,gamma1,75,0.0182777983509004,0.023099007787480322
meg,gamma1,77,0.0227052601293111,0.02452921541439611
meg,gamma1,79,0.0225660092197358,0.023575625687016814
meg,gamma1,81,0.0209452820628291,0.024152131823772502
meg,gamma1,83,0.0263223888229597,0.023811671755393872
meg,gamma1,85,0.0187947355755945,0.023122008160628257
meg,gamma1,87,0.0186964415641589,0.0237412713146179
meg,gamma1,89,0.0212429226167611,0.024976509100097924
meg,gamma1,91,0.0183936630447323,0.02375804759907773
meg,gamma1,93,0.0275541625389483,0.024759101577544997
meg,gamma1,95,0.0234857857854009,0.024601399996404195
meg,gamma1,97,0.0183606230803118,0.023514048428908547
meg,gamma1,99,0.020804024378496,0.024068981742002962
meg,gamma1,101,0.021491422641298,0.024682020635004832
meg,gamma1,103,0.0227933992522166,0.026186546667094707
meg,gamma1,105,0.018131387119476,0.02365479994729352
meg,gamma1,107,0.0188985700653472,0.024251295606462896
meg,gamma1,109,0.0212811542973842,0.026463401801569506
meg,gamma1,111,0.0213269162923097,0.025073103005723154
meg,gamma1,113,0.0202390346506779,0.02388590974811321
meg,gamma1,115,0.0221252812980077,0.02633610044999523
meg,gamma1,119,0.0217468022803465,0.019871152243497548
meg,gamma1,121,0.0169375808384173,0.023119835677231932
meg,gamma1,123,0.0172214578145865,0.020350038691714426
meg,gamma1,125,0.019985635642996,0.019357241060359298
meg,gamma1,127,0.0188507481345108,0.018124603117749848
meg,gamma1,129,0.0192520613637492,0.020212392651396134
meg,gamma1,131,0.0218465954786346,0.02059289987902163
meg,gamma1,133,0.0188650121934801,0.019251850361295543
meg,gamma1,135,0.0170283870187779,0.01802848101946021
meg,gamma1,137,0.0180931406425928,0.018151754423409976
meg,gamma1,139,0.0200403954715185,0.020412839462741417
meg,gamma1,141,0.0195093719625524,0.01892392172878516
meg,gamma1,143,0.0168070100008113,0.01813418330071549
meg,gamma1,145,0.018246253340874,0.020968492130771597
meg,gamma1,147,0.019275206092883,0.018478011884951483
meg,gamma1,149,0.0203223435264361,0.020411591670194865
meg,gamma1,151,0.0181685026231869,0.017626885134042168
meg,gamma1,153,0.0196432511344433,0.019987612997929012
meg,gamma1,155,0.0223760837150944,0.023124781858438005
meg,gamma1,157,0.0203225749348731,0.02288467823171245
meg,gamma1,159,0.021133347801613,0.022987009563956943
meg,gamma1,161,0.0241832637308251,0.022590136857130922
meg,gamma1,163,0.0209953221317115,0.02031163389804274
meg,gamma1,165,0.0288615979359678,0.02378127464500227
meg,gamma1,167,0.0260375082636108,0.02127699084446028
meg,gamma1,169,0.0236082670845739,0.020689841639037095
meg,gamma1,171,0.0236564760350368,0.02046124232046215
meg,gamma1,173,0.024719165103441,0.020945953955275654
meg,gamma1,175,0.0239520732361774,0.022666693592344033
meg,gamma1,179,0.0236370825155087,0.028748495307026337
meg,gamma1,181,0.0164744807102906,0.01969589661051345
meg,gamma1,183,0.0251959257972581,0.024832676545997665
meg,gamma1,185,0.0256408826192271,0.022962145706713646
meg,gamma1,187,0.0174410489193577,0.029855228309066225
meg,gamma1,189,0.0160770408609615,0.01589663787848388
meg,gamma1,191,0.014945767916841,0.015721761868051472
meg,gamma1,193,0.0158251191615053,0.015479976415463805
meg,gamma1,195,0.0186825339669642,0.01725277566359254
meg,gamma1,197,0.0175508879581932,0.016366919296989035
meg,gamma1,199,0.0175642399386865,0.01720616215848883
meg,gamma1,201,0.0169469213801299,0.019354908838412913
meg,gamma1,203,0.0185894004255533,0.015731037342460754
meg,gamma1,205,0.019885172573608,0.01818955739579002
meg,gamma1,207,0.0172076474174583,0.016561068216517455
meg,gamma1,209,0.0174629906116173,0.017601444668341258
meg,gamma2,1,0.0100918413277287,0.00854859552114438
meg,gamma2,3,0.0119877111964344,0.008530261957404195
meg,gamma2,5,0.0159728293169256,0.009827369349518925
meg,gamma2,7,0.0101427274141514,0.008302183666204293
meg,gamma2,9,0.0095400969115778,0.008338260959968948
meg,gamma2,11,0.0121031459747699,0.009430114863823915
meg,gamma2,13,0.0176767422542256,0.01108973188479298
meg,gamma2,15,0.0148094482308263,0.01058981291031137
meg,gamma2,17,0.0116154610107724,0.009614222763964316
meg,gamma2,19,0.0177937059069243,0.011803979072624524
meg,gamma2,21,0.0168824780144189,0.011433741799214603
meg,gamma2,23,0.0123343635379033,0.008719544893931891
meg,gamma2,25,0.010083543198804,0.00834790325893675
meg,gamma2,27,0.0220186670382435,0.012948423720663618
meg,gamma2,29,0.0128193340243253,0.011841104134621782
meg,gamma2,31,0.0168980611428137,0.012836863729232127
meg,gamma2,33,0.0168742804902873,0.013178959933955394
meg,gamma2,35,0.0195385948488754,0.013534876905654674
meg,gamma2,37,0.0143486622190977,0.014228958515261934
meg,gamma2,39,0.0152494625538481,0.01232383536993569
meg,gamma2,41,0.0170213477427346,0.013276736548561745
meg,gamma2,43,0.018315753740642,0.015968654309435077
meg,gamma2,45,0.0173203468052202,0.014730873239229485
meg,gamma2,47,0.0198986545560797,0.013898231733875032
meg,gamma2,49,0.0123114760130325,0.014784272694013422
meg,gamma2,51,0.0170163018099292,0.0159445865887069
meg,gamma2,53,0.0102539255520802,0.00920549066432464
meg,gamma2,55,0.0094292172948356,0.008129298709307665
meg,gamma2,57,0.0084443335403122,0.00842173560102483
meg,gamma2,59,0.0100899029376083,0.0076383153159102725
meg,gamma2,61,0.0144079019921639,0.01197072553699843
meg,gamma2,63,0.0121526003503154,0.010402348188395813
meg,gamma2,65,0.0082401760783417,0.009335088530044122
meg,gamma2,67,0.0090558860372279,0.008518322977802112
meg,gamma2,69,0.0132901436373801,0.0157071987697208
meg,gamma2,71,0.0094868689139802,0.01263993035390079
meg,gamma2,73,0.0119429636672606,0.01478726091299623
meg,gamma2,75,0.011608533123508,0.013835028778003895
meg,gamma2,77,0.0156585519416974,0.015767710718692023
meg,gamma2,79,0.0157629477170606,0.014858977389825516
meg,gamma2,81,0.0149822861952061,0.015882449681930328
meg,gamma2,83,0.0199920773543984,0.014703415439845087
meg,gamma2,85,0.0122547275329962,0.014598363715438418
meg,gamma2,87,0.0125847462341604,0.015032021872038693
meg,gamma2,89,0.0150826663307067,0.016431289448125927
meg,gamma2,91,0.0120873283236645,0.015104763453091587
meg,gamma2,93,0.021303352677321,0.016526365849874596
meg,gamma2,95,0.0175479472849831,0.016404145792931063
meg,gamma2,97,0.0119622979483759,0.015082254745932708
meg,gamma2,99,0.0147992043048703,0.015821085251988345
meg,gamma2,101,0.0155425531621504,0.01652940285726829
meg,gamma2,103,0.0162323092055671,0.018644794385148707
meg,gamma2,105,0.0111558255308066,0.014534285204334401
meg,gamma2,107,0.01249463257288,0.015182420954712181
meg,gamma2,109,0.0151016667692197,0.0190540658917113
meg,gamma2,111,0.0144479988273559,0.01629589094599948
meg,gamma2,113,0.0133092802441255,0.014795415211693475
meg,gamma2,115,0.015189807742643,0.018589012176030248
meg,gamma2,119,0.014389365799725,0.011781323249838814
meg,gamma2,121,0.0103131529087057,0.014421647317076453
meg,gamma2,123,0.010336902270996,0.011525702972093809
meg,gamma2,125,0.008609628290211,0.0100287633023699
meg,gamma2,127,0.00860169374441,0.009125558844342607
meg,gamma2,129,0.007699064355089,0.010602196616857615
meg,gamma2,131,0.0087031511079159,0.010328212398381017
meg,gamma2,133,0.0078973573460486,0.010204908784284056
meg,gamma2,135,0.0086538989673943,0.009816781404495786
meg,gamma2,137,0.0086042086476327,0.009951088862765353
meg,gamma2,139,0.0097562948747271,0.010980004905010327
meg,gamma2,141,0.0107096368933912,0.010941955646695669
meg,gamma2,143,0.0090350278683172,0.009938872082390414
meg,gamma2,145,0.0095265030078941,0.011910668139293692
meg,gamma2,147,0.0082707665981379,0.00930039377519095
meg,gamma2,149,0.0076541620477491,0.010136928320675531
meg,gamma2,151,0.009091322403604,0.00959780945575987
meg,gamma2,153,0.0086021346857756,0.010438154007513115
meg,gamma2,155,0.0101482813281041,0.011032039632043527
meg,gamma2,157,0.0114148386705078,0.012727387545881205
meg,gamma2,159,0.0086990981153474,0.010742352882870095
meg,gamma2,161,0.0090358125839472,0.010818968263820599
meg,gamma2,163,0.0124069232275421,0.011896103330964542
meg,gamma2,165,0.0195718746685053,0.015748155127351508
meg,gamma2,167,0.0157600785533969,0.013614652471545158
meg,gamma2,169,0.0159918739328808,0.013302367104468478
meg,gamma2,171,0.0147448779634115,0.012560292238861282
meg,gamma2,173,0.0152919989044743,0.012955110971363586
meg,gamma2,175,0.0116314174913805,0.010428851558104777
meg,gamma2,179,0.0111416052510054,0.015103364477118126
meg,gamma2,181,0.0097213652824946,0.009624536936805442
meg,gamma2,183,0.0119922471349127,0.011460634020231173
meg,gamma2,185,0.0120058867385504,0.010715686977666524
meg,gamma2,187,0.0092361225512496,0.017975195139160023
meg,gamma2,189,0.0088056111181642,0.00943005502915313
meg,gamma2,191,0.00753837994185,0.009360174139650243
meg,gamma2,193,0.0087793360460579,0.00957362755572468
meg,gamma2,195,0.0113976338061771,0.009998303701820739
meg,gamma2,197,0.0096216192259895,0.009280638890230009
meg,gamma2,199,0.0095196153213931,0.008901845558717612
meg,gamma2,201,0.0099115996965604,0.01132607940769132
meg,gamma2,203,0.0109693494525093,0.009319865009885806
meg,gamma2,205,0.0120609669250997,0.010423923647023624
meg,gamma2,207,0.0089081034722199,0.008709621972252071
meg,gamma2,209,0.0082772790865526,0.008550015146504882
enigma,22q,1,0.44637533124590056,0.25608607563457086
enigma,22q,3,0.5006282794160579,0.254324947647507
enigma,22q,5,0.5181688733836879,0.24031462715231905
enigma,22q,7,0.4818936991930848,0.2504514820130349
enigma,22q,9,0.4406077087948714,0.25860605397145925
enigma,22q,11,0.4311931250292391,0.25184413228602703
enigma,22q,13,0.47986236919354747,0.23300265490802227
enigma,22q,15,0.6700507615745832,0.22788480385517104
enigma,22q,17,0.540096957051281,0.24707575277507435
enigma,22q,19,0.6806114444881893,0.20815508912489591
enigma,22q,21,0.6783666494182794,0.21951049389175625
enigma,22q,23,0.5689762763496928,0.2502672692590853
enigma,22q,25,0.49137513501960844,0.2484846217028786
enigma,22q,27,0.6069856156923068,0.20893502960564095
enigma,22q,29,0.5539323496240598,0.24537396362658576
enigma,22q,31,0.5860230946451606,0.23711859011391365
enigma,22q,33,0.5502455011643835,0.24006549213179343
enigma,22q,35,0.5062568326428565,0.218130184808177
enigma,22q,37,0.5625338670718234,0.244959397599807
enigma,22q,39,0.5337116597163123,0.2358461819036911
enigma,22q,41,0.48947598560185196,0.20733337980818803
enigma,22q,43,0.48381813335294116,0.242222259316615
enigma,22q,45,0.4884938248044696,0.23389210848139247
enigma,22q,47,0.5060746701507541,0.2203255314786056
enigma,22q,49,0.5141439601020409,0.24296705810511807
enigma,22q,51,0.5208120676777249,0.24028768704914205
enigma,22q,53,0.4646097390581166,0.2443455642958403
enigma,22q,55,0.42930998806557397,0.2552053003856883
enigma,22q,57,0.4830971173949585,0.25760862062382417
enigma,22q,59,0.446703369894737,0.2669391211031694
enigma,22q,61,0.5070478354285717,0.2329201571866237
enigma,22q,63,0.4450343461213713,0.2413913686717664
enigma,22q,65,0.4914488292783498,0.22647918812679654
enigma,22q,67,0.5164761471126755,0.25506796626382544
enigma,22q,69,0.02151123151455396,0.5096232503386822
enigma,22q,71,-0.2692703247365083,0.4692360057388344
enigma,22q,73,-0.2502891470669455,0.4809053664118582
enigma,22q,75,-0.2458467957099998,0.450460949365546
enigma,22q,77,-0.151499254585641,0.48967045455783326
enigma,22q,79,-0.3171810824466666,0.46822799313056
enigma,22q,81,0.30869195970297,0.468520060824424
enigma,22q,83,0.18982050513299473,0.4511060508808225
enigma,22q,85,0.24954438628048814,0.44266586223246107
enigma,22q,87,0.11688568388022276,0.4601731763721011
enigma,22q,89,0.2505971011940299,0.5184817947552527
enigma,22q,91,0.275131728076923,0.47701075185545666
enigma,22q,93,0.24677062657522134,0.48431848374265946
enigma,22q,95,0.31477190364485985,0.48202365704852906
enigma,22q,97,0.30863117580152644,0.4523362226859843
enigma,22q,99,0.307853237593985,0.46804149114096455
enigma,22q,101,0.27783356687499994,0.4879168036287408
enigma,22q,103,0.04560223340941168,0.5210670531377947
enigma,22q,105,0.2077559829392973,0.5002876456982028
enigma,22q,107,0.21485652229577412,0.514751672370993
enigma,22q,109,0.11614599356419755,0.5256433905280842
enigma,22q,111,-0.37661791017543833,0.49732867400971453
enigma,22q,113,-0.383556238818182,0.4939414997232966
enigma,22q,115,-0.16203590615384614,0.523630931435246
enigma,22q,117,0.14836112777777777,0.5392882079964783
enigma,22q,119,-0.2530120581577335,0.4105349032820834
enigma,22q,121,-0.07892412482564107,0.4366404974714042
enigma,22q,123,0.0730758424089349,0.38120172651209
enigma,22q,125,0.2850924089005242,0.322140906292303
enigma,22q,127,0.2829345975918365,0.28166665517501716
enigma,22q,129,0.3079418996894401,0.24593204673294639
enigma,22q,131,0.3251369709354841,0.23556208588226588
enigma,22q,133,0.26888974891566353,0.32693104980311893
enigma,22q,135,0.2509412934449761,0.27186825406235615
enigma,22q,137,0.295002876380256,0.2756395139558022
enigma,22q,139,0.5725018327470691,0.17050821193362986
enigma,22q,141,0.4687763208453158,0.24832559101584223
enigma,22q,143,0.2683868207549509,0.2762556924092577
enigma,22q,145,0.4448599959283029,0.14457908376709072
enigma,22q,147,0.3497073421111115,0.21123191015360865
enigma,22q,149,0.3749370406783917,0.1300261673653837
enigma,22q,151,0.375297489237473,0.2486761047725542
enigma,22q,153,0.34941062079575574,0.1373068940548235
enigma,22q,155,0.5691764676296301,0.31659522934331147
enigma,22q,157,0.6161093886315794,0.26758241382350656
enigma,22q,159,0.5552799295955053,0.322271390953161
enigma,22q,161,0.5304089237086085,0.253550042657816
enigma,22q,163,0.5338065233472811,0.20610302223528199
enigma,22q,165,0.674519436666666,0.34109389845230226
enigma,22q,167,0.7398478410769245,0.23334682224916134
enigma,22q,169,0.309342689646739,0.21128257928803
enigma,22q,171,0.7714972599431827,0.2069738861030024
enigma,22q,173,0.7354543840277773,0.22282291062257525
enigma,22q,175,0.14807392251515153,0.23048238765005968
enigma,22q,177,-0.1475472171014493,0.34721722580075237
enigma,22q,179,0.1849379427801046,0.5217509733116292
enigma,22q,181,0.29913957723008877,0.2865440494802915
enigma,22q,183,-0.014015835604166681,0.4101056632831252
enigma,22q,185,0.111138353246114,0.26961882323450637
enigma,22q,187,0.35231017174825185,0.5082411041985606
enigma,22q,189,0.3766668207142861,0.2759994704215287
enigma,22q,191,0.5552551396164381,0.29237040382127755
enigma,22q,193,0.4950450900793648,0.3037332735131107
enigma,22q,195,0.28905717770917727,0.2198552047344825
enigma,22q,197,0.4608213143523321,0.2701928978877307
enigma,22q,199,0.22741808922829543,0.26492331151082776
enigma,22q,201,0.24419140722929952,0.18335867695416322
enigma,22q,203,0.258247883907692,0.293240296416697
enigma,22q,205,0.22682668524495697,0.214188063511787
enigma,22q,207,0.31233466266055043,0.27673075600055813
enigma,22q,209,0.2693859513157892,0.28979456056059255
enigma,adhd,1,-0.04441071178032765,-0.016699738450755543
enigma,adhd,3,-0.03532796459367405,-0.005337365183429366
enigma,adhd,5,-0.030610375040181173,-0.032643794620585885
enigma,adhd,7,-0.0414314963948125,-0.00017756883427018366
enigma,adhd,9,-0.042733627597435854,-0.01545662657089033
enigma,adhd,11,-0.04582446769590613,-0.029737313590636458
enigma,adhd,13,-0.035885940154301056,-0.04131725093445101
enigma,adhd,15,0.02002217432513813,-0.019940461502284686
enigma,adhd,17,-0.013895003477384617,0.0037890713936761106
enigma,adhd,19,0.023655097170866165,-0.018397630248622406
enigma,adhd,21,0.024201233280886397,-0.01269105745810057
enigma,adhd,23,-0.006716758617208591,0.001097423140123989
enigma,adhd,25,-0.029840646247058785,0.004605965198224517
enigma,adhd,27,0.027084446168076853,-0.02249630468129063
enigma,adhd,29,-0.014569232172180452,-0.006059363630730258
enigma,adhd,31,-0.004470828800322579,-0.021864338799778664
enigma,adhd,33,-0.0156365314452055,-0.014027172493558858
enigma,adhd,35,-0.018493850164285706,-0.024680412562368227
enigma,adhd,37,-0.015093219422928166,-0.0017791522761269607
enigma,adhd,39,-0.022196234723404235,0.007873867675004958
enigma,adhd,41,-0.05882782252499991,-0.05014694106437644
enigma,adhd,43,0.015879227554058822,-0.02930342264169051
enigma,adhd,45,0.022186124151396654,-0.03049254235866277
enigma,adhd,47,-0.02556509887286434,-0.04102139385237923
enigma,adhd,49,-0.03775712974557823,-0.055032224552880614
enigma,adhd,51,0.007045143088246439,-0.030289517444140164
enigma,adhd,53,-0.03417644098777557,0.009539664073270678
enigma,adhd,55,-0.05653778496721311,-0.002691730863536093
enigma,adhd,57,-0.02402085227478987,0.008166847660859018
enigma,adhd,59,-0.04992017414736847,-0.0030847895028270483
enigma,adhd,61,-0.03220022431730161,0.014445645124836148
enigma,adhd,63,-0.05018121567546169,0.0008990370643226706
enigma,adhd,65,0.0011401156663230153,0.018138207620462955
enigma,adhd,67,-0.021595197147887383,-7.686978668344085e-05
enigma,adhd,69,-0.00954904518422535,0.022846026719268164
enigma,adhd,71,0.029623630274920657,0.029196906212436105
enigma,adhd,73,0.01987411553891212,0.01560160545101233
enigma,adhd,75,0.030681942059999977,0.04334944295127383
enigma,adhd,77,0.02539535582871797,0.0047629610518675185
enigma,adhd,79,0.03435513588666668,0.025035363965217196
enigma,adhd,81,0.015431132663366348,0.051466336036646
enigma,adhd,83,0.018711807751269023,0.03788539557840582
enigma,adhd,85,0.02180185065548778,0.05619190323108029
enigma,adhd,87,0.02316508548467968,0.03968638876623957
enigma,adhd,89,-0.0028401951388059682,0.060502330463455704
enigma,adhd,91,0.0008454619239743603,0.05684881044583579
enigma,adhd,93,0.0004074532911504419,0.051899700971205866
enigma,adhd,95,0.007855384415887857,0.0526352828668728
enigma,adhd,97,0.011347606381068716,0.05524147309621289
enigma,adhd,99,0.00728197333872181,0.05447658398705126
enigma,adhd,101,0.00014233417277777826,0.05452582502154222
enigma,adhd,103,0.006370444662058827,0.06348372026398959
enigma,adhd,105,0.012478791395207663,0.062044190226873276
enigma,adhd,107,0.0016026015826760508,0.05995321655062791
enigma,adhd,109,-0.03529627330246913,0.06480879695556654
enigma,adhd,111,0.06102022692982458,0.024938436249656352
enigma,adhd,113,0.07265652130909088,0.05349329217552596
enigma,adhd,115,0.014020329917948708,0.05513885162116428
enigma,adhd,117,-0.03597151044444444,-0.010365311450255136
enigma,adhd,119,0.09569435149333326,0.08269802913547632
enigma,adhd,121,0.01861527094871794,0.04585283358003721
enigma,adhd,123,0.0230083028316151,0.0718516111850338
enigma,adhd,125,0.09094464045026175,0.0512173801568892
enigma,adhd,127,0.09144552557551039,0.06588791612086511
enigma,adhd,129,0.0905604661614908,0.03259419285895521
enigma,adhd,131,0.08813198665806456,0.024855398601397106
enigma,adhd,133,0.09780369001606463,0.05646014137086444
enigma,adhd,135,0.08706379383014337,0.07550512325092709
enigma,adhd,137,0.07602607950639821,0.07301022478557795
enigma,adhd,139,0.031319313110552645,0.021173446021948605
enigma,adhd,141,0.034801847172113244,0.058923687544838094
enigma,adhd,143,0.07294106303589033,0.0733456238899133
enigma,adhd,145,0.02302449473113197,0.014242979728337251
enigma,adhd,147,0.05217559456296284,0.05580609263532847
enigma,adhd,149,0.038818432258542625,0.02017935251015528
enigma,adhd,151,0.052574706407407384,0.07967439322957798
enigma,adhd,153,0.03679914577267878,0.030818119157722916
enigma,adhd,155,0.025812350435851828,-0.011774694517087316
enigma,adhd,157,0.03271787330578949,-0.0047313666617974795
enigma,adhd,159,0.05380411972359551,-0.00979483431902321
enigma,adhd,161,0.038765013031788045,-0.005048495705203593
enigma,adhd,163,-0.002506638053849372,0.027892803768805992
enigma,adhd,165,0.0070606975614583315,-0.018302970958202935
enigma,adhd,167,-0.004923052882221531,0.001165029550715714
enigma,adhd,169,0.009904042426956527,-0.00031326915467186356
enigma,adhd,171,-0.007535762043749999,0.017904916075583904
enigma,adhd,173,-0.016147513329722224,0.01168117565538503
enigma,adhd,175,-0.016652481957142865,-0.01975214085185128
enigma,adhd,177,-0.10868384881159425,-0.04619989108487488
enigma,adhd,179,-0.07552177390575916,-0.06299897057753603
enigma,adhd,181,0.05113224701769906,0.07044250089210649
enigma,adhd,183,-0.09318825174999991,-0.03343176421376831
enigma,adhd,185,-0.0716601498290155,-0.02413044585873044
enigma,adhd,187,-0.08262213711888101,-0.04597911810184856
enigma,adhd,189,0.10240863492857148,0.0828782306002022
enigma,adhd,191,0.08233784482739727,0.08096332668258857
enigma,adhd,193,0.0903017552857143,0.08002202377810551
enigma,adhd,195,0.0875632216,0.08893636854761154
enigma,adhd,197,0.07668123537305721,0.0796328519344217
enigma,adhd,199,0.12945627386173628,0.08044250561583517
enigma,adhd,201,0.09865911872292997,0.050219226840189375
enigma,adhd,203,0.13259383618461537,0.08049035379674775
enigma,adhd,205,0.12042632855907774,0.0732201492593781
enigma,adhd,207,0.10503409478899083,0.08093677016536265
enigma,adhd,209,0.09531520021052624,0.07792435398971609
enigma,asd,1,0.10507979740983586,0.03186653023475153
enigma,asd,3,0.10576521691970786,0.004192710917966566
enigma,asd,5,0.10999999640483338,0.0276713706562568
enigma,asd,7,0.10415516188472607,-0.010384598499035544
enigma,asd,9,0.08222873874948713,0.04892640353634632
enigma,asd,11,0.10323586852631546,0.036049773302403665
enigma,asd,13,0.10052413267473104,0.02233234082775558
enigma,asd,15,0.10998030142541394,-0.0037967050554143372
enigma,asd,17,0.06587114008717959,-0.0512078215437165
enigma,asd,19,0.10994300782677131,-0.06142508761525835
enigma,asd,21,0.10088040270914114,-0.05946926999710463
enigma,asd,23,0.08390818698773006,-0.018342850841791353
enigma,asd,25,0.07230370755686265,-0.02555932768215021
enigma,asd,27,0.08929252271923073,-0.07624353164612013
enigma,asd,29,0.009457768969172933,-0.08205051690241998
enigma,asd,31,0.04494970160903228,-0.09419499737971172
enigma,asd,33,-0.006180121533561645,-0.10908091838358042
enigma,asd,35,0.05203877615000004,-0.10858265097321018
enigma,asd,37,0.0016492009806077287,-0.11013811945876822
enigma,asd,39,-0.000776700289361704,-0.08515986423359705
enigma,asd,41,0.06944533959259254,-0.03107293073154501
enigma,asd,43,0.013624030014117628,-0.07687999426013822
enigma,asd,45,0.010022102519385479,-0.06159467030656218
enigma,asd,47,0.05239477628140697,-0.045569099453468265
enigma,asd,49,0.04482484572244889,-0.014331496219728027
enigma,asd,51,0.010401278740284358,-0.09236146811857107
enigma,asd,53,0.05244575378625237,-0.03312848668442272
enigma,asd,55,0.08953009624590157,0.014659416486418594
enigma,asd,57,0.03619228510560227,0.007877533591560668
enigma,asd,59,0.07565572512631578,0.04801100568905155
enigma,asd,61,0.03590017145015871,-0.07083763788143063
enigma,asd,63,0.07545052424274411,-0.030153076701897367
enigma,asd,65,-0.04519830909278348,-0.04709883498796906
enigma,asd,67,-0.012257571448591556,0.026041428395779553
enigma,asd,69,-0.14675691394366205,-0.06536287934685699
enigma,asd,71,-0.139266735168254,-0.08610719474984202
enigma,asd,73,-0.16209664650627578,-0.07787860628985106
enigma,asd,75,-0.13047475650999987,-0.07968501030316526
enigma,asd,77,-0.13561603376923087,-0.08681520778968257
enigma,asd,79,-0.14627433803333342,-0.06478736815957158
enigma,asd,81,-0.12501076084158408,-0.05346251641695558
enigma,asd,83,-0.13320939842639581,-0.074977791667877
enigma,asd,85,-0.10455663514024405,-0.06701495924212908
enigma,asd,87,-0.12234062541504186,-0.07132142292939937
enigma,asd,89,-0.16901914029850754,-0.005937547652001062
enigma,asd,91,-0.16013953628205138,-0.055034498875011544
enigma,asd,93,-0.15691100070796452,-0.03400172765375288
enigma,asd,95,-0.14434251336448609,-0.039184032501938644
enigma,asd,97,-0.1400975321374045,-0.06763015524830703
enigma,asd,99,-0.14447061924812019,-0.05308688244394735
enigma,asd,101,-0.16033909534722227,-0.03449520566725156
enigma,asd,103,-0.17435625708823538,0.02856885925868738
enigma,asd,105,-0.16134351723961712,-0.02851219571883835
enigma,asd,107,-0.17002958701408466,-0.02397551559627973
enigma,asd,109,-0.21351017246913573,0.04032317943069307
enigma,asd,111,-0.14058063652631575,0.024063735145608795
enigma,asd,113,-0.12873143043636376,-0.028316233031091147
enigma,asd,115,-0.17888535461538457,0.037934551673985566
enigma,asd,117,-0.18813997000000002,0.007732042218521614
enigma,asd,119,-0.07684370913333334,-0.03812784039542342
enigma,asd,121,-0.09650925213846157,-0.07938232830858548
enigma,asd,123,-0.0823558734810997,-0.05914352435651331
enigma,asd,125,-0.08849074240314134,0.0026589137331358773
enigma,asd,127,-0.08766053261632656,-0.0071684646709353345
enigma,asd,129,-0.08637478649068317,-0.020202488280790527
enigma,asd,131,-0.08611981764838701,-0.01682321769605438
enigma,asd,133,-0.08603404848594365,-2.43872570035511e-05
enigma,asd,135,-0.05392342195693785,-0.01724419290924513
enigma,asd,137,-0.06116505490859233,-0.016930823411342128
enigma,asd,139,-0.08591417190787266,-0.06119002022432714
enigma,asd,141,-0.08283352818082812,-0.0332151378614389
enigma,asd,143,-0.055237951081682876,-0.01689555661834894
enigma,asd,145,-0.09948100304339672,-0.08707780308366878
enigma,asd,147,-0.08202926489629604,-0.03933446723645275
enigma,asd,149,-0.07416756929145737,-0.03828644692369038
enigma,asd,151,-0.07186046331764696,-0.04546715406806883
enigma,asd,153,-0.05812180797586198,-0.040107924565284135
enigma,asd,155,-0.03637717753835557,-0.021660567197750395
enigma,asd,157,-0.06387587251578936,-0.0594496045667659
enigma,asd,159,-0.07548879645168535,-0.010677667985302602
enigma,asd,161,-0.04992483494693163,-0.028259465641884307
enigma,asd,163,-0.12046136635983276,-0.10337990304181993
enigma,asd,165,-0.05644219856250002,-0.05412275827361267
enigma,asd,167,-0.057837836615384525,-0.06484092892541235
enigma,asd,169,-0.11488178063586968,-0.06146261598642176
enigma,asd,171,-0.07504753755113634,-0.08864029222053979
enigma,asd,173,-0.053531110500463,-0.07415573592554155
enigma,asd,175,0.032254577041558395,-0.0848475772664152
enigma,asd,177,0.042654921826086954,0.024278314981820023
enigma,asd,179,0.060147450753926676,0.1252824435173119
enigma,asd,181,0.014369297552654888,-0.08135832727915283
enigma,asd,183,0.05603706816666664,0.049840003573198774
enigma,asd,185,0.019047785398963724,-0.05257504222416627
enigma,asd,187,0.04130120782517486,0.13461086679733614
enigma,asd,189,-0.03243326097619045,-0.09130582556424076
enigma,asd,191,-0.030857045312328787,-0.08984239160843213
enigma,asd,193,-0.022399742531746022,-0.08897986995015675
enigma,asd,195,-0.055337211172602735,-0.09460169985397475
enigma,asd,197,-0.03808965449533679,-0.08835005934012465
enigma,asd,199,-0.028727131553054557,-0.05825437503113164
enigma,asd,201,-0.055882120070063615,-0.10563774412587049
enigma,asd,203,-0.02201914908000004,-0.08858257885368437
enigma,asd,205,-0.040241846945245005,-0.0838830672919892
enigma,asd,207,-0.07497665035321109,-0.08411318252983721
enigma,asd,209,-0.08068443432163754,-0.06340601291338045
enigma,epilepsy_gge,1,-0.007647625901967214,-0.049703498315649686
enigma,epilepsy_gge,3,-0.02848548926593677,-0.06933760894921767
enigma,epilepsy_gge,5,-0.009600825769969765,-0.04454669083338656
enigma,epilepsy_gge,7,-0.07596386261095096,-0.06539746529167387
enigma,epilepsy_gge,9,-0.03909727914794881,0.000803435201847752
enigma,epilepsy_gge,11,-0.005440765296783618,-0.032708690547667674
enigma,epilepsy_gge,13,-0.012057006912096765,0.003880489972660245
enigma,epilepsy_gge,15,0.013796367780442012,-0.05624909624763768
enigma,epilepsy_gge,17,-0.167430780503077,-0.11850641456039962
enigma,epilepsy_gge,19,0.015535770594488147,-0.09025146854309316
enigma,epilepsy_gge,21,0.014295903522160713,-0.11154390335365041
enigma,epilepsy_gge,23,-0.10140109226840506,-0.08308727452386613
enigma,epilepsy_gge,25,-0.20851087029803936,-0.07538525546265054
enigma,epilepsy_gge,27,0.021322575815000033,-0.09904709942695424
enigma,epilepsy_gge,29,-0.09156581342105265,-0.1635109424768182
enigma,epilepsy_gge,31,-0.007167243058064512,-0.14366681082655638
enigma,epilepsy_gge,33,-0.021532292845890418,-0.15614957257001594
enigma,epilepsy_gge,35,-0.004922383945714276,-0.14042330668899583
enigma,epilepsy_gge,37,-0.015535794993646388,-0.10076667479272468
enigma,epilepsy_gge,39,-0.11358658980141852,-0.10248617912880233
enigma,epilepsy_gge,41,-0.0016718280212963006,-0.026877640663909422
enigma,epilepsy_gge,43,0.056175861176470554,-0.0714064893338195
enigma,epilepsy_gge,45,0.0787420999245812,-0.08341060704062596
enigma,epilepsy_gge,47,0.029948492666934688,-0.07345686959770736
enigma,epilepsy_gge,49,0.03220996201598636,-0.048021004389644774
enigma,epilepsy_gge,51,0.03482186142890997,-0.09001838202683388
enigma,epilepsy_gge,53,-0.2858409535070145,-0.051356608227826665
enigma,epilepsy_gge,55,-0.3568110545901639,-0.019275554449292506
enigma,epilepsy_gge,57,-0.24455197641736637,0.0007226954587298828
enigma,epilepsy_gge,59,-0.30680607105263213,0.020902012766401162
enigma,epilepsy_gge,61,-0.25375722905396836,-0.06518225283430437
enigma,epilepsy_gge,63,-0.3333579121899734,-0.10001634031210549
enigma,epilepsy_gge,65,-0.13511855061168385,-0.02712273261589107
enigma,epilepsy_gge,67,-0.20015655452112685,0.01697938068043664
enigma,epilepsy_gge,69,-0.12340688577934286,-0.030916938881047025
enigma,epilepsy_gge,71,-0.05271642554920641,-0.07076750489242539
enigma,epilepsy_gge,73,-0.048908963403765784,-0.047289370902005544
enigma,epilepsy_gge,75,-0.05307603249000003,-0.07024875198557305
enigma,epilepsy_gge,77,-0.04481050596410254,-0.018713135054203738
enigma,epilepsy_gge,79,-0.044796799706666675,-0.04102095438382268
enigma,epilepsy_gge,81,-0.0932337007920792,-0.06338774630154634
enigma,epilepsy_gge,83,-0.08491772880710657,-0.05738912514748328
enigma,epilepsy_gge,85,-0.0975941304207318,-0.07099946875442013
enigma,epilepsy_gge,87,-0.08624184416991652,-0.059403912160595755
enigma,epilepsy_gge,89,-0.05937228986567162,-0.06259149368975599
enigma,epilepsy_gge,91,-0.04691775649999999,-0.06969564669545318
enigma,epilepsy_gge,93,-0.0702347323893805,-0.05752763772064655
enigma,epilepsy_gge,95,-0.06751083949532706,-0.06088981984143907
enigma,epilepsy_gge,97,-0.0702375666946564,-0.06963379088159276
enigma,epilepsy_gge,99,-0.06532846363909765,-0.06544249318975752
enigma,epilepsy_gge,101,-0.045419597013888785,-0.061581749691907064
enigma,epilepsy_gge,103,-0.08154113556764722,-0.044087772667390814
enigma,epilepsy_gge,105,-0.09651284633865846,-0.07176218983240823
enigma,epilepsy_gge,107,-0.0780334918140846,-0.0726120599542492
enigma,epilepsy_gge,109,-0.15143269276543211,-0.04065715845826251
enigma,epilepsy_gge,111,-0.014577908570175458,-0.042456331522008936
enigma,epilepsy_gge,113,0.0021068375454545486,-0.05810771494266916
enigma,epilepsy_gge,115,-0.08167901294871789,-0.03979300934248838
enigma,epilepsy_gge,117,-0.1592268544444444,-0.016716837746031186
enigma,epilepsy_gge,119,0.02308211753333333,-0.05896016116242967
enigma,epilepsy_gge,121,-0.07021294934358967,-0.06821230158455124
enigma,epilepsy_gge,123,-0.08905095938487956,-0.086603906706911
enigma,epilepsy_gge,125,-0.11884645382198954,-0.0697661960272477
enigma,epilepsy_gge,127,-0.12030338296734688,-0.06610897718807131
enigma,epilepsy_gge,129,-0.12548915773913039,-0.06963823460364442
enigma,epilepsy_gge,131,-0.10401413302258061,-0.07381919820203123
enigma,epilepsy_gge,133,-0.1329731706024096,-0.0678360152162058
enigma,epilepsy_gge,135,-0.12765069619617223,-0.06569597579024897
enigma,epilepsy_gge,137,-0.12985162786106041,-0.0656340059451406
enigma,epilepsy_gge,139,-0.1111477824235516,-0.06735238089590405
enigma,epilepsy_gge,141,-0.13469855688453156,-0.06122439744709249
enigma,epilepsy_gge,143,-0.12574878332054448,-0.06578187598295884
enigma,epilepsy_gge,145,-0.1104574423792455,-0.06667230231611004
enigma,epilepsy_gge,147,-0.05548905566296294,-0.06622261984577342
enigma,epilepsy_gge,149,-0.06543306891206047,-0.06936034345995967
enigma,epilepsy_gge,151,-0.04764359003267978,-0.06052426977053656
enigma,epilepsy_gge,153,-0.027419736158620648,-0.05919236245955443
enigma,epilepsy_gge,155,-0.04519989292177793,-0.08810692579118648
enigma,epilepsy_gge,157,-0.017176086819210536,-0.07753069174020916
enigma,epilepsy_gge,159,-0.0010471000368089671,-0.08691958000588669
enigma,epilepsy_gge,161,-0.045988758438631254,-0.08673095186359683
enigma,epilepsy_gge,163,-0.06559340255648535,-0.07627666478933329
enigma,epilepsy_gge,165,-0.0013030444062499859,-0.058493806847280914
enigma,epilepsy_gge,167,-0.02969677264923078,-0.06560759409081207
enigma,epilepsy_gge,169,-0.04904881125543477,-0.061429777952478365
enigma,epilepsy_gge,171,-0.07925431752272726,-0.07307909437061672
enigma,epilepsy_gge,173,-0.09680293337499997,-0.0709495308672263
enigma,epilepsy_gge,175,0.027588550129870135,-0.0700128920751015
enigma,epilepsy_gge,177,0.08071658295652177,-0.06755318625061768
enigma,epilepsy_gge,179,0.01632567504083767,-0.06419373511905371
enigma,epilepsy_gge,181,-0.0013802487637168078,-0.07139592639607525
enigma,epilepsy_gge,183,0.06058831334895826,-0.07950148353390198
enigma,epilepsy_gge,185,-0.00031724938082906156,-0.07422717665996086
enigma,epilepsy_gge,187,-0.023558379923076928,-0.05343444421952802
enigma,epilepsy_gge,189,-0.03434555925178567,-0.06635036292397786
enigma,epilepsy_gge,191,-0.051026756052328724,-0.06697958841388967
enigma,epilepsy_gge,193,-0.06403305091269838,-0.0668215597408691
enigma,epilepsy_gge,195,-0.017588613645863012,-0.06447200502072223
enigma,epilepsy_gge,197,-0.03669859477215883,-0.06559597635589712
enigma,epilepsy_gge,199,-0.1265791946302252,-0.0740640971965753
enigma,epilepsy_gge,201,-0.11294784102547752,-0.07307609824072078
enigma,epilepsy_gge,203,-0.11930691353538446,-0.06725256910353757
enigma,epilepsy_gge,205,-0.11761427789049006,-0.07060953421997576
enigma,epilepsy_gge,207,-0.12186087645871556,-0.06857276203342735
enigma,epilepsy_gge,209,-0.12922491505847924,-0.07216549567091132
enigma,epilepsy_rtle,1,-0.33399233721311405,-0.2881331010271567
enigma,epilepsy_rtle,3,-0.3415064647445254,-0.31883539301567054
enigma,epilepsy_rtle,5,-0.32785386151057355,-0.2823287688463061
enigma,epilepsy_rtle,7,-0.3734211543515852,-0.3360459352003922
enigma,epilepsy_rtle,9,-0.3558191923846155,-0.3726141877990262
enigma,epilepsy_rtle,11,-0.3262072991228061,-0.2388098551504622
enigma,epilepsy_rtle,13,-0.2861799686290317,-0.1369741613840082
enigma,epilepsy_rtle,15,-0.18389968712707147,-0.19613865344165496
enigma,epilepsy_rtle,17,-0.28434039635897435,-0.3192688160756476
enigma,epilepsy_rtle,19,-0.17356006039370062,-0.06558947565603046
enigma,epilepsy_rtle,21,-0.15620195509695273,-0.09932662838219528
enigma,epilepsy_rtle,23,-0.2613988051533741,-0.32077187423130477
enigma,epilepsy_rtle,25,-0.34660622360784304,-0.3493784026602486
enigma,epilepsy_rtle,27,-0.14239171420000013,-0.010699149156819882
enigma,epilepsy_rtle,29,-0.2214031967669175,-0.27413144322486527
enigma,epilepsy_rtle,31,-0.15344636238709697,-0.16419364694523342
enigma,epilepsy_rtle,33,-0.15290613219178095,-0.22354280239454088
enigma,epilepsy_rtle,35,-0.15515759121428574,-0.08637620205643173
enigma,epilepsy_rtle,37,-0.12816742193922662,-0.2065207048876713
enigma,epilepsy_rtle,39,-0.2425088352482273,-0.2559997457403507
enigma,epilepsy_rtle,41,0.03141449279166666,0.04116553626871261
enigma,epilepsy_rtle,43,-0.07505124689411771,-0.04015683474912954
enigma,epilepsy_rtle,45,-0.023434861487742993,-0.014930916079695211
enigma,epilepsy_rtle,47,0.021684514732160813,0.012315579148536537
enigma,epilepsy_rtle,49,0.03985803780306123,-0.017898715763348727
enigma,epilepsy_rtle,51,-0.08338752988625589,-0.06567514244710276
enigma,epilepsy_rtle,53,-0.4757043829458918,-0.3606685054656943
enigma,epilepsy_rtle,55,-0.4972639652131142,-0.41193630423518945
enigma,epilepsy_rtle,57,-0.4600400119607847,-0.4462052060932068
enigma,epilepsy_rtle,59,-0.4908633998947364,-0.4877726780001146
enigma,epilepsy_rtle,61,-0.41244590511111134,-0.2486789285345899
enigma,epilepsy_rtle,63,-0.45952483897097707,-0.33420213397464693
enigma,epilepsy_rtle,65,-0.45213055731958757,-0.31264511014616847
enigma,epilepsy_rtle,67,-0.49130672327464736,-0.4302388510857076
enigma,epilepsy_rtle,69,-0.12441269901408461,-0.11536053376679012
enigma,epilepsy_rtle,71,-0.18767116714285728,-0.20166365600787053
enigma,epilepsy_rtle,73,-0.165336388023012,-0.11162551713710003
enigma,epilepsy_rtle,75,-0.1669993198,-0.26890404854657324
enigma,epilepsy_rtle,77,-0.11260681257435892,0.025364862045056613
enigma,epilepsy_rtle,79,-0.13637214464666667,-0.14896523630893937
enigma,epilepsy_rtle,81,-0.10917756762376235,-0.14609965993531854
enigma,epilepsy_rtle,83,-0.10725863612690348,-0.1291247198670129
enigma,epilepsy_rtle,85,-0.1451928002439024,-0.14667728637467697
enigma,epilepsy_rtle,87,-0.12875356513927574,-0.13449308128799858
enigma,epilepsy_rtle,89,-0.08951153179104468,-0.2442853172698291
enigma,epilepsy_rtle,91,-0.06992099202564107,-0.17547123517070182
enigma,epilepsy_rtle,93,-0.08991384831858415,-0.1651703579837009
enigma,epilepsy_rtle,95,-0.07966068400000002,-0.15855589017951754
enigma,epilepsy_rtle,97,-0.08693836068702293,-0.13390607347186845
enigma,epilepsy_rtle,99,-0.07980139581954898,-0.14348241928479977
enigma,epilepsy_rtle,101,-0.06690433183333334,-0.16678908845482443
enigma,epilepsy_rtle,103,-0.11415143618235295,-0.2421354020465285
enigma,epilepsy_rtle,105,-0.18616551939297116,-0.2390575497516031
enigma,epilepsy_rtle,107,-0.12066287553521143,-0.2443237992187009
enigma,epilepsy_rtle,109,-0.12121222432098765,-0.2525344475323454
enigma,epilepsy_rtle,111,-0.04828752424561405,0.06565670713037369
enigma,epilepsy_rtle,113,-0.05619592139090908,-0.21903249395102667
enigma,epilepsy_rtle,115,-0.0756600759230769,-0.19758538727284702
enigma,epilepsy_rtle,117,-0.12304776055555555,0.01841545488236962
enigma,epilepsy_rtle,119,-0.10454534370666663,-0.23970423201676813
enigma,epilepsy_rtle,121,-0.18343681097435885,-0.19660750317032172
enigma,epilepsy_rtle,123,-0.20708916336769756,-0.29955531587744183
enigma,epilepsy_rtle,125,-0.39858694617801105,-0.31494255394970416
enigma,epilepsy_rtle,127,-0.39477695122449014,-0.3157480831616363
enigma,epilepsy_rtle,129,-0.3839754161180134,-0.3360667539091483
enigma,epilepsy_rtle,131,-0.3930243349677425,-0.35396416495789207
enigma,epilepsy_rtle,133,-0.384864867871487,-0.3116815885015281
enigma,epilepsy_rtle,135,-0.2618920351435405,-0.2795949043297997
enigma,epilepsy_rtle,137,-0.2773579497989025,-0.27989933976132997
enigma,epilepsy_rtle,139,-0.3554186568844245,-0.3069462409988297
enigma,epilepsy_rtle,141,-0.32071214226579486,-0.2719603393734411
enigma,epilepsy_rtle,143,-0.24324119381187914,-0.2793778436775825
enigma,epilepsy_rtle,145,-0.3146844873584915,-0.28542959080683755
enigma,epilepsy_rtle,147,-0.386789831888888,-0.2760622545621921
enigma,epilepsy_rtle,149,-0.39497334572864334,-0.26314876797807374
enigma,epilepsy_rtle,151,-0.35267048912854043,-0.2684106089375518
enigma,epilepsy_rtle,153,-0.30871340307692247,-0.19257960117350967
enigma,epilepsy_rtle,155,-0.37332635354074123,-0.40768163780146993
enigma,epilepsy_rtle,157,-0.324545594078948,-0.30586473693686606
enigma,epilepsy_rtle,159,-0.3472633677078646,-0.4193619306301526
enigma,epilepsy_rtle,161,-0.377540395121412,-0.41791588273062996
enigma,epilepsy_rtle,163,-0.12366090155648535,-0.17336895667507451
enigma,epilepsy_rtle,165,-0.02430740603125002,-0.0703633182240751
enigma,epilepsy_rtle,167,-0.04725406145384622,-0.13170398098275138
enigma,epilepsy_rtle,169,-0.07097051904347829,-0.15932410538403405
enigma,epilepsy_rtle,171,-0.09598081439772725,-0.07042736894098578
enigma,epilepsy_rtle,173,-0.11778586021759249,-0.12164697008565095
enigma,epilepsy_rtle,175,-0.04600758770303037,-0.3784713229847262
enigma,epilepsy_rtle,177,-0.06451473466666661,-0.30865846761943494
enigma,epilepsy_rtle,179,-0.15965117121989517,-0.4026899213215006
enigma,epilepsy_rtle,181,-0.06794762738318573,-0.33061999986261115
enigma,epilepsy_rtle,183,-0.12463071438541647,-0.3514306978481913
enigma,epilepsy_rtle,185,-0.22740843543005201,-0.3858816202341375
enigma,epilepsy_rtle,187,-0.0008795523155245124,-0.18616639573674787
enigma,epilepsy_rtle,189,-0.33788855952380975,-0.20571693191913243
enigma,epilepsy_rtle,191,-0.3063685247671237,-0.20093326999580982
enigma,epilepsy_rtle,193,-0.2886117422222223,-0.1792580252545041
enigma,epilepsy_rtle,195,-0.3087531420547948,-0.1919474445154942
enigma,epilepsy_rtle,197,-0.3168826112262521,-0.2171804180708691
enigma,epilepsy_rtle,199,-0.2598014612861741,-0.24790936540457165
enigma,epilepsy_rtle,201,-0.20946331878662397,-0.1998017055224077
enigma,epilepsy_rtle,203,-0.2575058884923077,-0.200721669134581
enigma,epilepsy_rtle,205,-0.2469135290201736,-0.2033192250508165
enigma,epilepsy_rtle,207,-0.359610704678899,-0.25649898186106024
enigma,epilepsy_rtle,209,-0.3661215433918134,-0.28202827645708106
enigma,epilepsy_ltle,1,-0.37569409255737735,-0.2592821648369712
enigma,epilepsy_ltle,3,-0.40147315656934357,-0.268436243383414
enigma,epilepsy_ltle,5,-0.3830994013595173,-0.25287795268164254
enigma,epilepsy_ltle,7,-0.42136176985590745,-0.268250958478374
enigma,epilepsy_ltle,9,-0.3903287612820511,-0.2569525058679245
enigma,epilepsy_ltle,11,-0.36074028374269085,-0.2539233457727444
enigma,epilepsy_ltle,13,-0.33225898946236593,-0.24174372464387628
enigma,epilepsy_ltle,15,-0.23266865759668548,-0.25880101901844543
enigma,epilepsy_ltle,17,-0.36182555705128167,-0.2654485337121215
enigma,epilepsy_ltle,19,-0.22178562397637752,-0.2607343972803311
enigma,epilepsy_ltle,21,-0.20753002047091454,-0.26615413804579185
enigma,epilepsy_ltle,23,-0.33893852021472404,-0.2703878410303485
enigma,epilepsy_ltle,25,-0.4197612188235287,-0.270346406428651
enigma,epilepsy_ltle,27,-0.18131977102307692,-0.2596262346198559
enigma,epilepsy_ltle,29,-0.263722332406015,-0.25253401060334657
enigma,epilepsy_ltle,31,-0.23158745470967762,-0.246725243076297
enigma,epilepsy_ltle,33,-0.22390804746575346,-0.2426613226917941
enigma,epilepsy_ltle,35,-0.24134669692857144,-0.24890628702307852
enigma,epilepsy_ltle,37,-0.18042407591436446,-0.23958923130536702
enigma,epilepsy_ltle,39,-0.2708603739716314,-0.25303456468415325
enigma,epilepsy_ltle,41,0.00165320218106481,-0.24452775548084
enigma,epilepsy_ltle,43,-0.08875179009294118,-0.23330731521116221
enigma,epilepsy_ltle,45,-0.06104517506983249,-0.24302840223254957
enigma,epilepsy_ltle,47,-0.01666023721165831,-0.2433484727412189
enigma,epilepsy_ltle,49,0.004385556959875499,-0.225481572743564
enigma,epilepsy_ltle,51,-0.09494648428720383,-0.2305105702319984
enigma,epilepsy_ltle,53,-0.45325715623246415,-0.26509843568784086
enigma,epilepsy_ltle,55,-0.48207798422950926,-0.2630296664212914
enigma,epilepsy_ltle,57,-0.438231462661065,-0.260605456586006
enigma,epilepsy_ltle,59,-0.4705664699473689,-0.2588894988440336
enigma,epilepsy_ltle,61,-0.3802758671111118,-0.2568566302034631
enigma,epilepsy_ltle,63,-0.4552828068073869,-0.26023744966120876
enigma,epilepsy_ltle,65,-0.4313380671477666,-0.2700227880972185
enigma,epilepsy_ltle,67,-0.4335413440492953,-0.2587211554985795
enigma,epilepsy_ltle,69,-0.28475139319248843,-0.11680214891692112
enigma,epilepsy_ltle,71,-0.33076301015873016,-0.23643959745507215
enigma,epilepsy_ltle,73,-0.26998271166318033,-0.09280287576664861
enigma,epilepsy_ltle,75,-0.3249517418500002,-0.18295538961408891
enigma,epilepsy_ltle,77,-0.27407891876923085,-0.04690571922472353
enigma,epilepsy_ltle,79,-0.36891949519999967,-0.12701702323213326
enigma,epilepsy_ltle,81,-0.2583247158415842,-0.149820976724723
enigma,epilepsy_ltle,83,-0.29238770477157366,-0.1327942296171461
enigma,epilepsy_ltle,85,-0.2289154781707318,-0.16107301632385468
enigma,epilepsy_ltle,87,-0.29064239192200564,-0.13778956273066262
enigma,epilepsy_ltle,89,-0.2536216656716417,-0.27181069447486084
enigma,epilepsy_ltle,91,-0.22269178205128198,-0.2017472177609698
enigma,epilepsy_ltle,93,-0.25331717203539805,-0.17050946091781116
enigma,epilepsy_ltle,95,-0.23875798345794405,-0.16601861583095046
enigma,epilepsy_ltle,97,-0.240453798625954,-0.14691140785880533
enigma,epilepsy_ltle,99,-0.23413538225563912,-0.15481999563116
enigma,epilepsy_ltle,101,-0.21954564145833333,-0.17751028088920853
enigma,epilepsy_ltle,103,-0.33684340023529397,-0.23716412427440395
enigma,epilepsy_ltle,105,-0.3528951346006387,-0.29430002149044676
enigma,epilepsy_ltle,107,-0.294810444901409,-0.2924635020013524
enigma,epilepsy_ltle,109,-0.4042255302469131,-0.2446500842911576
enigma,epilepsy_ltle,111,-0.33058438210526314,-0.18959865194750714
enigma,epilepsy_ltle,113,-0.3162205127272727,-0.25795649678253557
enigma,epilepsy_ltle,115,-0.3739434994871794,-0.22938375387578147
enigma,epilepsy_ltle,117,-0.34091077000000003,-0.07663306401585873
enigma,epilepsy_ltle,119,-0.2934544254666667,-0.29789293584609655
enigma,epilepsy_ltle,121,-0.1992174313333334,-0.13663672468628732
enigma,epilepsy_ltle,123,-0.17985081893470756,-0.2822247103959352
enigma,epilepsy_ltle,125,-0.48165880523560123,-0.2779005136856961
enigma,epilepsy_ltle,127,-0.47486055191836746,-0.27747921095168315
enigma,epilepsy_ltle,129,-0.43624666360248265,-0.2737165293006605
enigma,epilepsy_ltle,131,-0.45584402909677274,-0.2834303585236457
enigma,epilepsy_ltle,133,-0.4487146844578301,-0.27663444671385495
enigma,epilepsy_ltle,135,-0.28098838918660396,-0.28025905918149424
enigma,epilepsy_ltle,137,-0.283980326032906,-0.2781449295522719
enigma,epilepsy_ltle,139,-0.303676622479062,-0.2623420261511042
enigma,epilepsy_ltle,141,-0.2786324354466231,-0.2604184160170482
enigma,epilepsy_ltle,143,-0.2450892787376229,-0.2786260610589561
enigma,epilepsy_ltle,145,-0.28605915267924537,-0.25489043139951073
enigma,epilepsy_ltle,147,-0.5230126997037036,-0.2760600637391218
enigma,epilepsy_ltle,149,-0.4982810934673368,-0.27466673796597557
enigma,epilepsy_ltle,151,-0.46888455527233025,-0.2728321391971098
enigma,epilepsy_ltle,153,-0.4520444489389916,-0.2536549818140097
enigma,epilepsy_ltle,155,-0.3612006989777767,-0.3040456676448844
enigma,epilepsy_ltle,157,-0.29241214686052636,-0.2728399358930515
enigma,epilepsy_ltle,159,-0.3446163453707871,-0.3024418862905283
enigma,epilepsy_ltle,161,-0.3773081301324504,-0.3048598924588255
enigma,epilepsy_ltle,163,0.0007781729041840931,-0.2825388146958456
enigma,epilepsy_ltle,165,0.05387849152499998,-0.13788458826187086
enigma,epilepsy_ltle,167,0.04370484815423082,-0.20499295039982893
enigma,epilepsy_ltle,169,-0.07324284116413046,-0.1913776192120826
enigma,epilepsy_ltle,171,0.04127781685795457,-0.250804375048386
enigma,epilepsy_ltle,173,-0.01346983246759265,-0.24084327816025533
enigma,epilepsy_ltle,175,-0.13992750518181815,-0.3266401509642648
enigma,epilepsy_ltle,177,-0.022451453579710172,-0.27103973773651596
enigma,epilepsy_ltle,179,-0.09985926606282731,-0.23692878656148425
enigma,epilepsy_ltle,181,-0.1618010802300886,-0.3389685054945017
enigma,epilepsy_ltle,183,-0.07728114116145843,-0.31398879162045423
enigma,epilepsy_ltle,185,-0.25519124665803145,-0.3250263789398316
enigma,epilepsy_ltle,187,0.015497455020979042,-0.15783258047557444
enigma,epilepsy_ltle,189,-0.3376914607738096,-0.3306757916452524
enigma,epilepsy_ltle,191,-0.2503737716986303,-0.33065546119896744
enigma,epilepsy_ltle,193,-0.26174349841269845,-0.3236216351005476
enigma,epilepsy_ltle,195,-0.3442283768493152,-0.3213662426974752
enigma,epilepsy_ltle,197,-0.32316494122625183,-0.3315587841243705
enigma,epilepsy_ltle,199,-0.3131281063022511,-0.36642578666096004
enigma,epilepsy_ltle,201,-0.2868787832802556,-0.33404814811351474
enigma,epilepsy_ltle,203,-0.3055414061846157,-0.33180771704100964
enigma,epilepsy_ltle,205,-0.31828268772334356,-0.34878020263982196
enigma,epilepsy_ltle,207,-0.40040938380733937,-0.34685767017510183
enigma,epilepsy_ltle,209,-0.42565432625731037,-0.35217046456463025
enigma,depression,1,-0.0647953138491802,-0.03030109294242176
enigma,depression,3,-0.06036203235523127,-0.02301425224364685
enigma,depression,5,-0.0621100125287008,-0.05238191771004095
enigma,depression,7,-0.05687982156772314,-0.00977012556813888
enigma,depression,9,-0.058189004423076875,-0.003921337856573309
enigma,depression,11,-0.06395329267543846,-0.051450958526795855
enigma,depression,13,-0.06922397083602141,-0.08819864606984608
enigma,depression,15,-0.04111644877071847,-0.0716582217976412
enigma,depression,17,-0.02199660260641022,-0.028082169951111815
enigma,depression,19,-0.039634270767716535,-0.09510327410540027
enigma,depression,21,-0.039397206421052766,-0.08967316530762674
enigma,depression,23,-0.029399529495398733,-0.020535655531588634
enigma,depression,25,-0.022719978886274538,-0.004930326340704241
enigma,depression,27,-0.04034133110769234,-0.10296267755468887
enigma,depression,29,-0.04951974106015037,-0.05257746860597063
enigma,depression,31,-0.05118818175483871,-0.0801825222296113
enigma,depression,33,-0.06025605469863012,-0.06777466814455668
enigma,depression,35,-0.05598968732857142,-0.08567930234579199
enigma,depression,37,-0.06352828280386744,-0.057988276600327016
enigma,depression,39,-0.05304936260283683,-0.03939621030600894
enigma,depression,41,-0.11445043149074074,-0.12293349145748729
enigma,depression,43,-0.05578614008823533,-0.0948770354331048
enigma,depression,45,-0.05207864851955306,-0.10102218436088643
enigma,depression,47,-0.09007189718090451,-0.11239270118773739
enigma,depression,49,-0.10001386923129245,-0.09925214492216686
enigma,depression,51,-0.06068459843601898,-0.08664391306483621
enigma,depression,53,-0.008387329773547095,0.006275928684776166
enigma,depression,55,-0.024227782518032762,0.01316106891483252
enigma,depression,57,-0.0031915073770308108,0.02896103126128581
enigma,depression,59,-0.02510761286894735,0.028642868085244536
enigma,depression,61,-0.023282914191428583,-0.025701661655177743
enigma,depression,63,-0.02418482969920845,-0.021395152278696213
enigma,depression,65,-0.006128432494872863,-0.018656015301581442
enigma,depression,67,-0.011428901496126756,0.01760747773174063
enigma,depression,69,-0.01753448508544599,-0.04856474364907734
enigma,depression,71,-0.007253871248517461,-0.0328387242455266
enigma,depression,73,-0.014868746015753125,-0.04671957886324193
enigma,depression,75,-0.015339226599500018,-0.04348915667506343
enigma,depression,77,-0.01825128616687179,-0.04772043319275143
enigma,depression,79,-0.009722233795133327,-0.048578401392809854
enigma,depression,81,-0.07762733641584153,-0.05080014467995817
enigma,depression,83,-0.06187835884771573,-0.05452732235623736
enigma,depression,85,-0.0749947829817073,-0.05905761160600707
enigma,depression,87,-0.06133453502228409,-0.05270937087101888
enigma,depression,89,-0.06967208313432836,-0.0331804783171145
enigma,depression,91,-0.055660578974359005,-0.05427734522034129
enigma,depression,93,-0.06075174441592928,-0.04060640209918377
enigma,depression,95,-0.06517606286915895,-0.043824442353626786
enigma,depression,97,-0.06485633809160304,-0.06015745950969318
enigma,depression,99,-0.06378716266165407,-0.05345307465449155
enigma,depression,101,-0.0548121112291667,-0.04249585991921812
enigma,depression,103,-0.08383871457941186,-0.009301571862409014
enigma,depression,105,-0.09766822466453677,-0.04563815124065365
enigma,depression,107,-0.08513916309577449,-0.04555267077847523
enigma,depression,109,-0.05987797551851851,-0.003414833530146301
enigma,depression,111,-0.0721205232982456,-0.05999863836948788
enigma,depression,113,-0.08090839699090908,-0.05572808596673991
enigma,depression,115,-0.06152747523076922,-0.018557291827673596
enigma,depression,117,-0.03976939677777777,-0.09385074984619954
enigma,depression,119,-0.055582540720000025,-0.043969107220130185
enigma,depression,121,-0.04635503299487179,-0.05397162125496267
enigma,depression,123,-0.057810021357388254,-0.04776356972421538
enigma,depression,125,-0.007867475757068037,-0.040155233220032206
enigma,depression,127,-0.008994583562040814,-0.03660430446944443
enigma,depression,129,-0.010035381866770169,-0.04428505257140492
enigma,depression,131,-0.0006685097524838687,-0.0452931057575547
enigma,depression,133,-0.010855922472289108,-0.03854512041316053
enigma,depression,135,-0.051630717866028464,-0.0352602096267239
enigma,depression,137,-0.05158889409506392,-0.03596124460074438
enigma,depression,139,-0.0298088426757119,-0.04751495333023644
enigma,depression,141,-0.047062604283224486,-0.04004767389744619
enigma,depression,143,-0.060498192340346785,-0.03587409036644054
enigma,depression,145,-0.03376714572792455,-0.05001291378150591
enigma,depression,147,-0.020144395196296277,-0.03992342545929135
enigma,depression,149,-0.018600281494974898,-0.04826275167485667
enigma,depression,151,-0.01807297839623094,-0.03324194529218848
enigma,depression,153,-0.037190039347480115,-0.04473938724917481
enigma,depression,155,0.021627900067703744,-0.048426698082167076
enigma,depression,157,0.007120358013421058,-0.05145698102767143
enigma,depression,159,0.01906964229442702,-0.04755235065209368
enigma,depression,161,0.019639004985651208,-0.049029584677006
enigma,depression,163,-0.07495810243514651,-0.0028528936607185654
enigma,depression,165,-0.0820311973229167,-0.05486481290563484
enigma,depression,167,-0.09033847450769228,-0.03776622945467439
enigma,depression,169,-0.06035601772282605,-0.03512771317600307
enigma,depression,171,-0.08715597998863646,-0.044030898568429525
enigma,depression,173,-0.08782248860648151,-0.03847899835815399
enigma,depression,175,-0.08882795994372275,-0.05546506787117169
enigma,depression,177,-0.07312808747826087,-0.0862933286172175
enigma,depression,179,-0.07144287693717283,-0.07212987510830152
enigma,depression,181,-0.07331289219911498,-0.005934796564880232
enigma,depression,183,-0.06561394031249995,-0.05880037307253632
enigma,depression,185,-0.06372394407772013,-0.053563079391435585
enigma,depression,187,-0.1256804402937061,-0.07791640967096256
enigma,depression,189,-0.0038214572232143046,-0.03973929182551213
enigma,depression,191,0.05118599594356167,-0.03354323514870494
enigma,depression,193,0.03813803593499997,-0.028425267540792828
enigma,depression,195,-0.02219320449983561,-0.04852993764938874
enigma,depression,197,0.016790147758963734,-0.03859789429039455
enigma,depression,199,-0.026924133633440477,-0.05672841457391907
enigma,depression,201,-0.04046740415923558,-0.049445560292821364
enigma,depression,203,-0.014155935990769244,-0.032021879746584644
enigma,depression,205,-0.03248116313544662,-0.05643194093865192
enigma,depression,207,0.0013417480035963288,-0.043565858484693146
enigma,depression,209,-0.016602607606725134,-0.045775003892370325
enigma,ocd,1,-0.06482510091803269,-0.05988948630911358
enigma,ocd,3,-0.07188476931873473,-0.06107993622422131
enigma,ocd,5,-0.07248757533232598,-0.058370144356008104
enigma,ocd,7,-0.06597004222190175,-0.06044283363400411
enigma,ocd,9,-0.058992777212820424,-0.05733260739486669
enigma,ocd,11,-0.06296319020467826,-0.059778669312998814
enigma,ocd,13,-0.07105770084139784,-0.05843116546591568
enigma,ocd,15,-0.09129929628176778,-0.059989351696596666
enigma,ocd,17,-0.08576207268717957,-0.06081952200135069
enigma,ocd,19,-0.0926045361062993,-0.06231425149288127
enigma,ocd,21,-0.0898208923296399,-0.06290205490117812
enigma,ocd,23,-0.08844440989570547,-0.06136705312302836
enigma,ocd,25,-0.0777347935803921,-0.06064846951415305
enigma,ocd,27,-0.08820916732307701,-0.0630064283190055
enigma,ocd,29,-0.07829612821804513,-0.05952672335091147
enigma,ocd,31,-0.06806609740645161,-0.05957487992559432
enigma,ocd,33,-0.06828455539041091,-0.05879268265456916
enigma,ocd,35,-0.043583637292857184,-0.061039697401608924
enigma,ocd,37,-0.05952694388121536,-0.058357551156643137
enigma,ocd,39,-0.07175044128368786,-0.059857785972471655
enigma,ocd,41,-0.08020159603703707,-0.06069409305793099
enigma,ocd,43,-0.080330098464706,-0.05898008322678511
enigma,ocd,45,-0.09341517149720653,-0.060757025434484024
enigma,ocd,47,-0.0861036834170854,-0.06074073479248287
enigma,ocd,49,-0.0879696619149659,-0.05765701859816588
enigma,ocd,51,-0.07202562232701425,-0.05863403113936029
enigma,ocd,53,-0.03372839951503006,-0.05901575124358437
enigma,ocd,55,-0.04191636804590159,-0.057629918144451744
enigma,ocd,57,-0.03203470785994394,-0.056341090917946784
enigma,ocd,59,-0.038859673089473676,-0.055581232528872405
enigma,ocd,61,-0.04064664815238092,-0.060008832339792616
enigma,ocd,63,-0.04775316076253295,-0.05980903093750104
enigma,ocd,65,-0.032253840975944935,-0.06107388069304541
enigma,ocd,67,-0.021894507838028175,-0.05650401199175387
enigma,ocd,69,-0.007265044554225349,-0.058561485812189756
enigma,ocd,71,-0.01890052335555556,-0.04201024910101285
enigma,ocd,73,-0.014244364917364031,-0.04426766394037896
enigma,ocd,75,-0.02838971931099997,-0.06603903353323684
enigma,ocd,77,-0.020775658266666674,-0.04119304212289064
enigma,ocd,79,-0.024107060958666687,-0.05798127067395475
enigma,ocd,81,-0.08802196340594057,-0.08392328011497646
enigma,ocd,83,-0.07352601973604057,-0.07087950566000796
enigma,ocd,85,-0.08781072953048787,-0.08389546762389395
enigma,ocd,87,-0.06878168458217268,-0.07425151838821195
enigma,ocd,89,-0.0935661345671642,-0.08716082458091015
enigma,ocd,91,-0.08888826920512824,-0.08373830259054325
enigma,ocd,93,-0.08158241951327437,-0.08488382364777253
enigma,ocd,95,-0.08935009445794385,-0.0853202191591971
enigma,ocd,97,-0.0889224146183206,-0.08373168900568422
enigma,ocd,99,-0.08877506336842109,-0.08621696784626119
enigma,ocd,101,-0.0886021141041666,-0.08674161273520911
enigma,ocd,103,-0.08553416991764695,-0.09302262134418442
enigma,ocd,105,-0.10044226324600657,-0.08138971106179857
enigma,ocd,107,-0.09793086267042243,-0.08314336572075785
enigma,ocd,109,-0.06925562300000002,-0.09371791924591899
enigma,ocd,111,-0.0652827316666667,-0.07615909015519048
enigma,ocd,113,-0.07059227603636369,-0.08209760111852692
enigma,ocd,115,-0.06501837330769233,-0.09028964710818764
enigma,ocd,117,-0.03739830772222222,-0.07546341564459462
enigma,ocd,119,-0.05896075298666663,-0.0902808144627197
enigma,ocd,121,-0.052545366846153914,-0.07432754925892712
enigma,ocd,123,-0.07082445556013757,-0.09072204641407758
enigma,ocd,125,-0.0672821235759162,-0.06593444397838308
enigma,ocd,127,-0.06864169935102034,-0.06472975893977957
enigma,ocd,129,-0.0648432587795033,-0.06465717032774601
enigma,ocd,131,-0.058061211651612876,-0.0642543258007445
enigma,ocd,133,-0.06970827689558233,-0.06545336945581305
enigma,ocd,135,-0.12387986658133965,-0.06467228318356966
enigma,ocd,137,-0.11703358487751364,-0.0649606382299599
enigma,ocd,139,-0.04992999470854259,-0.06343226803254111
enigma,ocd,141,-0.07093499803485825,-0.06538411922028943
enigma,ocd,143,-0.12700712614727747,-0.06495184891950995
enigma,ocd,145,-0.043453158830188604,-0.0627536071338893
enigma,ocd,147,-0.08989756977037051,-0.06427971626142909
enigma,ocd,149,-0.07775216265577903,-0.06384150074449331
enigma,ocd,151,-0.0860291294488019,-0.06271787163147403
enigma,ocd,153,-0.09180505828912458,-0.06256361061314292
enigma,ocd,155,-0.026707180601481473,-0.06141242126207778
enigma,ocd,157,-0.03197244562631575,-0.062350617735004915
enigma,ocd,159,-0.03285596734382024,-0.061379179135027905
enigma,ocd,161,-0.030637827578366434,-0.061734758932970785
enigma,ocd,163,-0.04621802915481171,-0.06359957328063072
enigma,ocd,165,-0.07547000141666671,-0.0631792147793597
enigma,ocd,167,-0.06948959250000004,-0.06403170484036656
enigma,ocd,169,-0.04072643515760872,-0.06390981120226767
enigma,ocd,171,-0.05732952803409089,-0.06440374320659134
enigma,ocd,173,-0.06491673661111108,-0.06409177901524113
enigma,ocd,175,-0.06760397631168825,-0.06408632100768136
enigma,ocd,177,-0.03398404374173917,-0.06557024591741012
enigma,ocd,179,-0.044717302268062815,-0.06466764517904161
enigma,ocd,181,-0.06961332497787623,-0.06683594292273798
enigma,ocd,183,-0.035291301632916695,-0.06400136795106737
enigma,ocd,185,-0.0471608681606218,-0.06342678783371519
enigma,ocd,187,-0.07660040546153847,-0.06618735870306063
enigma,ocd,189,-0.056877876363095256,-0.10398789769382893
enigma,ocd,191,-0.025588185254794473,-0.10618927517987253
enigma,ocd,193,-0.031923197844841274,-0.10886869604107216
enigma,ocd,195,-0.06213676543561649,-0.09047247066310198
enigma,ocd,197,-0.04953747675820374,-0.09977468277415164
enigma,ocd,199,-0.08171818654983945,-0.09547764639215812
enigma,ocd,201,-0.08757587025796168,-0.07380537650586137
enigma,ocd,203,-0.06811853271384616,-0.10589849103241455
enigma,ocd,205,-0.07689968917579244,-0.08687234836366174
enigma,ocd,207,-0.0613341195229358,-0.09736007644942782
enigma,ocd,209,-0.07790635312280693,-0.09073159945228616
enigma,schizophrenia,1,-0.4068707255081954,-0.20595010639902084
enigma,schizophrenia,3,-0.417068562798054,-0.17568400796789366
enigma,schizophrenia,5,-0.4165493418428998,-0.20997984280969884
enigma,schizophrenia,7,-0.406630926772335,-0.17254536919226515
enigma,schizophrenia,9,-0.38700515766666704,-0.19716821174474392
enigma,schizophrenia,11,-0.3990765347368426,-0.21996166024612412
enigma,schizophrenia,13,-0.3887023700268817,-0.26487364644302447
enigma,schizophrenia,15,-0.3709627061602201,-0.2169663547747761
enigma,schizophrenia,17,-0.35952208958974363,-0.16591753408019705
enigma,schizophrenia,19,-0.3676364852362202,-0.240002083776101
enigma,schizophrenia,21,-0.36023784684210397,-0.1890549470533266
enigma,schizophrenia,23,-0.3720842915644171,-0.1693979337754526
enigma,schizophrenia,25,-0.3636396642745098,-0.1657126848670173
enigma,schizophrenia,27,-0.3542369553461535,-0.22650574266002005
enigma,schizophrenia,29,-0.36428676887218026,-0.15520651512129774
enigma,schizophrenia,31,-0.35821289877419304,-0.18577475160430618
enigma,schizophrenia,33,-0.3650774480821918,-0.2171674987271921
enigma,schizophrenia,35,-0.3403188017857142,-0.21881226563174733
enigma,schizophrenia,37,-0.3646646912707184,-0.28234498347894704
enigma,schizophrenia,39,-0.3608815814893619,-0.2900574638735094
enigma,schizophrenia,41,-0.24577541606481457,-0.24801438765309647
enigma,schizophrenia,43,-0.3730479017647054,-0.277132373560396
enigma,schizophrenia,45,-0.3839100362290502,-0.25656489808418675
enigma,schizophrenia,47,-0.2944272298994975,-0.23812404772361967
enigma,schizophrenia,49,-0.29437559714285705,-0.22187688406295153
enigma,schizophrenia,51,-0.3707270631279622,-0.2805019640361698
enigma,schizophrenia,53,-0.3038706378156318,-0.2077175382319232
enigma,schizophrenia,55,-0.3261480513114752,-0.17499493483523654
enigma,schizophrenia,57,-0.297837813837534,-0.21883613311343425
enigma,schizophrenia,59,-0.3247607816842109,-0.2006457889912272
enigma,schizophrenia,61,-0.3201048930793649,-0.32790020874278925
enigma,schizophrenia,63,-0.32769435976253347,-0.2353704198908284
enigma,schizophrenia,65,-0.2671213032302403,-0.29020289183509407
enigma,schizophrenia,67,-0.2776319993661969,-0.23030369430538944
enigma,schizophrenia,69,-0.31851335150234766,-0.3302958399830629
enigma,schizophrenia,71,-0.41155421463492076,-0.39689711469908373
enigma,schizophrenia,73,-0.39303885583681997,-0.36917970212405476
enigma,schizophrenia,75,-0.41929113570000065,-0.34863275199972754
enigma,schizophrenia,77,-0.42302037415384586,-0.32166071357726655
enigma,schizophrenia,79,-0.43582411759999995,-0.34234178283637995
enigma,schizophrenia,81,-0.438161655742574,-0.32372977030119854
enigma,schizophrenia,83,-0.4390120024873099,-0.31905666984267256
enigma,schizophrenia,85,-0.4134749059756097,-0.30266050245414333
enigma,schizophrenia,87,-0.43277787671309276,-0.3318166053464081
enigma,schizophrenia,89,-0.4609792074626868,-0.39994861145371524
enigma,schizophrenia,91,-0.451399676153846,-0.33940080613761836
enigma,schizophrenia,93,-0.43897311513274334,-0.34329069824901826
enigma,schizophrenia,95,-0.4471024513084114,-0.33655905014801357
enigma,schizophrenia,97,-0.44318450251908353,-0.2957898715622349
enigma,schizophrenia,99,-0.4458814776691728,-0.31754406839906824
enigma,schizophrenia,101,-0.45142828784722205,-0.34286307220364637
enigma,schizophrenia,103,-0.39704641329411816,-0.39003721842477634
enigma,schizophrenia,105,-0.464405318370606,-0.3863124513407355
enigma,schizophrenia,107,-0.4642713529577462,-0.39781282013252317
enigma,schizophrenia,109,-0.2861262164197531,-0.39626969371563703
enigma,schizophrenia,111,-0.28966143982456155,-0.33050881070322563
enigma,schizophrenia,113,-0.3272441394545453,-0.3526429872769536
enigma,schizophrenia,115,-0.2622772666666666,-0.3950954477174813
enigma,schizophrenia,117,-0.2731929722222223,-0.42717198128334777
enigma,schizophrenia,119,-0.3021933714666666,-0.3830197583525072
enigma,schizophrenia,121,-0.38682345266666635,-0.3206690483252379
enigma,schizophrenia,123,-0.3766514942268037,-0.35135580792108345
enigma,schizophrenia,125,-0.22288470083769701,-0.4528320658366416
enigma,schizophrenia,127,-0.22516345930612228,-0.31920494134159677
enigma,schizophrenia,129,-0.2353316038509316,-0.3782443548095741
enigma,schizophrenia,131,-0.22186087741935515,-0.3758862204271932
enigma,schizophrenia,133,-0.22466134060241041,-0.37879949675479874
enigma,schizophrenia,135,-0.33707785729665035,-0.37972095082477725
enigma,schizophrenia,137,-0.3415124056672763,-0.39417165216904104
enigma,schizophrenia,139,-0.360717440217756,-0.36738831630489144
enigma,schizophrenia,141,-0.38868903485838896,-0.4168094754571462
enigma,schizophrenia,143,-0.3658773246287121,-0.3949022962408691
enigma,schizophrenia,145,-0.38973926794339736,-0.4064054086738167
enigma,schizophrenia,147,-0.282330753814815,-0.37077815474660364
enigma,schizophrenia,149,-0.2802427102010045,-0.3914440989953278
enigma,schizophrenia,151,-0.28229267187363843,-0.25477011979246816
enigma,schizophrenia,153,-0.30231333058355503,-0.27403029650473637
enigma,schizophrenia,155,-0.2762355026222224,-0.2854192865774857
enigma,schizophrenia,157,-0.2980522172105266,-0.32096211545099285
enigma,schizophrenia,159,-0.2702139208988763,-0.28330996014049414
enigma,schizophrenia,161,-0.26131121286975706,-0.2960500463923072
enigma,schizophrenia,163,-0.37339107807531374,-0.3551665010574595
enigma,schizophrenia,165,-0.4048815494791671,-0.3516621485415179
enigma,schizophrenia,167,-0.39752347423076906,-0.3552933246688434
enigma,schizophrenia,169,-0.41872421505434804,-0.3534244011029724
enigma,schizophrenia,171,-0.38796201323863627,-0.3564080615373509
enigma,schizophrenia,173,-0.3889028169444444,-0.3557896279850761
enigma,schizophrenia,175,-0.30814930463203444,-0.3553703511966069
enigma,schizophrenia,177,-0.23578074857971032,-0.3523075581097423
enigma,schizophrenia,179,-0.26441868612565456,-0.3469169495172238
enigma,schizophrenia,181,-0.3129797206194689,-0.32769694028155893
enigma,schizophrenia,183,-0.25931048324999983,-0.3501676320276576
enigma,schizophrenia,185,-0.2989026253367882,-0.3550476098402045
enigma,schizophrenia,187,-0.21808147223776225,-0.35143529743585455
enigma,schizophrenia,189,-0.34287408017857157,-0.3220470531338455
enigma,schizophrenia,191,-0.19562450782465735,-0.3204604881402842
enigma,schizophrenia,193,-0.21753810694047618,-0.3187864741901395
enigma,schizophrenia,195,-0.36456691679452097,-0.3303213892108662
enigma,schizophrenia,197,-0.25385540034542364,-0.3230746600303796
enigma,schizophrenia,199,-0.32656903231511336,-0.3303880623071858
enigma,schizophrenia,201,-0.3650074963694267,-0.3498719515394764
enigma,schizophrenia,203,-0.3117096479384628,-0.32048377204631034
enigma,schizophrenia,205,-0.3503558056195969,-0.3373049053821213
enigma,schizophrenia,207,-0.22715562655963276,-0.32564725740576533
enigma,schizophrenia,209,-0.2428259334502924,-0.33088249934521574
enigma,bipolar,1,-0.2247327639016388,-0.1358474814963386
enigma,bipolar,3,-0.23762437299270017,-0.12975823309939855
enigma,bipolar,5,-0.23876791202416894,-0.10877675835730219
enigma,bipolar,7,-0.22773644521613917,-0.12334706873384405
enigma,bipolar,9,-0.2119541885641031,-0.10466276499111661
enigma,bipolar,11,-0.22140336435672509,-0.13867390816371877
enigma,bipolar,13,-0.22557701298387167,-0.13135995847329232
enigma,bipolar,15,-0.26987892345303893,-0.11600259298419724
enigma,bipolar,17,-0.26183939605128265,-0.12981672794740734
enigma,bipolar,19,-0.2720260053149607,-0.14410078434447057
enigma,bipolar,21,-0.27550855595567825,-0.13607846118279388
enigma,bipolar,23,-0.264254885398773,-0.1297474192932578
enigma,bipolar,25,-0.24607356137254877,-0.12185112707110289
enigma,bipolar,27,-0.2533327118461539,-0.1487586999980964
enigma,bipolar,29,-0.27237100218045107,-0.12625599362915305
enigma,bipolar,31,-0.2789522933548388,-0.12874174439548772
enigma,bipolar,33,-0.2861983950684934,-0.1391460186769525
enigma,bipolar,35,-0.2642419709285713,-0.14502236596157314
enigma,bipolar,37,-0.26359831837016595,-0.15415653864690254
enigma,bipolar,39,-0.2651025394326242,-0.1599875925209713
enigma,bipolar,41,-0.19250847069444457,-0.14624921151047088
enigma,bipolar,43,-0.22738809082352962,-0.1500910072795309
enigma,bipolar,45,-0.21818156625698307,-0.15114226979049009
enigma,bipolar,47,-0.203807350603015,-0.1472326423279604
enigma,bipolar,49,-0.20351678207482987,-0.13439157890987147
enigma,bipolar,51,-0.23114169563981063,-0.15601447225344903
enigma,bipolar,53,-0.15954527903807625,-0.11377615410634073
enigma,bipolar,55,-0.1871579849508195,-0.09478826127787794
enigma,bipolar,57,-0.15175973450980412,-0.09079662914570785
enigma,bipolar,59,-0.18072611673684205,-0.08351018255013451
enigma,bipolar,61,-0.17480933116825398,-0.16278121806806675
enigma,bipolar,63,-0.19966731994722944,-0.13944050690664983
enigma,bipolar,65,-0.14886130752577326,-0.15294332140348865
enigma,bipolar,67,-0.15143294813380304,-0.09977063488151247
enigma,bipolar,69,-0.15161708655399042,-0.2055968160430911
enigma,bipolar,71,-0.2086747438412694,-0.18881570190055286
enigma,bipolar,73,-0.1880666787656907,-0.1744838277734372
enigma,bipolar,75,-0.2150252250000001,-0.20083119122085963
enigma,bipolar,77,-0.20361854738461538,-0.14187503469052526
enigma,bipolar,79,-0.21518065506666653,-0.18075680471078046
enigma,bipolar,81,-0.24760768623762394,-0.19685885831278094
enigma,bipolar,83,-0.24053737553299478,-0.18540089526181028
enigma,bipolar,85,-0.24054881560975583,-0.1858904395985458
enigma,bipolar,87,-0.23669568437325858,-0.18451768673871816
enigma,bipolar,89,-0.2606811464179103,-0.25962003252766247
enigma,bipolar,91,-0.2524733362820511,-0.21052491889210778
enigma,bipolar,93,-0.24528479867256647,-0.21331050277717178
enigma,bipolar,95,-0.25082692700934567,-0.20866084395775722
enigma,bipolar,97,-0.24824908893129755,-0.18195443829128272
enigma,bipolar,99,-0.25012803330827077,-0.19629569038866784
enigma,bipolar,101,-0.25244691805555547,-0.2144249334274276
enigma,bipolar,103,-0.19223681683235327,-0.2591619659984517
enigma,bipolar,105,-0.2688868413738017,-0.24644243757474882
enigma,bipolar,107,-0.2631384481971828,-0.2574874405799009
enigma,bipolar,109,-0.10631413729629628,-0.2660622627264009
enigma,bipolar,111,-0.05511689766666669,-0.16863501180144871
enigma,bipolar,113,-0.08718716710000006,-0.2383235726825025
enigma,bipolar,115,-0.05383722715384614,-0.25927892525984014
enigma,bipolar,117,-0.10966186477777777,-0.2701794125858019
enigma,bipolar,119,-0.08306408305333336,-0.2285394277572307
enigma,bipolar,121,-0.21440287512820505,-0.18964563067868256
enigma,bipolar,123,-0.22426505274914113,-0.23002342751743948
enigma,bipolar,125,-0.16824412120418855,-0.2775705054380512
enigma,bipolar,127,-0.17003308738775522,-0.2234674682552067
enigma,bipolar,129,-0.17188933810559034,-0.23353545646901366
enigma,bipolar,131,-0.15481040732258075,-0.22192212982803677
enigma,bipolar,133,-0.1715543442570286,-0.2528774228572727
enigma,bipolar,135,-0.24207790610047863,-0.21348743000707052
enigma,bipolar,137,-0.24696077058500876,-0.22510439654090347
enigma,bipolar,139,-0.22211446075376953,-0.2014290538181781
enigma,bipolar,141,-0.2536835693464057,-0.2407063668978816
enigma,bipolar,143,-0.25910772831682827,-0.22469044309805208
enigma,bipolar,145,-0.23176654292452797,-0.1857346249400099
enigma,bipolar,147,-0.19925952688888954,-0.21507605003649377
enigma,bipolar,149,-0.1886134791959798,-0.20289282498074834
enigma,bipolar,151,-0.18457420344226583,-0.145133551884649
enigma,bipolar,153,-0.19669595360742687,-0.14964838049008475
enigma,bipolar,155,-0.11758082418370379,-0.17130908643835485
enigma,bipolar,157,-0.1348699477999997,-0.18371080219834757
enigma,bipolar,159,-0.1265128949865167,-0.17195154183761546
enigma,bipolar,161,-0.1198051138432669,-0.16867413326597785
enigma,bipolar,163,-0.1825253362761505,-0.20397758946870564
enigma,bipolar,165,-0.20531175968750015,-0.22156825300759095
enigma,bipolar,167,-0.21728336084615368,-0.2233060521391818
enigma,bipolar,169,-0.20138074407608703,-0.2202699630658922
enigma,bipolar,171,-0.1876600588636361,-0.21943212550678168
enigma,bipolar,173,-0.21664551375000038,-0.21788327395192592
enigma,bipolar,175,-0.1551738248484849,-0.18995087722322018
enigma,bipolar,177,-0.13918769088405786,-0.2188955741900738
enigma,bipolar,179,-0.16702718371204178,-0.21798504288449017
enigma,bipolar,181,-0.15298127628318614,-0.15142832171474926
enigma,bipolar,183,-0.15293646478124992,-0.2096264700058751
enigma,bipolar,185,-0.16272885834196932,-0.19079875890350506
enigma,bipolar,187,-0.1745252216083916,-0.22556876686010563
enigma,bipolar,189,-0.19360109214285695,-0.15637767959898
enigma,bipolar,191,-0.07332729364520534,-0.15555936248642666
enigma,bipolar,193,-0.08540740564880951,-0.15067857124431283
enigma,bipolar,195,-0.20347513922191762,-0.15829874560564614
enigma,bipolar,197,-0.13122338382383394,-0.15616195656396914
enigma,bipolar,199,-0.17044565424437275,-0.19386840175690143
enigma,bipolar,201,-0.19559576786624208,-0.1957834633806578
enigma,bipolar,203,-0.14476274867692296,-0.15527004882522294
enigma,bipolar,205,-0.17383524827089333,-0.1791552389595394
enigma,bipolar,207,-0.14310406029816525,-0.1709879961286819
enigma,bipolar,209,-0.18144869213450282,-0.19253919871341083
enigma,obesity,1,-0.14494321629508142,-0.04805557838698668
enigma,obesity,3,-0.1492992039172747,-0.030214429444783183
enigma,obesity,5,-0.14282364319637433,-0.051148455958618694
enigma,obesity,7,-0.15770319729106566,-0.029822243806769122
enigma,obesity,9,-0.15596191615384614,-0.019685229656633774
enigma,obesity,11,-0.14194747327485327,-0.06122461613466004
enigma,obesity,13,-0.1372539776532258,-0.09472457035584234
enigma,obesity,15,-0.10413925935635351,-0.07213620422617509
enigma,obesity,17,-0.15640806683333314,-0.04047912543151819
enigma,obesity,19,-0.10133940487401588,-0.12598050426429047
enigma,obesity,21,-0.09413020967035994,-0.09488535069660403
enigma,obesity,23,-0.1422448896411041,-0.03199726789384644
enigma,obesity,25,-0.1713244638039217,-0.02714961159567031
enigma,obesity,27,-0.10020175664230771,-0.13276184751952638
enigma,obesity,29,-0.14681723413533837,-0.05275323890319991
enigma,obesity,31,-0.0896679187354839,-0.082219080471021
enigma,obesity,33,-0.11094138571917808,-0.09078003237974927
enigma,obesity,35,-0.05758905803571425,-0.1233569811990995
enigma,obesity,37,-0.10048767430939208,-0.11891477238724274
enigma,obesity,39,-0.15363706234042565,-0.11370802482377487
enigma,obesity,41,-0.09267801760185176,-0.14565290716965187
enigma,obesity,43,-0.10969575111176458,-0.12764124875939525
enigma,obesity,45,-0.118943452142458,-0.12513995919028145
enigma,obesity,47,-0.09985844255276365,-0.1328685334529659
enigma,obesity,49,-0.10196363051020432,-0.10891206059126537
enigma,obesity,51,-0.1062211528672984,-0.1332088937511655
enigma,obesity,53,-0.16172725045490988,-0.04496260355558196
enigma,obesity,55,-0.1943091895737707,-0.0067525308463618205
enigma,obesity,57,-0.1476501322464983,-0.016579195955654158
enigma,obesity,59,-0.18424951115789479,0.009511422879634801
enigma,obesity,61,-0.16469812461587258,-0.12554945459629666
enigma,obesity,63,-0.1894304338258575,-0.060855561244954615
enigma,obesity,65,-0.13961881013745672,-0.12151358628000739
enigma,obesity,67,-0.1610689905985914,-0.027350668789210747
enigma,obesity,69,-0.18390750323943642,-0.10574728050651791
enigma,obesity,71,-0.2176811757142855,-0.12891316802823133
enigma,obesity,73,-0.2202172405020926,-0.1393087518896215
enigma,obesity,75,-0.2214646026499999,-0.12961087644931113
enigma,obesity,77,-0.22423986307692337,-0.13571204242211232
enigma,obesity,79,-0.23840939199999994,-0.135936381054523
enigma,obesity,81,-0.22394864564356443,-0.11865714518110224
enigma,obesity,83,-0.22853686111675128,-0.12674763435801178
enigma,obesity,85,-0.20312776067073154,-0.12226179999464827
enigma,obesity,87,-0.2247986504735374,-0.13000439080720824
enigma,obesity,89,-0.2604721467164179,-0.10593122796174094
enigma,obesity,91,-0.23737227025641042,-0.12092912752502687
enigma,obesity,93,-0.239388018938053,-0.1106947548873568
enigma,obesity,95,-0.2293600099999999,-0.11279209630567123
enigma,obesity,97,-0.224908404503817,-0.12181314863412016
enigma,obesity,99,-0.22852977857142875,-0.11775521378425707
enigma,obesity,101,-0.2366997555555558,-0.11139825129067149
enigma,obesity,103,-0.24285014176470537,-0.08542274991875362
enigma,obesity,105,-0.284199532939297,-0.11549074872354423
enigma,obesity,107,-0.27598968960563414,-0.11648760189842382
enigma,obesity,109,-0.19947640790123455,-0.08054304298484802
enigma,obesity,111,-0.1406885388421054,-0.11798813449843779
enigma,obesity,113,-0.1586251303636363,-0.11935510625088863
enigma,obesity,115,-0.15172284179487192,-0.08907350506845976
enigma,obesity,117,-0.18064462888888888,-0.12008551461836521
enigma,obesity,119,-0.10293318146666662,-0.10579026611197287
enigma,obesity,121,-0.1974106274358974,-0.12984578081072934
enigma,obesity,123,-0.17798086982817873,-0.12214561715911423
enigma,obesity,125,-0.09073874019371717,-0.1253961524784152
enigma,obesity,127,-0.09095717731428563,-0.0895694210765014
enigma,obesity,129,-0.08932560005279506,-0.15240539455722868
enigma,obesity,131,-0.08216714333870967,-0.15109438300366598
enigma,obesity,133,-0.0882186108995981,-0.11187660435288076
enigma,obesity,135,-0.11153943472248791,-0.10760455542310665
enigma,obesity,137,-0.11819146342778789,-0.11508093095613768
enigma,obesity,139,-0.12343930543718572,-0.1769514316936609
enigma,obesity,141,-0.14329625453812625,-0.14411344603560683
enigma,obesity,143,-0.1261220366856445,-0.11482774426531032
enigma,obesity,145,-0.1527654777849052,-0.19104191035840928
enigma,obesity,147,-0.11787708304814817,-0.12326133394380329
enigma,obesity,149,-0.12397693745477345,-0.1713138789255015
enigma,obesity,151,-0.11035804312200462,-0.077943795593468
enigma,obesity,153,-0.12824649368700294,-0.11693823697551392
enigma,obesity,155,-0.07664464228444438,-0.16368183564859903
enigma,obesity,157,-0.07909401556842108,-0.17623990851782692
enigma,obesity,159,-0.060783275743820225,-0.15751528381987662
enigma,obesity,161,-0.07496229678366435,-0.16748981908076283
enigma,obesity,163,-0.1745155760669453,-0.16822310761908474
enigma,obesity,165,-0.1588408638541667,-0.15456202998428156
enigma,obesity,167,-0.15497420812307688,-0.1775242480380882
enigma,obesity,169,-0.20442980668478264,-0.18000616142013853
enigma,obesity,171,-0.17001871477272723,-0.18721684802972322
enigma,obesity,173,-0.1729450008333337,-0.1803165114464217
enigma,obesity,175,-0.15673662515151515,-0.16561351179875847
enigma,obesity,177,-0.14469041286956513,-0.1670530791621142
enigma,obesity,179,-0.10464137699999987,-0.13201233746166954
enigma,obesity,181,-0.11813285811061955,-0.06973569543120019
enigma,obesity,183,-0.13077480517187492,-0.1521792970160913
enigma,obesity,185,-0.18458695020725382,-0.1715356780758032
enigma,obesity,187,-0.09666238830769251,-0.10019504255097203
enigma,obesity,189,-0.08125816572023807,-0.1457394936752754
enigma,obesity,191,-0.01458471761863013,-0.14985096094545275
enigma,obesity,193,-0.0196699056038095,-0.16226889734147582
enigma,obesity,195,-0.11562489114794525,-0.12198400289651035
enigma,obesity,197,-0.05654893585803122,-0.13016602371695307
enigma,obesity,199,-0.0685746678553058,-0.14170529178107974
enigma,obesity,201,-0.11212492229936295,-0.18234231515548047
enigma,obesity,203,-0.05334476007692309,-0.15087796680575927
enigma,obesity,205,-0.09129410255907774,-0.16811153112770919
enigma,obesity,207,-0.06994924644954117,-0.11820841161539286
enigma,obesity,209,-0.09174626504678365,-0.10082657361285599
enigma,schizotypy,1,-0.0016499596078688524,-0.0028123593094572913
enigma,schizotypy,3,-0.0018552311955596097,-0.0034343956009148767
enigma,schizotypy,5,-0.002061037489957706,-0.002463255844218557
enigma,schizotypy,7,-0.007098477128789649,-0.0037048378751273927
enigma,schizotypy,9,-0.00844533756735897,-0.003107137198839045
enigma,schizotypy,11,-0.0011289257059064327,-0.002338970367298206
enigma,schizotypy,13,0.004798528073091391,-0.00159405335223653
enigma,schizotypy,15,0.0030053692347292837,-0.002829244054521238
enigma,schizotypy,17,0.0012585207778205154,-0.003712254052137208
enigma,schizotypy,19,0.0033840545844488184,-0.002950660034763956
enigma,schizotypy,21,0.002658340552077564,-0.0032589740683258276
enigma,schizotypy,23,0.004503014194110423,-0.003724999840493283
enigma,schizotypy,25,-0.0023124329829411717,-0.003938878001060073
enigma,schizotypy,27,0.007973121046538453,-0.0027382809246039056
enigma,schizotypy,29,-0.012175957652631578,-0.0032365707992487364
enigma,schizotypy,31,-0.0067849697078709624,-0.002818377172952902
enigma,schizotypy,33,-0.011946979568493148,-0.002832335383010615
enigma,schizotypy,35,-0.005541347535799998,-0.0027108901140838154
enigma,schizotypy,37,-0.008694414997237575,-0.0026000399596180744
enigma,schizotypy,39,-0.01832862176595744,-0.003289542553663653
enigma,schizotypy,41,0.04802462197685182,-0.0019951581861670188
enigma,schizotypy,43,0.0064336996958823615,-0.0015254845737635008
enigma,schizotypy,45,0.009001743625418999,-0.001689101906075481
enigma,schizotypy,47,0.035754007145728656,-0.0017715479548203177
enigma,schizotypy,49,0.0360631086802721,-0.0007887792202712534
enigma,schizotypy,51,0.003288580285345971,-0.0016542700027302455
enigma,schizotypy,53,-0.03000972620841685,-0.0037819570216150403
enigma,schizotypy,55,-0.03334763218032787,-0.003690052774732133
enigma,schizotypy,57,-0.027393853028011207,-0.003648915549228862
enigma,schizotypy,59,-0.0331220357631579,-0.003552797175358491
enigma,schizotypy,61,-0.026677864384126986,-0.003398427111487628
enigma,schizotypy,63,-0.029803671852242735,-0.0035906440664720644
enigma,schizotypy,65,-0.030596533618556705,-0.003823183041515261
enigma,schizotypy,67,-0.040518161214788725,-0.0035329212812375997
enigma,schizotypy,69,0.00643566797896713,-0.0018546732214963554
enigma,schizotypy,71,0.001968715584793651,-0.005176318846109251
enigma,schizotypy,73,0.008034896868238484,-0.003088970686874094
enigma,schizotypy,75,0.002574770588409997,-0.003917584650237599
enigma,schizotypy,77,0.0012094983332923074,-0.0014128229161883086
enigma,schizotypy,79,0.001288353144863333,-0.0024472224963066353
enigma,schizotypy,81,-0.0006067022868316836,-0.003072389581134296
enigma,schizotypy,83,-0.0011093259578375634,-0.002855792534578905
enigma,schizotypy,85,0.0034015485629268266,-0.0033132708847671047
enigma,schizotypy,87,0.0010587823425013945,-0.0031095690679240765
enigma,schizotypy,89,-0.013577267688059705,-0.0038520040025762027
enigma,schizotypy,91,-0.005539627797435901,-0.0037719353270917913
enigma,schizotypy,93,-0.006571969872566368,-0.0028771043644806515
enigma,schizotypy,95,-0.0026636302869158888,-0.0030329573513148533
enigma,schizotypy,97,-0.0016969053961832068,-0.0032811483078067955
enigma,schizotypy,99,-0.002345789374436091,-0.0031491658636744945
enigma,schizotypy,101,-0.005144875102777777,-0.0031348664956457953
enigma,schizotypy,103,-0.019169281340588238,-0.0022629510569897883
enigma,schizotypy,105,-0.030020942422044727,-0.0044699783682653135
enigma,schizotypy,107,-0.020220329180281656,-0.004674385833128229
enigma,schizotypy,109,-0.019988533969135802,-0.0020571565439015953
enigma,schizotypy,111,0.0011288121140350857,-0.002751592895252622
enigma,schizotypy,113,-0.0004143746918181804,-0.003568394384092965
enigma,schizotypy,115,-0.007328721484615383,-0.0021562920782966185
enigma,schizotypy,117,-0.0077458734,-0.0013764164083772778
enigma,schizotypy,119,0.001970682015546667,-0.0024307343265830934
enigma,schizotypy,121,0.011498347167692309,-0.0032302991222350544
enigma,schizotypy,123,0.00901374576219934,-0.003869853174889427
enigma,schizotypy,125,-0.015981641303664963,0.0006626848170899649
enigma,schizotypy,127,-0.015940505670204077,0.0009804549680357288
enigma,schizotypy,129,-0.017523090335403745,-0.0011884457951026415
enigma,schizotypy,131,-0.016332618453225804,-0.0029321217025255427
enigma,schizotypy,133,-0.017519672891566314,0.0008858874398543488
enigma,schizotypy,135,-0.003583512166028715,0.0009911201650056735
enigma,schizotypy,137,-0.008545262535831733,0.0012248547943376582
enigma,schizotypy,139,-0.0185229801298158,-0.0020416819958549294
enigma,schizotypy,141,-0.01651790358932464,0.002222910173412584
enigma,schizotypy,143,-0.003830773552821788,0.0011853449447346786
enigma,schizotypy,145,-0.01585560536416982,-0.0029795140265134403
enigma,schizotypy,147,-0.003058531432111109,-0.000320151481640187
enigma,schizotypy,149,-0.00837068022311558,-0.00301803333004359
enigma,schizotypy,151,-0.0020867212697167747,0.0008578717051379902
enigma,schizotypy,153,-0.002328680330847481,-0.000449771990564896
enigma,schizotypy,155,-0.011696703299555565,-0.00900331256739528
enigma,schizotypy,157,-0.008993821901578936,-0.006376574825081241
enigma,schizotypy,159,-0.008711887197528077,-0.008378741791536939
enigma,schizotypy,161,-0.012913470650551897,-0.008971527937030986
enigma,schizotypy,163,0.0034731448776569034,-0.004938412203203175
enigma,schizotypy,165,0.001230097185416667,-0.001540237311574745
enigma,schizotypy,167,-0.0025996477790769215,-0.002758865896621344
enigma,schizotypy,169,-0.0004626642234239138,-0.0019083755886125514
enigma,schizotypy,171,-0.0050605121048295405,-0.004153515644039664
enigma,schizotypy,173,-0.008888190977314808,-0.0038224233943249756
enigma,schizotypy,175,-0.006272595045231609,-0.004204851966763571
enigma,schizotypy,177,0.015361960231884061,-0.002893636468915997
enigma,schizotypy,179,0.013241725250261766,-0.002443693771664242
enigma,schizotypy,181,-0.016378575313274323,-0.003103737139764394
enigma,schizotypy,183,0.011571377640104177,-0.005017584055470289
enigma,schizotypy,185,-0.0048102671631088095,-0.004823288759505526
enigma,schizotypy,187,0.039562003769230775,-0.0007799302254640622
enigma,schizotypy,189,-0.0070267101845238045,-0.004718018993912766
enigma,schizotypy,191,-0.010698341648767118,-0.004693002646657939
enigma,schizotypy,193,-0.0012429012628571426,-0.004590563262372546
enigma,schizotypy,195,-0.015178592341643805,-0.004822454433832997
enigma,schizotypy,197,-0.00877236932709844,-0.004683696826466451
enigma,schizotypy,199,0.026211762309967898,-0.005800080343705671
enigma,schizotypy,201,0.019325796883439498,-0.005986236782520132
enigma,schizotypy,203,0.029464243481538397,-0.004734040259367031
enigma,schizotypy,205,0.023883097444380406,-0.005765165334503889
enigma,schizotypy,207,-0.007524497494724762,-0.005047389042865034
enigma,schizotypy,209,-0.01449578057046786,-0.005349868250980313
enigma,parkinson,1,-0.09593758573442596,-0.0746897371728167
enigma,parkinson,3,-0.10594485139902651,-0.08284427038012016
enigma,parkinson,5,-0.10185380028700879,-0.06810221269039969
enigma,parkinson,7,-0.09894417116714685,-0.08370253785166268
enigma,parkinson,9,-0.10648218915384623,-0.07290248870098957
enigma,parkinson,11,-0.0915653807204676,-0.06847273635506311
enigma,parkinson,13,-0.09331365184408608,-0.05934615045957797
enigma,parkinson,15,-0.09029465890331495,-0.08626758187794806
enigma,parkinson,17,-0.111807819851282,-0.08140044566786422
enigma,parkinson,19,-0.08942876337795276,-0.10363707847221983
enigma,parkinson,21,-0.0843023364432135,-0.10452369359631988
enigma,parkinson,23,-0.11495486384662562,-0.08658051353687585
enigma,parkinson,25,-0.11605762560000013,-0.0859637460269976
enigma,parkinson,27,-0.08814216942692306,-0.10249862234787863
enigma,parkinson,29,-0.043175499105263145,-0.0687270114309488
enigma,parkinson,31,-0.05366368993548388,-0.06693692203012226
enigma,parkinson,33,-0.029281876582191804,-0.060328570114899865
enigma,parkinson,35,-0.0684288083071428,-0.08101985573444467
enigma,parkinson,37,-0.04687662045856355,-0.0611251737675112
enigma,parkinson,39,-0.027828724978723428,-0.08404716421040064
enigma,parkinson,41,-0.08386899530092584,-0.08918647786046725
enigma,parkinson,43,-0.11478882361176469,-0.050782909926849557
enigma,parkinson,45,-0.11989390468435744,-0.06572989836048448
enigma,parkinson,47,-0.10050679636683413,-0.07601360669436079
enigma,parkinson,49,-0.10322447209183672,-0.037098694770001134
enigma,parkinson,51,-0.09902524012796202,-0.04838379292235885
enigma,parkinson,53,-0.0656320812845692,-0.08769082331389798
enigma,parkinson,55,-0.059817484937704835,-0.07736974027418282
enigma,parkinson,57,-0.07164269832212883,-0.07778511227495553
enigma,parkinson,59,-0.06617679675263156,-0.07066510173834781
enigma,parkinson,61,-0.05826759514920651,-0.09470853812214822
enigma,parkinson,63,-0.060399691044854875,-0.08336043582045861
enigma,parkinson,65,-0.11499752455326484,-0.1254280589647019
enigma,parkinson,67,-0.09867667967253511,-0.08128223379778735
enigma,parkinson,69,-0.10302956276056328,-0.09034863151776941
enigma,parkinson,71,-0.0995826723746031,-0.10280476851119971
enigma,parkinson,73,-0.08358596388912147,-0.09182199340808617
enigma,parkinson,75,-0.10601778371500009,-0.1111672956967491
enigma,parkinson,77,-0.08654472433846153,-0.08634859654743068
enigma,parkinson,79,-0.10716988427666681,-0.10060795831458415
enigma,parkinson,81,-0.15888680306930703,-0.11051439836559943
enigma,parkinson,83,-0.15099209291370558,-0.11007513760957009
enigma,parkinson,85,-0.149376881890244,-0.11721150955046511
enigma,parkinson,87,-0.13674089428969377,-0.10830294081081063
enigma,parkinson,89,-0.19417921955223888,-0.10654196425395605
enigma,parkinson,91,-0.19202250128205117,-0.11150921939375275
enigma,parkinson,93,-0.18000521097345154,-0.10824207356141814
enigma,parkinson,95,-0.17843302252336452,-0.10862605198580931
enigma,parkinson,97,-0.17702109160305354,-0.11483213526202136
enigma,parkinson,99,-0.1785512140601501,-0.11155992425235452
enigma,parkinson,101,-0.1918945988888887,-0.10821621529784316
enigma,parkinson,103,-0.16541850820588253,-0.10706411413430222
enigma,parkinson,105,-0.18664972507987213,-0.11058628810630972
enigma,parkinson,107,-0.19347030870422552,-0.10733099965061407
enigma,parkinson,109,-0.12466722237037037,-0.10703394882165879
enigma,parkinson,111,-0.12654432757894735,-0.09836447546181805
enigma,parkinson,113,-0.13927125590909087,-0.10893917553159949
enigma,parkinson,115,-0.11688829853846151,-0.10389903268272532
enigma,parkinson,117,-0.10671914138888888,-0.07137005759605251
enigma,parkinson,119,-0.12495612541333327,-0.1308999876566831
enigma,parkinson,121,-0.11010556061538433,-0.11454683350838922
enigma,parkinson,123,-0.12372380671477676,-0.13547834035176315
enigma,parkinson,125,-0.14666006581151825,-0.1404673488118058
enigma,parkinson,127,-0.1475472051836736,-0.14463233558102567
enigma,parkinson,129,-0.14534333968944144,-0.13207467104802068
enigma,parkinson,131,-0.14042412612903202,-0.1303640592087155
enigma,parkinson,133,-0.14922665558232967,-0.14037164540727307
enigma,parkinson,135,-0.18009181313397166,-0.14476479007803006
enigma,parkinson,137,-0.17432518519195606,-0.1449785799135721
enigma,parkinson,139,-0.12979179166499194,-0.12479598554346819
enigma,parkinson,141,-0.14276518332244012,-0.14161728384046235
enigma,parkinson,143,-0.1790936901980205,-0.14506882083696304
enigma,parkinson,145,-0.12034542956226431,-0.11796117790408579
enigma,parkinson,147,-0.15376780751851843,-0.13925739872731907
enigma,parkinson,149,-0.14689669798994984,-0.12886504434295937
enigma,parkinson,151,-0.15062997721132862,-0.1359767946812713
enigma,parkinson,153,-0.1590375250663127,-0.1263377501331825
enigma,parkinson,155,-0.09815557306518513,-0.09900139717990708
enigma,parkinson,157,-0.10321914986315829,-0.10242779761152086
enigma,parkinson,159,-0.11810177273932604,-0.10008588665891227
enigma,parkinson,161,-0.10738166238410601,-0.10550088393697896
enigma,parkinson,163,-0.057533289456066845,-0.11119228343980667
enigma,parkinson,165,-0.07258102335416669,-0.07783994161391786
enigma,parkinson,167,-0.04995601101538462,-0.09731111747287671
enigma,parkinson,169,-0.060824998548913045,-0.0965164190776244
enigma,parkinson,171,-0.045613666732954555,-0.1106231704982106
enigma,parkinson,173,-0.0350079469675926,-0.10509308680831078
enigma,parkinson,175,-0.16608022593073568,-0.11540164158950511
enigma,parkinson,177,-0.07568173798550727,-0.10437053022941395
enigma,parkinson,179,-0.028174111473821963,-0.08288467179738002
enigma,parkinson,181,-0.16164032486725644,-0.13140853393764174
enigma,parkinson,183,-0.06219713034583326,-0.09920560405900407
enigma,parkinson,185,-0.14070215527461155,-0.11115443270317438
enigma,parkinson,187,-0.03648261108601399,-0.0859952975962554
enigma,parkinson,189,-0.12414443076190469,-0.15823057425781026
enigma,parkinson,191,-0.09161687343013708,-0.15705436293557587
enigma,parkinson,193,-0.10378457043253966,-0.15490243912687043
enigma,parkinson,195,-0.12720246251780828,-0.15479460403363215
enigma,parkinson,197,-0.11490818362003495,-0.15655060115724795
enigma,parkinson,199,-0.1673885114790993,-0.16096290989591716
enigma,parkinson,201,-0.17257104375796187,-0.14746241951791295
enigma,parkinson,203,-0.15749838148307713,-0.15683950110524686
enigma,parkinson,205,-0.16690810184438018,-0.15390833518857006
enigma,parkinson,207,-0.14220103317431196,-0.15970852550627254
enigma,parkinson,209,-0.15368530801169591,-0.15726554358376132
