phenotype,outcome,feature,total_dominance,relative_dominance,full_r2,method,runtime_sec,status,reason
meg,delta,Astro_1,-0.0006331917114387187,-0.0006667747844205868,0.9496335587869431,incremental,2.8936920166015625,ok,
meg,delta,Astro_2,0.0011059037314866682,0.0011645583933442114,0.9496335587869431,incremental,2.8936920166015625,ok,
meg,delta,Chandelier_1,0.020661994435149267,0.021757860433600083,0.9496335587869431,incremental,2.8936920166015625,ok,
meg,delta,Endo_1,0.0020601938282888144,0.0021694619037268387,0.9496335587869431,incremental,2.8936920166015625,ok,
meg,delta,L2/3 IT_1,0.004454967888477102,0.00469124942695565,0.9496335587869431,incremental,2.8936920166015625,ok,
meg,delta,L2/3 IT_2,0.0003331192783030401,0.0003507871801924996,0.9496335587869431,incremental,2.8936920166015625,ok,
meg,delta,L2/3 IT_3,0.03549060754163158,0.03737295003239681,0.9496335587869431,incremental,2.8936920166015625,ok,
meg,delta,L2/3 IT_4,0.0026839875542882252,0.0028263402545680217,0.9496335587869431,incremental,2.8936920166015625,ok,
meg,delta,L2/3 IT_5,0.0009965989657276797,0.0010494563471416594,0.9496335587869431,incremental,2.8936920166015625,ok,
meg,delta,L2/3 IT_6,-0.0006138657033157857,-0.0006464237680268318,0.9496335587869431,incremental,2.8936920166015625,ok,
meg,delta,L2/3 IT_7,0.0003512263011803407,0.000369854559088029,0.9496335587869431,incremental,2.8936920166015625,ok,
meg,delta,L2/3 IT_8,0.0007307058979953984,0.0007694609054557826,0.9496335587869431,incremental,2.8936920166015625,ok,
meg,delta,L4 IT_1,0.00534757854808221,0.005631202160666246,0.9496335587869431,incremental,2.8936920166015625,ok,
meg,delta,L4 IT_2,0.0021205493336049486,0.0022330185301304294,0.9496335587869431,incremental,2.8936920166015625,ok,
meg,delta,L4 IT_3,0.0002983375393068588,0.0003141606955086482,0.9496335587869431,incremental,2.8936920166015625,ok,
meg,delta,L5 ET_1,0.005297395450249098,0.0055783574634998825,0.9496335587869431,incremental,2.8936920166015625,ok,
meg,delta,L5 IT_1,9.705544993021675e-06,1.0220305404349324e-05,0.9496335587869431,incremental,2.8936920166015625,ok,
meg,delta,L5 IT_2,0.05283806169484895,0.05564047437660481,0.9496335587869431,incremental,2.8936920166015625,ok,
meg,delta,L5 IT_3,0.0026722012973201537,0.002813928880876545,0.9496335587869431,incremental,2.8936920166015625,ok,
meg,delta,L5 IT_4,0.00032548081758809744,0.0003427435925957218,0.9496335587869431,incremental,2.8936920166015625,ok,
meg,delta,L5 IT_5,0.0007417158284569458,0.0007810547780181755,0.9496335587869431,incremental,2.8936920166015625,ok,
meg,delta,L5/6 NP_1,0.001616034859435178,0.0017017457360073633,0.9496335587869431,incremental,2.8936920166015625,ok,
meg,delta,L5/6 NP_2,0.002601384320274014,0.0027393559296672375,0.9496335587869431,incremental,2.8936920166015625,ok,
meg,delta,L6 CT_1,0.004105904611503286,0.004323672614042986,0.9496335587869431,incremental,2.8936920166015625,ok,
meg,delta,L6 CT_2,-0.00033893936852102957,-0.0003569159549858252,0.9496335587869431,incremental,2.8936920166015625,ok,
meg,delta,L6 IT Car3_1,-0.0006194322217445425,-0.0006522855221500406,0.9496335587869431,incremental,2.8936920166015625,ok,
meg,delta,L6 IT_1,-0.000673889597442856,-0.0007096311953251516,0.9496335587869431,incremental,2.8936920166015625,ok,
meg,delta,L6 IT_2,0.01054637471298725,0.011105730853129426,0.9496335587869431,incremental,2.8936920166015625,ok,
meg,delta,L6 IT_3,0.001509037587037021,0.0015890735674554905,0.9496335587869431,incremental,2.8936920166015625,ok,
meg,delta,L6b_1,-0.0004638558852025909,-0.0004884577644824578,0.9496335587869431,incremental,2.8936920166015625,ok,
meg,delta,L6b_2,0.004183453654717284,0.004405334685161301,0.9496335587869431,incremental,2.8936920166015625,ok,
meg,delta,L6b_3,-0.0015075876139886146,-0.001587546691077766,0.9496335587869431,incremental,2.8936920166015625,ok,
meg,delta,Lamp5_1,0.0016530176338241942,0.0017406899940812434,0.9496335587869431,incremental,2.8936920166015625,ok,
meg,delta,Lamp5_2,0.03229304745153494,0.034005798502725525,0.9496335587869431,incremental,2.8936920166015625,ok,
meg,delta,Lamp5_Lhx6_1,0.002222603420510838,0.002340485337681179,0.9496335587869431,incremental,2.8936920166015625,ok,
meg,delta,Micro-PVM_1,0.004043257530581101,0.004257702871985629,0.9496335587869431,incremental,2.8936920166015625,ok,
meg,delta,Micro-PVM_2,0.004921047850533156,0.0051820492283563314,0.9496335587869431,incremental,2.8936920166015625,ok,
meg,delta,OPC_1,0.0010317762421054866,0.0010864993476257011,0.9496335587869431,incremental,2.8936920166015625,ok,
meg,delta,Oligo_1,0.008807683246052522,0.00927482307733881,0.9496335587869431,incremental,2.8936920166015625,ok,
meg,delta,Oligo_2,0.008436997271559,0.008884476747363873,0.9496335587869431,incremental,2.8936920166015625,ok,
meg,delta,Pax6_1,0.0003686516445307042,0.00038820410369829166,0.9496335587869431,incremental,2.8936920166015625,ok,
meg,delta,Pax6_2,0.0038461540707082076,0.004050145485192482,0.9496335587869431,incremental,2.8936920166015625,ok,
meg,delta,Pvalb_1,0.0014993623335211037,0.0015788851601204797,0.9496335587869431,incremental,2.8936920166015625,ok,
meg,delta,Pvalb_2,0.004316647753195402,0.004545593100889847,0.9496335587869431,incremental,2.8936920166015625,ok,
meg,delta,Pvalb_3,-5.5970925829318396e-05,-5.893949862177929e-05,0.9496335587869431,incremental,2.8936920166015625,ok,
meg,delta,Pvalb_4,0.0033150958348454607,0.0034909211075903283,0.9496335587869431,incremental,2.8936920166015625,ok,
meg,delta,Pvalb_5,0.0008134036574345416,0.0008565447691987414,0.9496335587869431,incremental,2.8936920166015625,ok,
meg,delta,Sncg_1,-0.0010325380410054485,-0.0010873015506364446,0.9496335587869431,incremental,2.8936920166015625,ok,
meg,delta,Sncg_2,-4.708460262947689e-05,-4.958186470328883e-05,0.9496335587869431,incremental,2.8936920166015625,ok,
meg,delta,Sncg_3,0.0018121861537415684,0.0019083004565007638,0.9496335587869431,incremental,2.8936920166015625,ok,
meg,delta,Sncg_4,0.016534917531714988,0.017411892596589155,0.9496335587869431,incremental,2.8936920166015625,ok,
meg,delta,Sst Chodl_1,0.0014526620632692167,0.0015297080119249782,0.9496335587869431,incremental,2.8936920166015625,ok,
meg,delta,Sst_1,-0.0003097164566702171,-0.0003261431252133162,0.9496335587869431,incremental,2.8936920166015625,ok,
meg,delta,Sst_10,0.002738832987006834,0.0028840945664403484,0.9496335587869431,incremental,2.8936920166015625,ok,
meg,delta,Sst_2,0.0005629227537474746,0.0005927789182877542,0.9496335587869431,incremental,2.8936920166015625,ok,
meg,delta,Sst_3,0.0015917939619487509,0.0016762191555046771,0.9496335587869431,incremental,2.8936920166015625,ok,
meg,delta,Sst_4,0.0002917798885970768,0.000307255241663737,0.9496335587869431,incremental,2.8936920166015625,ok,
meg,delta,Sst_5,-0.0006032924161100128,-0.0006352896973024578,0.9496335587869431,incremental,2.8936920166015625,ok,
meg,delta,Sst_6,0.01148269882144648,0.012091715499307352,0.9496335587869431,incremental,2.8936920166015625,ok,
meg,delta,Sst_7,0.02549965784182673,0.026852102693590417,0.9496335587869431,incremental,2.8936920166015625,ok,
meg,delta,Sst_8,-0.0015951476459304947,-0.00167975071138822,0.9496335587869431,incremental,2.8936920166015625,ok,
meg,delta,Sst_9,0.0016074231897296176,0.001692677322590549,0.9496335587869431,incremental,2.8936920166015625,ok,
meg,delta,VLMC_1,-0.0011481711106071657,-0.001209067539771692,0.9496335587869431,incremental,2.8936920166015625,ok,
meg,delta,Vip_1,0.004540507848343034,0.004781326235082777,0.9496335587869431,incremental,2.8936920166015625,ok,
meg,delta,Vip_2,0.03318652590181348,0.03494666505278707,0.9496335587869431,incremental,2.8936920166015625,ok,
meg,delta,Vip_3,0.5977107418022711,0.6294119834663211,0.9496335587869431,incremental,2.8936920166015625,ok,
meg,delta,Vip_4,0.0013070455390301605,0.0013763683127413627,0.9496335587869431,incremental,2.8936920166015625,ok,
meg,delta,Vip_5,0.00427699191179598,0.004503834002306518,0.9496335587869431,incremental,2.8936920166015625,ok,
meg,delta,Vip_6,0.008721688209409217,0.009184267056179286,0.9496335587869431,incremental,2.8936920166015625,ok,
meg,delta,Vip_7,0.0035505157340931515,0.0037388271520527997,0.9496335587869431,incremental,2.8936920166015625,ok,
meg,delta,Vip_8,0.00038134334940642667,0.0004015689482304655,0.9496335587869431,incremental,2.8936920166015625,ok,
meg,delta,Vip_9,0.0013747394343189834,0.0014476525409180656,0.9496335587869431,incremental,2.8936920166015625,ok,
meg,theta,Astro_1,0.04557935676108815,0.047833756028692255,0.9528701182016348,incremental,2.964569091796875,ok,
meg,theta,Astro_2,0.0002537007171748984,0.00026624900112694406,0.9528701182016348,incremental,2.964569091796875,ok,
meg,theta,Chandelier_1,0.0023302804201480454,0.0024455383536908645,0.9528701182016348,incremental,2.964569091796875,ok,
meg,theta,Endo_1,0.008069628643261773,0.008468760315930251,0.9528701182016348,incremental,2.964569091796875,ok,
meg,theta,L2/3 IT_1,0.001671176580585687,0.0017538345978775388,0.9528701182016348,incremental,2.964569091796875,ok,
meg,theta,L2/3 IT_2,0.006326233793158775,0.006639135462762087,0.9528701182016348,incremental,2.964569091796875,ok,
meg,theta,L2/3 IT_3,0.016920289113857234,0.017757183052178334,0.9528701182016348,incremental,2.964569091796875,ok,
meg,theta,L2/3 IT_4,0.0014854999821953818,0.0015589742545384746,0.9528701182016348,incremental,2.964569091796875,ok,
meg,theta,L2/3 IT_5,-0.0007621625719967939,-0.0007998598732797226,0.9528701182016348,incremental,2.964569091796875,ok,
meg,theta,L2/3 IT_6,0.0001359041575351716,0.00014262610920328305,0.9528701182016348,incremental,2.964569091796875,ok,
meg,theta,L2/3 IT_7,0.0020718736315967767,0.002174350514325135,0.9528701182016348,incremental,2.964569091796875,ok,
meg,theta,L2/3 IT_8,-0.00044232995981674517,-0.00046420802937084514,0.9528701182016348,incremental,2.964569091796875,ok,
meg,theta,L4 IT_1,0.0015954214050667437,0.0016743324977781914,0.9528701182016348,incremental,2.964569091796875,ok,
meg,theta,L4 IT_2,0.6507993858790717,0.6829885557827489,0.9528701182016348,incremental,2.964569091796875,ok,
meg,theta,L4 IT_3,-0.0005176701397183736,-0.00054327460776646,0.9528701182016348,incremental,2.964569091796875,ok,
meg,theta,L5 ET_1,0.0007234373175039055,0.0007592192300764546,0.9528701182016348,incremental,2.964569091796875,ok,
meg,theta,L5 IT_1,-0.0010645851735748835,-0.0011172405905477338,0.9528701182016348,incremental,2.964569091796875,ok,
meg,theta,L5 IT_2,0.00033378049866805704,0.0003502896064135222,0.9528701182016348,incremental,2.964569091796875,ok,
meg,theta,L5 IT_3,0.021901886889953648,0.02298517549410552,0.9528701182016348,incremental,2.964569091796875,ok,
meg,theta,L5 IT_4,-0.00018936569471672549,-0.00019873190595389646,0.9528701182016348,incremental,2.964569091796875,ok,
meg,theta,L5 IT_5,0.0024418184450111236,0.0025625931576274026,0.9528701182016348,incremental,2.964569091796875,ok,
meg,theta,L5/6 NP_1,0.0008354467634981155,0.0008767687720912751,0.9528701182016348,incremental,2.964569091796875,ok,
meg,theta,L5/6 NP_2,-0.00035354148030364296,-0.0003710279853994024,0.9528701182016348,incremental,2.964569091796875,ok,
meg,theta,L6 CT_1,-5.857172855994186e-05,-6.146874315933541e-05,0.9528701182016348,incremental,2.964569091796875,ok,
meg,theta,L6 CT_2,0.0008933624966540599,0.000937549073676605,0.9528701182016348,incremental,2.964569091796875,ok,
meg,theta,L6 IT Car3_1,0.0027130576287193175,0.0028472480948817133,0.9528701182016348,incremental,2.964569091796875,ok,
meg,theta,L6 IT_1,9.260535178912122e-06,9.718570245848049e-06,0.9528701182016348,incremental,2.964569091796875,ok,
meg,theta,L6 IT_2,0.0025208235713634064,0.0026455059542857657,0.9528701182016348,incremental,2.964569091796875,ok,
meg,theta,L6 IT_3,0.006556679827175005,0.0068809795815084635,0.9528701182016348,incremental,2.964569091796875,ok,
meg,theta,L6b_1,-0.00018780322083811196,-0.00019709215059923973,0.9528701182016348,incremental,2.964569091796875,ok,
meg,theta,L6b_2,0.0003127423094630988,0.00032821084793102943,0.9528701182016348,incremental,2.964569091796875,ok,
meg,theta,L6b_3,0.046554759226912434,0.048857402848119416,0.9528701182016348,incremental,2.964569091796875,ok,
meg,theta,Lamp5_1,0.0002634501829150704,0.00027648068491462784,0.9528701182016348,incremental,2.964569091796875,ok,
meg,theta,Lamp5_2,-0.0002221279847353097,-0.0002331146506666984,0.9528701182016348,incremental,2.964569091796875,ok,
meg,theta,Lamp5_Lhx6_1,0.0006717196489113286,0.0007049435553494684,0.9528701182016348,incremental,2.964569091796875,ok,
meg,theta,Micro-PVM_1,0.0022672874827439626,0.0023794297244025724,0.9528701182016348,incremental,2.964569091796875,ok,
meg,theta,Micro-PVM_2,0.0012006995099483886,0.0012600872742388918,0.9528701182016348,incremental,2.964569091796875,ok,
meg,theta,OPC_1,6.377447658667545e-05,6.692882415815277e-05,0.9528701182016348,incremental,2.964569091796875,ok,
meg,theta,Oligo_1,0.006214412429279559,0.006521783305586397,0.9528701182016348,incremental,2.964569091796875,ok,
meg,theta,Oligo_2,-0.0004638697402975511,-0.0004868131883210054,0.9528701182016348,incremental,2.964569091796875,ok,
meg,theta,Pax6_1,0.002297600843094161,0.0024112424130063553,0.9528701182016348,incremental,2.964569091796875,ok,
meg,theta,Pax6_2,-2.942855062992855e-05,-3.088411533511983e-05,0.9528701182016348,incremental,2.964569091796875,ok,
meg,theta,Pvalb_1,-0.0005669659041588337,-0.0005950085886089875,0.9528701182016348,incremental,2.964569091796875,ok,
meg,theta,Pvalb_2,0.00353865140600651,0.0037136765424914957,0.9528701182016348,incremental,2.964569091796875,ok,
meg,theta,Pvalb_3,0.02619182601938852,0.027487299180732755,0.9528701182016348,incremental,2.964569091796875,ok,
meg,theta,Pvalb_4,-0.00030398259910424663,-0.0003190178737874132,0.9528701182016348,incremental,2.964569091796875,ok,
meg,theta,Pvalb_5,0.005775413615003222,0.006061071183450732,0.9528701182016348,incremental,2.964569091796875,ok,
meg,theta,Sncg_1,0.0006048172036521304,0.000634732050149301,0.9528701182016348,incremental,2.964569091796875,ok,
meg,theta,Sncg_2,0.0005357974119521991,0.0005622984724963536,0.9528701182016348,incremental,2.964569091796875,ok,
meg,theta,Sncg_3,0.006253303725988424,0.006562598203614961,0.9528701182016348,incremental,2.964569091796875,ok,
meg,theta,Sncg_4,0.024627470240524474,0.02584556884521077,0.9528701182016348,incremental,2.964569091796875,ok,
meg,theta,Sst Chodl_1,0.0010556468120296314,0.0011078601289564716,0.9528701182016348,incremental,2.964569091796875,ok,
meg,theta,Sst_1,0.0009682251739343561,0.0010161145317073236,0.9528701182016348,incremental,2.964569091796875,ok,
meg,theta,Sst_10,-0.00037052805204995654,-0.0003888547294874346,0.9528701182016348,incremental,2.964569091796875,ok,
meg,theta,Sst_2,0.00012739831030472715,0.00013369955450504394,0.9528701182016348,incremental,2.964569091796875,ok,
meg,theta,Sst_3,-0.0008936002112127639,-0.000937798545828332,0.9528701182016348,incremental,2.964569091796875,ok,
meg,theta,Sst_4,0.00035202117089772056,0.0003694324800132206,0.9528701182016348,incremental,2.964569091796875,ok,
meg,theta,Sst_5,0.01056325889089238,0.011085727938271972,0.9528701182016348,incremental,2.964569091796875,ok,
meg,theta,Sst_6,0.0038775116127524045,0.004069297104279528,0.9528701182016348,incremental,2.964569091796875,ok,
meg,theta,Sst_7,0.0010132375854142728,0.001063353300790427,0.9528701182016348,incremental,2.964569091796875,ok,
meg,theta,Sst_8,-0.0014170476371617724,-0.0014871361900152629,0.9528701182016348,incremental,2.964569091796875,ok,
meg,theta,Sst_9,0.0009520910285345519,0.0009991823758010658,0.9528701182016348,incremental,2.964569091796875,ok,
meg,theta,VLMC_1,0.034068630658614873,0.035753698230051624,0.9528701182016348,incremental,2.964569091796875,ok,
meg,theta,Vip_1,0.00314930047751516,0.0033050679388066857,0.9528701182016348,incremental,2.964569091796875,ok,
meg,theta,Vip_2,-9.209329271375744e-05,-9.664831644376298e-05,0.9528701182016348,incremental,2.964569091796875,ok,
meg,theta,Vip_3,0.00023718607704692474,0.0002489175308535956,0.9528701182016348,incremental,2.964569091796875,ok,
meg,theta,Vip_4,-0.0005299487973378092,-0.0005561605797209687,0.9528701182016348,incremental,2.964569091796875,ok,
meg,theta,Vip_5,0.0015487112044771933,0.0016253119652866203,0.9528701182016348,incremental,2.964569091796875,ok,
meg,theta,Vip_6,0.0006036531598697659,0.0006335104316305448,0.9528701182016348,incremental,2.964569091796875,ok,
meg,theta,Vip_7,-0.0008840728979140344,-0.0009278000023576746,0.9528701182016348,incremental,2.964569091796875,ok,
meg,theta,Vip_8,-0.00024800146176173765,-0.00026026785500398976,0.9528701182016348,incremental,2.964569091796875,ok,
meg,theta,Vip_9,0.00040891234711770696,0.0004291375490811413,0.9528701182016348,incremental,2.964569091796875,ok,
meg,alpha,Astro_1,0.0003359064366506015,0.0003471375888840876,0.9676463955701544,incremental,2.965937376022339,ok,
meg,alpha,Astro_2,0.0005240594813511468,0.0005415815981439807,0.9676463955701544,incremental,2.965937376022339,ok,
meg,alpha,Chandelier_1,0.0010776117930386686,0.0011136421299887348,0.9676463955701544,incremental,2.965937376022339,ok,
meg,alpha,Endo_1,0.00012143770869366133,0.00012549802205598883,0.9676463955701544,incremental,2.965937376022339,ok,
meg,alpha,L2/3 IT_1,0.0025113000669557684,0.002595266285755207,0.9676463955701544,incremental,2.965937376022339,ok,
meg,alpha,L2/3 IT_2,0.0011137104188148061,0.0011509477262699752,0.9676463955701544,incremental,2.965937376022339,ok,
meg,alpha,L2/3 IT_3,0.00020620805775584117,0.00021310269815487683,0.9676463955701544,incremental,2.965937376022339,ok,
meg,alpha,L2/3 IT_4,0.0006600681732187308,0.0006821377894244177,0.9676463955701544,incremental,2.965937376022339,ok,
meg,alpha,L2/3 IT_5,0.0048152825847522784,0.004976283285708958,0.9676463955701544,incremental,2.965937376022339,ok,
meg,alpha,L2/3 IT_6,0.011543889668255813,0.011929863761290557,0.9676463955701544,incremental,2.965937376022339,ok,
meg,alpha,L2/3 IT_7,0.738625912329461,0.7633221347290292,0.9676463955701544,incremental,2.965937376022339,ok,
meg,alpha,L2/3 IT_8,0.0014287364361005306,0.001476506751475774,0.9676463955701544,incremental,2.965937376022339,ok,
meg,alpha,L4 IT_1,-1.3924362746164931e-05,-1.4389928810679287e-05,0.9676463955701544,incremental,2.965937376022339,ok,
meg,alpha,L4 IT_2,0.006380960294867011,0.006594309991830472,0.9676463955701544,incremental,2.965937376022339,ok,
meg,alpha,L4 IT_3,0.0015830773386470431,0.0016360080974768328,0.9676463955701544,incremental,2.965937376022339,ok,
meg,alpha,L5 ET_1,-0.00018367490755599736,-0.00018981614399315034,0.9676463955701544,incremental,2.965937376022339,ok,
meg,alpha,L5 IT_1,0.00018155940345765398,0.00018762990725623067,0.9676463955701544,incremental,2.965937376022339,ok,
meg,alpha,L5 IT_2,0.0018017425638725548,0.0018619844729653916,0.9676463955701544,incremental,2.965937376022339,ok,
meg,alpha,L5 IT_3,0.0013631964937630414,0.001408775457650335,0.9676463955701544,incremental,2.965937376022339,ok,
meg,alpha,L5 IT_4,0.0007799135233860222,0.0008059902118753652,0.9676463955701544,incremental,2.965937376022339,ok,
meg,alpha,L5 IT_5,0.032675021901289236,0.03376752298243878,0.9676463955701544,incremental,2.965937376022339,ok,
meg,alpha,L5/6 NP_1,0.000432205934090546,0.00044665689457343825,0.9676463955701544,incremental,2.965937376022339,ok,
meg,alpha,L5/6 NP_2,0.0015754615524800064,0.0016281376747667381,0.9676463955701544,incremental,2.965937376022339,ok,
meg,alpha,L6 CT_1,0.000635029635992379,0.0006562620797220129,0.9676463955701544,incremental,2.965937376022339,ok,
meg,alpha,L6 CT_2,0.005725455622178743,0.0059168882852141495,0.9676463955701544,incremental,2.965937376022339,ok,
meg,alpha,L6 IT Car3_1,0.0004174999773062238,0.000431459238847498,0.9676463955701544,incremental,2.965937376022339,ok,
meg,alpha,L6 IT_1,0.0001638064320029775,0.00016928335883115636,0.9676463955701544,incremental,2.965937376022339,ok,
meg,alpha,L6 IT_2,0.0020909392349414135,0.0021608505384959295,0.9676463955701544,incremental,2.965937376022339,ok,
meg,alpha,L6 IT_3,0.0004115061627604222,0.0004252650189617618,0.9676463955701544,incremental,2.965937376022339,ok,
meg,alpha,L6b_1,0.0008595199772772899,0.000888258336115483,0.9676463955701544,incremental,2.965937376022339,ok,
meg,alpha,L6b_2,0.00047631797261515896,0.0004922438349336318,0.9676463955701544,incremental,2.965937376022339,ok,
meg,alpha,L6b_3,0.0005107926050853528,0.0005278711391100515,0.9676463955701544,incremental,2.965937376022339,ok,
meg,alpha,Lamp5_1,0.00027072056200294625,0.00027977220112873245,0.9676463955701544,incremental,2.965937376022339,ok,
meg,alpha,Lamp5_2,0.000301894557032667,0.00031198850986757966,0.9676463955701544,incremental,2.965937376022339,ok,
meg,alpha,Lamp5_Lhx6_1,0.0003629468154872084,0.00037508207248925234,0.9676463955701544,incremental,2.965937376022339,ok,
meg,alpha,Micro-PVM_1,0.0012739164893057486,0.0013165103442101228,0.9676463955701544,incremental,2.965937376022339,ok,
meg,alpha,Micro-PVM_2,-0.0007460660447332623,-0.00077101103062929,0.9676463955701544,incremental,2.965937376022339,ok,
meg,alpha,OPC_1,0.0022209235573791286,0.002295180933393051,0.9676463955701544,incremental,2.965937376022339,ok,
meg,alpha,Oligo_1,0.0020366872977073402,0.002104784668274704,0.9676463955701544,incremental,2.965937376022339,ok,
meg,alpha,Oligo_2,0.00044495127034183124,0.0004598283757153439,0.9676463955701544,incremental,2.965937376022339,ok,
meg,alpha,Pax6_1,-6.548162386077472e-05,-6.767102544953085e-05,0.9676463955701544,incremental,2.965937376022339,ok,
meg,alpha,Pax6_2,0.0012335908772214133,0.0012748364308168168,0.9676463955701544,incremental,2.965937376022339,ok,
meg,alpha,Pvalb_1,0.0022626186939334048,0.0023382701617983394,0.9676463955701544,incremental,2.965937376022339,ok,
meg,alpha,Pvalb_2,-0.0009610652480180892,-0.0009931988094181992,0.9676463955701544,incremental,2.965937376022339,ok,
meg,alpha,Pvalb_3,-0.0004492439538690274,-0.00046426458665649745,0.9676463955701544,incremental,2.965937376022339,ok,
meg,alpha,Pvalb_4,0.00293796384863676,0.003036195724064739,0.9676463955701544,incremental,2.965937376022339,ok,
meg,alpha,Pvalb_5,-6.042451376497837e-05,-6.244482906317774e-05,0.9676463955701544,incremental,2.965937376022339,ok,
meg,alpha,Sncg_1,0.0005669322888286477,0.0005858878733223629,0.9676463955701544,incremental,2.965937376022339,ok,
meg,alpha,Sncg_2,0.0023034109232400457,0.0023804262939282022,0.9676463955701544,incremental,2.965937376022339,ok,
meg,alpha,Sncg_3,0.0002801905946854255,0.00028955886775182193,0.9676463955701544,incremental,2.965937376022339,ok,
meg,alpha,Sncg_4,-0.0001990960867969127,-0.00020575293589514355,0.9676463955701544,incremental,2.965937376022339,ok,
meg,alpha,Sst Chodl_1,-3.7242725970498824e-05,-3.848794987610609e-05,0.9676463955701544,incremental,2.965937376022339,ok,
meg,alpha,Sst_1,0.0010402568103851095,0.0010750381700870924,0.9676463955701544,incremental,2.965937376022339,ok,
meg,alpha,Sst_10,0.00279198781154133,0.0028853389257924547,0.9676463955701544,incremental,2.965937376022339,ok,
meg,alpha,Sst_2,0.0006912684022494231,0.0007143812093074718,0.9676463955701544,incremental,2.965937376022339,ok,
meg,alpha,Sst_3,0.0023024462985981042,0.0023794294167152476,0.9676463955701544,incremental,2.965937376022339,ok,
meg,alpha,Sst_4,0.0007663799326723675,0.000792004120700313,0.9676463955701544,incremental,2.965937376022339,ok,
meg,alpha,Sst_5,0.0035010228059378923,0.003618080759630203,0.9676463955701544,incremental,2.965937376022339,ok,
meg,alpha,Sst_6,-0.0001569354903782072,-0.00016218268480785073,0.9676463955701544,incremental,2.965937376022339,ok,
meg,alpha,Sst_7,1.0977984576610034e-05,1.1345037429857434e-05,0.9676463955701544,incremental,2.965937376022339,ok,
meg,alpha,Sst_8,0.001459280598200996,0.0015080721685953907,0.9676463955701544,incremental,2.965937376022339,ok,
meg,alpha,Sst_9,0.0028536143035922112,0.002949025921716797,0.9676463955701544,incremental,2.965937376022339,ok,
meg,alpha,VLMC_1,0.0002496237263684975,0.0002579699852252483,0.9676463955701544,incremental,2.965937376022339,ok,
meg,alpha,Vip_1,0.0009941712613394937,0.0010274117341735256,0.9676463955701544,incremental,2.965937376022339,ok,
meg,alpha,Vip_2,0.000870411734658072,0.0008995142633122815,0.9676463955701544,incremental,2.965937376022339,ok,
meg,alpha,Vip_3,0.10687462216824961,0.11044801350732794,0.9676463955701544,incremental,2.965937376022339,ok,
meg,alpha,Vip_4,0.0011164974978278286,0.001153827992269809,0.9676463955701544,incremental,2.965937376022339,ok,
meg,alpha,Vip_5,0.0004054497820321634,0.0004190061409708091,0.9676463955701544,incremental,2.965937376022339,ok,
meg,alpha,Vip_6,0.0017722388170045011,0.0018314942577347861,0.9676463955701544,incremental,2.965937376022339,ok,
meg,alpha,Vip_7,0.0037543282144794077,0.0038798555253929208,0.9676463955701544,incremental,2.965937376022339,ok,
meg,alpha,Vip_8,0.0009756593343865916,0.0010082808543008274,0.9676463955701544,incremental,2.965937376022339,ok,
meg,alpha,Vip_9,0.0005644354868836743,0.0005833075899085006,0.9676463955701544,incremental,2.965937376022339,ok,
meg,beta,Astro_1,0.00031540522478190613,0.0003369066208470769,0.9361799539257784,incremental,3.026129961013794,ok,
meg,beta,Astro_2,-0.0018217644726437054,-0.0019459554383794652,0.9361799539257784,incremental,3.026129961013794,ok,
meg,beta,Chandelier_1,0.0038544029835564375,0.004117160346569459,0.9361799539257784,incremental,3.026129961013794,ok,
meg,beta,Endo_1,-0.001063130521168132,-0.0011356048767226844,0.9361799539257784,incremental,3.026129961013794,ok,
meg,beta,L2/3 IT_1,0.00958608999946775,0.010239580498673816,0.9361799539257784,incremental,3.026129961013794,ok,
meg,beta,L2/3 IT_2,0.0003431326351241992,0.00036652422825900763,0.9361799539257784,incremental,3.026129961013794,ok,
meg,beta,L2/3 IT_3,0.00038845164018896927,0.0004149326617815684,0.9361799539257784,incremental,3.026129961013794,ok,
meg,beta,L2/3 IT_4,-0.0005845122196511676,-0.000624358828876941,0.9361799539257784,incremental,3.026129961013794,ok,
meg,beta,L2/3 IT_5,0.04231412373648358,0.04519870732015086,0.9361799539257784,incremental,3.026129961013794,ok,
meg,beta,L2/3 IT_6,0.0025943564899955085,0.0027712155970829435,0.9361799539257784,incremental,3.026129961013794,ok,
meg,beta,L2/3 IT_7,-0.00015053634654327297,-0.00016079851519145826,0.9361799539257784,incremental,3.026129961013794,ok,
meg,beta,L2/3 IT_8,0.0007054364331038343,0.0007535265310324753,0.9361799539257784,incremental,3.026129961013794,ok,
meg,beta,L4 IT_1,0.0004991113590767648,0.0005331361315565352,0.9361799539257784,incremental,3.026129961013794,ok,
meg,beta,L4 IT_2,-0.001976635626000478,-0.0021113842672144936,0.9361799539257784,incremental,3.026129961013794,ok,
meg,beta,L4 IT_3,-0.002113000318691327,-0.0022570450369404607,0.9361799539257784,incremental,3.026129961013794,ok,
meg,beta,L5 ET_1,0.41655800157204315,0.44495505359332704,0.9361799539257784,incremental,3.026129961013794,ok,
meg,beta,L5 IT_1,-0.0007786746145531653,-0.0008317574108352461,0.9361799539257784,incremental,3.026129961013794,ok,
meg,beta,L5 IT_2,0.0192077226687003,0.02051712663591504,0.9361799539257784,incremental,3.026129961013794,ok,
meg,beta,L5 IT_3,-2.8591896826912766e-05,-3.0541026548384704e-05,0.9361799539257784,incremental,3.026129961013794,ok,
meg,beta,L5 IT_4,-0.00022835467748927307,-0.00024392177650428237,0.9361799539257784,incremental,3.026129961013794,ok,
meg,beta,L5 IT_5,-9.617948485607375e-05,-0.00010273610800226448,0.9361799539257784,incremental,3.026129961013794,ok,
meg,beta,L5/6 NP_1,0.28655388191009246,0.30608846163438663,0.9361799539257784,incremental,3.026129961013794,ok,
meg,beta,L5/6 NP_2,0.0001418598806375293,0.0001515305685009104,0.9361799539257784,incremental,3.026129961013794,ok,
meg,beta,L6 CT_1,-0.00021737337621041686,-0.00023219187219175442,0.9361799539257784,incremental,3.026129961013794,ok,
meg,beta,L6 CT_2,0.002913939151714229,0.0031125844336817,0.9361799539257784,incremental,3.026129961013794,ok,
meg,beta,L6 IT Car3_1,0.008018311358045871,0.008564925284312993,0.9361799539257784,incremental,3.026129961013794,ok,
meg,beta,L6 IT_1,-0.0005045082690838809,-0.0005389009527156346,0.9361799539257784,incremental,3.026129961013794,ok,
meg,beta,L6 IT_2,0.005442833547585679,0.005813875339630691,0.9361799539257784,incremental,3.026129961013794,ok,
meg,beta,L6 IT_3,0.0019101374384588032,0.00204035285144574,0.9361799539257784,incremental,3.026129961013794,ok,
meg,beta,L6b_1,0.001457922062026329,0.0015573096346623066,0.9361799539257784,incremental,3.026129961013794,ok,
meg,beta,L6b_2,0.0017372304730114418,0.0018556586965214723,0.9361799539257784,incremental,3.026129961013794,ok,
meg,beta,L6b_3,0.0014630885304408592,0.001562828304863335,0.9361799539257784,incremental,3.026129961013794,ok,
meg,beta,Lamp5_1,0.006407981700221499,0.006844818320826311,0.9361799539257784,incremental,3.026129961013794,ok,
meg,beta,Lamp5_2,0.0004226196040545416,0.0004514298797814757,0.9361799539257784,incremental,3.026129961013794,ok,
meg,beta,Lamp5_Lhx6_1,0.0006961095552930896,0.000743563833399789,0.9361799539257784,incremental,3.026129961013794,ok,
meg,beta,Micro-PVM_1,0.004082294373167872,0.004360587252535341,0.9361799539257784,incremental,3.026129961013794,ok,
meg,beta,Micro-PVM_2,0.0026688615026584372,0.002850799668874376,0.9361799539257784,incremental,3.026129961013794,ok,
meg,beta,OPC_1,0.003914134240827205,0.004180963525670112,0.9361799539257784,incremental,3.026129961013794,ok,
meg,beta,Oligo_1,0.02663221980862851,0.028447756969105054,0.9361799539257784,incremental,3.026129961013794,ok,
meg,beta,Oligo_2,0.0021024001145529825,0.0022457222094286198,0.9361799539257784,incremental,3.026129961013794,ok,
meg,beta,Pax6_1,0.006683730850700065,0.00713936548488621,0.9361799539257784,incremental,3.026129961013794,ok,
meg,beta,Pax6_2,0.00018649048581587113,0.00019920367343248662,0.9361799539257784,incremental,3.026129961013794,ok,
meg,beta,Pvalb_1,0.0007499322473812908,0.0008010556562726256,0.9361799539257784,incremental,3.026129961013794,ok,
meg,beta,Pvalb_2,-0.00011595546089304687,-0.00012386022623834132,0.9361799539257784,incremental,3.026129961013794,ok,
meg,beta,Pvalb_3,0.013961011197105577,0.014912743152170107,0.9361799539257784,incremental,3.026129961013794,ok,
meg,beta,Pvalb_4,0.0006277770666101024,0.0006705730708904641,0.9361799539257784,incremental,3.026129961013794,ok,
meg,beta,Pvalb_5,0.0028021067119047283,0.002993128297774771,0.9361799539257784,incremental,3.026129961013794,ok,
meg,beta,Sncg_1,0.0033141074151062933,0.0035400324491129194,0.9361799539257784,incremental,3.026129961013794,ok,
meg,beta,Sncg_2,-1.6590457874277043e-05,-1.7721441059175207e-05,0.9361799539257784,incremental,3.026129961013794,ok,
meg,beta,Sncg_3,0.00666973721398556,0.007124417892112168,0.9361799539257784,incremental,3.026129961013794,ok,
meg,beta,Sncg_4,0.008003064172565688,0.008548638687472026,0.9361799539257784,incremental,3.026129961013794,ok,
meg,beta,Sst Chodl_1,-0.00047183786476312495,-0.000504003383948267,0.9361799539257784,incremental,3.026129961013794,ok,
meg,beta,Sst_1,-0.001512552652344623,-0.0016156644307559489,0.9361799539257784,incremental,3.026129961013794,ok,
meg,beta,Sst_10,-0.0005717051819769114,-0.0006106787264345088,0.9361799539257784,incremental,3.026129961013794,ok,
meg,beta,Sst_2,-0.00026071647673475695,-0.0002784897023712889,0.9361799539257784,incremental,3.026129961013794,ok,
meg,beta,Sst_3,0.0002862581104147166,0.0003057725271880918,0.9361799539257784,incremental,3.026129961013794,ok,
meg,beta,Sst_4,-0.0003937341070489042,-0.0004205752381236311,0.9361799539257784,incremental,3.026129961013794,ok,
meg,beta,Sst_5,0.0018117837543536464,0.001935294327502004,0.9361799539257784,incremental,3.026129961013794,ok,
meg,beta,Sst_6,0.0025214561008291003,0.002693345537100664,0.9361799539257784,incremental,3.026129961013794,ok,
meg,beta,Sst_7,0.003952736062905138,0.004222196861115995,0.9361799539257784,incremental,3.026129961013794,ok,
meg,beta,Sst_8,0.012085942163040375,0.012909849342916571,0.9361799539257784,incremental,3.026129961013794,ok,
meg,beta,Sst_9,0.01015523801092133,0.010847527730471413,0.9361799539257784,incremental,3.026129961013794,ok,
meg,beta,VLMC_1,0.005529247290468775,0.00590617996815935,0.9361799539257784,incremental,3.026129961013794,ok,
meg,beta,Vip_1,0.0006422218157893234,0.0006860025287833065,0.9361799539257784,incremental,3.026129961013794,ok,
meg,beta,Vip_2,0.0007634402277989505,0.0008154844852184018,0.9361799539257784,incremental,3.026129961013794,ok,
meg,beta,Vip_3,0.0017151243703172891,0.0018320456052547207,0.9361799539257784,incremental,3.026129961013794,ok,
meg,beta,Vip_4,0.0017432781815311937,0.0018621186815856593,0.9361799539257784,incremental,3.026129961013794,ok,
meg,beta,Vip_5,0.005204669477878898,0.0055594754577403946,0.9361799539257784,incremental,3.026129961013794,ok,
meg,beta,Vip_6,-0.00021944557118991348,-0.00023440533016082015,0.9361799539257784,incremental,3.026129961013794,ok,
meg,beta,Vip_7,0.0006003658739546225,0.00064129323794752,0.9361799539257784,incremental,3.026129961013794,ok,
meg,beta,Vip_8,0.0032259901214557463,0.003445908137562522,0.9361799539257784,incremental,3.026129961013794,ok,
meg,beta,Vip_9,0.0031379846055477056,0.003351903223721974,0.9361799539257784,incremental,3.026129961013794,ok,
meg,gamma1,Astro_1,0.007398287037690965,0.007917690096273435,0.9343996731032786,incremental,3.0253496170043945,ok,
meg,gamma1,Astro_2,0.0015879669108017636,0.0016994514836760292,0.9343996731032786,incremental,3.0253496170043945,ok,
meg,gamma1,Chandelier_1,0.1258195955268795,0.134652867663164,0.9343996731032786,incremental,3.0253496170043945,ok,
meg,gamma1,Endo_1,0.006286816544655571,0.006728187868234296,0.9343996731032786,incremental,3.0253496170043945,ok,
meg,gamma1,L2/3 IT_1,0.00015277307418604114,0.00016349863830608942,0.9343996731032786,incremental,3.0253496170043945,ok,
meg,gamma1,L2/3 IT_2,0.001403482047047877,0.0015020147025380552,0.9343996731032786,incremental,3.0253496170043945,ok,
meg,gamma1,L2/3 IT_3,0.06309346776493929,0.06752299854236529,0.9343996731032786,incremental,3.0253496170043945,ok,
meg,gamma1,L2/3 IT_4,0.0001173367113542767,0.00012557443536402815,0.9343996731032786,incremental,3.0253496170043945,ok,
meg,gamma1,L2/3 IT_5,-0.0009192246240062873,-0.000983759573623787,0.9343996731032786,incremental,3.0253496170043945,ok,
meg,gamma1,L2/3 IT_6,-0.00023550121739401852,-0.0002520347814462353,0.9343996731032786,incremental,3.0253496170043945,ok,
meg,gamma1,L2/3 IT_7,-0.0003013045825326355,-0.00032245792802127024,0.9343996731032786,incremental,3.0253496170043945,ok,
meg,gamma1,L2/3 IT_8,0.0011612750403120486,0.001242803346083463,0.9343996731032786,incremental,3.0253496170043945,ok,
meg,gamma1,L4 IT_1,-0.00016453806260452453,-0.00017608959778214544,0.9343996731032786,incremental,3.0253496170043945,ok,
meg,gamma1,L4 IT_2,0.006285633788824407,0.006726922076020097,0.9343996731032786,incremental,3.0253496170043945,ok,
meg,gamma1,L4 IT_3,0.00746091526138104,0.007984715187883408,0.9343996731032786,incremental,3.0253496170043945,ok,
meg,gamma1,L5 ET_1,-0.0004313601199991135,-0.0004616441255448037,0.9343996731032786,incremental,3.0253496170043945,ok,
meg,gamma1,L5 IT_1,0.001419020709879204,0.001518644270461298,0.9343996731032786,incremental,3.0253496170043945,ok,
meg,gamma1,L5 IT_2,0.0025473181539072964,0.0027261547999554393,0.9343996731032786,incremental,3.0253496170043945,ok,
meg,gamma1,L5 IT_3,0.002811029595551906,0.0030083803285333604,0.9343996731032786,incremental,3.0253496170043945,ok,
meg,gamma1,L5 IT_4,0.006834291585219421,0.007314098861487969,0.9343996731032786,incremental,3.0253496170043945,ok,
meg,gamma1,L5 IT_5,0.02816666060121098,0.03014412505910384,0.9343996731032786,incremental,3.0253496170043945,ok,
meg,gamma1,L5/6 NP_1,-0.0012431241304765583,-0.0013303987215106362,0.9343996731032786,incremental,3.0253496170043945,ok,
meg,gamma1,L5/6 NP_2,0.00014324367469642496,0.00015330021918853168,0.9343996731032786,incremental,3.0253496170043945,ok,
meg,gamma1,L6 CT_1,0.005319955061826143,0.005693447049438481,0.9343996731032786,incremental,3.0253496170043945,ok,
meg,gamma1,L6 CT_2,0.010851242006917894,0.011613062717455073,0.9343996731032786,incremental,3.0253496170043945,ok,
meg,gamma1,L6 IT Car3_1,0.009584470659124378,0.01025735660554433,0.9343996731032786,incremental,3.0253496170043945,ok,
meg,gamma1,L6 IT_1,-0.0014015525160283593,-0.0014999497071457627,0.9343996731032786,incremental,3.0253496170043945,ok,
meg,gamma1,L6 IT_2,0.003249203069132678,0.003477316144965673,0.9343996731032786,incremental,3.0253496170043945,ok,
meg,gamma1,L6 IT_3,0.011282690580026955,0.012074801506035935,0.9343996731032786,incremental,3.0253496170043945,ok,
meg,gamma1,L6b_1,0.0031019075569005405,0.003319679625527532,0.9343996731032786,incremental,3.0253496170043945,ok,
meg,gamma1,L6b_2,-0.00012254059328753453,-0.00013114366027179697,0.9343996731032786,incremental,3.0253496170043945,ok,
meg,gamma1,L6b_3,0.00420305187760317,0.00449813072348818,0.9343996731032786,incremental,3.0253496170043945,ok,
meg,gamma1,Lamp5_1,-0.0011555561442734286,-0.0012366829500653148,0.9343996731032786,incremental,3.0253496170043945,ok,
meg,gamma1,Lamp5_2,0.002122330591622923,0.002271330622981011,0.9343996731032786,incremental,3.0253496170043945,ok,
meg,gamma1,Lamp5_Lhx6_1,0.003431493945303954,0.003672404907749441,0.9343996731032786,incremental,3.0253496170043945,ok,
meg,gamma1,Micro-PVM_1,0.0002901616837388543,0.0003105327325031961,0.9343996731032786,incremental,3.0253496170043945,ok,
meg,gamma1,Micro-PVM_2,-0.0003838314242506913,-0.0004107786371285113,0.9343996731032786,incremental,3.0253496170043945,ok,
meg,gamma1,OPC_1,0.0018636596156318408,0.0019944994302516753,0.9343996731032786,incremental,3.0253496170043945,ok,
meg,gamma1,Oligo_1,0.011774322284687777,0.012600948634307118,0.9343996731032786,incremental,3.0253496170043945,ok,
meg,gamma1,Oligo_2,-0.0005441436376047992,-0.000582345706305331,0.9343996731032786,incremental,3.0253496170043945,ok,
meg,gamma1,Pax6_1,0.0006040496489307934,0.0006464574703078134,0.9343996731032786,incremental,3.0253496170043945,ok,
meg,gamma1,Pax6_2,-0.0005931159438019584,-0.0006347561550745552,0.9343996731032786,incremental,3.0253496170043945,ok,
meg,gamma1,Pvalb_1,0.0007161298849189812,0.0007664063949643825,0.9343996731032786,incremental,3.0253496170043945,ok,
meg,gamma1,Pvalb_2,-0.0007230183650946964,-0.0007737784867726315,0.9343996731032786,incremental,3.0253496170043945,ok,
meg,gamma1,Pvalb_3,-0.0018961166510365057,-0.002029235139540689,0.9343996731032786,incremental,3.0253496170043945,ok,
meg,gamma1,Pvalb_4,-0.00048495863080866286,-0.000519005565571362,0.9343996731032786,incremental,3.0253496170043945,ok,
meg,gamma1,Pvalb_5,0.0021892437081614258,0.0023429414320005333,0.9343996731032786,incremental,3.0253496170043945,ok,
meg,gamma1,Sncg_1,0.006846189067175157,0.007326831616323191,0.9343996731032786,incremental,3.0253496170043945,ok,
meg,gamma1,Sncg_2,-0.00026323746199696796,-0.00028171827278440463,0.9343996731032786,incremental,3.0253496170043945,ok,
meg,gamma1,Sncg_3,0.0010161413792335594,0.0010874804524051303,0.9343996731032786,incremental,3.0253496170043945,ok,
meg,gamma1,Sncg_4,0.006331826325132739,0.006776357598781914,0.9343996731032786,incremental,3.0253496170043945,ok,
meg,gamma1,Sst Chodl_1,-0.0002880758063618094,-0.0003083004143238485,0.9343996731032786,incremental,3.0253496170043945,ok,
meg,gamma1,Sst_1,0.0010394047097729286,0.0011123770049286435,0.9343996731032786,incremental,3.0253496170043945,ok,
meg,gamma1,Sst_10,0.007684903397643272,0.00822442860250644,0.9343996731032786,incremental,3.0253496170043945,ok,
meg,gamma1,Sst_2,-7.556304958600268e-05,-8.086801800245358e-05,0.9343996731032786,incremental,3.0253496170043945,ok,
meg,gamma1,Sst_3,0.0009663340645204022,0.0010341763726340622,0.9343996731032786,incremental,3.0253496170043945,ok,
meg,gamma1,Sst_4,0.004666252690902706,0.004993850945394057,0.9343996731032786,incremental,3.0253496170043945,ok,
meg,gamma1,Sst_5,0.5488189582551419,0.5873492618340004,0.9343996731032786,incremental,3.0253496170043945,ok,
meg,gamma1,Sst_6,0.0004091980450684485,0.000437926143220322,0.9343996731032786,incremental,3.0253496170043945,ok,
meg,gamma1,Sst_7,0.0012796416946218026,0.0013694800324275847,0.9343996731032786,incremental,3.0253496170043945,ok,
meg,gamma1,Sst_8,-0.0007622220611877006,-0.000815734511824313,0.9343996731032786,incremental,3.0253496170043945,ok,
meg,gamma1,Sst_9,0.0008320371862607923,0.0008904510673655038,0.9343996731032786,incremental,3.0253496170043945,ok,
meg,gamma1,VLMC_1,0.018072626807054126,0.019341431003536504,0.9343996731032786,incremental,3.0253496170043945,ok,
meg,gamma1,Vip_1,0.003270643444938548,0.0035002617606620734,0.9343996731032786,incremental,3.0253496170043945,ok,
meg,gamma1,Vip_2,0.0023906469247126916,0.0025584843333399314,0.9343996731032786,incremental,3.0253496170043945,ok,
meg,gamma1,Vip_3,0.003997240121439982,0.00427786977724913,0.9343996731032786,incremental,3.0253496170043945,ok,
meg,gamma1,Vip_4,-0.00020846981656652552,-0.0002231056180426162,0.9343996731032786,incremental,3.0253496170043945,ok,
meg,gamma1,Vip_5,0.0006787962665356639,0.000726451738024781,0.9343996731032786,incremental,3.0253496170043945,ok,
meg,gamma1,Vip_6,0.0014793107947925765,0.0015831670722653058,0.9343996731032786,incremental,3.0253496170043945,ok,
meg,gamma1,Vip_7,0.0005227420424480655,0.0005594415938866528,0.9343996731032786,incremental,3.0253496170043945,ok,
meg,gamma1,Vip_8,0.0007261663627966541,0.0007771474923412044,0.9343996731032786,incremental,3.0253496170043945,ok,
meg,gamma1,Vip_9,0.0022950421589190695,0.0024561675533306825,0.9343996731032786,incremental,3.0253496170043945,ok,
meg,gamma2,Astro_1,-0.0012198686468274378,-0.0013344741463544034,0.9141193556727556,incremental,3.0645668506622314,ok,
meg,gamma2,Astro_2,0.003904509239059606,0.0042713341696895175,0.9141193556727556,incremental,3.0645668506622314,ok,
meg,gamma2,Chandelier_1,0.5029706745141924,0.5502242911638447,0.9141193556727556,incremental,3.0645668506622314,ok,
meg,gamma2,Endo_1,0.012701075136649198,0.01389432906964508,0.9141193556727556,incremental,3.0645668506622314,ok,
meg,gamma2,L2/3 IT_1,-0.0004458337813018076,-0.00048771944115950987,0.9141193556727556,incremental,3.0645668506622314,ok,
meg,gamma2,L2/3 IT_2,-0.00034211889983237764,-0.00037426064518740194,0.9141193556727556,incremental,3.0645668506622314,ok,
meg,gamma2,L2/3 IT_3,0.0018134013892127099,0.001983768725560043,0.9141193556727556,incremental,3.0645668506622314,ok,
meg,gamma2,L2/3 IT_4,-0.0011277919562008298,-0.0012337469381892912,0.9141193556727556,incremental,3.0645668506622314,ok,
meg,gamma2,L2/3 IT_5,-0.0016122345873831323,-0.0017637024939665472,0.9141193556727556,incremental,3.0645668506622314,ok,
meg,gamma2,L2/3 IT_6,0.0020315737101550546,0.002222438128618223,0.9141193556727556,incremental,3.0645668506622314,ok,
meg,gamma2,L2/3 IT_7,-0.0002608946123139333,-0.00028540541308407717,0.9141193556727556,incremental,3.0645668506622314,ok,
meg,gamma2,L2/3 IT_8,0.0007586594393651502,0.0008299347723654828,0.9141193556727556,incremental,3.0645668506622314,ok,
meg,gamma2,L4 IT_1,0.005343602367962941,0.0058456287297737625,0.9141193556727556,incremental,3.0645668506622314,ok,
meg,gamma2,L4 IT_2,-0.000510562261216263,-0.000558529100218548,0.9141193556727556,incremental,3.0645668506622314,ok,
meg,gamma2,L4 IT_3,-0.0025775610289127115,-0.0028197204368522848,0.9141193556727556,incremental,3.0645668506622314,ok,
meg,gamma2,L5 ET_1,0.02015309539451493,0.0220464595454092,0.9141193556727556,incremental,3.0645668506622314,ok,
meg,gamma2,L5 IT_1,-0.0024115004346996205,-0.0026380586077021113,0.9141193556727556,incremental,3.0645668506622314,ok,
meg,gamma2,L5 IT_2,0.0013500362736016402,0.0014768708979015844,0.9141193556727556,incremental,3.0645668506622314,ok,
meg,gamma2,L5 IT_3,0.002616541222620561,0.0028623627826968945,0.9141193556727556,incremental,3.0645668506622314,ok,
meg,gamma2,L5 IT_4,0.005329704104666821,0.0058304247378553435,0.9141193556727556,incremental,3.0645668506622314,ok,
meg,gamma2,L5 IT_5,-0.0007471611818575807,-0.000817356264497539,0.9141193556727556,incremental,3.0645668506622314,ok,
meg,gamma2,L5/6 NP_1,0.0025549544592111673,0.002794990001421447,0.9141193556727556,incremental,3.0645668506622314,ok,
meg,gamma2,L5/6 NP_2,0.0013793597444203831,0.0015089492809231997,0.9141193556727556,incremental,3.0645668506622314,ok,
meg,gamma2,L6 CT_1,-0.0006597142627439156,-0.0007216937904770566,0.9141193556727556,incremental,3.0645668506622314,ok,
meg,gamma2,L6 CT_2,0.0005167010164152108,0.000565244585631752,0.9141193556727556,incremental,3.0645668506622314,ok,
meg,gamma2,L6 IT Car3_1,0.00366291716420708,0.0040070447491086306,0.9141193556727556,incremental,3.0645668506622314,ok,
meg,gamma2,L6 IT_1,0.0008280253727576126,0.0009058175692475286,0.9141193556727556,incremental,3.0645668506622314,ok,
meg,gamma2,L6 IT_2,0.006809102814704704,0.0074488115500994665,0.9141193556727556,incremental,3.0645668506622314,ok,
meg,gamma2,L6 IT_3,0.004980757038582584,0.005448694426688891,0.9141193556727556,incremental,3.0645668506622314,ok,
meg,gamma2,L6b_1,-0.0004759128048579253,-0.0005206243603798022,0.9141193556727556,incremental,3.0645668506622314,ok,
meg,gamma2,L6b_2,0.0006588962108665664,0.0007207988834036283,0.9141193556727556,incremental,3.0645668506622314,ok,
meg,gamma2,L6b_3,0.001428182000664635,0.0015623583417217436,0.9141193556727556,incremental,3.0645668506622314,ok,
meg,gamma2,Lamp5_1,0.0019211374892298405,0.0021016265297390617,0.9141193556727556,incremental,3.0645668506622314,ok,
meg,gamma2,Lamp5_2,0.0015171030494688376,0.0016596334385155973,0.9141193556727556,incremental,3.0645668506622314,ok,
meg,gamma2,Lamp5_Lhx6_1,0.0017835280037603596,0.0019510887639478476,0.9141193556727556,incremental,3.0645668506622314,ok,
meg,gamma2,Micro-PVM_1,0.0034608789398056228,0.00378602522562117,0.9141193556727556,incremental,3.0645668506622314,ok,
meg,gamma2,Micro-PVM_2,0.01953757975114445,0.02137311679257198,0.9141193556727556,incremental,3.0645668506622314,ok,
meg,gamma2,OPC_1,0.0027498715311592425,0.003008219346953272,0.9141193556727556,incremental,3.0645668506622314,ok,
meg,gamma2,Oligo_1,0.006578317922366184,0.007196344636554383,0.9141193556727556,incremental,3.0645668506622314,ok,
meg,gamma2,Oligo_2,0.1526431777885109,0.16698385920968883,0.9141193556727556,incremental,3.0645668506622314,ok,
meg,gamma2,Pax6_1,0.0037212290014662086,0.004070834928035772,0.9141193556727556,incremental,3.0645668506622314,ok,
meg,gamma2,Pax6_2,-7.241638154009689e-05,-7.921983173280616e-05,0.9141193556727556,incremental,3.0645668506622314,ok,
meg,gamma2,Pvalb_1,0.00961556428453314,0.01051893740665459,0.9141193556727556,incremental,3.0645668506622314,ok,
meg,gamma2,Pvalb_2,0.03989779329704968,0.04364615304276812,0.9141193556727556,incremental,3.0645668506622314,ok,
meg,gamma2,Pvalb_3,-0.0018208953296946495,-0.0019919667146250752,0.9141193556727556,incremental,3.0645668506622314,ok,
meg,gamma2,Pvalb_4,-0.0005517350062461679,-0.000603569985497258,0.9141193556727556,incremental,3.0645668506622314,ok,
meg,gamma2,Pvalb_5,0.0029647392933243033,0.0032432737310789934,0.9141193556727556,incremental,3.0645668506622314,ok,
meg,gamma2,Sncg_1,-0.002765052733132878,-0.003024826808418151,0.9141193556727556,incremental,3.0645668506622314,ok,
meg,gamma2,Sncg_2,0.0003551865366294704,0.000388555974036965,0.9141193556727556,incremental,3.0645668506622314,ok,
meg,gamma2,Sncg_3,-0.0006956134836620942,-0.000760965709067773,0.9141193556727556,incremental,3.0645668506622314,ok,
meg,gamma2,Sncg_4,0.006872885793752115,0.007518586879383977,0.9141193556727556,incremental,3.0645668506622314,ok,
meg,gamma2,Sst Chodl_1,0.006390184902009377,0.006990536697810599,0.9141193556727556,incremental,3.0645668506622314,ok,
meg,gamma2,Sst_1,0.004803331154059953,0.005254599549010634,0.9141193556727556,incremental,3.0645668506622314,ok,
meg,gamma2,Sst_10,0.007295095275594021,0.007980462540611145,0.9141193556727556,incremental,3.0645668506622314,ok,
meg,gamma2,Sst_2,0.0003305073527446467,0.0003615582042909554,0.9141193556727556,incremental,3.0645668506622314,ok,
meg,gamma2,Sst_3,0.013372767389918327,0.014629126171468606,0.9141193556727556,incremental,3.0645668506622314,ok,
meg,gamma2,Sst_4,0.012253052404938458,0.013404215028266957,0.9141193556727556,incremental,3.0645668506622314,ok,
meg,gamma2,Sst_5,0.004150438356444686,0.004540368093825261,0.9141193556727556,incremental,3.0645668506622314,ok,
meg,gamma2,Sst_6,0.011884448936807401,0.013000981614770556,0.9141193556727556,incremental,3.0645668506622314,ok,
meg,gamma2,Sst_7,0.0012973464133090307,0.0014192308753316302,0.9141193556727556,incremental,3.0645668506622314,ok,
meg,gamma2,Sst_8,0.0001814032361612261,0.0001984458977216608,0.9141193556727556,incremental,3.0645668506622314,ok,
meg,gamma2,Sst_9,0.0024674391070423907,0.002699252665125391,0.9141193556727556,incremental,3.0645668506622314,ok,
meg,gamma2,VLMC_1,-0.00031818944173878094,-0.0003480830372578711,0.9141193556727556,incremental,3.0645668506622314,ok,
meg,gamma2,Vip_1,0.011223901020582794,0.012278375849860928,0.9141193556727556,incremental,3.0645668506622314,ok,
meg,gamma2,Vip_2,0.008212033779298022,0.008983546544919499,0.9141193556727556,incremental,3.0645668506622314,ok,
meg,gamma2,Vip_3,-0.0006887846269516551,-0.0007534952877622167,0.9141193556727556,incremental,3.0645668506622314,ok,
meg,gamma2,Vip_4,-0.0001891317529993941,-0.00020690050136855557,0.9141193556727556,incremental,3.0645668506622314,ok,
meg,gamma2,Vip_5,-0.0022079181600180853,-0.002415349971878831,0.9141193556727556,incremental,3.0645668506622314,ok,
meg,gamma2,Vip_6,0.0010808051154699294,0.001182345728446478,0.9141193556727556,incremental,3.0645668506622314,ok,
meg,gamma2,Vip_7,0.0019116763658106883,0.0020912765427702493,0.9141193556727556,incremental,3.0645668506622314,ok,
meg,gamma2,Vip_8,0.0038146497073521246,0.004173032420415924,0.9141193556727556,incremental,3.0645668506622314,ok,
meg,gamma2,Vip_9,0.009740405233312543,0.010655507043873927,0.9141193556727556,incremental,3.0645668506622314,ok,
enigma,22q,Astro_1,0.013220596398772155,0.013924462297564113,0.949451125382767,incremental,2.930694580078125,ok,
enigma,22q,Astro_2,0.005378081904166221,0.00566441153250313,0.949451125382767,incremental,2.930694580078125,ok,
enigma,22q,Chandelier_1,0.0012177171693874556,0.0012825485555104674,0.949451125382767,incremental,2.930694580078125,ok,
enigma,22q,Endo_1,-0.000471750787837788,-0.0004968668478302175,0.949451125382767,incremental,2.930694580078125,ok,
enigma,22q,L2/3 IT_1,0.019346406224833856,0.02037641086268073,0.949451125382767,incremental,2.930694580078125,ok,
enigma,22q,L2/3 IT_2,0.008352359796869213,0.008797040283144639,0.949451125382767,incremental,2.930694580078125,ok,
enigma,22q,L2/3 IT_3,0.0005411762708468215,0.0005699885506256562,0.949451125382767,incremental,2.930694580078125,ok,
enigma,22q,L2/3 IT_4,0.01591257803823376,0.016759765313689712,0.949451125382767,incremental,2.930694580078125,ok,
enigma,22q,L2/3 IT_5,0.0024077175850604204,0.002535904714515726,0.949451125382767,incremental,2.930694580078125,ok,
enigma,22q,L2/3 IT_6,-0.00023021215353224989,-0.00024246867203347712,0.949451125382767,incremental,2.930694580078125,ok,
enigma,22q,L2/3 IT_7,-0.00044840621214592424,-0.0004722794045508675,0.949451125382767,incremental,2.930694580078125,ok,
enigma,22q,L2/3 IT_8,0.0018919557428583866,0.0019926836593043722,0.949451125382767,incremental,2.930694580078125,ok,
enigma,22q,L4 IT_1,-0.00045298517327019283,-0.0004771021500317606,0.949451125382767,incremental,2.930694580078125,ok,
enigma,22q,L4 IT_2,0.02161286733781176,0.022763538596153255,0.949451125382767,incremental,2.930694580078125,ok,
enigma,22q,L4 IT_3,0.003272322290081342,0.003446541062092185,0.949451125382767,incremental,2.930694580078125,ok,
enigma,22q,L5 ET_1,0.004136354538363252,0.004356574475274542,0.949451125382767,incremental,2.930694580078125,ok,
enigma,22q,L5 IT_1,0.001639302568198775,0.0017265792038930886,0.949451125382767,incremental,2.930694580078125,ok,
enigma,22q,L5 IT_2,0.010532611942928982,0.011093369275519903,0.949451125382767,incremental,2.930694580078125,ok,
enigma,22q,L5 IT_3,-0.0006200696229293756,-0.0006530821928083947,0.949451125382767,incremental,2.930694580078125,ok,
enigma,22q,L5 IT_4,0.0011405530063135494,0.0012012761645353155,0.949451125382767,incremental,2.930694580078125,ok,
enigma,22q,L5 IT_5,0.0036623304268685875,0.0038573132718044177,0.949451125382767,incremental,2.930694580078125,ok,
enigma,22q,L5/6 NP_1,0.0020947829994291123,0.0022063094596729347,0.949451125382767,incremental,2.930694580078125,ok,
enigma,22q,L5/6 NP_2,-0.0005290576636387545,-0.0005572247475355483,0.949451125382767,incremental,2.930694580078125,ok,
enigma,22q,L6 CT_1,-0.0007937377795793621,-0.0008359964598065754,0.949451125382767,incremental,2.930694580078125,ok,
enigma,22q,L6 CT_2,0.0042368753120911595,0.004462446985233792,0.949451125382767,incremental,2.930694580078125,ok,
enigma,22q,L6 IT Car3_1,0.016637614692419644,0.01752340299318963,0.949451125382767,incremental,2.930694580078125,ok,
enigma,22q,L6 IT_1,6.285403538930368e-05,6.620039063513075e-05,0.949451125382767,incremental,2.930694580078125,ok,
enigma,22q,L6 IT_2,0.006093599352845258,0.0064180232030254854,0.949451125382767,incremental,2.930694580078125,ok,
enigma,22q,L6 IT_3,0.003674536742657164,0.003870169453088795,0.949451125382767,incremental,2.930694580078125,ok,
enigma,22q,L6b_1,0.009165921754365813,0.009653916362119864,0.949451125382767,incremental,2.930694580078125,ok,
enigma,22q,L6b_2,0.0028699023662991374,0.0030226962605812376,0.949451125382767,incremental,2.930694580078125,ok,
enigma,22q,L6b_3,-0.00039898789313730365,-0.00042023004920495874,0.949451125382767,incremental,2.930694580078125,ok,
enigma,22q,Lamp5_1,0.015418866601325631,0.01623976862959595,0.949451125382767,incremental,2.930694580078125,ok,
enigma,22q,Lamp5_2,0.0007840371028404736,0.0008257793180500918,0.949451125382767,incremental,2.930694580078125,ok,
enigma,22q,Lamp5_Lhx6_1,0.002986104177066129,0.0031450846675886495,0.949451125382767,incremental,2.930694580078125,ok,
enigma,22q,Micro-PVM_1,0.004863979236043314,0.005122937985967864,0.949451125382767,incremental,2.930694580078125,ok,
enigma,22q,Micro-PVM_2,0.010724777289859655,0.011295765525093256,0.949451125382767,incremental,2.930694580078125,ok,
enigma,22q,OPC_1,0.0035412238739725987,0.0037297589936975115,0.949451125382767,incremental,2.930694580078125,ok,
enigma,22q,Oligo_1,0.013138592800119642,0.01383809281896725,0.949451125382767,incremental,2.930694580078125,ok,
enigma,22q,Oligo_2,0.0009197733417175558,0.0009687421681097626,0.949451125382767,incremental,2.930694580078125,ok,
enigma,22q,Pax6_1,0.002859666829882368,0.003011915783163147,0.949451125382767,incremental,2.930694580078125,ok,
enigma,22q,Pax6_2,0.014257967933101412,0.01501706359803763,0.949451125382767,incremental,2.930694580078125,ok,
enigma,22q,Pvalb_1,0.0014690755297641633,0.0015472892605945484,0.949451125382767,incremental,2.930694580078125,ok,
enigma,22q,Pvalb_2,0.001376340853219471,0.0014496173804255646,0.949451125382767,incremental,2.930694580078125,ok,
enigma,22q,Pvalb_3,0.0014712548495887656,0.0015495846076285767,0.949451125382767,incremental,2.930694580078125,ok,
enigma,22q,Pvalb_4,9.621025888661983e-05,0.00010133250286878441,0.949451125382767,incremental,2.930694580078125,ok,
enigma,22q,Pvalb_5,0.0038691603451074252,0.004075154835955975,0.949451125382767,incremental,2.930694580078125,ok,
enigma,22q,Sncg_1,0.0022494266890961123,0.0023691863951283074,0.949451125382767,incremental,2.930694580078125,ok,
enigma,22q,Sncg_2,0.0033792901875816517,0.0035592039413501206,0.949451125382767,incremental,2.930694580078125,ok,
enigma,22q,Sncg_3,0.02867980040569207,0.03020671590033656,0.949451125382767,incremental,2.930694580078125,ok,
enigma,22q,Sncg_4,0.012009671372640307,0.012649067499707962,0.949451125382767,incremental,2.930694580078125,ok,
enigma,22q,Sst Chodl_1,0.021139511242531883,0.02226498097414923,0.949451125382767,incremental,2.930694580078125,ok,
enigma,22q,Sst_1,0.001978080172862162,0.0020833933627333453,0.949451125382767,incremental,2.930694580078125,ok,
enigma,22q,Sst_10,-0.0008806682773286889,-0.0009275551461099711,0.949451125382767,incremental,2.930694580078125,ok,
enigma,22q,Sst_2,0.029917127022972667,0.03150991791274323,0.949451125382767,incremental,2.930694580078125,ok,
enigma,22q,Sst_3,0.05368209047559147,0.05654013044004743,0.949451125382767,incremental,2.930694580078125,ok,
enigma,22q,Sst_4,-0.0001233850432427186,-0.00012995407551176104,0.949451125382767,incremental,2.930694580078125,ok,
enigma,22q,Sst_5,0.02305505935499519,0.02428251306321918,0.949451125382767,incremental,2.930694580078125,ok,
enigma,22q,Sst_6,0.0007838406432318923,0.0008255723989119403,0.949451125382767,incremental,2.930694580078125,ok,
enigma,22q,Sst_7,0.3897247879747976,0.4104737753801511,0.949451125382767,incremental,2.930694580078125,ok,
enigma,22q,Sst_8,0.0685637999512767,0.07221414364392428,0.949451125382767,incremental,2.930694580078125,ok,
enigma,22q,Sst_9,0.0010864541986413956,0.0011442971308327182,0.949451125382767,incremental,2.930694580078125,ok,
enigma,22q,VLMC_1,0.021103985477652465,0.022227563813929326,0.949451125382767,incremental,2.930694580078125,ok,
enigma,22q,Vip_1,0.007982304768868853,0.008407283487763335,0.949451125382767,incremental,2.930694580078125,ok,
enigma,22q,Vip_2,0.011201075220796497,0.01179742160638425,0.949451125382767,incremental,2.930694580078125,ok,
enigma,22q,Vip_3,0.0011278668120852098,0.0011879145560341668,0.949451125382767,incremental,2.930694580078125,ok,
enigma,22q,Vip_4,-2.811014225923003e-05,-2.960672909613705e-05,0.949451125382767,incremental,2.930694580078125,ok,
enigma,22q,Vip_5,-0.0001721453066638734,-0.00018131034032370418,0.949451125382767,incremental,2.930694580078125,ok,
enigma,22q,Vip_6,0.0003616126675269893,0.0003808649627764744,0.949451125382767,incremental,2.930694580078125,ok,
enigma,22q,Vip_7,0.010760772337437996,0.011333676952670775,0.949451125382767,incremental,2.930694580078125,ok,
enigma,22q,Vip_8,0.018397988655494357,0.019377499445353007,0.949451125382767,incremental,2.930694580078125,ok,
enigma,22q,Vip_9,0.010538046286972635,0.011099092944593929,0.949451125382767,incremental,2.930694580078125,ok,
enigma,adhd,Astro_1,0.0016861086323184393,0.0018119089148173851,0.9305703054551036,incremental,2.984113931655884,ok,
enigma,adhd,Astro_2,0.0013730059391073857,0.0014754456821356502,0.9305703054551036,incremental,2.984113931655884,ok,
enigma,adhd,Chandelier_1,0.002083141700005009,0.00223856455314919,0.9305703054551036,incremental,2.984113931655884,ok,
enigma,adhd,Endo_1,0.0024434221222101593,0.0026257254372792204,0.9305703054551036,incremental,2.984113931655884,ok,
enigma,adhd,L2/3 IT_1,0.0029694396734206707,0.003190989069835449,0.9305703054551036,incremental,2.984113931655884,ok,
enigma,adhd,L2/3 IT_2,0.0007953333780086336,0.0008546730680597731,0.9305703054551036,incremental,2.984113931655884,ok,
enigma,adhd,L2/3 IT_3,0.0005169270682821026,0.000555494910219916,0.9305703054551036,incremental,2.984113931655884,ok,
enigma,adhd,L2/3 IT_4,0.0016200879711677496,0.0017409624632019945,0.9305703054551036,incremental,2.984113931655884,ok,
enigma,adhd,L2/3 IT_5,0.0008804224249170378,0.0009461105944987783,0.9305703054551036,incremental,2.984113931655884,ok,
enigma,adhd,L2/3 IT_6,0.0011888383122120594,0.0012775373394605016,0.9305703054551036,incremental,2.984113931655884,ok,
enigma,adhd,L2/3 IT_7,-0.0008009698429547463,-0.0008607300687109556,0.9305703054551036,incremental,2.984113931655884,ok,
enigma,adhd,L2/3 IT_8,0.0002683492180145519,0.0002883707082006162,0.9305703054551036,incremental,2.984113931655884,ok,
enigma,adhd,L4 IT_1,0.0023351049929202228,0.002509326785124762,0.9305703054551036,incremental,2.984113931655884,ok,
enigma,adhd,L4 IT_2,0.0029793204061071554,0.0032016070023318578,0.9305703054551036,incremental,2.984113931655884,ok,
enigma,adhd,L4 IT_3,-0.0019881704025068725,-0.0021365074630600215,0.9305703054551036,incremental,2.984113931655884,ok,
enigma,adhd,L5 ET_1,0.00013044553515484392,0.00014017805467266483,0.9305703054551036,incremental,2.984113931655884,ok,
enigma,adhd,L5 IT_1,0.7304772394751213,0.7849780238988767,0.9305703054551036,incremental,2.984113931655884,ok,
enigma,adhd,L5 IT_2,0.00789908807646611,0.008488437714120903,0.9305703054551036,incremental,2.984113931655884,ok,
enigma,adhd,L5 IT_3,-0.0008062727442096351,-0.0008664286185398108,0.9305703054551036,incremental,2.984113931655884,ok,
enigma,adhd,L5 IT_4,0.0020261268596797333,0.002177295845141801,0.9305703054551036,incremental,2.984113931655884,ok,
enigma,adhd,L5 IT_5,0.0018304966476236917,0.0019670696957479975,0.9305703054551036,incremental,2.984113931655884,ok,
enigma,adhd,L5/6 NP_1,-0.0006641052073966813,-0.0007136539856296992,0.9305703054551036,incremental,2.984113931655884,ok,
enigma,adhd,L5/6 NP_2,0.0013583949214015512,0.0014597445388473,0.9305703054551036,incremental,2.984113931655884,ok,
enigma,adhd,L6 CT_1,0.00014799601237858173,0.00015903797006095417,0.9305703054551036,incremental,2.984113931655884,ok,
enigma,adhd,L6 CT_2,0.004087086435816567,0.004392023269878294,0.9305703054551036,incremental,2.984113931655884,ok,
enigma,adhd,L6 IT Car3_1,0.0020769688164321565,0.0022319311117674195,0.9305703054551036,incremental,2.984113931655884,ok,
enigma,adhd,L6 IT_1,-0.0003136544004200825,-0.0003370561026731743,0.9305703054551036,incremental,2.984113931655884,ok,
enigma,adhd,L6 IT_2,-0.000996158159081162,-0.0010704813523938763,0.9305703054551036,incremental,2.984113931655884,ok,
enigma,adhd,L6 IT_3,0.0005895724159862281,0.0006335603151423283,0.9305703054551036,incremental,2.984113931655884,ok,
enigma,adhd,L6b_1,-0.0009992899562860647,-0.00107384681246341,0.9305703054551036,incremental,2.984113931655884,ok,
enigma,adhd,L6b_2,-0.0004027217659260396,-0.00043276876939360854,0.9305703054551036,incremental,2.984113931655884,ok,
enigma,adhd,L6b_3,0.0005746141426136164,0.0006174860075000957,0.9305703054551036,incremental,2.984113931655884,ok,
enigma,adhd,Lamp5_1,0.0006792470834906528,0.0007299255945615641,0.9305703054551036,incremental,2.984113931655884,ok,
enigma,adhd,Lamp5_2,0.0003595618017655511,0.0003863886475398592,0.9305703054551036,incremental,2.984113931655884,ok,
enigma,adhd,Lamp5_Lhx6_1,0.000533341477963134,0.0005731339962565201,0.9305703054551036,incremental,2.984113931655884,ok,
enigma,adhd,Micro-PVM_1,0.0010406609557545021,0.0011183044952692294,0.9305703054551036,incremental,2.984113931655884,ok,
enigma,adhd,Micro-PVM_2,0.012970385012795793,0.013938103265021456,0.9305703054551036,incremental,2.984113931655884,ok,
enigma,adhd,OPC_1,0.015925177362963838,0.017113352177271002,0.9305703054551036,incremental,2.984113931655884,ok,
enigma,adhd,Oligo_1,0.0026617494237500816,0.002860342102199715,0.9305703054551036,incremental,2.984113931655884,ok,
enigma,adhd,Oligo_2,-0.0009045744287230484,-0.0009720645752613591,0.9305703054551036,incremental,2.984113931655884,ok,
enigma,adhd,Pax6_1,0.0003712374692342868,0.0003989354346018272,0.9305703054551036,incremental,2.984113931655884,ok,
enigma,adhd,Pax6_2,0.0016819325722262635,0.001807421279581557,0.9305703054551036,incremental,2.984113931655884,ok,
enigma,adhd,Pvalb_1,0.0006567220315182309,0.0007057199522362314,0.9305703054551036,incremental,2.984113931655884,ok,
enigma,adhd,Pvalb_2,0.0024523008052151907,0.002635266557335366,0.9305703054551036,incremental,2.984113931655884,ok,
enigma,adhd,Pvalb_3,0.0009027091811554255,0.0009700601618852944,0.9305703054551036,incremental,2.984113931655884,ok,
enigma,adhd,Pvalb_4,-0.00042714323504911,-0.0004590123202353979,0.9305703054551036,incremental,2.984113931655884,ok,
enigma,adhd,Pvalb_5,0.008809731411169253,0.009467023995420503,0.9305703054551036,incremental,2.984113931655884,ok,
enigma,adhd,Sncg_1,0.0003036089976714562,0.000326261214108883,0.9305703054551036,incremental,2.984113931655884,ok,
enigma,adhd,Sncg_2,0.004645718292681789,0.004992334555968621,0.9305703054551036,incremental,2.984113931655884,ok,
enigma,adhd,Sncg_3,0.04994307727833902,0.05366932190460765,0.9305703054551036,incremental,2.984113931655884,ok,
enigma,adhd,Sncg_4,0.009498011333042733,0.010206656366922914,0.9305703054551036,incremental,2.984113931655884,ok,
enigma,adhd,Sst Chodl_1,0.0014380238122028155,0.0015453145278470253,0.9305703054551036,incremental,2.984113931655884,ok,
enigma,adhd,Sst_1,-0.00024743301276042295,-0.0002658939483776174,0.9305703054551036,incremental,2.984113931655884,ok,
enigma,adhd,Sst_10,0.0019877817539689646,0.00213608981751983,0.9305703054551036,incremental,2.984113931655884,ok,
enigma,adhd,Sst_2,-7.558359203074794e-05,-8.122287116585255e-05,0.9305703054551036,incremental,2.984113931655884,ok,
enigma,adhd,Sst_3,0.0014947723352769504,0.0016062970487177957,0.9305703054551036,incremental,2.984113931655884,ok,
enigma,adhd,Sst_4,0.00032644162059458637,0.0003507973752020136,0.9305703054551036,incremental,2.984113931655884,ok,
enigma,adhd,Sst_5,0.00046069968241913006,0.0004950724085203008,0.9305703054551036,incremental,2.984113931655884,ok,
enigma,adhd,Sst_6,0.0011325620147412119,0.0012170622768661445,0.9305703054551036,incremental,2.984113931655884,ok,
enigma,adhd,Sst_7,-0.0004438226895399078,-0.00047693622603060863,0.9305703054551036,incremental,2.984113931655884,ok,
enigma,adhd,Sst_8,0.00494330675660426,0.00531212604531443,0.9305703054551036,incremental,2.984113931655884,ok,
enigma,adhd,Sst_9,0.0007772067776210534,0.0008351940450549339,0.9305703054551036,incremental,2.984113931655884,ok,
enigma,adhd,VLMC_1,0.004433053739090975,0.004763803135672755,0.9305703054551036,incremental,2.984113931655884,ok,
enigma,adhd,Vip_1,0.010198693935387526,0.010959616780808158,0.9305703054551036,incremental,2.984113931655884,ok,
enigma,adhd,Vip_2,0.0024100096468184784,0.0025898200626978335,0.9305703054551036,incremental,2.984113931655884,ok,
enigma,adhd,Vip_3,0.01982267675697391,0.021301643347924646,0.9305703054551036,incremental,2.984113931655884,ok,
enigma,adhd,Vip_4,0.0006474539092671261,0.0006957603369371249,0.9305703054551036,incremental,2.984113931655884,ok,
enigma,adhd,Vip_5,5.002673667731106e-05,5.375922311731734e-05,0.9305703054551036,incremental,2.984113931655884,ok,
enigma,adhd,Vip_6,0.0014790097491245158,0.0015893584186540243,0.9305703054551036,incremental,2.984113931655884,ok,
enigma,adhd,Vip_7,0.0005750583115857744,0.0006179633158448324,0.9305703054551036,incremental,2.984113931655884,ok,
enigma,adhd,Vip_8,0.002575529987304148,0.002767689848049216,0.9305703054551036,incremental,2.984113931655884,ok,
enigma,adhd,Vip_9,-0.0008848063017734553,-0.0009508215516728025,0.9305703054551036,incremental,2.984113931655884,ok,
enigma,asd,Astro_1,0.0010261684323542575,0.0010679269987786753,0.9608975459257284,incremental,3.1137912273406982,ok,
enigma,asd,Astro_2,0.03413828833607402,0.03552750080466196,0.9608975459257284,incremental,3.1137912273406982,ok,
enigma,asd,Chandelier_1,0.003785400313547793,0.00393944217008166,0.9608975459257284,incremental,3.1137912273406982,ok,
enigma,asd,Endo_1,0.0005865166521020759,0.0006103841711209971,0.9608975459257284,incremental,3.1137912273406982,ok,
enigma,asd,L2/3 IT_1,0.00047654569894384213,0.0004959380955487176,0.9608975459257284,incremental,3.1137912273406982,ok,
enigma,asd,L2/3 IT_2,-0.00034413828607848806,-0.00035814253823173765,0.9608975459257284,incremental,3.1137912273406982,ok,
enigma,asd,L2/3 IT_3,0.0007502422720085944,0.0007807723884712508,0.9608975459257284,incremental,3.1137912273406982,ok,
enigma,asd,L2/3 IT_4,0.0008764788820415648,0.0009121460303004159,0.9608975459257284,incremental,3.1137912273406982,ok,
enigma,asd,L2/3 IT_5,-0.0010888448346791924,-0.0011331539343564455,0.9608975459257284,incremental,3.1137912273406982,ok,
enigma,asd,L2/3 IT_6,-0.000424985968511038,-0.00044228021011501976,0.9608975459257284,incremental,3.1137912273406982,ok,
enigma,asd,L2/3 IT_7,0.0018830808043742708,0.0019597102858246052,0.9608975459257284,incremental,3.1137912273406982,ok,
enigma,asd,L2/3 IT_8,-0.00012886555794189292,-0.00013410957129435052,0.9608975459257284,incremental,3.1137912273406982,ok,
enigma,asd,L4 IT_1,1.7103675514440475e-05,1.7799686956180952e-05,0.9608975459257284,incremental,3.1137912273406982,ok,
enigma,asd,L4 IT_2,-0.0002547870858198298,-0.00026515530911713173,0.9608975459257284,incremental,3.1137912273406982,ok,
enigma,asd,L4 IT_3,0.000955614553972084,0.0009945020236797931,0.9608975459257284,incremental,3.1137912273406982,ok,
enigma,asd,L5 ET_1,-0.0004783337248916997,-0.0004977988828464258,0.9608975459257284,incremental,3.1137912273406982,ok,
enigma,asd,L5 IT_1,0.0005250095234440311,0.0005463740912546894,0.9608975459257284,incremental,3.1137912273406982,ok,
enigma,asd,L5 IT_2,-0.0002550409523802699,-0.00026541950644130694,0.9608975459257284,incremental,3.1137912273406982,ok,
enigma,asd,L5 IT_3,6.9868563246089366e-06,7.271177197021355e-06,0.9608975459257284,incremental,3.1137912273406982,ok,
enigma,asd,L5 IT_4,0.001197789711860353,0.0012465321791475727,0.9608975459257284,incremental,3.1137912273406982,ok,
enigma,asd,L5 IT_5,0.0005650263488801155,0.0005880193484475697,0.9608975459257284,incremental,3.1137912273406982,ok,
enigma,asd,L5/6 NP_1,0.0006174136340099112,0.0006425384648215488,0.9608975459257284,incremental,3.1137912273406982,ok,
enigma,asd,L5/6 NP_2,0.004976662492476414,0.005179181186982737,0.9608975459257284,incremental,3.1137912273406982,ok,
enigma,asd,L6 CT_1,3.7757405307425884e-05,3.929389295198003e-05,0.9608975459257284,incremental,3.1137912273406982,ok,
enigma,asd,L6 CT_2,-0.00035100751442640465,-0.00036529130073721243,0.9608975459257284,incremental,3.1137912273406982,ok,
enigma,asd,L6 IT Car3_1,0.000848133694598241,0.0008826473729633155,0.9608975459257284,incremental,3.1137912273406982,ok,
enigma,asd,L6 IT_1,-0.00030704365866740524,-0.00031953839404553737,0.9608975459257284,incremental,3.1137912273406982,ok,
enigma,asd,L6 IT_2,-0.00030727235491345706,-0.00031977639678268816,0.9608975459257284,incremental,3.1137912273406982,ok,
enigma,asd,L6 IT_3,-7.280805127352075e-05,-7.57708785730923e-05,0.9608975459257284,incremental,3.1137912273406982,ok,
enigma,asd,L6b_1,0.00016929355094275067,0.0001761827279719539,0.9608975459257284,incremental,3.1137912273406982,ok,
enigma,asd,L6b_2,0.0002045488129405193,0.00021287265620338017,0.9608975459257284,incremental,3.1137912273406982,ok,
enigma,asd,L6b_3,0.08577345493832167,0.08926389218289402,0.9608975459257284,incremental,3.1137912273406982,ok,
enigma,asd,Lamp5_1,1.0208912416875826e-05,1.0624350598211345e-05,0.9608975459257284,incremental,3.1137912273406982,ok,
enigma,asd,Lamp5_2,0.0002357855602713732,0.0002453805416312282,0.9608975459257284,incremental,3.1137912273406982,ok,
enigma,asd,Lamp5_Lhx6_1,0.0007187240481725254,0.0007479715722242863,0.9608975459257284,incremental,3.1137912273406982,ok,
enigma,asd,Micro-PVM_1,0.003976827201097599,0.004138658921504816,0.9608975459257284,incremental,3.1137912273406982,ok,
enigma,asd,Micro-PVM_2,0.00019857939723888496,0.00020666032302910466,0.9608975459257284,incremental,3.1137912273406982,ok,
enigma,asd,OPC_1,0.000741690699517128,0.000771872821053553,0.9608975459257284,incremental,3.1137912273406982,ok,
enigma,asd,Oligo_1,0.006460812710026409,0.0067237269336577025,0.9608975459257284,incremental,3.1137912273406982,ok,
enigma,asd,Oligo_2,-0.000333115992405153,-0.0003466717069031841,0.9608975459257284,incremental,3.1137912273406982,ok,
enigma,asd,Pax6_1,-0.0006727981896319513,-0.0007001768216441615,0.9608975459257284,incremental,3.1137912273406982,ok,
enigma,asd,Pax6_2,-4.254682425408607e-05,-4.427821096482921e-05,0.9608975459257284,incremental,3.1137912273406982,ok,
enigma,asd,Pvalb_1,-1.9393179256699256e-05,-2.0182359023527187e-05,0.9608975459257284,incremental,3.1137912273406982,ok,
enigma,asd,Pvalb_2,-0.0004021299633436559,-0.00041849411006273724,0.9608975459257284,incremental,3.1137912273406982,ok,
enigma,asd,Pvalb_3,0.0005923452160988552,0.0006164499208166776,0.9608975459257284,incremental,3.1137912273406982,ok,
enigma,asd,Pvalb_4,-0.00036828809460531797,-0.00038327509125908875,0.9608975459257284,incremental,3.1137912273406982,ok,
enigma,asd,Pvalb_5,0.0009733709157248027,0.0010129809570770185,0.9608975459257284,incremental,3.1137912273406982,ok,
enigma,asd,Sncg_1,0.0011492018950300942,0.001195967145407738,0.9608975459257284,incremental,3.1137912273406982,ok,
enigma,asd,Sncg_2,0.00033813607706356663,0.00035189607726368626,0.9608975459257284,incremental,3.1137912273406982,ok,
enigma,asd,Sncg_3,1.0867975535400198e-05,1.1310233418204844e-05,0.9608975459257284,incremental,3.1137912273406982,ok,
enigma,asd,Sncg_4,0.009751805604111041,0.010148642428591235,0.9608975459257284,incremental,3.1137912273406982,ok,
enigma,asd,Sst Chodl_1,-8.447330693561739e-05,-8.79108363777075e-05,0.9608975459257284,incremental,3.1137912273406982,ok,
enigma,asd,Sst_1,-0.00030165192493758486,-0.00031392725084647134,0.9608975459257284,incremental,3.1137912273406982,ok,
enigma,asd,Sst_10,0.0001426145284408875,0.00014841803795376824,0.9608975459257284,incremental,3.1137912273406982,ok,
enigma,asd,Sst_2,1.8387711788303562e-05,1.9135975387041754e-05,0.9608975459257284,incremental,3.1137912273406982,ok,
enigma,asd,Sst_3,0.0003544249217860562,0.0003688477749671047,0.9608975459257284,incremental,3.1137912273406982,ok,
enigma,asd,Sst_4,-0.0007449230665390605,-0.0007752367249740468,0.9608975459257284,incremental,3.1137912273406982,ok,
enigma,asd,Sst_5,0.004199322976708664,0.0043702088682753765,0.9608975459257284,incremental,3.1137912273406982,ok,
enigma,asd,Sst_6,0.0008183946943413067,0.0008516981834445893,0.9608975459257284,incremental,3.1137912273406982,ok,
enigma,asd,Sst_7,-0.0002708847472212561,-0.0002819080435472294,0.9608975459257284,incremental,3.1137912273406982,ok,
enigma,asd,Sst_8,-3.733745981815417e-05,-3.885685833673691e-05,0.9608975459257284,incremental,3.1137912273406982,ok,
enigma,asd,Sst_9,0.0004027807167924502,0.0004191713450619872,0.9608975459257284,incremental,3.1137912273406982,ok,
enigma,asd,VLMC_1,0.0009236772267174898,0.0009612650491552868,0.9608975459257284,incremental,3.1137912273406982,ok,
enigma,asd,Vip_1,0.14167114453710317,0.14743626429040074,0.9608975459257284,incremental,3.1137912273406982,ok,
enigma,asd,Vip_2,-0.001170411795623827,-0.001218040154839039,0.9608975459257284,incremental,3.1137912273406982,ok,
enigma,asd,Vip_3,-0.0002631166878149793,-0.00027382387324289897,0.9608975459257284,incremental,3.1137912273406982,ok,
enigma,asd,Vip_4,0.6545107197751642,0.681145167401389,0.9608975459257284,incremental,3.1137912273406982,ok,
enigma,asd,Vip_5,0.00034636279383526425,0.0003604575693879814,0.9608975459257284,incremental,3.1137912273406982,ok,
enigma,asd,Vip_6,-0.00011875522772142322,-0.00012358781456457406,0.9608975459257284,incremental,3.1137912273406982,ok,
enigma,asd,Vip_7,0.0005645091162723714,0.0005874810677433082,0.9608975459257284,incremental,3.1137912273406982,ok,
enigma,asd,Vip_8,0.0017894309574917333,0.0018622494823501668,0.9608975459257284,incremental,3.1137912273406982,ok,
enigma,asd,Vip_9,-0.0005771423833650369,-0.0006006284289226881,0.9608975459257284,incremental,3.1137912273406982,ok,
enigma,epilepsy_gge,Astro_1,0.0016490535252777772,0.002535580436901685,0.6503652975382685,incremental,3.0942931175231934,ok,
enigma,epilepsy_gge,Astro_2,-0.002153761568916668,-0.003311618219897314,0.6503652975382685,incremental,3.0942931175231934,ok,
enigma,epilepsy_gge,Chandelier_1,-0.0003188945516916508,-0.0004903314381912982,0.6503652975382685,incremental,3.0942931175231934,ok,
enigma,epilepsy_gge,Endo_1,0.00037785610472740316,0.000580990569696209,0.6503652975382685,incremental,3.0942931175231934,ok,
enigma,epilepsy_gge,L2/3 IT_1,0.0034475690701700756,0.005300973288734267,0.6503652975382685,incremental,3.0942931175231934,ok,
enigma,epilepsy_gge,L2/3 IT_2,0.007885920886937736,0.01212537156700572,0.6503652975382685,incremental,3.0942931175231934,ok,
enigma,epilepsy_gge,L2/3 IT_3,-0.006646077843138087,-0.010218992108426606,0.6503652975382685,incremental,3.0942931175231934,ok,
enigma,epilepsy_gge,L2/3 IT_4,-0.004422171953205378,-0.006799520161890511,0.6503652975382685,incremental,3.0942931175231934,ok,
enigma,epilepsy_gge,L2/3 IT_5,0.00168690715457398,0.0025937840794384016,0.6503652975382685,incremental,3.0942931175231934,ok,
enigma,epilepsy_gge,L2/3 IT_6,-0.0020184433723453576,-0.003103553310709339,0.6503652975382685,incremental,3.0942931175231934,ok,
enigma,epilepsy_gge,L2/3 IT_7,-0.0033679791622892585,-0.005178596052153415,0.6503652975382685,incremental,3.0942931175231934,ok,
enigma,epilepsy_gge,L2/3 IT_8,0.07152494180046454,0.10997656558736653,0.6503652975382685,incremental,3.0942931175231934,ok,
enigma,epilepsy_gge,L4 IT_1,0.31734673425958093,0.48795151810957094,0.6503652975382685,incremental,3.0942931175231934,ok,
enigma,epilepsy_gge,L4 IT_2,-0.0007185929329220908,-0.0011049066357661983,0.6503652975382685,incremental,3.0942931175231934,ok,
enigma,epilepsy_gge,L4 IT_3,0.0005147313997111436,0.0007914496693773178,0.6503652975382685,incremental,3.0942931175231934,ok,
enigma,epilepsy_gge,L5 ET_1,0.03292003940761967,0.05061776747964109,0.6503652975382685,incremental,3.0942931175231934,ok,
enigma,epilepsy_gge,L5 IT_1,-0.0018623359582548016,-0.002863522954413506,0.6503652975382685,incremental,3.0942931175231934,ok,
enigma,epilepsy_gge,L5 IT_2,-0.008236992338658822,-0.01266517812349012,0.6503652975382685,incremental,3.0942931175231934,ok,
enigma,epilepsy_gge,L5 IT_3,-0.0020239307031493237,-0.0031119906163662313,0.6503652975382685,incremental,3.0942931175231934,ok,
enigma,epilepsy_gge,L5 IT_4,0.001974999577937009,0.0030367542447493467,0.6503652975382685,incremental,3.0942931175231934,ok,
enigma,epilepsy_gge,L5 IT_5,-0.004551541591697794,-0.00699843858355615,0.6503652975382685,incremental,3.0942931175231934,ok,
enigma,epilepsy_gge,L5/6 NP_1,-0.004585073589896682,-0.007049997297291049,0.6503652975382685,incremental,3.0942931175231934,ok,
enigma,epilepsy_gge,L5/6 NP_2,-0.003317084608922549,-0.005100340718482702,0.6503652975382685,incremental,3.0942931175231934,ok,
enigma,epilepsy_gge,L6 CT_1,-0.0060799485683956656,-0.009348513199288453,0.6503652975382685,incremental,3.0942931175231934,ok,
enigma,epilepsy_gge,L6 CT_2,0.0003204044867021194,0.0004926531103595149,0.6503652975382685,incremental,3.0942931175231934,ok,
enigma,epilepsy_gge,L6 IT Car3_1,0.0020202125004639138,0.003106273517530417,0.6503652975382685,incremental,3.0942931175231934,ok,
enigma,epilepsy_gge,L6 IT_1,-0.0026613822610658255,-0.0040921344837117875,0.6503652975382685,incremental,3.0942931175231934,ok,
enigma,epilepsy_gge,L6 IT_2,0.0006189954774318274,0.0009517658457098176,0.6503652975382685,incremental,3.0942931175231934,ok,
enigma,epilepsy_gge,L6 IT_3,0.00011820990036159884,0.00018175923716877464,0.6503652975382685,incremental,3.0942931175231934,ok,
enigma,epilepsy_gge,L6b_1,0.06367646509464409,0.09790876809643623,0.6503652975382685,incremental,3.0942931175231934,ok,
enigma,epilepsy_gge,L6b_2,0.0028579264436312535,0.00439434031066685,0.6503652975382685,incremental,3.0942931175231934,ok,
enigma,epilepsy_gge,L6b_3,0.0016662517533678756,0.0025620243879476527,0.6503652975382685,incremental,3.0942931175231934,ok,
enigma,epilepsy_gge,Lamp5_1,0.007699379508351867,0.011838546025587754,0.6503652975382685,incremental,3.0942931175231934,ok,
enigma,epilepsy_gge,Lamp5_2,-0.0018681959062465392,-0.0028725331952949283,0.6503652975382685,incremental,3.0942931175231934,ok,
enigma,epilepsy_gge,Lamp5_Lhx6_1,-0.005185075560513619,-0.007972558776029284,0.6503652975382685,incremental,3.0942931175231934,ok,
enigma,epilepsy_gge,Micro-PVM_1,-0.00965320379133594,-0.014842741191565392,0.6503652975382685,incremental,3.0942931175231934,ok,
enigma,epilepsy_gge,Micro-PVM_2,0.03018352108675848,0.046410103984649384,0.6503652975382685,incremental,3.0942931175231934,ok,
enigma,epilepsy_gge,OPC_1,-0.007180812030652017,-0.011041198012613038,0.6503652975382685,incremental,3.0942931175231934,ok,
enigma,epilepsy_gge,Oligo_1,0.027242655602807142,0.04188823682002212,0.6503652975382685,incremental,3.0942931175231934,ok,
enigma,epilepsy_gge,Oligo_2,0.026311550241999382,0.04045657162458175,0.6503652975382685,incremental,3.0942931175231934,ok,
enigma,epilepsy_gge,Pax6_1,0.01027049398265456,0.015791884993756493,0.6503652975382685,incremental,3.0942931175231934,ok,
enigma,epilepsy_gge,Pax6_2,0.0094131830754689,0.0144736859594127,0.6503652975382685,incremental,3.0942931175231934,ok,
enigma,epilepsy_gge,Pvalb_1,-0.00691253432837069,-0.010628694911207106,0.6503652975382685,incremental,3.0942931175231934,ok,
enigma,epilepsy_gge,Pvalb_2,-0.0065596514773819115,-0.010086103151892003,0.6503652975382685,incremental,3.0942931175231934,ok,
enigma,epilepsy_gge,Pvalb_3,-0.006813762034920345,-0.010476822888169878,0.6503652975382685,incremental,3.0942931175231934,ok,
enigma,epilepsy_gge,Pvalb_4,0.008022608872421455,0.012335542660083876,0.6503652975382685,incremental,3.0942931175231934,ok,
enigma,epilepsy_gge,Pvalb_5,-0.001049164064021113,-0.001613191952264917,0.6503652975382685,incremental,3.0942931175231934,ok,
enigma,epilepsy_gge,Sncg_1,0.0027606116964189464,0.0042447094069568,0.6503652975382685,incremental,3.0942931175231934,ok,
enigma,epilepsy_gge,Sncg_2,-0.00022720681649934793,-0.00034935261361477963,0.6503652975382685,incremental,3.0942931175231934,ok,
enigma,epilepsy_gge,Sncg_3,0.01641798748837886,0.025244255114046578,0.6503652975382685,incremental,3.0942931175231934,ok,
enigma,epilepsy_gge,Sncg_4,0.010056473584491021,0.015462807782881869,0.6503652975382685,incremental,3.0942931175231934,ok,
enigma,epilepsy_gge,Sst Chodl_1,0.0002492508181426434,0.0003832474135475795,0.6503652975382685,incremental,3.0942931175231934,ok,
enigma,epilepsy_gge,Sst_1,0.0007111392267475924,0.0010934458364235645,0.6503652975382685,incremental,3.0942931175231934,ok,
enigma,epilepsy_gge,Sst_10,0.01583358639345822,0.0243456815014435,0.6503652975382685,incremental,3.0942931175231934,ok,
enigma,epilepsy_gge,Sst_2,0.015681399465687917,0.024111679274777417,0.6503652975382685,incremental,3.0942931175231934,ok,
enigma,epilepsy_gge,Sst_3,-0.003057512855260902,-0.0047012238611654905,0.6503652975382685,incremental,3.0942931175231934,ok,
enigma,epilepsy_gge,Sst_4,3.419328033360536e-05,5.25754994355205e-05,0.6503652975382685,incremental,3.0942931175231934,ok,
enigma,epilepsy_gge,Sst_5,0.0036326132394591815,0.005585496725008506,0.6503652975382685,incremental,3.0942931175231934,ok,
enigma,epilepsy_gge,Sst_6,0.002336632904486713,0.003592800712662904,0.6503652975382685,incremental,3.0942931175231934,ok,
enigma,epilepsy_gge,Sst_7,-0.0017769452363108895,-0.002732226401127024,0.6503652975382685,incremental,3.0942931175231934,ok,
enigma,epilepsy_gge,Sst_8,0.027031679745875614,0.04156384088787429,0.6503652975382685,incremental,3.0942931175231934,ok,
enigma,epilepsy_gge,Sst_9,-0.004847437783429442,-0.007453407802934337,0.6503652975382685,incremental,3.0942931175231934,ok,
enigma,epilepsy_gge,VLMC_1,0.01649814786365633,0.025367509499821604,0.6503652975382685,incremental,3.0942931175231934,ok,
enigma,epilepsy_gge,Vip_1,-0.003526415504944258,-0.005422207362988579,0.6503652975382685,incremental,3.0942931175231934,ok,
enigma,epilepsy_gge,Vip_2,0.03334643033360918,0.05127338506502497,0.6503652975382685,incremental,3.0942931175231934,ok,
enigma,epilepsy_gge,Vip_3,0.00131179149127425,0.0020170072053960755,0.6503652975382685,incremental,3.0942931175231934,ok,
enigma,epilepsy_gge,Vip_4,0.0010093586816286582,0.0015519872992135867,0.6503652975382685,incremental,3.0942931175231934,ok,
enigma,epilepsy_gge,Vip_5,0.0009291063412627532,0.0014285915081563574,0.6503652975382685,incremental,3.0942931175231934,ok,
enigma,epilepsy_gge,Vip_6,0.00511016160050648,0.007857371264809511,0.6503652975382685,incremental,3.0942931175231934,ok,
enigma,epilepsy_gge,Vip_7,-0.007417365372700435,-0.011404921819746979,0.6503652975382685,incremental,3.0942931175231934,ok,
enigma,epilepsy_gge,Vip_8,-0.0027182461723000984,-0.004179568286606116,0.6503652975382685,incremental,3.0942931175231934,ok,
enigma,epilepsy_gge,Vip_9,-0.01057813789177664,-0.016264917473020928,0.6503652975382685,incremental,3.0942931175231934,ok,
enigma,epilepsy_rtle,Astro_1,0.013345797802034598,0.014319995225562846,0.9319694309821281,incremental,3.061410427093506,ok,
enigma,epilepsy_rtle,Astro_2,0.002073006889386164,0.002224329275694792,0.9319694309821281,incremental,3.061410427093506,ok,
enigma,epilepsy_rtle,Chandelier_1,-0.0003543975695647905,-0.0003802673754989144,0.9319694309821281,incremental,3.061410427093506,ok,
enigma,epilepsy_rtle,Endo_1,0.001439631622573434,0.0015447197887771074,0.9319694309821281,incremental,3.061410427093506,ok,
enigma,epilepsy_rtle,L2/3 IT_1,0.0012733243776462677,0.0013662726859017392,0.9319694309821281,incremental,3.061410427093506,ok,
enigma,epilepsy_rtle,L2/3 IT_2,0.0017409409994648684,0.001868023715788864,0.9319694309821281,incremental,3.061410427093506,ok,
enigma,epilepsy_rtle,L2/3 IT_3,-1.0659080645236685e-05,-1.1437156939797833e-05,0.9319694309821281,incremental,3.061410427093506,ok,
enigma,epilepsy_rtle,L2/3 IT_4,3.0213700891179585e-06,3.2419197332835025e-06,0.9319694309821281,incremental,3.061410427093506,ok,
enigma,epilepsy_rtle,L2/3 IT_5,0.0017588760211326715,0.0018872679324676267,0.9319694309821281,incremental,3.061410427093506,ok,
enigma,epilepsy_rtle,L2/3 IT_6,0.000706526688222131,0.0007581007109617094,0.9319694309821281,incremental,3.061410427093506,ok,
enigma,epilepsy_rtle,L2/3 IT_7,0.001561141652939524,0.0016750996342169307,0.9319694309821281,incremental,3.061410427093506,ok,
enigma,epilepsy_rtle,L2/3 IT_8,-0.0005961268624543603,-0.0006396420769146364,0.9319694309821281,incremental,3.061410427093506,ok,
enigma,epilepsy_rtle,L4 IT_1,-0.0009934516157644735,-0.0010659701732035935,0.9319694309821281,incremental,3.061410427093506,ok,
enigma,epilepsy_rtle,L4 IT_2,0.001010957684628666,0.0010847541249966734,0.9319694309821281,incremental,3.061410427093506,ok,
enigma,epilepsy_rtle,L4 IT_3,0.001588303245341538,0.001704243929618756,0.9319694309821281,incremental,3.061410427093506,ok,
enigma,epilepsy_rtle,L5 ET_1,0.5847464996550837,0.6274309866997098,0.9319694309821281,incremental,3.061410427093506,ok,
enigma,epilepsy_rtle,L5 IT_1,0.0015828938757292965,0.0016984396945951448,0.9319694309821281,incremental,3.061410427093506,ok,
enigma,epilepsy_rtle,L5 IT_2,0.011235911522973874,0.01205609449135391,0.9319694309821281,incremental,3.061410427093506,ok,
enigma,epilepsy_rtle,L5 IT_3,-0.00023022941087524895,-0.0002470353674933614,0.9319694309821281,incremental,3.061410427093506,ok,
enigma,epilepsy_rtle,L5 IT_4,0.0015646787787563232,0.0016788949580754308,0.9319694309821281,incremental,3.061410427093506,ok,
enigma,epilepsy_rtle,L5 IT_5,0.0016108050551608688,0.0017283882943063594,0.9319694309821281,incremental,3.061410427093506,ok,
enigma,epilepsy_rtle,L5/6 NP_1,0.0046975667065346505,0.005040472949401634,0.9319694309821281,incremental,3.061410427093506,ok,
enigma,epilepsy_rtle,L5/6 NP_2,0.0009740470915359234,0.0010451491853219403,0.9319694309821281,incremental,3.061410427093506,ok,
enigma,epilepsy_rtle,L6 CT_1,0.0012006862114583017,0.0012883321829483124,0.9319694309821281,incremental,3.061410427093506,ok,
enigma,epilepsy_rtle,L6 CT_2,0.17833901592947643,0.19135715185587063,0.9319694309821281,incremental,3.061410427093506,ok,
enigma,epilepsy_rtle,L6 IT Car3_1,0.0014231399530230116,0.0015270242839652778,0.9319694309821281,incremental,3.061410427093506,ok,
enigma,epilepsy_rtle,L6 IT_1,0.00025316455779567093,0.0002716447014027928,0.9319694309821281,incremental,3.061410427093506,ok,
enigma,epilepsy_rtle,L6 IT_2,0.001787386384102474,0.00191785945405837,0.9319694309821281,incremental,3.061410427093506,ok,
enigma,epilepsy_rtle,L6 IT_3,0.00015935759281682227,0.00017099015001907094,0.9319694309821281,incremental,3.061410427093506,ok,
enigma,epilepsy_rtle,L6b_1,0.010369861487571352,0.011126825776510056,0.9319694309821281,incremental,3.061410427093506,ok,
enigma,epilepsy_rtle,L6b_2,0.0009115304426604576,0.0009780690356977358,0.9319694309821281,incremental,3.061410427093506,ok,
enigma,epilepsy_rtle,L6b_3,-0.0010169803478125017,-0.0010912164219171732,0.9319694309821281,incremental,3.061410427093506,ok,
enigma,epilepsy_rtle,Lamp5_1,0.0009288536917124723,0.000996656822459968,0.9319694309821281,incremental,3.061410427093506,ok,
enigma,epilepsy_rtle,Lamp5_2,0.0032395163839276098,0.0034759899587197213,0.9319694309821281,incremental,3.061410427093506,ok,
enigma,epilepsy_rtle,Lamp5_Lhx6_1,0.0006005096537143872,0.0006443447968905569,0.9319694309821281,incremental,3.061410427093506,ok,
enigma,epilepsy_rtle,Micro-PVM_1,0.001882972566251584,0.0020204230993577433,0.9319694309821281,incremental,3.061410427093506,ok,
enigma,epilepsy_rtle,Micro-PVM_2,-0.00012089149548066835,-0.0001297161596311914,0.9319694309821281,incremental,3.061410427093506,ok,
enigma,epilepsy_rtle,OPC_1,0.003556839237133347,0.003816476290842585,0.9319694309821281,incremental,3.061410427093506,ok,
enigma,epilepsy_rtle,Oligo_1,0.0007327094918198052,0.0007861947693366522,0.9319694309821281,incremental,3.061410427093506,ok,
enigma,epilepsy_rtle,Oligo_2,-0.0020209085127385062,-0.002168427896405177,0.9319694309821281,incremental,3.061410427093506,ok,
enigma,epilepsy_rtle,Pax6_1,-0.00033480562598942054,-0.00035924528730153267,0.9319694309821281,incremental,3.061410427093506,ok,
enigma,epilepsy_rtle,Pax6_2,0.0008778335821949534,0.0009419124200993103,0.9319694309821281,incremental,3.061410427093506,ok,
enigma,epilepsy_rtle,Pvalb_1,0.0009771539307081856,0.0010484828130880228,0.9319694309821281,incremental,3.061410427093506,ok,
enigma,epilepsy_rtle,Pvalb_2,0.00036167333639713917,0.00038807424833237346,0.9319694309821281,incremental,3.061410427093506,ok,
enigma,epilepsy_rtle,Pvalb_3,9.541750571540053e-05,0.0001023826560650682,0.9319694309821281,incremental,3.061410427093506,ok,
enigma,epilepsy_rtle,Pvalb_4,-0.001856062189878549,-0.0019915483578925902,0.9319694309821281,incremental,3.061410427093506,ok,
enigma,epilepsy_rtle,Pvalb_5,0.0015027265033021875,0.001612420379194824,0.9319694309821281,incremental,3.061410427093506,ok,
enigma,epilepsy_rtle,Sncg_1,0.0008476943736195341,0.0009095731527655545,0.9319694309821281,incremental,3.061410427093506,ok,
enigma,epilepsy_rtle,Sncg_2,0.0003138148500519966,0.00033672225678184765,0.9319694309821281,incremental,3.061410427093506,ok,
enigma,epilepsy_rtle,Sncg_3,0.002991165325545775,0.0032095101256632685,0.9319694309821281,incremental,3.061410427093506,ok,
enigma,epilepsy_rtle,Sncg_4,0.0008917916787006819,0.0009568894097319199,0.9319694309821281,incremental,3.061410427093506,ok,
enigma,epilepsy_rtle,Sst Chodl_1,0.0011140692649186379,0.0011953924966665583,0.9319694309821281,incremental,3.061410427093506,ok,
enigma,epilepsy_rtle,Sst_1,2.2262637345282776e-05,2.3887733444027195e-05,0.9319694309821281,incremental,3.061410427093506,ok,
enigma,epilepsy_rtle,Sst_10,0.002208131984481998,0.0023693180388492186,0.9319694309821281,incremental,3.061410427093506,ok,
enigma,epilepsy_rtle,Sst_2,-0.0014111118706917614,-0.0015141181929161597,0.9319694309821281,incremental,3.061410427093506,ok,
enigma,epilepsy_rtle,Sst_3,0.00016541862728591816,0.00017749361919692654,0.9319694309821281,incremental,3.061410427093506,ok,
enigma,epilepsy_rtle,Sst_4,0.054475999849201595,0.05845256082250862,0.9319694309821281,incremental,3.061410427093506,ok,
enigma,epilepsy_rtle,Sst_5,-0.00029038254644264683,-0.00031157947545193176,0.9319694309821281,incremental,3.061410427093506,ok,
enigma,epilepsy_rtle,Sst_6,0.0016730322915217144,0.0017951579052959273,0.9319694309821281,incremental,3.061410427093506,ok,
enigma,epilepsy_rtle,Sst_7,0.0019259669627953446,0.002066555939249769,0.9319694309821281,incremental,3.061410427093506,ok,
enigma,epilepsy_rtle,Sst_8,0.01579738468281533,0.016950539532361836,0.9319694309821281,incremental,3.061410427093506,ok,
enigma,epilepsy_rtle,Sst_9,-0.0006755483172329324,-0.0007248610252388064,0.9319694309821281,incremental,3.061410427093506,ok,
enigma,epilepsy_rtle,VLMC_1,0.0017269196227484018,0.001852978826707373,0.9319694309821281,incremental,3.061410427093506,ok,
enigma,epilepsy_rtle,Vip_1,0.0012719159902190302,0.0013647614910272964,0.9319694309821281,incremental,3.061410427093506,ok,
enigma,epilepsy_rtle,Vip_2,0.0014773647447111626,0.0015852072992933747,0.9319694309821281,incremental,3.061410427093506,ok,
enigma,epilepsy_rtle,Vip_3,0.001139498589052046,0.0012226780741630327,0.9319694309821281,incremental,3.061410427093506,ok,
enigma,epilepsy_rtle,Vip_4,0.0015992154416566429,0.0017159526788033783,0.9319694309821281,incremental,3.061410427093506,ok,
enigma,epilepsy_rtle,Vip_5,0.0031011085145051798,0.0033274787899825954,0.9319694309821281,incremental,3.061410427093506,ok,
enigma,epilepsy_rtle,Vip_6,8.017587155528805e-05,8.602843493567928e-05,0.9319694309821281,incremental,3.061410427093506,ok,
enigma,epilepsy_rtle,Vip_7,0.003982112893691214,0.004272793464368014,0.9319694309821281,incremental,3.061410427093506,ok,
enigma,epilepsy_rtle,Vip_8,0.0024939847649880775,0.002676037091001865,0.9319694309821281,incremental,3.061410427093506,ok,
enigma,epilepsy_rtle,Vip_9,0.00046767798527314053,0.000501816872663186,0.9319694309821281,incremental,3.061410427093506,ok,
enigma,epilepsy_ltle,Astro_1,0.0008484835626427767,0.0008990237144842533,0.9437832940030172,incremental,3.1220757961273193,ok,
enigma,epilepsy_ltle,Astro_2,0.04870104716706325,0.05160193815309,0.9437832940030172,incremental,3.1220757961273193,ok,
enigma,epilepsy_ltle,Chandelier_1,0.0003762410030088148,0.0003986518996463737,0.9437832940030172,incremental,3.1220757961273193,ok,
enigma,epilepsy_ltle,Endo_1,0.0022777256217181296,0.0024133989615955716,0.9437832940030172,incremental,3.1220757961273193,ok,
enigma,epilepsy_ltle,L2/3 IT_1,-3.953699003855782e-05,-4.18920214945354e-05,0.9437832940030172,incremental,3.1220757961273193,ok,
enigma,epilepsy_ltle,L2/3 IT_2,-0.0002913735288579966,-0.000308729271549349,0.9437832940030172,incremental,3.1220757961273193,ok,
enigma,epilepsy_ltle,L2/3 IT_3,0.0007110125872530348,0.0007533642434348512,0.9437832940030172,incremental,3.1220757961273193,ok,
enigma,epilepsy_ltle,L2/3 IT_4,0.0006514019800961668,0.0006902029144140417,0.9437832940030172,incremental,3.1220757961273193,ok,
enigma,epilepsy_ltle,L2/3 IT_5,0.0012361209965223718,0.001309750876474425,0.9437832940030172,incremental,3.1220757961273193,ok,
enigma,epilepsy_ltle,L2/3 IT_6,0.0011897505685399823,0.001260618381465204,0.9437832940030172,incremental,3.1220757961273193,ok,
enigma,epilepsy_ltle,L2/3 IT_7,0.0005818971030669973,0.000616557960672206,0.9437832940030172,incremental,3.1220757961273193,ok,
enigma,epilepsy_ltle,L2/3 IT_8,0.00024202484048452266,0.0002564411152670275,0.9437832940030172,incremental,3.1220757961273193,ok,
enigma,epilepsy_ltle,L4 IT_1,0.025331723680461993,0.026840614621412243,0.9437832940030172,incremental,3.1220757961273193,ok,
enigma,epilepsy_ltle,L4 IT_2,0.001684743988887516,0.001785096218160151,0.9437832940030172,incremental,3.1220757961273193,ok,
enigma,epilepsy_ltle,L4 IT_3,0.0007557223883642994,0.0008007371958862873,0.9437832940030172,incremental,3.1220757961273193,ok,
enigma,epilepsy_ltle,L5 ET_1,-0.0003452877742068372,-0.00036585493343743524,0.9437832940030172,incremental,3.1220757961273193,ok,
enigma,epilepsy_ltle,L5 IT_1,0.016387108190771826,0.01736321070196803,0.9437832940030172,incremental,3.1220757961273193,ok,
enigma,epilepsy_ltle,L5 IT_2,-0.0001754092135481944,-0.0001858575105776704,0.9437832940030172,incremental,3.1220757961273193,ok,
enigma,epilepsy_ltle,L5 IT_3,0.08610731844552044,0.09123632405093744,0.9437832940030172,incremental,3.1220757961273193,ok,
enigma,epilepsy_ltle,L5 IT_4,-0.0012849319821889305,-0.001361469301643331,0.9437832940030172,incremental,3.1220757961273193,ok,
enigma,epilepsy_ltle,L5 IT_5,-0.0013762548942914954,-0.0014582318875916611,0.9437832940030172,incremental,3.1220757961273193,ok,
enigma,epilepsy_ltle,L5/6 NP_1,0.0021546686341408217,0.002283012051423251,0.9437832940030172,incremental,3.1220757961273193,ok,
enigma,epilepsy_ltle,L5/6 NP_2,0.0029856692046618116,0.0031635113946531317,0.9437832940030172,incremental,3.1220757961273193,ok,
enigma,epilepsy_ltle,L6 CT_1,0.001625369324349979,0.0017221848857443146,0.9437832940030172,incremental,3.1220757961273193,ok,
enigma,epilepsy_ltle,L6 CT_2,0.0011223286356746298,0.0011891804430170828,0.9437832940030172,incremental,3.1220757961273193,ok,
enigma,epilepsy_ltle,L6 IT Car3_1,0.11501510678498139,0.12186601258552654,0.9437832940030172,incremental,3.1220757961273193,ok,
enigma,epilepsy_ltle,L6 IT_1,0.0020368096910110545,0.002158132808615431,0.9437832940030172,incremental,3.1220757961273193,ok,
enigma,epilepsy_ltle,L6 IT_2,0.0047465474122937446,0.005029276786794417,0.9437832940030172,incremental,3.1220757961273193,ok,
enigma,epilepsy_ltle,L6 IT_3,0.001772738369832716,0.0018783320080966051,0.9437832940030172,incremental,3.1220757961273193,ok,
enigma,epilepsy_ltle,L6b_1,-0.0004927917300393547,-0.0005221450021108122,0.9437832940030172,incremental,3.1220757961273193,ok,
enigma,epilepsy_ltle,L6b_2,-0.0014721006910557444,-0.00155978676504422,0.9437832940030172,incremental,3.1220757961273193,ok,
enigma,epilepsy_ltle,L6b_3,0.0009574438839786703,0.00101447428669532,0.9437832940030172,incremental,3.1220757961273193,ok,
enigma,epilepsy_ltle,Lamp5_1,0.005141449425955402,0.005447701245217173,0.9437832940030172,incremental,3.1220757961273193,ok,
enigma,epilepsy_ltle,Lamp5_2,0.08150905350032855,0.0863641622163191,0.9437832940030172,incremental,3.1220757961273193,ok,
enigma,epilepsy_ltle,Lamp5_Lhx6_1,0.001964452432590136,0.0020814655706163153,0.9437832940030172,incremental,3.1220757961273193,ok,
enigma,epilepsy_ltle,Micro-PVM_1,0.004358207540086201,0.004617805345548179,0.9437832940030172,incremental,3.1220757961273193,ok,
enigma,epilepsy_ltle,Micro-PVM_2,0.0015068605991799267,0.0015966171564540423,0.9437832940030172,incremental,3.1220757961273193,ok,
enigma,epilepsy_ltle,OPC_1,0.06829794766998165,0.0723661333104327,0.9437832940030172,incremental,3.1220757961273193,ok,
enigma,epilepsy_ltle,Oligo_1,0.0037372784906833934,0.003959890490148309,0.9437832940030172,incremental,3.1220757961273193,ok,
enigma,epilepsy_ltle,Oligo_2,0.0006146013274442863,0.0006512102209793104,0.9437832940030172,incremental,3.1220757961273193,ok,
enigma,epilepsy_ltle,Pax6_1,0.0018325480890293289,0.0019417043093194128,0.9437832940030172,incremental,3.1220757961273193,ok,
enigma,epilepsy_ltle,Pax6_2,0.0014279184915915177,0.0015129728409739712,0.9437832940030172,incremental,3.1220757961273193,ok,
enigma,epilepsy_ltle,Pvalb_1,0.0007170543204854107,0.0007597658541337969,0.9437832940030172,incremental,3.1220757961273193,ok,
enigma,epilepsy_ltle,Pvalb_2,0.0023927113277106837,0.0025352338221225545,0.9437832940030172,incremental,3.1220757961273193,ok,
enigma,epilepsy_ltle,Pvalb_3,0.0024282088403871915,0.0025728457536984425,0.9437832940030172,incremental,3.1220757961273193,ok,
enigma,epilepsy_ltle,Pvalb_4,5.923424148690515e-05,6.276254502838846e-05,0.9437832940030172,incremental,3.1220757961273193,ok,
enigma,epilepsy_ltle,Pvalb_5,0.007819553841652227,0.008285327671446607,0.9437832940030172,incremental,3.1220757961273193,ok,
enigma,epilepsy_ltle,Sncg_1,0.3625897980973286,0.38418755703909446,0.9437832940030172,incremental,3.1220757961273193,ok,
enigma,epilepsy_ltle,Sncg_2,0.002343374786759389,0.0024829585368268845,0.9437832940030172,incremental,3.1220757961273193,ok,
enigma,epilepsy_ltle,Sncg_3,0.0006563200834577287,0.0006954139659264095,0.9437832940030172,incremental,3.1220757961273193,ok,
enigma,epilepsy_ltle,Sncg_4,-2.175106044643993e-05,-2.3046668217852978e-05,0.9437832940030172,incremental,3.1220757961273193,ok,
enigma,epilepsy_ltle,Sst Chodl_1,0.0021781538633273145,0.0023078961846090392,0.9437832940030172,incremental,3.1220757961273193,ok,
enigma,epilepsy_ltle,Sst_1,0.0011663241041790506,0.0012357965134476327,0.9437832940030172,incremental,3.1220757961273193,ok,
enigma,epilepsy_ltle,Sst_10,0.0017069029406813208,0.001808575073883289,0.9437832940030172,incremental,3.1220757961273193,ok,
enigma,epilepsy_ltle,Sst_2,-0.0005395690731957448,-0.0005717086503059248,0.9437832940030172,incremental,3.1220757961273193,ok,
enigma,epilepsy_ltle,Sst_3,0.006073106644254422,0.0064348528765492295,0.9437832940030172,incremental,3.1220757961273193,ok,
enigma,epilepsy_ltle,Sst_4,0.0004121257644223997,0.0004366741465346198,0.9437832940030172,incremental,3.1220757961273193,ok,
enigma,epilepsy_ltle,Sst_5,0.008599478431970842,0.009111708679962447,0.9437832940030172,incremental,3.1220757961273193,ok,
enigma,epilepsy_ltle,Sst_6,0.0038771713644288885,0.004108116120581059,0.9437832940030172,incremental,3.1220757961273193,ok,
enigma,epilepsy_ltle,Sst_7,-4.01798681510801e-05,-4.257319281490868e-05,0.9437832940030172,incremental,3.1220757961273193,ok,
enigma,epilepsy_ltle,Sst_8,0.0004649478738181223,0.0004926426190975106,0.9437832940030172,incremental,3.1220757961273193,ok,
enigma,epilepsy_ltle,Sst_9,0.004724233102178288,0.005005633318789371,0.9437832940030172,incremental,3.1220757961273193,ok,
enigma,epilepsy_ltle,VLMC_1,0.030205586948868546,0.03200479086756539,0.9437832940030172,incremental,3.1220757961273193,ok,
enigma,epilepsy_ltle,Vip_1,0.0011916305071182354,0.0012626102990909965,0.9437832940030172,incremental,3.1220757961273193,ok,
enigma,epilepsy_ltle,Vip_2,0.0017944130167920624,0.0019012977112374335,0.9437832940030172,incremental,3.1220757961273193,ok,
enigma,epilepsy_ltle,Vip_3,-0.0004993581668486513,-0.000529102570496501,0.9437832940030172,incremental,3.1220757961273193,ok,
enigma,epilepsy_ltle,Vip_4,0.0025528665706402442,0.0027049287552149475,0.9437832940030172,incremental,3.1220757961273193,ok,
enigma,epilepsy_ltle,Vip_5,0.009219559099631902,0.009768724619533717,0.9437832940030172,incremental,3.1220757961273193,ok,
enigma,epilepsy_ltle,Vip_6,-0.0005018645561020163,-0.0005317582535005243,0.9437832940030172,incremental,3.1220757961273193,ok,
enigma,epilepsy_ltle,Vip_7,0.004312399234734587,0.004569268456155573,0.9437832940030172,incremental,3.1220757961273193,ok,
enigma,epilepsy_ltle,Vip_8,7.813678917767408e-05,8.279102806138915e-05,0.9437832940030172,incremental,3.1220757961273193,ok,
enigma,epilepsy_ltle,Vip_9,0.003411090104298853,0.003614272604710831,0.9437832940030172,incremental,3.1220757961273193,ok,
enigma,depression,Astro_1,0.02176410159882869,0.025902623188098356,0.8402277036106822,incremental,3.0551750659942627,ok,
enigma,depression,Astro_2,0.00022526279770807012,0.0002680973225948822,0.8402277036106822,incremental,3.0551750659942627,ok,
enigma,depression,Chandelier_1,0.028116637767681807,0.03346311677995992,0.8402277036106822,incremental,3.0551750659942627,ok,
enigma,depression,Endo_1,-0.0017905645587695806,-0.0021310467996651953,0.8402277036106822,incremental,3.0551750659942627,ok,
enigma,depression,L2/3 IT_1,-0.0021742391828154517,-0.0025876785227054127,0.8402277036106822,incremental,3.0551750659942627,ok,
enigma,depression,L2/3 IT_2,0.0003308266312932462,0.00039373449586534224,0.8402277036106822,incremental,3.0551750659942627,ok,
enigma,depression,L2/3 IT_3,-0.0010644851435440694,-0.0012669007924514906,0.8402277036106822,incremental,3.0551750659942627,ok,
enigma,depression,L2/3 IT_4,-0.0041921324039890795,-0.004989281341205925,0.8402277036106822,incremental,3.0551750659942627,ok,
enigma,depression,L2/3 IT_5,4.2348210985365675e-05,5.040087443366142e-05,0.8402277036106822,incremental,3.0551750659942627,ok,
enigma,depression,L2/3 IT_6,0.0015523766195889577,0.0018475665738203846,0.8402277036106822,incremental,3.0551750659942627,ok,
enigma,depression,L2/3 IT_7,0.004029596351863396,0.004795838478720884,0.8402277036106822,incremental,3.0551750659942627,ok,
enigma,depression,L2/3 IT_8,0.008946930273105003,0.010648220993734985,0.8402277036106822,incremental,3.0551750659942627,ok,
enigma,depression,L4 IT_1,0.0004339240431757707,0.0005164362485443929,0.8402277036106822,incremental,3.0551750659942627,ok,
enigma,depression,L4 IT_2,0.00034004995110981096,0.00040471166286058617,0.8402277036106822,incremental,3.0551750659942627,ok,
enigma,depression,L4 IT_3,0.023733875033195018,0.028246956070603523,0.8402277036106822,incremental,3.0551750659942627,ok,
enigma,depression,L5 ET_1,0.006561569233003106,0.007809275039142718,0.8402277036106822,incremental,3.0551750659942627,ok,
enigma,depression,L5 IT_1,-0.0007146378568498868,-0.0008505287956810964,0.8402277036106822,incremental,3.0551750659942627,ok,
enigma,depression,L5 IT_2,0.023897735854711222,0.02844197561210644,0.8402277036106822,incremental,3.0551750659942627,ok,
enigma,depression,L5 IT_3,0.0015885263132642269,0.0018905902607565857,0.8402277036106822,incremental,3.0551750659942627,ok,
enigma,depression,L5 IT_4,0.002360716672084928,0.00280961537204772,0.8402277036106822,incremental,3.0551750659942627,ok,
enigma,depression,L5 IT_5,0.012133406571987915,0.014440617132531378,0.8402277036106822,incremental,3.0551750659942627,ok,
enigma,depression,L5/6 NP_1,-0.001343944508802375,-0.0015995003533293265,0.8402277036106822,incremental,3.0551750659942627,ok,
enigma,depression,L5/6 NP_2,-0.0019794891089757183,-0.002355896027314175,0.8402277036106822,incremental,3.0551750659942627,ok,
enigma,depression,L6 CT_1,0.0022533354063898337,0.0026818151754657116,0.8402277036106822,incremental,3.0551750659942627,ok,
enigma,depression,L6 CT_2,0.004064547557009357,0.0048374357802568446,0.8402277036106822,incremental,3.0551750659942627,ok,
enigma,depression,L6 IT Car3_1,0.0023628204411918485,0.00281211918035811,0.8402277036106822,incremental,3.0551750659942627,ok,
enigma,depression,L6 IT_1,0.0022354072941255243,0.0026604779686737103,0.8402277036106822,incremental,3.0551750659942627,ok,
enigma,depression,L6 IT_2,-0.0008785972076188475,-0.0010456656021258063,0.8402277036106822,incremental,3.0551750659942627,ok,
enigma,depression,L6 IT_3,0.0018413631755013204,0.00219150495465514,0.8402277036106822,incremental,3.0551750659942627,ok,
enigma,depression,L6b_1,0.026230820845073666,0.03121870503954207,0.8402277036106822,incremental,3.0551750659942627,ok,
enigma,depression,L6b_2,0.004427703242869674,0.005269646815788927,0.8402277036106822,incremental,3.0551750659942627,ok,
enigma,depression,L6b_3,-9.318494679022571e-05,-0.00011090439697451676,0.8402277036106822,incremental,3.0551750659942627,ok,
enigma,depression,Lamp5_1,0.03599591176111527,0.04284066284226437,0.8402277036106822,incremental,3.0551750659942627,ok,
enigma,depression,Lamp5_2,0.0013413425492246889,0.0015964036218522463,0.8402277036106822,incremental,3.0551750659942627,ok,
enigma,depression,Lamp5_Lhx6_1,-0.0005070306799114244,-0.0006034443731533469,0.8402277036106822,incremental,3.0551750659942627,ok,
enigma,depression,Micro-PVM_1,0.001877172360384316,0.002234123383837032,0.8402277036106822,incremental,3.0551750659942627,ok,
enigma,depression,Micro-PVM_2,0.005300269807380187,0.006308135026497598,0.8402277036106822,incremental,3.0551750659942627,ok,
enigma,depression,OPC_1,0.013936290345039293,0.016586325689038034,0.8402277036106822,incremental,3.0551750659942627,ok,
enigma,depression,Oligo_1,0.0029083600560881884,0.0034613950999118344,0.8402277036106822,incremental,3.0551750659942627,ok,
enigma,depression,Oligo_2,0.3835707029089913,0.45650804092829345,0.8402277036106822,incremental,3.0551750659942627,ok,
enigma,depression,Pax6_1,2.1400931083936925e-05,2.5470394503741576e-05,0.8402277036106822,incremental,3.0551750659942627,ok,
enigma,depression,Pax6_2,-0.0023813992392516248,-0.0028342308031717093,0.8402277036106822,incremental,3.0551750659942627,ok,
enigma,depression,Pvalb_1,-9.111226634117564e-05,-0.00010843758894123815,0.8402277036106822,incremental,3.0551750659942627,ok,
enigma,depression,Pvalb_2,0.00017168035171744034,0.00020432598327772833,0.8402277036106822,incremental,3.0551750659942627,ok,
enigma,depression,Pvalb_3,0.002961587463104265,0.0035247438883263846,0.8402277036106822,incremental,3.0551750659942627,ok,
enigma,depression,Pvalb_4,-0.0009935374407461506,-0.0011824621307731887,0.8402277036106822,incremental,3.0551750659942627,ok,
enigma,depression,Pvalb_5,0.007800674725652379,0.009284000863255046,0.8402277036106822,incremental,3.0551750659942627,ok,
enigma,depression,Sncg_1,0.050920596077694946,0.06060332914384468,0.8402277036106822,incremental,3.0551750659942627,ok,
enigma,depression,Sncg_2,-0.0010562620567012848,-0.0012571140562995548,0.8402277036106822,incremental,3.0551750659942627,ok,
enigma,depression,Sncg_3,-0.0006433697658527748,-0.0007657088228441452,0.8402277036106822,incremental,3.0551750659942627,ok,
enigma,depression,Sncg_4,0.01922099871610139,0.022875940216567057,0.8402277036106822,incremental,3.0551750659942627,ok,
enigma,depression,Sst Chodl_1,0.0026092977487565117,0.003105465027567723,0.8402277036106822,incremental,3.0551750659942627,ok,
enigma,depression,Sst_1,-0.004803304995199209,-0.005716670581746029,0.8402277036106822,incremental,3.0551750659942627,ok,
enigma,depression,Sst_10,-0.0013738287230602442,-0.0016350671575770905,0.8402277036106822,incremental,3.0551750659942627,ok,
enigma,depression,Sst_2,-0.004081047161927365,-0.004857072843932684,0.8402277036106822,incremental,3.0551750659942627,ok,
enigma,depression,Sst_3,0.010491454109109566,0.012486441549147919,0.8402277036106822,incremental,3.0551750659942627,ok,
enigma,depression,Sst_4,-0.0009650602449211565,-0.0011485698945345835,0.8402277036106822,incremental,3.0551750659942627,ok,
enigma,depression,Sst_5,0.0006269769741857889,0.0007461988833401968,0.8402277036106822,incremental,3.0551750659942627,ok,
enigma,depression,Sst_6,0.004047616905241691,0.004817285704634593,0.8402277036106822,incremental,3.0551750659942627,ok,
enigma,depression,Sst_7,0.006961962589311921,0.008285804621050358,0.8402277036106822,incremental,3.0551750659942627,ok,
enigma,depression,Sst_8,0.004803977156939587,0.005717470557440106,0.8402277036106822,incremental,3.0551750659942627,ok,
enigma,depression,Sst_9,-0.0011522778291861435,-0.0013713875705769981,0.8402277036106822,incremental,3.0551750659942627,ok,
enigma,depression,VLMC_1,-0.002100748879094505,-0.0025002137754647075,0.8402277036106822,incremental,3.0551750659942627,ok,
enigma,depression,Vip_1,0.07780039061896615,0.09259441254392964,0.8402277036106822,incremental,3.0551750659942627,ok,
enigma,depression,Vip_2,0.013510217030160976,0.016079233012794004,0.8402277036106822,incremental,3.0551750659942627,ok,
enigma,depression,Vip_3,-0.0007801455023929149,-0.000928492953803382,0.8402277036106822,incremental,3.0551750659942627,ok,
enigma,depression,Vip_4,0.011374059461454755,0.013536877459023777,0.8402277036106822,incremental,3.0551750659942627,ok,
enigma,depression,Vip_5,-0.003038469023199486,-0.0036162447514434186,0.8402277036106822,incremental,3.0551750659942627,ok,
enigma,depression,Vip_6,0.03449057142121559,0.041049076664576065,0.8402277036106822,incremental,3.0551750659942627,ok,
enigma,depression,Vip_7,-0.0007450427724264852,-0.0008867153144615894,0.8402277036106822,incremental,3.0551750659942627,ok,
enigma,depression,Vip_8,0.000705613464463184,0.0008397883828764215,0.8402277036106822,incremental,3.0551750659942627,ok,
enigma,depression,Vip_9,0.006248607689918306,0.007436802741764375,0.8402277036106822,incremental,3.0551750659942627,ok,
enigma,ocd,Astro_1,0.0017071204716009314,0.002028157604212537,0.8417099677338671,incremental,3.1461925506591797,ok,
enigma,ocd,Astro_2,0.0042237579117653246,0.005018068068193292,0.8417099677338671,incremental,3.1461925506591797,ok,
enigma,ocd,Chandelier_1,-0.0006213754316366504,-0.0007382298599950971,0.8417099677338671,incremental,3.1461925506591797,ok,
enigma,ocd,Endo_1,0.0028934399894507967,0.0034375736303097317,0.8417099677338671,incremental,3.1461925506591797,ok,
enigma,ocd,L2/3 IT_1,0.001724586151680474,0.0020489078397438625,0.8417099677338671,incremental,3.1461925506591797,ok,
enigma,ocd,L2/3 IT_2,-0.003942265889077534,-0.004683639305937274,0.8417099677338671,incremental,3.1461925506591797,ok,
enigma,ocd,L2/3 IT_3,-0.0005821372567069716,-0.0006916126445244052,0.8417099677338671,incremental,3.1461925506591797,ok,
enigma,ocd,L2/3 IT_4,0.0029632674760895483,0.003520532712791252,0.8417099677338671,incremental,3.1461925506591797,ok,
enigma,ocd,L2/3 IT_5,0.0017588601954074967,0.002089627380964574,0.8417099677338671,incremental,3.1461925506591797,ok,
enigma,ocd,L2/3 IT_6,-0.00018173166303947497,-0.00021590769980870075,0.8417099677338671,incremental,3.1461925506591797,ok,
enigma,ocd,L2/3 IT_7,0.001295276537309098,0.0015388632509561063,0.8417099677338671,incremental,3.1461925506591797,ok,
enigma,ocd,L2/3 IT_8,-0.0012878006536474196,-0.0015299814698815568,0.8417099677338671,incremental,3.1461925506591797,ok,
enigma,ocd,L4 IT_1,0.004186676637252029,0.004974013374849064,0.8417099677338671,incremental,3.1461925506591797,ok,
enigma,ocd,L4 IT_2,0.07739344243957147,0.09194787445364057,0.8417099677338671,incremental,3.1461925506591797,ok,
enigma,ocd,L4 IT_3,0.12197052101279948,0.14490801545475374,0.8417099677338671,incremental,3.1461925506591797,ok,
enigma,ocd,L5 ET_1,-0.0024229771758834673,-0.0028786366667450077,0.8417099677338671,incremental,3.1461925506591797,ok,
enigma,ocd,L5 IT_1,0.060504211882961845,0.07188249421098948,0.8417099677338671,incremental,3.1461925506591797,ok,
enigma,ocd,L5 IT_2,0.0013561999611890752,0.0016112437932039318,0.8417099677338671,incremental,3.1461925506591797,ok,
enigma,ocd,L5 IT_3,-0.00019643995803819703,-0.0002333820027901911,0.8417099677338671,incremental,3.1461925506591797,ok,
enigma,ocd,L5 IT_4,0.002184405804205314,0.0025952001139850846,0.8417099677338671,incremental,3.1461925506591797,ok,
enigma,ocd,L5 IT_5,-0.002499340827655794,-0.002969361090477235,0.8417099677338671,incremental,3.1461925506591797,ok,
enigma,ocd,L5/6 NP_1,0.0030069471981212237,0.003572426742452412,0.8417099677338671,incremental,3.1461925506591797,ok,
enigma,ocd,L5/6 NP_2,0.004714256371957659,0.005600808535806978,0.8417099677338671,incremental,3.1461925506591797,ok,
enigma,ocd,L6 CT_1,0.037722513675624625,0.044816522462226296,0.8417099677338671,incremental,3.1461925506591797,ok,
enigma,ocd,L6 CT_2,0.019547425518925632,0.023223469209415565,0.8417099677338671,incremental,3.1461925506591797,ok,
enigma,ocd,L6 IT Car3_1,0.003549357440864598,0.004216841402532657,0.8417099677338671,incremental,3.1461925506591797,ok,
enigma,ocd,L6 IT_1,0.009112600896544087,0.010826295571950886,0.8417099677338671,incremental,3.1461925506591797,ok,
enigma,ocd,L6 IT_2,0.0026683095305293225,0.0031701056573123438,0.8417099677338671,incremental,3.1461925506591797,ok,
enigma,ocd,L6 IT_3,0.002838305086942494,0.003372070185391832,0.8417099677338671,incremental,3.1461925506591797,ok,
enigma,ocd,L6b_1,-0.002331639703134991,-0.0027701224798518864,0.8417099677338671,incremental,3.1461925506591797,ok,
enigma,ocd,L6b_2,-0.0021866901077943757,-0.0025979139984305924,0.8417099677338671,incremental,3.1461925506591797,ok,
enigma,ocd,L6b_3,0.0005567406050799306,0.0006614399572561098,0.8417099677338671,incremental,3.1461925506591797,ok,
enigma,ocd,Lamp5_1,0.01803727527551624,0.02142932359952673,0.8417099677338671,incremental,3.1461925506591797,ok,
enigma,ocd,Lamp5_2,0.041635718440856784,0.04946563547649612,0.8417099677338671,incremental,3.1461925506591797,ok,
enigma,ocd,Lamp5_Lhx6_1,0.0027421330992775106,0.003257812315874251,0.8417099677338671,incremental,3.1461925506591797,ok,
enigma,ocd,Micro-PVM_1,0.017857718131304656,0.02121599935353377,0.8417099677338671,incremental,3.1461925506591797,ok,
enigma,ocd,Micro-PVM_2,-7.071549220705187e-05,-8.401408432579092e-05,0.8417099677338671,incremental,3.1461925506591797,ok,
enigma,ocd,OPC_1,0.0019487287546594567,0.0023152021828920628,0.8417099677338671,incremental,3.1461925506591797,ok,
enigma,ocd,Oligo_1,0.004515872755319172,0.005365117354469784,0.8417099677338671,incremental,3.1461925506591797,ok,
enigma,ocd,Oligo_2,-0.0006729740301688603,-0.0007995319717796689,0.8417099677338671,incremental,3.1461925506591797,ok,
enigma,ocd,Pax6_1,0.0015097611389058851,0.0017936833312911927,0.8417099677338671,incremental,3.1461925506591797,ok,
enigma,ocd,Pax6_2,0.003092266382609399,0.0036737908556966447,0.8417099677338671,incremental,3.1461925506591797,ok,
enigma,ocd,Pvalb_1,-0.0028110500515896586,-0.00333968963104695,0.8417099677338671,incremental,3.1461925506591797,ok,
enigma,ocd,Pvalb_2,0.0008594179420242654,0.0010210380950317999,0.8417099677338671,incremental,3.1461925506591797,ok,
enigma,ocd,Pvalb_3,0.040715205992646664,0.04837201358356736,0.8417099677338671,incremental,3.1461925506591797,ok,
enigma,ocd,Pvalb_4,-6.68831309422746e-05,-7.946101805393113e-05,0.8417099677338671,incremental,3.1461925506591797,ok,
enigma,ocd,Pvalb_5,0.004048087837859593,0.004809361885969162,0.8417099677338671,incremental,3.1461925506591797,ok,
enigma,ocd,Sncg_1,-0.0026558924792506877,-0.0031553534840523963,0.8417099677338671,incremental,3.1461925506591797,ok,
enigma,ocd,Sncg_2,0.003230207973856425,0.0038376734239622978,0.8417099677338671,incremental,3.1461925506591797,ok,
enigma,ocd,Sncg_3,0.021267415193568673,0.02526691616926774,0.8417099677338671,incremental,3.1461925506591797,ok,
enigma,ocd,Sncg_4,-0.0004176061598446523,-0.0004961402096365473,0.8417099677338671,incremental,3.1461925506591797,ok,
enigma,ocd,Sst Chodl_1,0.20451430623821243,0.24297479426176408,0.8417099677338671,incremental,3.1461925506591797,ok,
enigma,ocd,Sst_1,0.003524291543032687,0.004187061669854196,0.8417099677338671,incremental,3.1461925506591797,ok,
enigma,ocd,Sst_10,-0.0024610627842444055,-0.0029238845666403556,0.8417099677338671,incremental,3.1461925506591797,ok,
enigma,ocd,Sst_2,0.0012191443086886355,0.0014484137712791184,0.8417099677338671,incremental,3.1461925506591797,ok,
enigma,ocd,Sst_3,-0.0011182501288490299,-0.0013285456650343479,0.8417099677338671,incremental,3.1461925506591797,ok,
enigma,ocd,Sst_4,0.004981327532100788,0.005918104481418937,0.8417099677338671,incremental,3.1461925506591797,ok,
enigma,ocd,Sst_5,0.002587801362113895,0.0030744573087105338,0.8417099677338671,incremental,3.1461925506591797,ok,
enigma,ocd,Sst_6,0.0051682924093618965,0.0061402295416275905,0.8417099677338671,incremental,3.1461925506591797,ok,
enigma,ocd,Sst_7,0.10625604816209233,0.12623831513860426,0.8417099677338671,incremental,3.1461925506591797,ok,
enigma,ocd,Sst_8,0.0036302558416952957,0.004312953369756356,0.8417099677338671,incremental,3.1461925506591797,ok,
enigma,ocd,Sst_9,0.011350605902075483,0.013485174629254637,0.8417099677338671,incremental,3.1461925506591797,ok,
enigma,ocd,VLMC_1,-0.0026346778106028923,-0.003130149233822461,0.8417099677338671,incremental,3.1461925506591797,ok,
enigma,ocd,Vip_1,0.0003674528839180402,0.0004365552244882312,0.8417099677338671,incremental,3.1461925506591797,ok,
enigma,ocd,Vip_2,-0.0046114675390300786,-0.005478689472390968,0.8417099677338671,incremental,3.1461925506591797,ok,
enigma,ocd,Vip_3,0.0011800590279705814,0.001401978202952319,0.8417099677338671,incremental,3.1461925506591797,ok,
enigma,ocd,Vip_4,-0.0012586564500887132,-0.0014953564747217972,0.8417099677338671,incremental,3.1461925506591797,ok,
enigma,ocd,Vip_5,0.0011398370342603492,0.001354192154013726,0.8417099677338671,incremental,3.1461925506591797,ok,
enigma,ocd,Vip_6,-0.0009781646931508181,-0.0011621160858820854,0.8417099677338671,incremental,3.1461925506591797,ok,
enigma,ocd,Vip_7,0.0031841100095837405,0.0037829063830101825,0.8417099677338671,incremental,3.1461925506591797,ok,
enigma,ocd,Vip_8,-0.00021509564523136682,-0.00025554603542413557,0.8417099677338671,incremental,3.1461925506591797,ok,
enigma,ocd,Vip_9,-0.0005067011737008853,-0.0006019902259980064,0.8417099677338671,incremental,3.1461925506591797,ok,
enigma,schizophrenia,Astro_1,-0.00305715922125116,-0.0036013500620745422,0.8488925454500518,incremental,3.1959664821624756,ok,
enigma,schizophrenia,Astro_2,0.0003764846087087603,0.0004435009009404859,0.8488925454500518,incremental,3.1959664821624756,ok,
enigma,schizophrenia,Chandelier_1,-0.0019460889429226969,-0.002292503277774635,0.8488925454500518,incremental,3.1959664821624756,ok,
enigma,schizophrenia,Endo_1,0.048985950055463245,0.05770571354174477,0.8488925454500518,incremental,3.1959664821624756,ok,
enigma,schizophrenia,L2/3 IT_1,0.0008609922503743928,0.0010142535177027926,0.8488925454500518,incremental,3.1959664821624756,ok,
enigma,schizophrenia,L2/3 IT_2,-0.0017025442854669004,-0.0020056063568849856,0.8488925454500518,incremental,3.1959664821624756,ok,
enigma,schizophrenia,L2/3 IT_3,-0.0008974602671077969,-0.0010572130382320607,0.8488925454500518,incremental,3.1959664821624756,ok,
enigma,schizophrenia,L2/3 IT_4,0.00109224379335493,0.0012866690833948393,0.8488925454500518,incremental,3.1959664821624756,ok,
enigma,schizophrenia,L2/3 IT_5,-0.00038776884835123315,-0.00045679379614018437,0.8488925454500518,incremental,3.1959664821624756,ok,
enigma,schizophrenia,L2/3 IT_6,0.014880615520374896,0.017529445393451696,0.8488925454500518,incremental,3.1959664821624756,ok,
enigma,schizophrenia,L2/3 IT_7,0.01255184968858547,0.014786146675290851,0.8488925454500518,incremental,3.1959664821624756,ok,
enigma,schizophrenia,L2/3 IT_8,-0.0010344320660763406,-0.0012185665566516698,0.8488925454500518,incremental,3.1959664821624756,ok,
enigma,schizophrenia,L4 IT_1,0.02716115232600691,0.03199598402835198,0.8488925454500518,incremental,3.1959664821624756,ok,
enigma,schizophrenia,L4 IT_2,0.021300616600988365,0.02509224131506015,0.8488925454500518,incremental,3.1959664821624756,ok,
enigma,schizophrenia,L4 IT_3,0.003901536605237066,0.004596031177501523,0.8488925454500518,incremental,3.1959664821624756,ok,
enigma,schizophrenia,L5 ET_1,-0.003312993607980985,-0.0039027243503764746,0.8488925454500518,incremental,3.1959664821624756,ok,
enigma,schizophrenia,L5 IT_1,0.04876458369012804,0.05744494276866908,0.8488925454500518,incremental,3.1959664821624756,ok,
enigma,schizophrenia,L5 IT_2,0.0012677272681940188,0.001493389563836865,0.8488925454500518,incremental,3.1959664821624756,ok,
enigma,schizophrenia,L5 IT_3,0.01993706950897156,0.023485975481621946,0.8488925454500518,incremental,3.1959664821624756,ok,
enigma,schizophrenia,L5 IT_4,0.04103075130918632,0.04833444648454689,0.8488925454500518,incremental,3.1959664821624756,ok,
enigma,schizophrenia,L5 IT_5,0.00183417900877747,0.002160672771375387,0.8488925454500518,incremental,3.1959664821624756,ok,
enigma,schizophrenia,L5/6 NP_1,0.0016383626127378648,0.0019300000000226942,0.8488925454500518,incremental,3.1959664821624756,ok,
enigma,schizophrenia,L5/6 NP_2,0.0028046767641601855,0.0033039243649774877,0.8488925454500518,incremental,3.1959664821624756,ok,
enigma,schizophrenia,L6 CT_1,-0.0006428226872956522,-0.0007572485949383041,0.8488925454500518,incremental,3.1959664821624756,ok,
enigma,schizophrenia,L6 CT_2,-0.0045756203175040255,-0.005390105428571291,0.8488925454500518,incremental,3.1959664821624756,ok,
enigma,schizophrenia,L6 IT Car3_1,0.00237684063056387,0.0027999310905760825,0.8488925454500518,incremental,3.1959664821624756,ok,
enigma,schizophrenia,L6 IT_1,-0.0030220283394134517,-0.0035599656936689,0.8488925454500518,incremental,3.1959664821624756,ok,
enigma,schizophrenia,L6 IT_2,0.017980547201080332,0.021181181643605676,0.8488925454500518,incremental,3.1959664821624756,ok,
enigma,schizophrenia,L6 IT_3,0.001284690723221793,0.0015133726054110852,0.8488925454500518,incremental,3.1959664821624756,ok,
enigma,schizophrenia,L6b_1,-9.182663940454638e-05,-0.00010817227680549752,0.8488925454500518,incremental,3.1959664821624756,ok,
enigma,schizophrenia,L6b_2,0.0004668053942357142,0.0005498992737511095,0.8488925454500518,incremental,3.1959664821624756,ok,
enigma,schizophrenia,L6b_3,0.015219478019806276,0.017928627246617493,0.8488925454500518,incremental,3.1959664821624756,ok,
enigma,schizophrenia,Lamp5_1,0.0021557720535073654,0.0025395111136998546,0.8488925454500518,incremental,3.1959664821624756,ok,
enigma,schizophrenia,Lamp5_2,-0.0011369522083802819,-0.0013393358375853228,0.8488925454500518,incremental,3.1959664821624756,ok,
enigma,schizophrenia,Lamp5_Lhx6_1,0.0013616885047683658,0.0016040764076287752,0.8488925454500518,incremental,3.1959664821624756,ok,
enigma,schizophrenia,Micro-PVM_1,0.2781923301347069,0.32771206629835525,0.8488925454500518,incremental,3.1959664821624756,ok,
enigma,schizophrenia,Micro-PVM_2,0.04658882266515629,0.05488188453870402,0.8488925454500518,incremental,3.1959664821624756,ok,
enigma,schizophrenia,OPC_1,0.0005062719216587519,0.0005963910560556814,0.8488925454500518,incremental,3.1959664821624756,ok,
enigma,schizophrenia,Oligo_1,0.0006393325761177016,0.0007531372251346027,0.8488925454500518,incremental,3.1959664821624756,ok,
enigma,schizophrenia,Oligo_2,-0.001927411991406669,-0.0022705017280895377,0.8488925454500518,incremental,3.1959664821624756,ok,
enigma,schizophrenia,Pax6_1,0.00012238430537547806,0.00014416937223850207,0.8488925454500518,incremental,3.1959664821624756,ok,
enigma,schizophrenia,Pax6_2,-0.0026179423867400686,-0.003083950260574065,0.8488925454500518,incremental,3.1959664821624756,ok,
enigma,schizophrenia,Pvalb_1,0.00197238155232371,0.002323476113549831,0.8488925454500518,incremental,3.1959664821624756,ok,
enigma,schizophrenia,Pvalb_2,-0.0019724623345962478,-0.002323571275502862,0.8488925454500518,incremental,3.1959664821624756,ok,
enigma,schizophrenia,Pvalb_3,-0.0014284731835010334,-0.001682749119611728,0.8488925454500518,incremental,3.1959664821624756,ok,
enigma,schizophrenia,Pvalb_4,0.000840178841193806,0.0009897352093584165,0.8488925454500518,incremental,3.1959664821624756,ok,
enigma,schizophrenia,Pvalb_5,-0.004126604387308053,-0.004861162239468457,0.8488925454500518,incremental,3.1959664821624756,ok,
enigma,schizophrenia,Sncg_1,0.0013436210029508233,0.0015827927929776844,0.8488925454500518,incremental,3.1959664821624756,ok,
enigma,schizophrenia,Sncg_2,0.0001700511165875218,0.0002003211331033269,0.8488925454500518,incremental,3.1959664821624756,ok,
enigma,schizophrenia,Sncg_3,0.0283016575698688,0.03333950536091031,0.8488925454500518,incremental,3.1959664821624756,ok,
enigma,schizophrenia,Sncg_4,0.0019649264536357736,0.002314693967060391,0.8488925454500518,incremental,3.1959664821624756,ok,
enigma,schizophrenia,Sst Chodl_1,0.15572212356006365,0.18344150198362913,0.8488925454500518,incremental,3.1959664821624756,ok,
enigma,schizophrenia,Sst_1,-0.00024323540833415258,-0.00028653262375534006,0.8488925454500518,incremental,3.1959664821624756,ok,
enigma,schizophrenia,Sst_10,0.020831722357708804,0.024539881365861903,0.8488925454500518,incremental,3.1959664821624756,ok,
enigma,schizophrenia,Sst_2,-0.0005896675707800503,-0.0006946315808055896,0.8488925454500518,incremental,3.1959664821624756,ok,
enigma,schizophrenia,Sst_3,0.02884678824701581,0.03398167224065125,0.8488925454500518,incremental,3.1959664821624756,ok,
enigma,schizophrenia,Sst_4,-0.001621482591199097,-0.0019101152435488126,0.8488925454500518,incremental,3.1959664821624756,ok,
enigma,schizophrenia,Sst_5,-0.001918171458740403,-0.002259616330737666,0.8488925454500518,incremental,3.1959664821624756,ok,
enigma,schizophrenia,Sst_6,0.004758908222107561,0.0056060195693962206,0.8488925454500518,incremental,3.1959664821624756,ok,
enigma,schizophrenia,Sst_7,-4.9784705632660575e-05,-5.864665192255464e-05,0.8488925454500518,incremental,3.1959664821624756,ok,
enigma,schizophrenia,Sst_8,0.009419607041105338,0.011096347931894499,0.8488925454500518,incremental,3.1959664821624756,ok,
enigma,schizophrenia,Sst_9,0.007806330303551712,0.009195899228226913,0.8488925454500518,incremental,3.1959664821624756,ok,
enigma,schizophrenia,VLMC_1,0.0031936804379972816,0.0037621727922043527,0.8488925454500518,incremental,3.1959664821624756,ok,
enigma,schizophrenia,Vip_1,-0.00013745562962719227,-0.00016192347354672355,0.8488925454500518,incremental,3.1959664821624756,ok,
enigma,schizophrenia,Vip_2,-0.0020804814968099494,-0.0024508184315683375,0.8488925454500518,incremental,3.1959664821624756,ok,
enigma,schizophrenia,Vip_3,0.001503893468345785,0.0017715946222009473,0.8488925454500518,incremental,3.1959664821624756,ok,
enigma,schizophrenia,Vip_4,-0.00025919203720914386,-0.00030532961868775713,0.8488925454500518,incremental,3.1959664821624756,ok,
enigma,schizophrenia,Vip_5,-0.0005569466810468882,-0.0006560861961057927,0.8488925454500518,incremental,3.1959664821624756,ok,
enigma,schizophrenia,Vip_6,0.005766807824664544,0.006793330740826795,0.8488925454500518,incremental,3.1959664821624756,ok,
enigma,schizophrenia,Vip_7,0.0009964321476584326,0.0011738024476704064,0.8488925454500518,incremental,3.1959664821624756,ok,
enigma,schizophrenia,Vip_8,0.000983418523097801,0.0011584723277036535,0.8488925454500518,incremental,3.1959664821624756,ok,
enigma,schizophrenia,Vip_9,0.000523270332812964,0.0006164152761355033,0.8488925454500518,incremental,3.1959664821624756,ok,
enigma,bipolar,Astro_1,-0.0007489896882711955,-0.0009224526889248316,0.8119545828894308,incremental,3.0991570949554443,ok,
enigma,bipolar,Astro_2,-8.394886120899336e-05,-0.00010339107996687695,0.8119545828894308,incremental,3.0991570949554443,ok,
enigma,bipolar,Chandelier_1,-0.00013382272347794988,-0.000164815528230319,0.8119545828894308,incremental,3.0991570949554443,ok,
enigma,bipolar,Endo_1,0.04225668074080424,0.05204315811658965,0.8119545828894308,incremental,3.0991570949554443,ok,
enigma,bipolar,L2/3 IT_1,0.26131877314509744,0.3218391504302685,0.8119545828894308,incremental,3.0991570949554443,ok,
enigma,bipolar,L2/3 IT_2,-0.0021794754316597498,-0.002684233179525687,0.8119545828894308,incremental,3.0991570949554443,ok,
enigma,bipolar,L2/3 IT_3,0.03438721440447312,0.04235115501424032,0.8119545828894308,incremental,3.0991570949554443,ok,
enigma,bipolar,L2/3 IT_4,-0.0001189566119506047,-0.00014650648503920547,0.8119545828894308,incremental,3.0991570949554443,ok,
enigma,bipolar,L2/3 IT_5,0.022215957572296552,0.02736108403161984,0.8119545828894308,incremental,3.0991570949554443,ok,
enigma,bipolar,L2/3 IT_6,0.002305052536507257,0.0028388934370004674,0.8119545828894308,incremental,3.0991570949554443,ok,
enigma,bipolar,L2/3 IT_7,0.0030758501440918407,0.003788204671677676,0.8119545828894308,incremental,3.0991570949554443,ok,
enigma,bipolar,L2/3 IT_8,-0.00023271154843973463,-0.0002866066074922623,0.8119545828894308,incremental,3.0991570949554443,ok,
enigma,bipolar,L4 IT_1,0.008069185813499247,0.00993797680750092,0.8119545828894308,incremental,3.0991570949554443,ok,
enigma,bipolar,L4 IT_2,-0.0005487780959001487,-0.0006758728966677677,0.8119545828894308,incremental,3.0991570949554443,ok,
enigma,bipolar,L4 IT_3,0.0013953505663644172,0.0017185081478312578,0.8119545828894308,incremental,3.0991570949554443,ok,
enigma,bipolar,L5 ET_1,-0.005012280498181254,-0.006173104510777556,0.8119545828894308,incremental,3.0991570949554443,ok,
enigma,bipolar,L5 IT_1,0.048149032947116366,0.059300155404964486,0.8119545828894308,incremental,3.0991570949554443,ok,
enigma,bipolar,L5 IT_2,0.0018159062634548473,0.002236462853615214,0.8119545828894308,incremental,3.0991570949554443,ok,
enigma,bipolar,L5 IT_3,-0.001518927928679581,-0.0018707055304427334,0.8119545828894308,incremental,3.0991570949554443,ok,
enigma,bipolar,L5 IT_4,-0.0004757886451106641,-0.0005859793825136342,0.8119545828894308,incremental,3.0991570949554443,ok,
enigma,bipolar,L5 IT_5,-0.0002877480157410517,-0.00035438929935843006,0.8119545828894308,incremental,3.0991570949554443,ok,
enigma,bipolar,L5/6 NP_1,0.0010109329325338479,0.0012450609354729305,0.8119545828894308,incremental,3.0991570949554443,ok,
enigma,bipolar,L5/6 NP_2,0.0005109185670750804,0.0006292452531728066,0.8119545828894308,incremental,3.0991570949554443,ok,
enigma,bipolar,L6 CT_1,-0.0006387862387383647,-0.0007867265635291727,0.8119545828894308,incremental,3.0991570949554443,ok,
enigma,bipolar,L6 CT_2,0.009906631406842115,0.012200967413212034,0.8119545828894308,incremental,3.0991570949554443,ok,
enigma,bipolar,L6 IT Car3_1,-0.000565349421871808,-0.0006962820751130552,0.8119545828894308,incremental,3.0991570949554443,ok,
enigma,bipolar,L6 IT_1,0.00047178867022945603,0.0005810530295309665,0.8119545828894308,incremental,3.0991570949554443,ok,
enigma,bipolar,L6 IT_2,0.01019096542121578,0.012551152042211642,0.8119545828894308,incremental,3.0991570949554443,ok,
enigma,bipolar,L6 IT_3,-0.00021470623071317974,-0.0002644313305666971,0.8119545828894308,incremental,3.0991570949554443,ok,
enigma,bipolar,L6b_1,0.006469437091900954,0.007967732713421903,0.8119545828894308,incremental,3.0991570949554443,ok,
enigma,bipolar,L6b_2,0.001640014638243814,0.00201983543513929,0.8119545828894308,incremental,3.0991570949554443,ok,
enigma,bipolar,L6b_3,0.0036904084328801545,0.004545092189451564,0.8119545828894308,incremental,3.0991570949554443,ok,
enigma,bipolar,Lamp5_1,0.00046463094720750053,0.0005722376066331932,0.8119545828894308,incremental,3.0991570949554443,ok,
enigma,bipolar,Lamp5_2,-0.005324224498144403,-0.006557293487029234,0.8119545828894308,incremental,3.0991570949554443,ok,
enigma,bipolar,Lamp5_Lhx6_1,-0.00020668497187070756,-0.00025455238042403316,0.8119545828894308,incremental,3.0991570949554443,ok,
enigma,bipolar,Micro-PVM_1,0.003402668670979825,0.004190713055490185,0.8119545828894308,incremental,3.0991570949554443,ok,
enigma,bipolar,Micro-PVM_2,-0.0003020317651294402,-0.00037198110768046477,0.8119545828894308,incremental,3.0991570949554443,ok,
enigma,bipolar,OPC_1,0.0006024191501479148,0.0007419370034271365,0.8119545828894308,incremental,3.0991570949554443,ok,
enigma,bipolar,Oligo_1,0.0016739483919236964,0.0020616281097481644,0.8119545828894308,incremental,3.0991570949554443,ok,
enigma,bipolar,Oligo_2,0.007846547778891044,0.009663776699145204,0.8119545828894308,incremental,3.0991570949554443,ok,
enigma,bipolar,Pax6_1,0.00445501242246793,0.005486775389103997,0.8119545828894308,incremental,3.0991570949554443,ok,
enigma,bipolar,Pax6_2,0.003113339812505278,0.003834376796576616,0.8119545828894308,incremental,3.0991570949554443,ok,
enigma,bipolar,Pvalb_1,0.022169476122360976,0.027303837664747733,0.8119545828894308,incremental,3.0991570949554443,ok,
enigma,bipolar,Pvalb_2,0.1787751142761862,0.22017871201612663,0.8119545828894308,incremental,3.0991570949554443,ok,
enigma,bipolar,Pvalb_3,0.09204617763713574,0.11336370232627935,0.8119545828894308,incremental,3.0991570949554443,ok,
enigma,bipolar,Pvalb_4,-0.0011390481274647923,-0.0014028470944906337,0.8119545828894308,incremental,3.0991570949554443,ok,
enigma,bipolar,Pvalb_5,0.004039366313194348,0.004974867311937341,0.8119545828894308,incremental,3.0991570949554443,ok,
enigma,bipolar,Sncg_1,0.0007703269216161601,0.0009487315397307889,0.8119545828894308,incremental,3.0991570949554443,ok,
enigma,bipolar,Sncg_2,-0.0018385349075533686,-0.002264332200713416,0.8119545828894308,incremental,3.0991570949554443,ok,
enigma,bipolar,Sncg_3,0.0007251651354402977,0.0008931104654397255,0.8119545828894308,incremental,3.0991570949554443,ok,
enigma,bipolar,Sncg_4,0.0023469983909939485,0.002890553782752101,0.8119545828894308,incremental,3.0991570949554443,ok,
enigma,bipolar,Sst Chodl_1,0.00686963679729069,0.008460617061664118,0.8119545828894308,incremental,3.0991570949554443,ok,
enigma,bipolar,Sst_1,-0.005688044413070026,-0.007005372631592874,0.8119545828894308,incremental,3.0991570949554443,ok,
enigma,bipolar,Sst_10,0.011331026810410094,0.013955247065774756,0.8119545828894308,incremental,3.0991570949554443,ok,
enigma,bipolar,Sst_2,-0.0007519653285603667,-0.0009261174755420609,0.8119545828894308,incremental,3.0991570949554443,ok,
enigma,bipolar,Sst_3,0.0036224738421238856,0.0044614242205923745,0.8119545828894308,incremental,3.0991570949554443,ok,
enigma,bipolar,Sst_4,0.001630256883378589,0.0020078178234762076,0.8119545828894308,incremental,3.0991570949554443,ok,
enigma,bipolar,Sst_5,0.0015339310445984244,0.00188918330769162,0.8119545828894308,incremental,3.0991570949554443,ok,
enigma,bipolar,Sst_6,-0.004314967914599177,-0.005314297136231294,0.8119545828894308,incremental,3.0991570949554443,ok,
enigma,bipolar,Sst_7,-0.0009337540340491612,-0.0011500077143801486,0.8119545828894308,incremental,3.0991570949554443,ok,
enigma,bipolar,Sst_8,0.00065304970890534,0.0008042933960436431,0.8119545828894308,incremental,3.0991570949554443,ok,
enigma,bipolar,Sst_9,-0.0011657416169257306,-0.0014357226887953625,0.8119545828894308,incremental,3.0991570949554443,ok,
enigma,bipolar,VLMC_1,0.0014871350667078342,0.0018315495694546098,0.8119545828894308,incremental,3.0991570949554443,ok,
enigma,bipolar,Vip_1,0.0005053481255442582,0.0006223847197781933,0.8119545828894308,incremental,3.0991570949554443,ok,
enigma,bipolar,Vip_2,0.0035377263606871656,0.004357049563163708,0.8119545828894308,incremental,3.0991570949554443,ok,
enigma,bipolar,Vip_3,0.028157618134279305,0.03467880929260512,0.8119545828894308,incremental,3.0991570949554443,ok,
enigma,bipolar,Vip_4,0.001441470960193092,0.0017753098394536514,0.8119545828894308,incremental,3.0991570949554443,ok,
enigma,bipolar,Vip_5,0.0020118175072468825,0.0024777463538509827,0.8119545828894308,incremental,3.0991570949554443,ok,
enigma,bipolar,Vip_6,-0.0004737353602523031,-0.0005834505651368616,0.8119545828894308,incremental,3.0991570949554443,ok,
enigma,bipolar,Vip_7,0.000318705419624532,0.0003925163135238221,0.8119545828894308,incremental,3.0991570949554443,ok,
enigma,bipolar,Vip_8,-0.0005227994225739385,-0.0006438776670408073,0.8119545828894308,incremental,3.0991570949554443,ok,
enigma,bipolar,Vip_9,0.0029648952629010017,0.0036515530860729817,0.8119545828894308,incremental,3.0991570949554443,ok,
enigma,obesity,Astro_1,0.0004635780818227353,0.0005172223672048059,0.8962839026626455,incremental,2.984215259552002,ok,
enigma,obesity,Astro_2,0.002363219665137417,0.0026366864986829015,0.8962839026626455,incremental,2.984215259552002,ok,
enigma,obesity,Chandelier_1,0.00894247744273513,0.00997728221623658,0.8962839026626455,incremental,2.984215259552002,ok,
enigma,obesity,Endo_1,0.004587616511709025,0.005118485892784989,0.8962839026626455,incremental,2.984215259552002,ok,
enigma,obesity,L2/3 IT_1,0.012251186330991426,0.01366886797207456,0.8962839026626455,incremental,2.984215259552002,ok,
enigma,obesity,L2/3 IT_2,0.0011542784742232248,0.0012878491634114358,0.8962839026626455,incremental,2.984215259552002,ok,
enigma,obesity,L2/3 IT_3,-0.0002652092520646354,-0.00029589871164344475,0.8962839026626455,incremental,2.984215259552002,ok,
enigma,obesity,L2/3 IT_4,-5.198892972790858e-06,-5.800497986571207e-06,0.8962839026626455,incremental,2.984215259552002,ok,
enigma,obesity,L2/3 IT_5,-0.0002067122048533543,-0.0002306325085603587,0.8962839026626455,incremental,2.984215259552002,ok,
enigma,obesity,L2/3 IT_6,0.002691808674853191,0.0030032991408821138,0.8962839026626455,incremental,2.984215259552002,ok,
enigma,obesity,L2/3 IT_7,0.0011148232578396255,0.0012438282719657821,0.8962839026626455,incremental,2.984215259552002,ok,
enigma,obesity,L2/3 IT_8,-0.001297354015443286,-0.0014474811068113096,0.8962839026626455,incremental,2.984215259552002,ok,
enigma,obesity,L4 IT_1,0.023019346388438944,0.02568309697413282,0.8962839026626455,incremental,2.984215259552002,ok,
enigma,obesity,L4 IT_2,-0.0003693490082330442,-0.0004120893024361996,0.8962839026626455,incremental,2.984215259552002,ok,
enigma,obesity,L4 IT_3,-0.0018670510022839037,-0.0020831022366209423,0.8962839026626455,incremental,2.984215259552002,ok,
enigma,obesity,L5 ET_1,0.0008184415466336858,0.0009131498894516475,0.8962839026626455,incremental,2.984215259552002,ok,
enigma,obesity,L5 IT_1,0.0024427901434633803,0.002725464706223591,0.8962839026626455,incremental,2.984215259552002,ok,
enigma,obesity,L5 IT_2,-0.0023857418177897216,-0.0026618148677023568,0.8962839026626455,incremental,2.984215259552002,ok,
enigma,obesity,L5 IT_3,0.0005357348870684842,0.0005977290069328967,0.8962839026626455,incremental,2.984215259552002,ok,
enigma,obesity,L5 IT_4,0.0009454295595735518,0.0010548326894691585,0.8962839026626455,incremental,2.984215259552002,ok,
enigma,obesity,L5 IT_5,0.0009670901990426195,0.001078999852802918,0.8962839026626455,incremental,2.984215259552002,ok,
enigma,obesity,L5/6 NP_1,0.00047944581729264524,0.0005349262838128926,0.8962839026626455,incremental,2.984215259552002,ok,
enigma,obesity,L5/6 NP_2,-0.0005989195692303051,-0.0006682252882720062,0.8962839026626455,incremental,2.984215259552002,ok,
enigma,obesity,L6 CT_1,-2.292299278305876e-05,-2.5575593531201467e-05,0.8962839026626455,incremental,2.984215259552002,ok,
enigma,obesity,L6 CT_2,0.0028049633734356094,0.00312954786435719,0.8962839026626455,incremental,2.984215259552002,ok,
enigma,obesity,L6 IT Car3_1,0.011835561558192875,0.013205147970450264,0.8962839026626455,incremental,2.984215259552002,ok,
enigma,obesity,L6 IT_1,0.0026832858758260025,0.002993790101389304,0.8962839026626455,incremental,2.984215259552002,ok,
enigma,obesity,L6 IT_2,-0.0006396495604746866,-0.00071366846885729,0.8962839026626455,incremental,2.984215259552002,ok,
enigma,obesity,L6 IT_3,0.02537486235722186,0.02831118832084254,0.8962839026626455,incremental,2.984215259552002,ok,
enigma,obesity,L6b_1,0.0035913510801394155,0.004006934710609405,0.8962839026626455,incremental,2.984215259552002,ok,
enigma,obesity,L6b_2,0.01225483253765336,0.013672936110140078,0.8962839026626455,incremental,2.984215259552002,ok,
enigma,obesity,L6b_3,0.0015153361081572392,0.0016906876310681664,0.8962839026626455,incremental,2.984215259552002,ok,
enigma,obesity,Lamp5_1,0.022048061791690055,0.024599417356699734,0.8962839026626455,incremental,2.984215259552002,ok,
enigma,obesity,Lamp5_2,0.0033805330641724085,0.0037717212750665854,0.8962839026626455,incremental,2.984215259552002,ok,
enigma,obesity,Lamp5_Lhx6_1,0.0037437065597232255,0.004176920447418019,0.8962839026626455,incremental,2.984215259552002,ok,
enigma,obesity,Micro-PVM_1,0.0010456310416688819,0.0011666292773557148,0.8962839026626455,incremental,2.984215259552002,ok,
enigma,obesity,Micro-PVM_2,-0.00295514541601527,-0.003297108658580433,0.8962839026626455,incremental,2.984215259552002,ok,
enigma,obesity,OPC_1,0.0006246281359555406,0.000696908796531902,0.8962839026626455,incremental,2.984215259552002,ok,
enigma,obesity,Oligo_1,0.009765660423469824,0.010895722208619812,0.8962839026626455,incremental,2.984215259552002,ok,
enigma,obesity,Oligo_2,0.0022959785138262356,0.0025616643420744607,0.8962839026626455,incremental,2.984215259552002,ok,
enigma,obesity,Pax6_1,0.0013701712265319355,0.001528724573164244,0.8962839026626455,incremental,2.984215259552002,ok,
enigma,obesity,Pax6_2,0.004544319592006518,0.005070178744152862,0.8962839026626455,incremental,2.984215259552002,ok,
enigma,obesity,Pvalb_1,0.0012507725838500905,0.001395509369446828,0.8962839026626455,incremental,2.984215259552002,ok,
enigma,obesity,Pvalb_2,0.002038931592738713,0.002274872489265437,0.8962839026626455,incremental,2.984215259552002,ok,
enigma,obesity,Pvalb_3,0.004474009234872844,0.00499173221964785,0.8962839026626455,incremental,2.984215259552002,ok,
enigma,obesity,Pvalb_4,-0.0016295881126207057,-0.0018181606383642376,0.8962839026626455,incremental,2.984215259552002,ok,
enigma,obesity,Pvalb_5,0.006253968508113328,0.006977664654619234,0.8962839026626455,incremental,2.984215259552002,ok,
enigma,obesity,Sncg_1,0.019987363624175192,0.022300259510181435,0.8962839026626455,incremental,2.984215259552002,ok,
enigma,obesity,Sncg_2,0.000780934961491786,0.0008713031207765918,0.8962839026626455,incremental,2.984215259552002,ok,
enigma,obesity,Sncg_3,0.004817296960881512,0.005374744482825668,0.8962839026626455,incremental,2.984215259552002,ok,
enigma,obesity,Sncg_4,-0.00020238179085341201,-0.00022580098811568973,0.8962839026626455,incremental,2.984215259552002,ok,
enigma,obesity,Sst Chodl_1,-0.0031415172306022976,-0.0035050470294842964,0.8962839026626455,incremental,2.984215259552002,ok,
enigma,obesity,Sst_1,0.0010050200494631234,0.0011213188661287443,0.8962839026626455,incremental,2.984215259552002,ok,
enigma,obesity,Sst_10,0.2314433729204043,0.25822551563499163,0.8962839026626455,incremental,2.984215259552002,ok,
enigma,obesity,Sst_2,0.3750862490294361,0.4184904447297831,0.8962839026626455,incremental,2.984215259552002,ok,
enigma,obesity,Sst_3,-0.0006799113326525497,-0.0007585892490456377,0.8962839026626455,incremental,2.984215259552002,ok,
enigma,obesity,Sst_4,0.00312371100086295,0.003485180300107087,0.8962839026626455,incremental,2.984215259552002,ok,
enigma,obesity,Sst_5,-0.001974939307110457,-0.0022034751502770316,0.8962839026626455,incremental,2.984215259552002,ok,
enigma,obesity,Sst_6,0.04024379622583851,0.044900724096777596,0.8962839026626455,incremental,2.984215259552002,ok,
enigma,obesity,Sst_7,0.014718704135354699,0.016421921772363582,0.8962839026626455,incremental,2.984215259552002,ok,
enigma,obesity,Sst_8,0.0012524039787241703,0.0013973295459213059,0.8962839026626455,incremental,2.984215259552002,ok,
enigma,obesity,Sst_9,0.0011501192192273635,0.0012832086081325726,0.8962839026626455,incremental,2.984215259552002,ok,
enigma,obesity,VLMC_1,0.023119083644712046,0.0257943756169566,0.8962839026626455,incremental,2.984215259552002,ok,
enigma,obesity,Vip_1,0.0035829300124056163,0.003997539174542338,0.8962839026626455,incremental,2.984215259552002,ok,
enigma,obesity,Vip_2,0.0026115315023077512,0.002913732461945947,0.8962839026626455,incremental,2.984215259552002,ok,
enigma,obesity,Vip_3,0.0003631007246313045,0.0004051179805334213,0.8962839026626455,incremental,2.984215259552002,ok,
enigma,obesity,Vip_4,0.0032033094423339348,0.0035739897066294143,0.8962839026626455,incremental,2.984215259552002,ok,
enigma,obesity,Vip_5,0.00011402521260106546,0.00012721997155401742,0.8962839026626455,incremental,2.984215259552002,ok,
enigma,obesity,Vip_6,-8.42242986482944e-05,-9.397055821050017e-05,0.8962839026626455,incremental,2.984215259552002,ok,
enigma,obesity,Vip_7,0.0035966249129509853,0.004012818820316053,0.8962839026626455,incremental,2.984215259552002,ok,
enigma,obesity,Vip_8,-0.0020306622840129407,-0.002265646273441181,0.8962839026626455,incremental,2.984215259552002,ok,
enigma,obesity,Vip_9,0.0007669710534167207,0.0008557233384848627,0.8962839026626455,incremental,2.984215259552002,ok,
enigma,schizotypy,Astro_1,0.017395027853727485,0.02440136010434492,0.7128712407563756,incremental,2.9574084281921387,ok,
enigma,schizotypy,Astro_2,0.0036174883804099833,0.005074532641507225,0.7128712407563756,incremental,2.9574084281921387,ok,
enigma,schizotypy,Chandelier_1,0.001446438862860333,0.002029032425723364,0.7128712407563756,incremental,2.9574084281921387,ok,
enigma,schizotypy,Endo_1,0.02429238410495327,0.03407681880837049,0.7128712407563756,incremental,2.9574084281921387,ok,
enigma,schizotypy,L2/3 IT_1,0.0025113606949828116,0.003522881204070163,0.7128712407563756,incremental,2.9574084281921387,ok,
enigma,schizotypy,L2/3 IT_2,0.0011398954687286134,0.0015990201365384772,0.7128712407563756,incremental,2.9574084281921387,ok,
enigma,schizotypy,L2/3 IT_3,0.0004267539254279029,0.0005986409621113421,0.7128712407563756,incremental,2.9574084281921387,ok,
enigma,schizotypy,L2/3 IT_4,-0.0010666335226863222,-0.0014962498999883838,0.7128712407563756,incremental,2.9574084281921387,ok,
enigma,schizotypy,L2/3 IT_5,0.0015257826044364764,0.002140334070452302,0.7128712407563756,incremental,2.9574084281921387,ok,
enigma,schizotypy,L2/3 IT_6,0.03371677791809802,0.04729714987845997,0.7128712407563756,incremental,2.9574084281921387,ok,
enigma,schizotypy,L2/3 IT_7,0.0008149160524406618,0.0011431462034799072,0.7128712407563756,incremental,2.9574084281921387,ok,
enigma,schizotypy,L2/3 IT_8,0.33332062620127556,0.4675747977259026,0.7128712407563756,incremental,2.9574084281921387,ok,
enigma,schizotypy,L4 IT_1,0.0011523315715623594,0.0016164652263706198,0.7128712407563756,incremental,2.9574084281921387,ok,
enigma,schizotypy,L4 IT_2,0.0027315581508426945,0.003831769321966808,0.7128712407563756,incremental,2.9574084281921387,ok,
enigma,schizotypy,L4 IT_3,0.001547382605395775,0.0021706340737690025,0.7128712407563756,incremental,2.9574084281921387,ok,
enigma,schizotypy,L5 ET_1,0.015124524130773476,0.021216347730238,0.7128712407563756,incremental,2.9574084281921387,ok,
enigma,schizotypy,L5 IT_1,-0.0018748222327479303,-0.0026299591364615763,0.7128712407563756,incremental,2.9574084281921387,ok,
enigma,schizotypy,L5 IT_2,0.0024009086124390233,0.0033679414670896167,0.7128712407563756,incremental,2.9574084281921387,ok,
enigma,schizotypy,L5 IT_3,-0.0026324834388854468,-0.003692789508652798,0.7128712407563756,incremental,2.9574084281921387,ok,
enigma,schizotypy,L5 IT_4,0.0006927672032613907,0.0009717985011239141,0.7128712407563756,incremental,2.9574084281921387,ok,
enigma,schizotypy,L5 IT_5,0.003249174854282777,0.0045578705781920935,0.7128712407563756,incremental,2.9574084281921387,ok,
enigma,schizotypy,L5/6 NP_1,0.0029593403069176905,0.00415129708946843,0.7128712407563756,incremental,2.9574084281921387,ok,
enigma,schizotypy,L5/6 NP_2,0.004879697793363058,0.006845132072077374,0.7128712407563756,incremental,2.9574084281921387,ok,
enigma,schizotypy,L6 CT_1,-0.007916098050686382,-0.011104527154563268,0.7128712407563756,incremental,2.9574084281921387,ok,
enigma,schizotypy,L6 CT_2,0.009624920709648599,0.013501625762650066,0.7128712407563756,incremental,2.9574084281921387,ok,
enigma,schizotypy,L6 IT Car3_1,-0.003115030372075056,-0.004369695667298802,0.7128712407563756,incremental,2.9574084281921387,ok,
enigma,schizotypy,L6 IT_1,5.34107116033633e-05,7.49233642062669e-05,0.7128712407563756,incremental,2.9574084281921387,ok,
enigma,schizotypy,L6 IT_2,0.011558138290025055,0.01621350060041917,0.7128712407563756,incremental,2.9574084281921387,ok,
enigma,schizotypy,L6 IT_3,0.026309844511953395,0.03690686761895169,0.7128712407563756,incremental,2.9574084281921387,ok,
enigma,schizotypy,L6b_1,0.004301293983601684,0.006033760008382292,0.7128712407563756,incremental,2.9574084281921387,ok,
enigma,schizotypy,L6b_2,0.006618353112968434,0.009284079276288635,0.7128712407563756,incremental,2.9574084281921387,ok,
enigma,schizotypy,L6b_3,0.008242889870568426,0.011562943487273379,0.7128712407563756,incremental,2.9574084281921387,ok,
enigma,schizotypy,Lamp5_1,-0.00531769286185424,-0.007459541860900467,0.7128712407563756,incremental,2.9574084281921387,ok,
enigma,schizotypy,Lamp5_2,-0.0011034964697472782,-0.0015479604263126656,0.7128712407563756,incremental,2.9574084281921387,ok,
enigma,schizotypy,Lamp5_Lhx6_1,-0.0016068759211486094,-0.002254089980462209,0.7128712407563756,incremental,2.9574084281921387,ok,
enigma,schizotypy,Micro-PVM_1,0.002956528980529338,0.004147353423028233,0.7128712407563756,incremental,2.9574084281921387,ok,
enigma,schizotypy,Micro-PVM_2,0.00029650227056410294,0.0004159268232640526,0.7128712407563756,incremental,2.9574084281921387,ok,
enigma,schizotypy,OPC_1,0.0007789291867391634,0.0010926646246981412,0.7128712407563756,incremental,2.9574084281921387,ok,
enigma,schizotypy,Oligo_1,-0.006517239544814646,-0.009142239400623987,0.7128712407563756,incremental,2.9574084281921387,ok,
enigma,schizotypy,Oligo_2,0.0010100534608643574,0.0014168806414362619,0.7128712407563756,incremental,2.9574084281921387,ok,
enigma,schizotypy,Pax6_1,-0.0031009078415124014,-0.0043498848939708306,0.7128712407563756,incremental,2.9574084281921387,ok,
enigma,schizotypy,Pax6_2,-0.0001700109283460094,-0.00023848756777678843,0.7128712407563756,incremental,2.9574084281921387,ok,
enigma,schizotypy,Pvalb_1,0.004139281035758113,0.005806491830651247,0.7128712407563756,incremental,2.9574084281921387,ok,
enigma,schizotypy,Pvalb_2,0.002698151041086838,0.003784906567733083,0.7128712407563756,incremental,2.9574084281921387,ok,
enigma,schizotypy,Pvalb_3,0.003156388543758104,0.004427711995239267,0.7128712407563756,incremental,2.9574084281921387,ok,
enigma,schizotypy,Pvalb_4,-0.0003049231374594452,-0.0004277394289828743,0.7128712407563756,incremental,2.9574084281921387,ok,
enigma,schizotypy,Pvalb_5,0.0035657887610740513,0.005002009559665576,0.7128712407563756,incremental,2.9574084281921387,ok,
enigma,schizotypy,Sncg_1,0.005532957178518649,0.0077615098803088655,0.7128712407563756,incremental,2.9574084281921387,ok,
enigma,schizotypy,Sncg_2,0.00045059943369163413,0.0006320909133794428,0.7128712407563756,incremental,2.9574084281921387,ok,
enigma,schizotypy,Sncg_3,0.004075909207283179,0.005717595232146733,0.7128712407563756,incremental,2.9574084281921387,ok,
enigma,schizotypy,Sncg_4,0.0012215813284314203,0.0017136072527421495,0.7128712407563756,incremental,2.9574084281921387,ok,
enigma,schizotypy,Sst Chodl_1,-0.0005839062800028216,-0.000819090807174773,0.7128712407563756,incremental,2.9574084281921387,ok,
enigma,schizotypy,Sst_1,0.003216909002306312,0.004512608755114156,0.7128712407563756,incremental,2.9574084281921387,ok,
enigma,schizotypy,Sst_10,0.0014533363213792283,0.002038708027886213,0.7128712407563756,incremental,2.9574084281921387,ok,
enigma,schizotypy,Sst_2,-0.008058982633715184,-0.011304962485461449,0.7128712407563756,incremental,2.9574084281921387,ok,
enigma,schizotypy,Sst_3,0.0024860697939617094,0.003487403687829968,0.7128712407563756,incremental,2.9574084281921387,ok,
enigma,schizotypy,Sst_4,-0.003505806188793925,-0.004917867334743607,0.7128712407563756,incremental,2.9574084281921387,ok,
enigma,schizotypy,Sst_5,0.016645432337423438,0.023349844103350535,0.7128712407563756,incremental,2.9574084281921387,ok,
enigma,schizotypy,Sst_6,0.003100101066427996,0.004348753167737143,0.7128712407563756,incremental,2.9574084281921387,ok,
enigma,schizotypy,Sst_7,0.07041308645162803,0.09877391936434109,0.7128712407563756,incremental,2.9574084281921387,ok,
enigma,schizotypy,Sst_8,0.0004960427689139069,0.0006958378183240946,0.7128712407563756,incremental,2.9574084281921387,ok,
enigma,schizotypy,Sst_9,0.003407561844488316,0.004780052342794472,0.7128712407563756,incremental,2.9574084281921387,ok,
enigma,schizotypy,VLMC_1,0.006362853223379261,0.008925669685633695,0.7128712407563756,incremental,2.9574084281921387,ok,
enigma,schizotypy,Vip_1,0.07832293373249322,0.10986967807733479,0.7128712407563756,incremental,2.9574084281921387,ok,
enigma,schizotypy,Vip_2,0.00015193131675017568,0.00021312588874952012,0.7128712407563756,incremental,2.9574084281921387,ok,
enigma,schizotypy,Vip_3,-0.0027407206163039266,-0.0038446222257415633,0.7128712407563756,incremental,2.9574084281921387,ok,
enigma,schizotypy,Vip_4,-0.006890259185467484,-0.00966550309724479,0.7128712407563756,incremental,2.9574084281921387,ok,
enigma,schizotypy,Vip_5,0.025913786517519855,0.03635128622950847,0.7128712407563756,incremental,2.9574084281921387,ok,
enigma,schizotypy,Vip_6,0.0009823931289737464,0.001378079340010127,0.7128712407563756,incremental,2.9574084281921387,ok,
enigma,schizotypy,Vip_7,-0.007073295346239572,-0.009922262172807833,0.7128712407563756,incremental,2.9574084281921387,ok,
enigma,schizotypy,Vip_8,0.009888538387555101,0.013871422807102017,0.7128712407563756,incremental,2.9574084281921387,ok,
enigma,schizotypy,Vip_9,0.0020727905208147712,0.0029076646697312187,0.7128712407563756,incremental,2.9574084281921387,ok,
enigma,parkinson,Astro_1,-0.004114122811607279,-0.00477807405715111,0.8610420772884155,incremental,3.0090126991271973,ok,
enigma,parkinson,Astro_2,0.004097048752137233,0.0047582445274214884,0.8610420772884155,incremental,3.0090126991271973,ok,
enigma,parkinson,Chandelier_1,0.002175771425726447,0.002526904878537833,0.8610420772884155,incremental,3.0090126991271973,ok,
enigma,parkinson,Endo_1,-0.0006134796986586588,-0.000712485155883,0.8610420772884155,incremental,3.0090126991271973,ok,
enigma,parkinson,L2/3 IT_1,0.0027491004356096083,0.0031927596898249687,0.8610420772884155,incremental,3.0090126991271973,ok,
enigma,parkinson,L2/3 IT_2,0.015088224193519073,0.017523213547280692,0.8610420772884155,incremental,3.0090126991271973,ok,
enigma,parkinson,L2/3 IT_3,-0.000845179440455146,-0.000981577396445916,0.8610420772884155,incremental,3.0090126991271973,ok,
enigma,parkinson,L2/3 IT_4,0.006114283551319044,0.007101027595043996,0.8610420772884155,incremental,3.0090126991271973,ok,
enigma,parkinson,L2/3 IT_5,-0.002191014342885489,-0.0025446077499318128,0.8610420772884155,incremental,3.0090126991271973,ok,
enigma,parkinson,L2/3 IT_6,0.1333312766274488,0.15484873520622155,0.8610420772884155,incremental,3.0090126991271973,ok,
enigma,parkinson,L2/3 IT_7,-0.0012827061595284128,-0.0014897136776031868,0.8610420772884155,incremental,3.0090126991271973,ok,
enigma,parkinson,L2/3 IT_8,-0.0009273321278306934,-0.00107698816618932,0.8610420772884155,incremental,3.0090126991271973,ok,
enigma,parkinson,L4 IT_1,-0.0005226978612330457,-0.0006070526342674452,0.8610420772884155,incremental,3.0090126991271973,ok,
enigma,parkinson,L4 IT_2,-0.0017585954007790505,-0.002042403556301453,0.8610420772884155,incremental,3.0090126991271973,ok,
enigma,parkinson,L4 IT_3,0.001064737217557843,0.0012365681604212676,0.8610420772884155,incremental,3.0090126991271973,ok,
enigma,parkinson,L5 ET_1,-0.0011296089605460358,-0.001311909127720434,0.8610420772884155,incremental,3.0090126991271973,ok,
enigma,parkinson,L5 IT_1,0.0002319233183810665,0.0002693518987032979,0.8610420772884155,incremental,3.0090126991271973,ok,
enigma,parkinson,L5 IT_2,-0.0008083529399265377,-0.0009388077089939601,0.8610420772884155,incremental,3.0090126991271973,ok,
enigma,parkinson,L5 IT_3,0.030633416570157612,0.035577142369892116,0.8610420772884155,incremental,3.0090126991271973,ok,
enigma,parkinson,L5 IT_4,0.48665273094198924,0.565190417261083,0.8610420772884155,incremental,3.0090126991271973,ok,
enigma,parkinson,L5 IT_5,-0.0011926410930092057,-0.0013851136018405259,0.8610420772884155,incremental,3.0090126991271973,ok,
enigma,parkinson,L5/6 NP_1,0.010013401175781644,0.011629398190754788,0.8610420772884155,incremental,3.0090126991271973,ok,
enigma,parkinson,L5/6 NP_2,0.003935596611053804,0.004570736686234595,0.8610420772884155,incremental,3.0090126991271973,ok,
enigma,parkinson,L6 CT_1,-0.0011189927518240328,-0.0012995796388347858,0.8610420772884155,incremental,3.0090126991271973,ok,
enigma,parkinson,L6 CT_2,-0.003455560370002164,-0.004013230550688507,0.8610420772884155,incremental,3.0090126991271973,ok,
enigma,parkinson,L6 IT Car3_1,0.0027245354033118563,0.0031642302683881998,0.8610420772884155,incremental,3.0090126991271973,ok,
enigma,parkinson,L6 IT_1,0.0013003486699620925,0.001510203396862017,0.8610420772884155,incremental,3.0090126991271973,ok,
enigma,parkinson,L6 IT_2,0.000392696982211338,0.0004560717676516055,0.8610420772884155,incremental,3.0090126991271973,ok,
enigma,parkinson,L6 IT_3,2.94599465445744e-05,3.4214293728071164e-05,0.8610420772884155,incremental,3.0090126991271973,ok,
enigma,parkinson,L6b_1,-0.0003468037947963465,-0.00040277218029634196,0.8610420772884155,incremental,3.0090126991271973,ok,
enigma,parkinson,L6b_2,0.0012222051634358522,0.0014194488233197702,0.8610420772884155,incremental,3.0090126991271973,ok,
enigma,parkinson,L6b_3,-0.0001642942162173311,-0.0001908085801506062,0.8610420772884155,incremental,3.0090126991271973,ok,
enigma,parkinson,Lamp5_1,-0.0030418460012274773,-0.003532749538567065,0.8610420772884155,incremental,3.0090126991271973,ok,
enigma,parkinson,Lamp5_2,-0.0023580815043037218,-0.002738636782687516,0.8610420772884155,incremental,3.0090126991271973,ok,
enigma,parkinson,Lamp5_Lhx6_1,-0.00017419198526946733,-0.00020230368510913062,0.8610420772884155,incremental,3.0090126991271973,ok,
enigma,parkinson,Micro-PVM_1,-0.0003144341733332112,-0.0003651786383348697,0.8610420772884155,incremental,3.0090126991271973,ok,
enigma,parkinson,Micro-PVM_2,-0.0005668270181066193,-0.0006583035057841364,0.8610420772884155,incremental,3.0090126991271973,ok,
enigma,parkinson,OPC_1,0.012057987658789293,0.014003947050720424,0.8610420772884155,incremental,3.0090126991271973,ok,
enigma,parkinson,Oligo_1,0.01876616601440262,0.02179471422987925,0.8610420772884155,incremental,3.0090126991271973,ok,
enigma,parkinson,Oligo_2,-0.001130242969687556,-0.0013126454554310575,0.8610420772884155,incremental,3.0090126991271973,ok,
enigma,parkinson,Pax6_1,-0.0008741787396315814,-0.0010152567019541434,0.8610420772884155,incremental,3.0090126991271973,ok,
enigma,parkinson,Pax6_2,0.0008243323088724663,0.0009573658832892868,0.8610420772884155,incremental,3.0090126991271973,ok,
enigma,parkinson,Pvalb_1,0.00022669624250226672,0.00026328125939695783,0.8610420772884155,incremental,3.0090126991271973,ok,
enigma,parkinson,Pvalb_2,-0.0005374937849408346,-0.0006242363748743897,0.8610420772884155,incremental,3.0090126991271973,ok,
enigma,parkinson,Pvalb_3,-0.0001944226402691429,-0.00022579923257806008,0.8610420772884155,incremental,3.0090126991271973,ok,
enigma,parkinson,Pvalb_4,-0.001111672501857841,-0.0012910780218299066,0.8610420772884155,incremental,3.0090126991271973,ok,
enigma,parkinson,Pvalb_5,0.0005781812297781519,0.0006714900990657204,0.8610420772884155,incremental,3.0090126991271973,ok,
enigma,parkinson,Sncg_1,0.10502998173688338,0.1219800803087843,0.8610420772884155,incremental,3.0090126991271973,ok,
enigma,parkinson,Sncg_2,0.0005636184862687355,0.000654577170077073,0.8610420772884155,incremental,3.0090126991271973,ok,
enigma,parkinson,Sncg_3,0.0008781215964137612,0.0010198358704828134,0.8610420772884155,incremental,3.0090126991271973,ok,
enigma,parkinson,Sncg_4,0.0001957768357241374,0.00022737197273874898,0.8610420772884155,incremental,3.0090126991271973,ok,
enigma,parkinson,Sst Chodl_1,0.01314964431806287,0.015271779004660943,0.8610420772884155,incremental,3.0090126991271973,ok,
enigma,parkinson,Sst_1,0.002751973319529699,0.0031960962096024203,0.8610420772884155,incremental,3.0090126991271973,ok,
enigma,parkinson,Sst_10,-0.003907080570303201,-0.004537618629053921,0.8610420772884155,incremental,3.0090126991271973,ok,
enigma,parkinson,Sst_2,0.018384351438858193,0.02135128110899527,0.8610420772884155,incremental,3.0090126991271973,ok,
enigma,parkinson,Sst_3,0.001115135311919535,0.0012950996720523893,0.8610420772884155,incremental,3.0090126991271973,ok,
enigma,parkinson,Sst_4,-0.0006534137092258918,-0.0007588638539984193,0.8610420772884155,incremental,3.0090126991271973,ok,
enigma,parkinson,Sst_5,0.0006702265848130828,0.0007783900490946426,0.8610420772884155,incremental,3.0090126991271973,ok,
enigma,parkinson,Sst_6,-0.0032390325209830095,-0.003761758694979618,0.8610420772884155,incremental,3.0090126991271973,ok,
enigma,parkinson,Sst_7,-0.0011633595943687514,-0.001351106554551191,0.8610420772884155,incremental,3.0090126991271973,ok,
enigma,parkinson,Sst_8,0.005647327937728264,0.006558713083468311,0.8610420772884155,incremental,3.0090126991271973,ok,
enigma,parkinson,Sst_9,0.0008412546433671508,0.0009770192021467997,0.8610420772884155,incremental,3.0090126991271973,ok,
enigma,parkinson,VLMC_1,-0.003187255462984928,-0.003701625677832376,0.8610420772884155,incremental,3.0090126991271973,ok,
enigma,parkinson,Vip_1,0.003530785804163661,0.004100596123342512,0.8610420772884155,incremental,3.0090126991271973,ok,
enigma,parkinson,Vip_2,0.011092815786678645,0.01288301243257707,0.8610420772884155,incremental,3.0090126991271973,ok,
enigma,parkinson,Vip_3,0.0028434374056118816,0.0033023210835019866,0.8610420772884155,incremental,3.0090126991271973,ok,
enigma,parkinson,Vip_4,-0.0012845463462751727,-0.0014918508399966379,0.8610420772884155,incremental,3.0090126991271973,ok,
enigma,parkinson,Vip_5,0.00042037065751299174,0.0004882115155589359,0.8610420772884155,incremental,3.0090126991271973,ok,
enigma,parkinson,Vip_6,0.0008850570380245504,0.0010278905774404922,0.8610420772884155,incremental,3.0090126991271973,ok,
enigma,parkinson,Vip_7,-0.0006560597861379192,-0.0007619369638751866,0.8610420772884155,incremental,3.0090126991271973,ok,
enigma,parkinson,Vip_8,-0.0009113115844654462,-0.0010583821726057093,0.8610420772884155,incremental,3.0090126991271973,ok,
enigma,parkinson,Vip_9,0.00460891080903425,0.005352712638096134,0.8610420772884155,incremental,3.0090126991271973,ok,
