phenotype,outcome,roi,observed,prediction
meg,delta,1,0.3312916154744195,0.3253859291231498
meg,delta,3,0.3474726275951033,0.31794687052596526
meg,delta,5,0.3684006973515825,0.3356567356396474
meg,delta,7,0.3182067388416367,0.31797328578986367
meg,delta,9,0.315159804163835,0.3102695955157868
meg,delta,11,0.3557986833198726,0.3350722542922261
meg,delta,13,0.3777055015326828,0.3215923456849446
meg,delta,15,0.3709044175747349,0.3268048585941876
meg,delta,17,0.3487081979329769,0.31100921142026394
meg,delta,19,0.3787669936033684,0.30396512790219293
meg,delta,21,0.3703134693102163,0.3080530474877149
meg,delta,23,0.3564299208803411,0.3157625726156703
meg,delta,25,0.3300296043648439,0.3159667875444542
meg,delta,27,0.3879905657126353,0.28995770870668974
meg,delta,29,0.3509188285447601,0.29715189010475085
meg,delta,31,0.3667995685531247,0.2985761764313182
meg,delta,33,0.3559415842572304,0.30289187485035923
meg,delta,35,0.3735224713172231,0.28321715534296416
meg,delta,37,0.3650270022904675,0.3161203543586501
meg,delta,39,0.343929482055894,0.3105641359784518
meg,delta,41,0.3896590704443278,0.2921372398791688
meg,delta,43,0.3845199593726326,0.3021761253995222
meg,delta,45,0.3916300362048868,0.2913907252631622
meg,delta,47,0.3988013029398031,0.27872809588022346
meg,delta,49,0.2926410560200854,0.28890317080315714
meg,delta,51,0.3749839792036897,0.3015408835875158
meg,delta,53,0.3068494006603179,0.29971139088306226
meg,delta,55,0.3004796670108545,0.3044230837663662
meg,delta,57,0.2742923192617272,0.2884214797089056
meg,delta,59,0.290942380459685,0.2925290508492226
meg,delta,61,0.3304006175389365,0.3085271915010971
meg,delta,63,0.3354861549148459,0.31204686716105634
meg,delta,65,0.2747198615696831,0.27730029129256617
meg,delta,67,0.2937715676888613,0.2907614822604736
meg,delta,69,0.2534230885931024,0.3179327466011525
meg,delta,71,0.2952363053011516,0.30850502936816904
meg,delta,73,0.3239434494882448,0.32084880832833507
meg,delta,75,0.3022195824980735,0.30824401625973186
meg,delta,77,0.3519408268806261,0.3346241083801371
meg,delta,79,0.3485582078496615,0.31913568256570113
meg,delta,81,0.323961194493983,0.3273241326556772
meg,delta,83,0.3614415369058018,0.31612207406620646
meg,delta,85,0.3008723246251664,0.31551676991107364
meg,delta,87,0.3268921210075155,0.3201100472245407
meg,delta,89,0.3481399723842962,0.3288488726095638
meg,delta,91,0.3098150319778002,0.32418565569657315
meg,delta,93,0.3648597479394052,0.3278319324805734
meg,delta,95,0.349924834253632,0.33168650075561423
meg,delta,97,0.3039292583938773,0.3213902205530445
meg,delta,99,0.3213188887986922,0.32749306984405646
meg,delta,101,0.3354593215303288,0.33336938173578706
meg,delta,103,0.3419125774327446,0.3189694473265498
meg,delta,105,0.304538010122677,0.3253709217424059
meg,delta,107,0.3146443436683064,0.33320729484898476
meg,delta,109,0.3337153325110306,0.316129898887352
meg,delta,111,0.3299388984839121,0.292188521153779
meg,delta,113,0.3202541866085746,0.3249583985581694
meg,delta,115,0.3388395187182304,0.30783667949880333
meg,delta,119,0.3141647052764892,0.3003116134613073
meg,delta,121,0.3002410697631347,0.3121562887122305
meg,delta,123,0.2953240187307404,0.28503944693812594
meg,delta,125,0.2510429917205691,0.27562935536008926
meg,delta,127,0.2489283233880996,0.2645286207503412
meg,delta,129,0.2637118275121132,0.27799573079877843
meg,delta,131,0.2573943099667949,0.2779833245449888
meg,delta,133,0.2587473253050004,0.27436461060770534
meg,delta,135,0.2681629652754542,0.2752154898582249
meg,delta,137,0.2715111245729805,0.27545590569405803
meg,delta,139,0.2777935496127385,0.28875591778577336
meg,delta,141,0.2804742403539437,0.28215537133026297
meg,delta,143,0.2827162044768286,0.275471091376949
meg,delta,145,0.2964197648583718,0.3081827643071992
meg,delta,147,0.2558715104504868,0.26981101543141284
meg,delta,149,0.2654093284553019,0.28523582783921253
meg,delta,151,0.2721725658458822,0.2706411747009898
meg,delta,153,0.2787284243960595,0.27748824578981274
meg,delta,155,0.2889064519493668,0.2995900060084968
meg,delta,157,0.3089090347290039,0.31296660612818156
meg,delta,159,0.2661181280452214,0.292870998819551
meg,delta,161,0.2641820545096534,0.28924739424138163
meg,delta,163,0.3149499800913503,0.3159113215050507
meg,delta,165,0.3621949767166713,0.36578054930889015
meg,delta,167,0.3529400797990652,0.3762324980769651
meg,delta,169,0.3461492644703906,0.38057248446517306
meg,delta,171,0.3270654591985724,0.3549054573386095
meg,delta,173,0.3423168601261245,0.36023473805572
meg,delta,175,0.3019506811321555,0.29722636038635586
meg,delta,179,0.3645754058635672,0.3671072966663553
meg,delta,181,0.2297153693009046,0.27226062118152267
meg,delta,183,0.32922376304244,0.3440817659523049
meg,delta,185,0.3073662995828866,0.3134042839752573
meg,delta,187,0.2581802616144884,0.3481203689363409
meg,delta,189,0.3001927650045781,0.24138668641145403
meg,delta,191,0.2707411281050068,0.23275359548656233
meg,delta,193,0.2770546208771448,0.2238682790402624
meg,delta,195,0.3137857650240807,0.26869601619340494
meg,delta,197,0.2933355672783596,0.24432543107289054
meg,delta,199,0.2758034105469559,0.27101959022109784
meg,delta,201,0.2865556787913013,0.28539783895047816
meg,delta,203,0.2818476366996765,0.23170831614814452
meg,delta,205,0.2947694547581741,0.2804304790916255
meg,delta,207,0.2490744125952414,0.2526992248408846
meg,delta,209,0.2576366575837832,0.26429814316695466
meg,theta,1,0.3099467358628257,0.2560866311035578
meg,theta,3,0.3164290766936439,0.25343717034759955
meg,theta,5,0.3118081570932152,0.2513365998655272
meg,theta,7,0.3074202339140757,0.25475639321715243
meg,theta,9,0.2949260397599293,0.25604670258962947
meg,theta,11,0.3145563038643341,0.2546925512443052
meg,theta,13,0.2982031907285413,0.25223486568941483
meg,theta,15,0.3014770204520357,0.2506507432396858
meg,theta,17,0.2956741031163778,0.2535776533383439
meg,theta,19,0.2885732921793705,0.24997177489051295
meg,theta,21,0.2853635014589473,0.2498597356274451
meg,theta,23,0.3076505228602813,0.25348820377152964
meg,theta,25,0.3043166658457588,0.25436228690235346
meg,theta,27,0.273238978936122,0.24867542207773852
meg,theta,29,0.2852055771010263,0.25249935958661807
meg,theta,31,0.2785361761046994,0.25072467914506247
meg,theta,33,0.2738624496819222,0.25199825862056774
meg,theta,35,0.2713185657347952,0.2491879420216521
meg,theta,37,0.2766510975953624,0.25108881953073964
meg,theta,39,0.269666333359184,0.2525176579374426
meg,theta,41,0.280861123016587,0.25031454175521545
meg,theta,43,0.2681180573561612,0.24813982440634702
meg,theta,45,0.265390057304052,0.2477096400680777
meg,theta,47,0.2655311322691452,0.24850545083198786
meg,theta,49,0.1989334711305252,0.24778026576610124
meg,theta,51,0.2699746394891874,0.24901379714998603
meg,theta,53,0.2705152182875272,0.25238457273967807
meg,theta,55,0.2888439235140065,0.25447889187079015
meg,theta,57,0.2661460608410902,0.25304981429858153
meg,theta,59,0.2851060454782687,0.2552310916784541
meg,theta,61,0.2540826942712542,0.2516532702105696
meg,theta,63,0.2834996597590736,0.25529675681062125
meg,theta,65,0.2586258863358153,0.24901784943437982
meg,theta,67,0.2773593902378015,0.25463832653118973
meg,theta,71,0.2469640828314281,0.24864504037470325
meg,theta,73,0.2445483857056586,0.23724647545001884
meg,theta,75,0.2464528449624776,0.243772607866447
meg,theta,77,0.2425159309154901,0.23521654619420343
meg,theta,79,0.2469056118031342,0.23109900116148313
meg,theta,81,0.248061980351363,0.24572589862438388
meg,theta,83,0.2456697195314514,0.23861045530602806
meg,theta,85,0.2438253096145827,0.24275043395820156
meg,theta,87,0.2473038681951405,0.24070125241601456
meg,theta,89,0.2417777242945201,0.23927263699829726
meg,theta,91,0.2460288829528368,0.24506510878329577
meg,theta,93,0.2406260754946058,0.24165014392544956
meg,theta,95,0.2460502514215273,0.24626850987655888
meg,theta,97,0.2436310548818748,0.24489414133198617
meg,theta,99,0.2486805264887056,0.2466818030844843
meg,theta,101,0.2440516958013177,0.24707138569280535
meg,theta,103,0.2405030586701982,0.22145026922007366
meg,theta,105,0.2305851239270676,0.2427157581933307
meg,theta,107,0.2430181023940234,0.24771668997377658
meg,theta,109,0.2242968908430617,0.2164823509023972
meg,theta,111,0.2380492535599491,0.1835428840129779
meg,theta,113,0.2411684136499058,0.2307309680007435
meg,theta,115,0.2380934670949593,0.20612944121080107
meg,theta,119,0.2402609618504842,0.22874903954295356
meg,theta,121,0.2476593238420975,0.24271234645146375
meg,theta,123,0.2443457255556001,0.23712564826188387
meg,theta,125,0.2372242205274042,0.24217228398073448
meg,theta,127,0.2260079325461874,0.22414164690604554
meg,theta,129,0.2433757906930047,0.2434082961048249
meg,theta,131,0.2476335115490421,0.24446512714225474
meg,theta,133,0.2402234623231083,0.23797116249111558
meg,theta,135,0.2242416473880909,0.22827576308913097
meg,theta,137,0.2402424027486082,0.23090121329695174
meg,theta,139,0.248114009698232,0.2459569382957286
meg,theta,141,0.2489585702130997,0.2388749169150593
meg,theta,143,0.238432154004084,0.23077283931225495
meg,theta,145,0.2525103712419294,0.2535461778986451
meg,theta,147,0.232388105822934,0.23069026746587984
meg,theta,149,0.2482799279255483,0.24689749208309214
meg,theta,151,0.2234108882726927,0.21127146984109535
meg,theta,153,0.243420972155323,0.2272907119358459
meg,theta,155,0.2573265456711804,0.2573474172345207
meg,theta,157,0.2523745768948605,0.25240972289714814
meg,theta,159,0.2428971214240856,0.25505648649858065
meg,theta,161,0.259176943311365,0.24685559393109907
meg,theta,163,0.2470535332313641,0.2533141249472129
meg,theta,165,0.2600573858000197,0.25136616073423446
meg,theta,167,0.2698074576946405,0.26007589151390975
meg,theta,169,0.2484461483748062,0.25585575912928415
meg,theta,171,0.2511900433931838,0.2612175743721029
meg,theta,173,0.2615581390758355,0.26029998463372767
meg,theta,175,0.2582719169911884,0.2724130365913726
meg,theta,179,0.3015251872739242,0.29985890941444865
meg,theta,181,0.1790479007694456,0.22865089022035334
meg,theta,183,0.28783053252846,0.3023967006693177
meg,theta,185,0.2675370248179362,0.27839514107970176
meg,theta,187,0.1949436667768713,0.2659333252502949
meg,theta,189,0.2172896082379988,0.17671422599786413
meg,theta,191,0.2110712969956332,0.16790247228689864
meg,theta,193,0.2121121019479774,0.15502033581844504
meg,theta,195,0.2332906786301364,0.20450898384028182
meg,theta,197,0.2248143025887856,0.18440106762620634
meg,theta,199,0.2164237680829989,0.2230710272485525
meg,theta,201,0.2313009740630532,0.23304293516054814
meg,theta,203,0.2115657150286894,0.16725207231695424
meg,theta,205,0.2172918467854903,0.22138042621214504
meg,theta,207,0.2042735689276949,0.20108959476230648
meg,theta,209,0.2199800619256426,0.22448738934304038
meg,alpha,1,0.2159518640549456,0.25760635965566464
meg,alpha,3,0.1948020516955939,0.2705876332897725
meg,alpha,5,0.1788149490457287,0.25459042121787673
meg,alpha,7,0.2253735953947309,0.2720005455292599
meg,alpha,9,0.2422702985696303,0.27280541541949754
meg,alpha,11,0.1914889438633333,0.2480348311216558
meg,alpha,13,0.1802050909928737,0.22670395656698172
meg,alpha,15,0.187447729031684,0.26504868112649854
meg,alpha,17,0.2110146957330214,0.2725870958591712
meg,alpha,19,0.1886883100538741,0.2604069687311366
meg,alpha,21,0.1970342203685781,0.2773798881729111
meg,alpha,23,0.1930902217246272,0.2738505131765386
meg,alpha,25,0.2182320142493528,0.27558059370934834
meg,alpha,27,0.1893096155845202,0.25884241593221646
meg,alpha,29,0.2187257894223794,0.26838455869424627
meg,alpha,31,0.207223101585142,0.26488515129436013
meg,alpha,33,0.2210097636466157,0.2604599590931066
meg,alpha,35,0.2082231933517115,0.25709074747033767
meg,alpha,37,0.2203059699489266,0.2629945991168255
meg,alpha,39,0.2407941772794047,0.27901010361575934
meg,alpha,41,0.1916950257426058,0.23125549924980612
meg,alpha,43,0.2105430878260556,0.24495885874033574
meg,alpha,45,0.213232844027394,0.25042612721044866
meg,alpha,47,0.1986806671224047,0.23912749821485463
meg,alpha,49,0.1794861549647843,0.22893660371700714
meg,alpha,51,0.2170243912963505,0.24400036321706073
meg,alpha,53,0.271499562179875,0.29459200820961556
meg,alpha,55,0.2534737207850472,0.284430664938875
meg,alpha,57,0.2983023389046933,0.3015501540770225
meg,alpha,59,0.2654434399385201,0.29044003234666643
meg,alpha,61,0.280858484147087,0.29331524928946473
meg,alpha,63,0.2342648410624124,0.2751262591101127
meg,alpha,65,0.3190328388689309,0.31125843354987753
meg,alpha,67,0.27053252093389,0.2951426339392042
meg,alpha,69,0.1628306265308263,0.2553373339974236
meg,alpha,71,0.3412296061477964,0.3275536472435881
meg,alpha,73,0.312624937133809,0.27809514061094653
meg,alpha,75,0.3342733033001422,0.3001847146285413
meg,alpha,77,0.247096650646283,0.22551676840932755
meg,alpha,79,0.2831732389330864,0.2666787287395071
meg,alpha,81,0.3106800483004882,0.3032605602902639
meg,alpha,83,0.2648308929906884,0.35492600399271496
meg,alpha,85,0.3380413635111436,0.3143545502092899
meg,alpha,87,0.3137009975637898,0.32858096042459295
meg,alpha,89,0.2949227757418333,0.27064108261169917
meg,alpha,91,0.330039504246834,0.3065674095953662
meg,alpha,93,0.2640165246165959,0.2878922348540478
meg,alpha,95,0.283885407670636,0.29313617694854077
meg,alpha,97,0.3379494702543011,0.30443389323651565
meg,alpha,99,0.3118588626384735,0.2950577271720646
meg,alpha,101,0.3036262699299388,0.2872749460324424
meg,alpha,103,0.2967344760018237,0.20339684763801724
meg,alpha,105,0.3532360884518669,0.30451841734510765
meg,alpha,107,0.3288743381768885,0.29973983038221663
meg,alpha,109,0.2681730040061621,0.1870722838303488
meg,alpha,111,0.3132988674598828,0.07219243795170946
meg,alpha,113,0.3200935753909024,0.1496797955998243
meg,alpha,115,0.3038238905943357,0.1609985017665015
meg,alpha,119,0.3222100234031677,0.28641108761861195
meg,alpha,121,0.3377944088899172,0.3333244558216943
meg,alpha,123,0.3428476751874812,0.3378746081928982
meg,alpha,125,0.3704884468884992,0.3467706370817283
meg,alpha,127,0.3895298609928209,0.35119037419404425
meg,alpha,129,0.3460304502004422,0.3374670306677018
meg,alpha,131,0.3433725557980999,0.33112916501479256
meg,alpha,133,0.3598399921114665,0.352489116289352
meg,alpha,135,0.3876675084304581,0.35943636410426966
meg,alpha,137,0.3509315971482606,0.35766320550870245
meg,alpha,139,0.3255053637814482,0.33058659720131633
meg,alpha,141,0.3317971216567461,0.3520909093750851
meg,alpha,143,0.3575201884354695,0.35782659161886377
meg,alpha,145,0.3226028397960483,0.3267956014322828
meg,alpha,147,0.378540731911306,0.3341114919432416
meg,alpha,149,0.3463829029445073,0.2985058509264107
meg,alpha,151,0.3825214652584009,0.3670201781490189
meg,alpha,153,0.3469339115075787,0.32692583135224784
meg,alpha,155,0.2980559621475361,0.3008088902818172
meg,alpha,157,0.3071830094644898,0.29504122431799273
meg,alpha,159,0.3326052837827232,0.30668889681768435
meg,alpha,161,0.3175219407934226,0.30472177722533944
meg,alpha,163,0.3120534420013428,0.31967474201855706
meg,alpha,165,0.2390310259641341,0.21364877247473923
meg,alpha,167,0.2368508885686214,0.24365110862660058
meg,alpha,169,0.2795509888750055,0.2914619240369268
meg,alpha,171,0.2894992824982513,0.2502293877752931
meg,alpha,173,0.2600550531513161,0.25053443645890516
meg,alpha,175,0.2958166934711077,0.30530512322118475
meg,alpha,179,0.2017396144685945,0.17245504261193717
meg,alpha,181,0.2347940221136691,0.36455251935797484
meg,alpha,183,0.2397555938611427,0.24954125289865722
meg,alpha,185,0.2736212753261309,0.30798166038931146
meg,alpha,187,0.1351640138396604,0.18700196139894246
meg,alpha,189,0.377904000913813,0.267568462732261
meg,alpha,191,0.4141239452035459,0.24573059710396133
meg,alpha,193,0.40681011880201,0.20706451907210233
meg,alpha,195,0.3390783288707472,0.31526565400401463
meg,alpha,197,0.3684576703991503,0.28563531863685304
meg,alpha,199,0.393942256736602,0.34646907907212227
meg,alpha,201,0.3715545703081568,0.3485264443334438
meg,alpha,203,0.3937851119958437,0.24324905930909646
meg,alpha,205,0.3716754034719824,0.33619216734668966
meg,alpha,207,0.4307239871779713,0.3339887129500509
meg,alpha,209,0.3969549028671276,0.362526413460305
meg,beta,1,0.1079102963941996,0.11921636657056528
meg,beta,3,0.103601349241252,0.11850831614101527
meg,beta,5,0.0960881000784228,0.1056148712304497
meg,beta,7,0.1136112702897715,0.12268102306479761
meg,beta,9,0.1134318438860086,0.1287199429738919
meg,beta,11,0.1004683822393417,0.11053601759922342
meg,beta,13,0.0955868171507953,0.08819096761099199
meg,beta,15,0.0978362031527975,0.09750452183711715
meg,beta,17,0.1083411146815006,0.11390079052838156
meg,beta,19,0.0958125487439275,0.07855829253366182
meg,beta,21,0.1007840482523236,0.08729547070104568
meg,beta,23,0.1047884869657776,0.11847878678111479
meg,beta,25,0.1128857079089856,0.12297799222079892
meg,beta,27,0.0933348072836032,0.07274211079876489
meg,beta,29,0.1072182087297726,0.10250655716738231
meg,beta,31,0.1014805280873852,0.09180498705419193
meg,beta,33,0.1037196196003319,0.09587069090482984
meg,beta,35,0.0964901590985911,0.07812430160310584
meg,beta,37,0.0979905628203028,0.09556106604107101
meg,beta,39,0.1042645016671918,0.10605162974931659
meg,beta,41,0.0918142736234046,0.06628986848546851
meg,beta,43,0.0898152602946057,0.07666407853899049
meg,beta,45,0.0853934934643726,0.07406001973369111
meg,beta,47,0.0866353792611079,0.06744793450007602
meg,beta,49,0.0656735855041117,0.07600488538746511
meg,beta,51,0.09337683841233,0.07853782248618514
meg,beta,53,0.1181783204177816,0.12284362366801854
meg,beta,55,0.1231834289724709,0.1301324222372612
meg,beta,57,0.1285863257005435,0.1324909292770504
meg,beta,59,0.1224756267509962,0.13907067743877374
meg,beta,61,0.0971248581295921,0.10967037742384056
meg,beta,63,0.1104070884925079,0.119970326237397
meg,beta,65,0.1167575881858052,0.11610264045411903
meg,beta,67,0.1241564968941916,0.1331953180153087
meg,beta,71,0.09029567163615,0.09989446717004039
meg,beta,73,0.0875563066780068,0.08918407403985615
meg,beta,75,0.0871679445728659,0.09187956759119037
meg,beta,77,0.0790571399988272,0.07946420918417972
meg,beta,79,0.0830339855452378,0.08160098720920073
meg,beta,81,0.0813692073420722,0.07880952820644352
meg,beta,83,0.0817433831655434,0.08481687910870908
meg,beta,85,0.086211536306797,0.0803230282928778
meg,beta,87,0.0808218275521127,0.0838409274225966
meg,beta,89,0.0788339335304587,0.07478231684546019
meg,beta,91,0.0836355909705162,0.07702748218558052
meg,beta,93,0.0816401371122461,0.0779471392559535
meg,beta,95,0.0791057722173004,0.0777618811471297
meg,beta,97,0.0841673000054505,0.07751869092628791
meg,beta,99,0.0825384897284938,0.07722335169547964
meg,beta,101,0.0798287376657956,0.07690397655769876
meg,beta,103,0.0818241792566636,0.07297735176735282
meg,beta,105,0.082353566068049,0.07582688088036162
meg,beta,107,0.0820700144054184,0.07520796139677138
meg,beta,109,0.0757035506360324,0.07220921467176104
meg,beta,111,0.0829380601644516,0.05371794264199996
meg,beta,113,0.084935504401272,0.06326321582768704
meg,beta,115,0.0819280235431133,0.06821437580079161
meg,beta,119,0.0872281367580096,0.08096437119527118
meg,beta,121,0.0870544669337761,0.0880415943108335
meg,beta,123,0.0899242252060228,0.09559171776441341
meg,beta,125,0.1126490761940391,0.0971633135082498
meg,beta,127,0.1080814429995965,0.09109582105936945
meg,beta,129,0.1199308084034771,0.09838874998713523
meg,beta,131,0.121049870839042,0.10028799766998485
meg,beta,133,0.1144268479811618,0.09506363693644165
meg,beta,135,0.094245592747151,0.08930650864318668
meg,beta,137,0.1106175275236858,0.08988585358031155
meg,beta,139,0.1187903864100151,0.09733969706585208
meg,beta,141,0.1085510622864195,0.0901516577045723
meg,beta,143,0.095489415054274,0.08984667198486569
meg,beta,145,0.1006942669738013,0.09607979262900275
meg,beta,147,0.1056536824338966,0.09139818949252528
meg,beta,149,0.1119513388479774,0.0961173134352384
meg,beta,151,0.0946352527779171,0.0856450029890794
meg,beta,153,0.1026713058589624,0.09195934522064908
meg,beta,155,0.1231866762925077,0.11282389635794403
meg,beta,157,0.0997959609094419,0.10539184284418553
meg,beta,159,0.1285470210936632,0.1112393507710648
meg,beta,161,0.1258999861891959,0.11034267505397151
meg,beta,163,0.09254080275362,0.09435757475562907
meg,beta,165,0.0902831375880061,0.07480127320187377
meg,beta,167,0.0986039891265905,0.08029436475178797
meg,beta,169,0.0862534562854663,0.07679298172239926
meg,beta,171,0.093843861313706,0.08794441666993504
meg,beta,173,0.0960587844321573,0.08630730083183338
meg,beta,175,0.1083772132794062,0.10479895133408898
meg,beta,179,0.0973811072360782,0.09144410282227229
meg,beta,181,0.06880895362473,0.09482661935423647
meg,beta,183,0.1060019367141649,0.10884860734409703
meg,beta,185,0.1138286285218179,0.10959623769862128
meg,beta,187,0.0641792682721653,0.08439857083330501
meg,beta,189,0.0797309789008327,0.06034173206712029
meg,beta,191,0.0815794815143493,0.05351809699143646
meg,beta,193,0.0794187032632411,0.041282922266419025
meg,beta,195,0.083765060342338,0.0797620750752439
meg,beta,197,0.086219952102358,0.06746379663218827
meg,beta,199,0.0867467081096394,0.09070009051466733
meg,beta,201,0.0837302585458679,0.0895267545887201
meg,beta,203,0.0832427852199627,0.05304864383897528
meg,beta,205,0.0843171540229052,0.08487808101462839
meg,beta,207,0.0898122778589572,0.0839773599967052
meg,beta,209,0.09968810881439,0.09906750915012416
meg,gamma1,1,0.0248076506447596,0.02484133535666229
meg,gamma1,3,0.0257071818195627,0.024233873757740828
meg,gamma1,5,0.0289152691146398,0.023503938764752395
meg,gamma1,7,0.0252454318642959,0.02469898790619493
meg,gamma1,9,0.0246719162624615,0.024731387278084275
meg,gamma1,11,0.0255845384999063,0.02431829756321182
meg,gamma1,13,0.0306226584850059,0.02282163325173877
meg,gamma1,15,0.0275251829780597,0.022819064825690693
meg,gamma1,17,0.0246464254286808,0.023903333131209317
meg,gamma1,19,0.0303651515878443,0.021530145473206634
meg,gamma1,21,0.0296222830082901,0.021717080728265843
meg,gamma1,23,0.02570648259409,0.024224074423390644
meg,gamma1,25,0.0244524603161741,0.024624718750640373
meg,gamma1,27,0.0341073646854895,0.020949438844212857
meg,gamma1,29,0.0251122643064735,0.023055552251771076
meg,gamma1,31,0.0290625683482616,0.022510095709240084
meg,gamma1,33,0.0285923025022222,0.023035560735648306
meg,gamma1,35,0.0309070175247533,0.021521916505646818
meg,gamma1,37,0.0256767017324326,0.023211353974099357
meg,gamma1,39,0.0260960368954754,0.023274121015861893
meg,gamma1,41,0.0289491604651427,0.02117258284016371
meg,gamma1,43,0.028687884034041,0.022131484791035213
meg,gamma1,45,0.027033221559318,0.021514747898972803
meg,gamma1,47,0.0304528651899428,0.021220696777088665
meg,gamma1,49,0.0192469362589735,0.02236406004856175
meg,gamma1,51,0.0276238494045079,0.022269760360400334
meg,gamma1,53,0.022703576385079,0.023557739865951364
meg,gamma1,55,0.0245900436136566,0.02448092944733802
meg,gamma1,57,0.0242286196463749,0.02365364695230561
meg,gamma1,59,0.0259426043908062,0.02452374099969881
meg,gamma1,61,0.0231254507329255,0.022986077538215854
meg,gamma1,63,0.0241896546983939,0.024429124830390548
meg,gamma1,65,0.0226236491550489,0.021682468585633614
meg,gamma1,67,0.0251241336432351,0.023910414869160557
meg,gamma1,69,0.0178849677262311,0.022783957593865218
meg,gamma1,71,0.0167874649019231,0.02015630216380264
meg,gamma1,73,0.0193839565515674,0.02171967344978572
meg,gamma1,75,0.0182777983509004,0.02002515032886039
meg,gamma1,77,0.0227052601293111,0.02401409446095267
meg,gamma1,79,0.0225660092197358,0.02233797489011704
meg,gamma1,81,0.0209452820628291,0.020658461258392834
meg,gamma1,83,0.0263223888229597,0.02167656798834504
meg,gamma1,85,0.0187947355755945,0.018227611273139835
meg,gamma1,87,0.0186964415641589,0.021053957515162928
meg,gamma1,89,0.0212429226167611,0.022304928264341026
meg,gamma1,91,0.0183936630447323,0.018946940544093425
meg,gamma1,93,0.0275541625389483,0.02244755775721767
meg,gamma1,95,0.0234857857854009,0.022035962222321095
meg,gamma1,97,0.0183606230803118,0.018159972752667584
meg,gamma1,99,0.020804024378496,0.019895400281513098
meg,gamma1,101,0.021491422641298,0.02205052511111393
meg,gamma1,103,0.0227933992522166,0.02495958601160078
meg,gamma1,105,0.018131387119476,0.019968074267794803
meg,gamma1,107,0.0188985700653472,0.02076827317203382
meg,gamma1,109,0.0212811542973842,0.025500085404568856
meg,gamma1,111,0.0213269162923097,0.02114116214453652
meg,gamma1,113,0.0202390346506779,0.0192298558439053
meg,gamma1,115,0.0221252812980077,0.0246192253751671
meg,gamma1,119,0.0217468022803465,0.01915280557757421
meg,gamma1,121,0.0169375808384173,0.01969822201554633
meg,gamma1,123,0.0172214578145865,0.018109481034320286
meg,gamma1,125,0.019985635642996,0.01875692189707112
meg,gamma1,127,0.0188507481345108,0.018420239554276196
meg,gamma1,129,0.0192520613637492,0.018482334597405864
meg,gamma1,131,0.0218465954786346,0.01971179183951911
meg,gamma1,133,0.0188650121934801,0.01813113808480861
meg,gamma1,135,0.0170283870187779,0.017159371760500617
meg,gamma1,137,0.0180931406425928,0.016989556699476896
meg,gamma1,139,0.0200403954715185,0.019959881653069424
meg,gamma1,141,0.0195093719625524,0.017428369107199214
meg,gamma1,143,0.0168070100008113,0.016969335086221747
meg,gamma1,145,0.018246253340874,0.02127318062297746
meg,gamma1,147,0.019275206092883,0.019223643829939196
meg,gamma1,149,0.0203223435264361,0.021022152737974455
meg,gamma1,151,0.0181685026231869,0.01792756617530267
meg,gamma1,153,0.0196432511344433,0.019886717876576403
meg,gamma1,155,0.0223760837150944,0.022407875386180234
meg,gamma1,157,0.0203225749348731,0.022156882838643983
meg,gamma1,159,0.021133347801613,0.021562672331433896
meg,gamma1,161,0.0241832637308251,0.021928859667986574
meg,gamma1,163,0.0209953221317115,0.020094109752691047
meg,gamma1,165,0.0288615979359678,0.022862491591336954
meg,gamma1,167,0.0260375082636108,0.021907506534867626
meg,gamma1,169,0.0236082670845739,0.02090335412724057
meg,gamma1,171,0.0236564760350368,0.021727816178825982
meg,gamma1,173,0.024719165103441,0.02185449227587408
meg,gamma1,175,0.0239520732361774,0.022441399567426117
meg,gamma1,179,0.0236370825155087,0.026528111620963392
meg,gamma1,181,0.0164744807102906,0.018624514280372904
meg,gamma1,183,0.0251959257972581,0.025412781533980775
meg,gamma1,185,0.0256408826192271,0.023430687181313716
meg,gamma1,187,0.0174410489193577,0.02732230406368972
meg,gamma1,189,0.0160770408609615,0.014594119252763736
meg,gamma1,191,0.014945767916841,0.013637878385929588
meg,gamma1,193,0.0158251191615053,0.012275706058596316
meg,gamma1,195,0.0186825339669642,0.018055539096358555
meg,gamma1,197,0.0175508879581932,0.015328127000391718
meg,gamma1,199,0.0175642399386865,0.016762516644568203
meg,gamma1,201,0.0169469213801299,0.016723676395021394
meg,gamma1,203,0.0185894004255533,0.013527390716060753
meg,gamma1,205,0.019885172573608,0.01710524353806913
meg,gamma1,207,0.0172076474174583,0.016922563346919488
meg,gamma1,209,0.0174629906116173,0.018077215124422768
meg,gamma2,1,0.0100918413277287,0.012398112861421721
meg,gamma2,3,0.0119877111964344,0.012350160515483493
meg,gamma2,5,0.0159728293169256,0.01228657079495696
meg,gamma2,7,0.0101427274141514,0.012608711748499745
meg,gamma2,9,0.0095400969115778,0.011457027525415553
meg,gamma2,11,0.0121031459747699,0.012412886717785343
meg,gamma2,13,0.0176767422542256,0.011263627950484325
meg,gamma2,15,0.0148094482308263,0.012620683183894607
meg,gamma2,17,0.0116154610107724,0.012415442117839771
meg,gamma2,19,0.0177937059069243,0.012419355693489023
meg,gamma2,21,0.0168824780144189,0.012207915843777045
meg,gamma2,23,0.0123343635379033,0.012519660517665664
meg,gamma2,25,0.010083543198804,0.012671571749681296
meg,gamma2,27,0.0220186670382435,0.012518884100944015
meg,gamma2,29,0.0128193340243253,0.012022723335303286
meg,gamma2,31,0.0168980611428137,0.01272767831429237
meg,gamma2,33,0.0168742804902873,0.013067707640025773
meg,gamma2,35,0.0195385948488754,0.012611402918727196
meg,gamma2,37,0.0143486622190977,0.014305289602628998
meg,gamma2,39,0.0152494625538481,0.012642964459616074
meg,gamma2,41,0.0170213477427346,0.012082099325409497
meg,gamma2,43,0.018315753740642,0.014904605663928525
meg,gamma2,45,0.0173203468052202,0.013870895145568999
meg,gamma2,47,0.0198986545560797,0.012821121050695411
meg,gamma2,49,0.0123114760130325,0.013993265851612088
meg,gamma2,51,0.0170163018099292,0.014695183424718223
meg,gamma2,53,0.0102539255520802,0.011175567045450823
meg,gamma2,55,0.0094292172948356,0.011521071390916583
meg,gamma2,57,0.0084443335403122,0.009992720034656476
meg,gamma2,59,0.0100899029376083,0.010347725185500105
meg,gamma2,61,0.0144079019921639,0.012075377963928643
meg,gamma2,63,0.0121526003503154,0.01214297965303741
meg,gamma2,65,0.0082401760783417,0.009166788551439278
meg,gamma2,67,0.0090558860372279,0.010037008523929268
meg,gamma2,69,0.0132901436373801,0.015954865613745577
meg,gamma2,71,0.0094868689139802,0.01229107530409989
meg,gamma2,73,0.0119429636672606,0.01463711668160389
meg,gamma2,75,0.011608533123508,0.012631316257431377
meg,gamma2,77,0.0156585519416974,0.016868170315261912
meg,gamma2,79,0.0157629477170606,0.015473006482103533
meg,gamma2,81,0.0149822861952061,0.014334520184216493
meg,gamma2,83,0.0199920773543984,0.014142049850345097
meg,gamma2,85,0.0122547275329962,0.012605093248654593
meg,gamma2,87,0.0125847462341604,0.014270255468202602
meg,gamma2,89,0.0150826663307067,0.015175475242223369
meg,gamma2,91,0.0120873283236645,0.013361526288752795
meg,gamma2,93,0.021303352677321,0.015236762671034142
meg,gamma2,95,0.0175479472849831,0.015144141863442859
meg,gamma2,97,0.0119622979483759,0.012981243487745597
meg,gamma2,99,0.0147992043048703,0.01401193996136891
meg,gamma2,101,0.0155425531621504,0.01522662057463689
meg,gamma2,103,0.0162323092055671,0.01658594421786873
meg,gamma2,105,0.0111558255308066,0.01362512254262404
meg,gamma2,107,0.01249463257288,0.014351864850775007
meg,gamma2,109,0.0151016667692197,0.016851010009189416
meg,gamma2,111,0.0144479988273559,0.015599150949942818
meg,gamma2,113,0.0133092802441255,0.014321646244232803
meg,gamma2,115,0.015189807742643,0.016573011043933113
meg,gamma2,119,0.014389365799725,0.01157068840470072
meg,gamma2,121,0.0103131529087057,0.012882908505165656
meg,gamma2,123,0.010336902270996,0.010120517908666478
meg,gamma2,125,0.008609628290211,0.010191233699833024
meg,gamma2,127,0.00860169374441,0.009961721322451876
meg,gamma2,129,0.007699064355089,0.010228709374330082
meg,gamma2,131,0.0087031511079159,0.010453278830858928
meg,gamma2,133,0.0078973573460486,0.010058346426171098
meg,gamma2,135,0.0086538989673943,0.009787118858533879
meg,gamma2,137,0.0086042086476327,0.009805191595070489
meg,gamma2,139,0.0097562948747271,0.010925701637267839
meg,gamma2,141,0.0107096368933912,0.010020557981802798
meg,gamma2,143,0.0090350278683172,0.009805605429764622
meg,gamma2,145,0.0095265030078941,0.011912990992728804
meg,gamma2,147,0.0082707665981379,0.010370056282420725
meg,gamma2,149,0.0076541620477491,0.011286604736486572
meg,gamma2,151,0.009091322403604,0.009701880105203833
meg,gamma2,153,0.0086021346857756,0.010527965507690322
meg,gamma2,155,0.0101482813281041,0.010798719892604258
meg,gamma2,157,0.0114148386705078,0.01241804526902678
meg,gamma2,159,0.0086990981153474,0.010379880056178549
meg,gamma2,161,0.0090358125839472,0.010747533268296871
meg,gamma2,163,0.0124069232275421,0.011299338894243841
meg,gamma2,165,0.0195718746685053,0.015503201240797577
meg,gamma2,167,0.0157600785533969,0.014704908052042172
meg,gamma2,169,0.0159918739328808,0.0144092408598157
meg,gamma2,171,0.0147448779634115,0.013647676218500278
meg,gamma2,173,0.0152919989044743,0.01392836615416202
meg,gamma2,175,0.0116314174913805,0.007616324241125346
meg,gamma2,179,0.0111416052510054,0.013850212698346524
meg,gamma2,181,0.0097213652824946,0.009029757069318823
meg,gamma2,183,0.0119922471349127,0.010311441379528007
meg,gamma2,185,0.0120058867385504,0.008343470371113874
meg,gamma2,187,0.0092361225512496,0.016135080771530367
meg,gamma2,189,0.0088056111181642,0.009291404719660327
meg,gamma2,191,0.00753837994185,0.009121554290864146
meg,gamma2,193,0.0087793360460579,0.009122702236025435
meg,gamma2,195,0.0113976338061771,0.010331389250542226
meg,gamma2,197,0.0096216192259895,0.009212752418816087
meg,gamma2,199,0.0095196153213931,0.008947909613988224
meg,gamma2,201,0.0099115996965604,0.010309414509238116
meg,gamma2,203,0.0109693494525093,0.009109404555371929
meg,gamma2,205,0.0120609669250997,0.009898533066959554
meg,gamma2,207,0.0089081034722199,0.00908025295997383
meg,gamma2,209,0.0082772790865526,0.008971934408851972
enigma,22q,1,0.44637533124590056,0.2758704832831863
enigma,22q,3,0.5006282794160579,0.283688182900219
enigma,22q,5,0.5181688733836879,0.25674390028295324
enigma,22q,7,0.4818936991930848,0.2859374005555729
enigma,22q,9,0.4406077087948714,0.2832074058982932
enigma,22q,11,0.4311931250292391,0.2669095141385011
enigma,22q,13,0.47986236919354747,0.22925707754260552
enigma,22q,15,0.6700507615745832,0.2576299562512652
enigma,22q,17,0.540096957051281,0.2861297182269245
enigma,22q,19,0.6806114444881893,0.23919753353030948
enigma,22q,21,0.6783666494182794,0.26311945196431197
enigma,22q,23,0.5689762763496928,0.2864624852954925
enigma,22q,25,0.49137513501960844,0.28840348213136735
enigma,22q,27,0.6069856156923068,0.23483883448633652
enigma,22q,29,0.5539323496240598,0.28242437408802873
enigma,22q,31,0.5860230946451606,0.2647644662061083
enigma,22q,33,0.5502455011643835,0.26598116886240875
enigma,22q,35,0.5062568326428565,0.24057421399293155
enigma,22q,37,0.5625338670718234,0.2625680447795904
enigma,22q,39,0.5337116597163123,0.272325021194725
enigma,22q,41,0.48947598560185196,0.21290463350937325
enigma,22q,43,0.48381813335294116,0.24083574051507167
enigma,22q,45,0.4884938248044696,0.2432471396889761
enigma,22q,47,0.5060746701507541,0.22939640148327545
enigma,22q,49,0.5141439601020409,0.23960328738655962
enigma,22q,51,0.5208120676777249,0.23832816012844185
enigma,22q,53,0.4646097390581166,0.29153489935977916
enigma,22q,55,0.42930998806557397,0.29203027856930314
enigma,22q,57,0.4830971173949585,0.29617092522989663
enigma,22q,59,0.446703369894737,0.2944083733894542
enigma,22q,61,0.5070478354285717,0.27190173534935896
enigma,22q,63,0.4450343461213713,0.28663914044011035
enigma,22q,65,0.4914488292783498,0.26162277831788583
enigma,22q,67,0.5164761471126755,0.28740456235607814
enigma,22q,69,0.02151123151455396,0.493787723588666
enigma,22q,71,-0.2692703247365083,0.4505869990193318
enigma,22q,73,-0.2502891470669455,0.4736097922234433
enigma,22q,75,-0.2458467957099998,0.45780108851623325
enigma,22q,77,-0.151499254585641,0.47264345133472635
enigma,22q,79,-0.3171810824466666,0.47160869511079223
enigma,22q,81,0.30869195970297,0.48266053026209055
enigma,22q,83,0.18982050513299473,0.4594586442192229
enigma,22q,85,0.24954438628048814,0.4573789227230256
enigma,22q,87,0.11688568388022276,0.4673594863926574
enigma,22q,89,0.2505971011940299,0.4968581452136673
enigma,22q,91,0.275131728076923,0.47195858494795345
enigma,22q,93,0.24677062657522134,0.49378245641256613
enigma,22q,95,0.31477190364485985,0.49592070878231737
enigma,22q,97,0.30863117580152644,0.4662548036590892
enigma,22q,99,0.307853237593985,0.48165599556725874
enigma,22q,101,0.27783356687499994,0.4994333671354497
enigma,22q,103,0.04560223340941168,0.5125202799375522
enigma,22q,105,0.2077559829392973,0.4680984360958543
enigma,22q,107,0.21485652229577412,0.48582234946845276
enigma,22q,109,0.11614599356419755,0.5149830020287371
enigma,22q,111,-0.37661791017543833,0.4611601266377616
enigma,22q,113,-0.383556238818182,0.4567984599552463
enigma,22q,115,-0.16203590615384614,0.5036966955459531
enigma,22q,117,0.14836112777777777,0.4965058928794141
enigma,22q,119,-0.2530120581577335,0.38595242359154736
enigma,22q,121,-0.07892412482564107,0.4550497123500047
enigma,22q,123,0.0730758424089349,0.41275803107394593
enigma,22q,125,0.2850924089005242,0.3021953626433824
enigma,22q,127,0.2829345975918365,0.2500611766234055
enigma,22q,129,0.3079418996894401,0.2781758745985787
enigma,22q,131,0.3251369709354841,0.28690491840062493
enigma,22q,133,0.26888974891566353,0.30835036329421206
enigma,22q,135,0.2509412934449761,0.26748116557554025
enigma,22q,137,0.295002876380256,0.2709851080662842
enigma,22q,139,0.5725018327470691,0.2202049334502364
enigma,22q,141,0.4687763208453158,0.25709078118076034
enigma,22q,143,0.2683868207549509,0.27139085127618595
enigma,22q,145,0.4448599959283029,0.21857506213565256
enigma,22q,147,0.3497073421111115,0.20855245116588841
enigma,22q,149,0.3749370406783917,0.20246472613696898
enigma,22q,151,0.375297489237473,0.23956513953786265
enigma,22q,153,0.34941062079575574,0.16134559354181294
enigma,22q,155,0.5691764676296301,0.38921279842369205
enigma,22q,157,0.6161093886315794,0.34483953713921633
enigma,22q,159,0.5552799295955053,0.3702980883564898
enigma,22q,161,0.5304089237086085,0.3402327753442412
enigma,22q,163,0.5338065233472811,0.2384346377376273
enigma,22q,165,0.674519436666666,0.19168293323558488
enigma,22q,167,0.7398478410769245,0.12732860090157117
enigma,22q,169,0.309342689646739,0.014536243485257061
enigma,22q,171,0.7714972599431827,0.21850043073717673
enigma,22q,173,0.7354543840277773,0.19015857359898322
enigma,22q,175,0.14807392251515153,0.30101923608443804
enigma,22q,177,-0.1475472171014493,0.3525065897468226
enigma,22q,179,0.1849379427801046,0.3632917361408725
enigma,22q,181,0.29913957723008877,0.2598240952537267
enigma,22q,183,-0.014015835604166681,0.4243996145763136
enigma,22q,185,0.111138353246114,0.349518613984404
enigma,22q,187,0.35231017174825185,0.35549172825939135
enigma,22q,189,0.3766668207142861,0.3489014310409192
enigma,22q,191,0.5552551396164381,0.3818217785426327
enigma,22q,193,0.4950450900793648,0.4246175984764265
enigma,22q,195,0.28905717770917727,0.23814227260952897
enigma,22q,197,0.4608213143523321,0.32576446254041375
enigma,22q,199,0.22741808922829543,0.28863420271641527
enigma,22q,201,0.24419140722929952,0.16886298582028342
enigma,22q,203,0.258247883907692,0.3843087277956506
enigma,22q,205,0.22682668524495697,0.2373294824503404
enigma,22q,207,0.31233466266055043,0.28950615691794024
enigma,22q,209,0.2693859513157892,0.28132023307396803
enigma,adhd,1,-0.04441071178032765,-0.06321546281269119
enigma,adhd,3,-0.03532796459367405,-0.028586754576471793
enigma,adhd,5,-0.030610375040181173,-0.037150656357317444
enigma,adhd,7,-0.0414314963948125,-0.028977911716197263
enigma,adhd,9,-0.042733627597435854,-0.029479403016772064
enigma,adhd,11,-0.04582446769590613,-0.06500293801498519
enigma,adhd,13,-0.035885940154301056,-0.04875970297874954
enigma,adhd,15,0.02002217432513813,-0.029578079584271326
enigma,adhd,17,-0.013895003477384617,-0.027789808141246028
enigma,adhd,19,0.023655097170866165,-0.046757527049117065
enigma,adhd,21,0.024201233280886397,-0.033490158549150315
enigma,adhd,23,-0.006716758617208591,-0.02265606292503617
enigma,adhd,25,-0.029840646247058785,-0.020178756792983317
enigma,adhd,27,0.027084446168076853,-0.04048955522910043
enigma,adhd,29,-0.014569232172180452,-0.029256797548492988
enigma,adhd,31,-0.004470828800322579,-0.0308506487822605
enigma,adhd,33,-0.0156365314452055,-0.034457844994079556
enigma,adhd,35,-0.018493850164285706,-0.03021919468565
enigma,adhd,37,-0.015093219422928166,-0.021762013247253603
enigma,adhd,39,-0.022196234723404235,-0.009857934441564672
enigma,adhd,41,-0.05882782252499991,-0.07412126678781056
enigma,adhd,43,0.015879227554058822,-0.027366561133845654
enigma,adhd,45,0.022186124151396654,-0.03346797337787072
enigma,adhd,47,-0.02556509887286434,-0.055075886299395665
enigma,adhd,49,-0.03775712974557823,-0.04724132422649699
enigma,adhd,51,0.007045143088246439,-0.0224213353081142
enigma,adhd,53,-0.03417644098777557,0.003574724379092717
enigma,adhd,55,-0.05653778496721311,-0.004005639668258648
enigma,adhd,57,-0.02402085227478987,0.018981415287203485
enigma,adhd,59,-0.04992017414736847,0.010575799359743114
enigma,adhd,61,-0.03220022431730161,0.009814461749401739
enigma,adhd,63,-0.05018121567546169,-0.019270835222473123
enigma,adhd,65,0.0011401156663230153,0.017770676147043106
enigma,adhd,67,-0.021595197147887383,0.00850203059150632
enigma,adhd,69,-0.00954904518422535,0.017739495208999066
enigma,adhd,71,0.029623630274920657,0.04506201197669339
enigma,adhd,73,0.01987411553891212,0.02039380264454147
enigma,adhd,75,0.030681942059999977,0.04745710628051544
enigma,adhd,77,0.02539535582871797,0.005734881092635986
enigma,adhd,79,0.03435513588666668,0.02544170131258782
enigma,adhd,81,0.015431132663366348,0.05089994309158036
enigma,adhd,83,0.018711807751269023,0.033807269149469014
enigma,adhd,85,0.02180185065548778,0.05782400932885874
enigma,adhd,87,0.02316508548467968,0.03792755930563481
enigma,adhd,89,-0.0028401951388059682,0.06714025648693156
enigma,adhd,91,0.0008454619239743603,0.06330022901259999
enigma,adhd,93,0.0004074532911504419,0.0490547548214597
enigma,adhd,95,0.007855384415887857,0.052136259113193036
enigma,adhd,97,0.011347606381068716,0.056261367459198644
enigma,adhd,99,0.00728197333872181,0.0550908065680462
enigma,adhd,101,0.00014233417277777826,0.05523666067551146
enigma,adhd,103,0.006370444662058827,0.04790675746299751
enigma,adhd,105,0.012478791395207663,0.07874149829836621
enigma,adhd,107,0.0016026015826760508,0.07765143456998591
enigma,adhd,109,-0.03529627330246913,0.045754078842461264
enigma,adhd,111,0.06102022692982458,0.01743755661560832
enigma,adhd,113,0.07265652130909088,0.057013163422110893
enigma,adhd,115,0.014020329917948708,0.03822510665623628
enigma,adhd,117,-0.03597151044444444,0.008519444879191308
enigma,adhd,119,0.09569435149333326,0.08020032618631169
enigma,adhd,121,0.01861527094871794,0.044402149039234236
enigma,adhd,123,0.0230083028316151,0.07630368907689615
enigma,adhd,125,0.09094464045026175,0.038338613370834135
enigma,adhd,127,0.09144552557551039,0.05116926864964137
enigma,adhd,129,0.0905604661614908,0.029913158918271624
enigma,adhd,131,0.08813198665806456,0.02657840976971447
enigma,adhd,133,0.09780369001606463,0.04463934606429895
enigma,adhd,135,0.08706379383014337,0.05459801543601564
enigma,adhd,137,0.07602607950639821,0.05130075441305548
enigma,adhd,139,0.031319313110552645,0.025858708542468713
enigma,adhd,141,0.034801847172113244,0.041784703170306886
enigma,adhd,143,0.07294106303589033,0.05148280696676304
enigma,adhd,145,0.02302449473113197,0.02484739442282662
enigma,adhd,147,0.05217559456296284,0.04269410957883511
enigma,adhd,149,0.038818432258542625,0.018504049346464387
enigma,adhd,151,0.052574706407407384,0.06947572125872332
enigma,adhd,153,0.03679914577267878,0.0354618616356263
enigma,adhd,155,0.025812350435851828,0.001323054148762358
enigma,adhd,157,0.03271787330578949,0.0019297963944924354
enigma,adhd,159,0.05380411972359551,0.004537539981221969
enigma,adhd,161,0.038765013031788045,0.004780000653342905
enigma,adhd,163,-0.002506638053849372,0.022656888020032937
enigma,adhd,165,0.0070606975614583315,-0.011416449061508606
enigma,adhd,167,-0.004923052882221531,-0.003906583319861788
enigma,adhd,169,0.009904042426956527,0.0006393830512105361
enigma,adhd,171,-0.007535762043749999,0.0069186145222946555
enigma,adhd,173,-0.016147513329722224,0.002314847218887403
enigma,adhd,175,-0.016652481957142865,0.006517553751572751
enigma,adhd,177,-0.10868384881159425,-0.025644457768321437
enigma,adhd,179,-0.07552177390575916,-0.02445876801579335
enigma,adhd,181,0.05113224701769906,0.06833078345191951
enigma,adhd,183,-0.09318825174999991,-0.024849315335835384
enigma,adhd,185,-0.0716601498290155,-0.0005473380398115443
enigma,adhd,187,-0.08262213711888101,-0.015720953858744488
enigma,adhd,189,0.10240863492857148,0.12035587634516927
enigma,adhd,191,0.08233784482739727,0.12847818948978218
enigma,adhd,193,0.0903017552857143,0.1413566643115578
enigma,adhd,195,0.0875632216,0.09251922101679276
enigma,adhd,197,0.07668123537305721,0.1104818583133111
enigma,adhd,199,0.12945627386173628,0.08035145745264201
enigma,adhd,201,0.09865911872292997,0.043832650043898705
enigma,adhd,203,0.13259383618461537,0.12887944542903784
enigma,adhd,205,0.12042632855907774,0.07200278195211114
enigma,adhd,207,0.10503409478899083,0.09667390382346881
enigma,adhd,209,0.09531520021052624,0.07955431852744502
enigma,asd,1,0.10507979740983586,0.028229060355237715
enigma,asd,3,0.10576521691970786,-0.0016978744095804965
enigma,asd,5,0.10999999640483338,-0.010135137927685056
enigma,asd,7,0.10415516188472607,0.0022502552553702593
enigma,asd,9,0.08222873874948713,0.02452713575598274
enigma,asd,11,0.10323586852631546,0.026038687609649586
enigma,asd,13,0.10052413267473104,0.014696258197111414
enigma,asd,15,0.10998030142541394,-0.011986971640499514
enigma,asd,17,0.06587114008717959,-0.009561285250080986
enigma,asd,19,0.10994300782677131,-0.03967887390954452
enigma,asd,21,0.10088040270914114,-0.03548344952603725
enigma,asd,23,0.08390818698773006,-0.007118389897250527
enigma,asd,25,0.07230370755686265,-0.005574278711764594
enigma,asd,27,0.08929252271923073,-0.042559313545278935
enigma,asd,29,0.009457768969172933,-0.015663345405838622
enigma,asd,31,0.04494970160903228,-0.04369864416194533
enigma,asd,33,-0.006180121533561645,-0.036440590356167646
enigma,asd,35,0.05203877615000004,-0.0665350446935234
enigma,asd,37,0.0016492009806077287,-0.05066207204718212
enigma,asd,39,-0.000776700289361704,-0.04109210944434946
enigma,asd,41,0.06944533959259254,-0.012563972807044299
enigma,asd,43,0.013624030014117628,-0.04816571714290731
enigma,asd,45,0.010022102519385479,-0.030474982697085706
enigma,asd,47,0.05239477628140697,-0.014690768075557192
enigma,asd,49,0.04482484572244889,-0.005586458815844297
enigma,asd,51,0.010401278740284358,-0.06147600312851538
enigma,asd,53,0.05244575378625237,-0.02716567839849457
enigma,asd,55,0.08953009624590157,0.0010247160207043082
enigma,asd,57,0.03619228510560227,-0.013006651710829542
enigma,asd,59,0.07565572512631578,0.01625874938197544
enigma,asd,61,0.03590017145015871,-0.05962052900593668
enigma,asd,63,0.07545052424274411,-0.006417257547249505
enigma,asd,65,-0.04519830909278348,-0.044200544439366364
enigma,asd,67,-0.012257571448591556,0.002006075794723783
enigma,asd,69,-0.14675691394366205,-0.019718023612467585
enigma,asd,71,-0.139266735168254,-0.10337970340923215
enigma,asd,73,-0.16209664650627578,-0.09180429417305765
enigma,asd,75,-0.13047475650999987,-0.07890881391069987
enigma,asd,77,-0.13561603376923087,-0.05233824652217591
enigma,asd,79,-0.14627433803333342,-0.05373356697524841
enigma,asd,81,-0.12501076084158408,-0.037530658920533574
enigma,asd,83,-0.13320939842639581,-0.06459630315962386
enigma,asd,85,-0.10455663514024405,-0.05493310067231076
enigma,asd,87,-0.12234062541504186,-0.06052589797026259
enigma,asd,89,-0.16901914029850754,-0.007368338111769492
enigma,asd,91,-0.16013953628205138,-0.04437361784022695
enigma,asd,93,-0.15691100070796452,-0.019604685311107567
enigma,asd,95,-0.14434251336448609,-0.021591626546829577
enigma,asd,97,-0.1400975321374045,-0.051829614235738036
enigma,asd,99,-0.14447061924812019,-0.03635972697694597
enigma,asd,101,-0.16033909534722227,-0.017063989874137975
enigma,asd,103,-0.17435625708823538,0.02803856826978053
enigma,asd,105,-0.16134351723961712,-0.03401788423393776
enigma,asd,107,-0.17002958701408466,-0.02643385226730088
enigma,asd,109,-0.21351017246913573,0.03670052608387929
enigma,asd,111,-0.14058063652631575,0.05311416593322087
enigma,asd,113,-0.12873143043636376,-0.027945595190320454
enigma,asd,115,-0.17888535461538457,0.045135925807962496
enigma,asd,117,-0.18813997000000002,0.045075283969848355
enigma,asd,119,-0.07684370913333334,-0.06045171240763796
enigma,asd,121,-0.09650925213846157,-0.07482367686947322
enigma,asd,123,-0.0823558734810997,-0.06365196595363147
enigma,asd,125,-0.08849074240314134,-0.07853079403477453
enigma,asd,127,-0.08766053261632656,-0.06299705421210201
enigma,asd,129,-0.08637478649068317,-0.06867744100675582
enigma,asd,131,-0.08611981764838701,-0.06154761170975004
enigma,asd,133,-0.08603404848594365,-0.07939685537302132
enigma,asd,135,-0.05392342195693785,-0.05553189933023282
enigma,asd,137,-0.06116505490859233,-0.06083241176814942
enigma,asd,139,-0.08591417190787266,-0.07272119295900824
enigma,asd,141,-0.08283352818082812,-0.06739968802880507
enigma,asd,143,-0.055237951081682876,-0.06074166216467384
enigma,asd,145,-0.09948100304339672,-0.07876012078638736
enigma,asd,147,-0.08202926489629604,-0.05284204675065886
enigma,asd,149,-0.07416756929145737,-0.011999815650085524
enigma,asd,151,-0.07186046331764696,-0.04499663864870486
enigma,asd,153,-0.05812180797586198,-0.026813755943291287
enigma,asd,155,-0.03637717753835557,-0.016940323740556568
enigma,asd,157,-0.06387587251578936,-0.04949190934768409
enigma,asd,159,-0.07548879645168535,-0.022046022567594106
enigma,asd,161,-0.04992483494693163,-0.02005406261604708
enigma,asd,163,-0.12046136635983276,-0.08751178256376863
enigma,asd,165,-0.05644219856250002,-0.04569526162343848
enigma,asd,167,-0.057837836615384525,-0.05737285646584876
enigma,asd,169,-0.11488178063586968,-0.08841958811306308
enigma,asd,171,-0.07504753755113634,-0.053489386157946524
enigma,asd,173,-0.053531110500463,-0.05411442878385116
enigma,asd,175,0.032254577041558395,-0.008911687913584758
enigma,asd,177,0.042654921826086954,0.0811059886805703
enigma,asd,179,0.060147450753926676,0.11343525256530472
enigma,asd,181,0.014369297552654888,-0.06161437366317281
enigma,asd,183,0.05603706816666664,0.08070096157537758
enigma,asd,185,0.019047785398963724,0.008293785966233966
enigma,asd,187,0.04130120782517486,0.07747770008006455
enigma,asd,189,-0.03243326097619045,0.027863944435917026
enigma,asd,191,-0.030857045312328787,0.04991056739221389
enigma,asd,193,-0.022399742531746022,0.08584270443142022
enigma,asd,195,-0.055337211172602735,-0.04454121544073701
enigma,asd,197,-0.03808965449533679,0.010762849779205053
enigma,asd,199,-0.028727131553054557,-0.04347890058485425
enigma,asd,201,-0.055882120070063615,-0.11835388878900455
enigma,asd,203,-0.02201914908000004,0.05149899210133982
enigma,asd,205,-0.040241846945245005,-0.05980732104790525
enigma,asd,207,-0.07497665035321109,-0.03309550887024309
enigma,asd,209,-0.08068443432163754,-0.0646818360305488
enigma,epilepsy_gge,1,-0.007647625901967214,-0.01609512323278238
enigma,epilepsy_gge,3,-0.02848548926593677,-0.061216193243705364
enigma,epilepsy_gge,5,-0.009600825769969765,-0.05706271940801291
enigma,epilepsy_gge,7,-0.07596386261095096,-0.04500067182997518
enigma,epilepsy_gge,9,-0.03909727914794881,-0.01749203174628281
enigma,epilepsy_gge,11,-0.005440765296783618,-0.025443787725691516
enigma,epilepsy_gge,13,-0.012057006912096765,-0.02064146389970678
enigma,epilepsy_gge,15,0.013796367780442012,-0.06374050039973796
enigma,epilepsy_gge,17,-0.167430780503077,-0.06480322547024266
enigma,epilepsy_gge,19,0.015535770594488147,-0.06410390417801634
enigma,epilepsy_gge,21,0.014295903522160713,-0.0771058076169061
enigma,epilepsy_gge,23,-0.10140109226840506,-0.06526511266072149
enigma,epilepsy_gge,25,-0.20851087029803936,-0.05348394277114301
enigma,epilepsy_gge,27,0.021322575815000033,-0.07235618293940063
enigma,epilepsy_gge,29,-0.09156581342105265,-0.07743385218142945
enigma,epilepsy_gge,31,-0.007167243058064512,-0.08292236678622766
enigma,epilepsy_gge,33,-0.021532292845890418,-0.07160046142767276
enigma,epilepsy_gge,35,-0.004922383945714276,-0.07933696406302658
enigma,epilepsy_gge,37,-0.015535794993646388,-0.06058994641619649
enigma,epilepsy_gge,39,-0.11358658980141852,-0.04839344853522511
enigma,epilepsy_gge,41,-0.0016718280212963006,-0.038458670637444264
enigma,epilepsy_gge,43,0.056175861176470554,-0.07114410553473409
enigma,epilepsy_gge,45,0.0787420999245812,-0.07179306469684266
enigma,epilepsy_gge,47,0.029948492666934688,-0.05874795874405035
enigma,epilepsy_gge,49,0.03220996201598636,-0.057840211287851
enigma,epilepsy_gge,51,0.03482186142890997,-0.06769628267873452
enigma,epilepsy_gge,53,-0.2858409535070145,-0.04763208863232909
enigma,epilepsy_gge,55,-0.3568110545901639,-0.04075663438477201
enigma,epilepsy_gge,57,-0.24455197641736637,-0.031146590018262192
enigma,epilepsy_gge,59,-0.30680607105263213,-0.0249405354909547
enigma,epilepsy_gge,61,-0.25375722905396836,-0.042264990221652476
enigma,epilepsy_gge,63,-0.3333579121899734,-0.04490118255254481
enigma,epilepsy_gge,65,-0.13511855061168385,-0.03179627716287713
enigma,epilepsy_gge,67,-0.20015655452112685,-0.0181831870455971
enigma,epilepsy_gge,69,-0.12340688577934286,-0.046944688864794096
enigma,epilepsy_gge,71,-0.05271642554920641,-0.06954594837365494
enigma,epilepsy_gge,73,-0.048908963403765784,-0.053897516219098114
enigma,epilepsy_gge,75,-0.05307603249000003,-0.06730696449959436
enigma,epilepsy_gge,77,-0.04481050596410254,-0.028675425692252177
enigma,epilepsy_gge,79,-0.044796799706666675,-0.049256008350022765
enigma,epilepsy_gge,81,-0.0932337007920792,-0.06282044730428174
enigma,epilepsy_gge,83,-0.08491772880710657,-0.04846255234555401
enigma,epilepsy_gge,85,-0.0975941304207318,-0.06529928876790003
enigma,epilepsy_gge,87,-0.08624184416991652,-0.0504774963584917
enigma,epilepsy_gge,89,-0.05937228986567162,-0.08262759755858635
enigma,epilepsy_gge,91,-0.04691775649999999,-0.0691263888028725
enigma,epilepsy_gge,93,-0.0702347323893805,-0.06756711108978256
enigma,epilepsy_gge,95,-0.06751083949532706,-0.06767134686468342
enigma,epilepsy_gge,97,-0.0702375666946564,-0.06250674338701107
enigma,epilepsy_gge,99,-0.06532846363909765,-0.06530773338194205
enigma,epilepsy_gge,101,-0.045419597013888785,-0.0704621454401542
enigma,epilepsy_gge,103,-0.08154113556764722,-0.08360652080423311
enigma,epilepsy_gge,105,-0.09651284633865846,-0.08101822822224188
enigma,epilepsy_gge,107,-0.0780334918140846,-0.08203459717229507
enigma,epilepsy_gge,109,-0.15143269276543211,-0.08561923248815932
enigma,epilepsy_gge,111,-0.014577908570175458,-0.06310852917282175
enigma,epilepsy_gge,113,0.0021068375454545486,-0.06071513126880874
enigma,epilepsy_gge,115,-0.08167901294871789,-0.08238179515189008
enigma,epilepsy_gge,117,-0.1592268544444444,-0.06376640272387923
enigma,epilepsy_gge,119,0.02308211753333333,-0.0725168780814674
enigma,epilepsy_gge,121,-0.07021294934358967,-0.057494432900236966
enigma,epilepsy_gge,123,-0.08905095938487956,-0.09192056763899888
enigma,epilepsy_gge,125,-0.11884645382198954,-0.07521138483807314
enigma,epilepsy_gge,127,-0.12030338296734688,-0.07346752499211737
enigma,epilepsy_gge,129,-0.12548915773913039,-0.07641305275987251
enigma,epilepsy_gge,131,-0.10401413302258061,-0.07728641998940383
enigma,epilepsy_gge,133,-0.1329731706024096,-0.08426007925344275
enigma,epilepsy_gge,135,-0.12765069619617223,-0.08240065321686019
enigma,epilepsy_gge,137,-0.12985162786106041,-0.082892595059995
enigma,epilepsy_gge,139,-0.1111477824235516,-0.0591617833652751
enigma,epilepsy_gge,141,-0.13469855688453156,-0.06853456234157007
enigma,epilepsy_gge,143,-0.12574878332054448,-0.08329212467338729
enigma,epilepsy_gge,145,-0.1104574423792455,-0.051639188172509384
enigma,epilepsy_gge,147,-0.05548905566296294,-0.060888942514563144
enigma,epilepsy_gge,149,-0.06543306891206047,-0.049424272313032154
enigma,epilepsy_gge,151,-0.04764359003267978,-0.06437568375365883
enigma,epilepsy_gge,153,-0.027419736158620648,-0.050143653671080875
enigma,epilepsy_gge,155,-0.04519989292177793,-0.11300282261698474
enigma,epilepsy_gge,157,-0.017176086819210536,-0.09314504847394378
enigma,epilepsy_gge,159,-0.0010471000368089671,-0.10803861070872688
enigma,epilepsy_gge,161,-0.045988758438631254,-0.10399257278137777
enigma,epilepsy_gge,163,-0.06559340255648535,-0.06881697684973381
enigma,epilepsy_gge,165,-0.0013030444062499859,-0.04371712856123494
enigma,epilepsy_gge,167,-0.02969677264923078,-0.05255126224737427
enigma,epilepsy_gge,169,-0.04904881125543477,-0.034896887130008034
enigma,epilepsy_gge,171,-0.07925431752272726,-0.06155042335705821
enigma,epilepsy_gge,173,-0.09680293337499997,-0.06174160903606777
enigma,epilepsy_gge,175,0.027588550129870135,-0.037482593913090806
enigma,epilepsy_gge,177,0.08071658295652177,-0.041390395407899364
enigma,epilepsy_gge,179,0.01632567504083767,-0.020254186559862296
enigma,epilepsy_gge,181,-0.0013802487637168078,-0.06978533154838842
enigma,epilepsy_gge,183,0.06058831334895826,-0.06726406546867528
enigma,epilepsy_gge,185,-0.00031724938082906156,-0.04708778365405695
enigma,epilepsy_gge,187,-0.023558379923076928,-0.002190997349490187
enigma,epilepsy_gge,189,-0.03434555925178567,-0.06635702324836228
enigma,epilepsy_gge,191,-0.051026756052328724,-0.06567580319102945
enigma,epilepsy_gge,193,-0.06403305091269838,-0.06267944997593926
enigma,epilepsy_gge,195,-0.017588613645863012,-0.06872429523626819
enigma,epilepsy_gge,197,-0.03669859477215883,-0.06698591678276151
enigma,epilepsy_gge,199,-0.1265791946302252,-0.0860810956388065
enigma,epilepsy_gge,201,-0.11294784102547752,-0.07685800700351655
enigma,epilepsy_gge,203,-0.11930691353538446,-0.06626179348038061
enigma,epilepsy_gge,205,-0.11761427789049006,-0.07942520127673158
enigma,epilepsy_gge,207,-0.12186087645871556,-0.07558817858753165
enigma,epilepsy_gge,209,-0.12922491505847924,-0.0870336905289607
enigma,epilepsy_rtle,1,-0.33399233721311405,-0.21002512386610983
enigma,epilepsy_rtle,3,-0.3415064647445254,-0.23644913920825644
enigma,epilepsy_rtle,5,-0.32785386151057355,-0.21173933059678499
enigma,epilepsy_rtle,7,-0.3734211543515852,-0.23050317427163816
enigma,epilepsy_rtle,9,-0.3558191923846155,-0.24848563190708606
enigma,epilepsy_rtle,11,-0.3262072991228061,-0.1882036249583486
enigma,epilepsy_rtle,13,-0.2861799686290317,-0.1281738888272536
enigma,epilepsy_rtle,15,-0.18389968712707147,-0.17264024410727768
enigma,epilepsy_rtle,17,-0.28434039635897435,-0.22833549612076529
enigma,epilepsy_rtle,19,-0.17356006039370062,-0.11616091746753587
enigma,epilepsy_rtle,21,-0.15620195509695273,-0.14664412753123693
enigma,epilepsy_rtle,23,-0.2613988051533741,-0.2360554695483067
enigma,epilepsy_rtle,25,-0.34660622360784304,-0.23660673668260507
enigma,epilepsy_rtle,27,-0.14239171420000013,-0.07233076921147874
enigma,epilepsy_rtle,29,-0.2214031967669175,-0.19641145726898782
enigma,epilepsy_rtle,31,-0.15344636238709697,-0.1446174543021506
enigma,epilepsy_rtle,33,-0.15290613219178095,-0.1592574042994835
enigma,epilepsy_rtle,35,-0.15515759121428574,-0.10051219036493299
enigma,epilepsy_rtle,37,-0.12816742193922662,-0.13616544594419813
enigma,epilepsy_rtle,39,-0.2425088352482273,-0.22221914064931877
enigma,epilepsy_rtle,41,0.03141449279166666,-0.030981101640867176
enigma,epilepsy_rtle,43,-0.07505124689411771,-0.029277279144004853
enigma,epilepsy_rtle,45,-0.023434861487742993,-0.023019253331827888
enigma,epilepsy_rtle,47,0.021684514732160813,-0.00994663235403867
enigma,epilepsy_rtle,49,0.03985803780306123,-0.006051243585799199
enigma,epilepsy_rtle,51,-0.08338752988625589,-0.04807821453695277
enigma,epilepsy_rtle,53,-0.4757043829458918,-0.29395158579541464
enigma,epilepsy_rtle,55,-0.4972639652131142,-0.26955825488624374
enigma,epilepsy_rtle,57,-0.4600400119607847,-0.32104002027122275
enigma,epilepsy_rtle,59,-0.4908633998947364,-0.30006147565772506
enigma,epilepsy_rtle,61,-0.41244590511111134,-0.2580618961538438
enigma,epilepsy_rtle,63,-0.45952483897097707,-0.2735907840694949
enigma,epilepsy_rtle,65,-0.45213055731958757,-0.33733069520998965
enigma,epilepsy_rtle,67,-0.49130672327464736,-0.3060085330132569
enigma,epilepsy_rtle,69,-0.12441269901408461,-0.06220155923475598
enigma,epilepsy_rtle,71,-0.18767116714285728,-0.20544958150185344
enigma,epilepsy_rtle,73,-0.165336388023012,-0.1264611032399353
enigma,epilepsy_rtle,75,-0.1669993198,-0.1660743031168112
enigma,epilepsy_rtle,77,-0.11260681257435892,-0.08488980690852801
enigma,epilepsy_rtle,79,-0.13637214464666667,-0.15852573144289356
enigma,epilepsy_rtle,81,-0.10917756762376235,-0.10208160552012416
enigma,epilepsy_rtle,83,-0.10725863612690348,-0.1351541712162161
enigma,epilepsy_rtle,85,-0.1451928002439024,-0.11173282783119118
enigma,epilepsy_rtle,87,-0.12875356513927574,-0.12281197592299295
enigma,epilepsy_rtle,89,-0.08951153179104468,-0.16369136212169186
enigma,epilepsy_rtle,91,-0.06992099202564107,-0.11642594364545159
enigma,epilepsy_rtle,93,-0.08991384831858415,-0.12039018952741423
enigma,epilepsy_rtle,95,-0.07966068400000002,-0.10982879258940814
enigma,epilepsy_rtle,97,-0.08693836068702293,-0.0903878244579972
enigma,epilepsy_rtle,99,-0.07980139581954898,-0.09617810665463006
enigma,epilepsy_rtle,101,-0.06690433183333334,-0.11065001307888847
enigma,epilepsy_rtle,103,-0.11415143618235295,-0.16023946320007657
enigma,epilepsy_rtle,105,-0.18616551939297116,-0.18009114440796675
enigma,epilepsy_rtle,107,-0.12066287553521143,-0.16871284036302384
enigma,epilepsy_rtle,109,-0.12121222432098765,-0.16729604274930876
enigma,epilepsy_rtle,111,-0.04828752424561405,-0.10994332324111838
enigma,epilepsy_rtle,113,-0.05619592139090908,-0.15076927684853125
enigma,epilepsy_rtle,115,-0.0756600759230769,-0.15420829806033037
enigma,epilepsy_rtle,117,-0.12304776055555555,-0.035427002135661634
enigma,epilepsy_rtle,119,-0.10454534370666663,-0.2597560202167497
enigma,epilepsy_rtle,121,-0.18343681097435885,-0.13353104825730971
enigma,epilepsy_rtle,123,-0.20708916336769756,-0.23811040255026195
enigma,epilepsy_rtle,125,-0.39858694617801105,-0.3526128864151751
enigma,epilepsy_rtle,127,-0.39477695122449014,-0.32823394414029783
enigma,epilepsy_rtle,129,-0.3839754161180134,-0.35449737377666546
enigma,epilepsy_rtle,131,-0.3930243349677425,-0.39128766175540153
enigma,epilepsy_rtle,133,-0.384864867871487,-0.34293593410627354
enigma,epilepsy_rtle,135,-0.2618920351435405,-0.2931229664410915
enigma,epilepsy_rtle,137,-0.2773579497989025,-0.292292035793309
enigma,epilepsy_rtle,139,-0.3554186568844245,-0.3020697533845491
enigma,epilepsy_rtle,141,-0.32071214226579486,-0.26169413739654346
enigma,epilepsy_rtle,143,-0.24324119381187914,-0.2920729916759335
enigma,epilepsy_rtle,145,-0.3146844873584915,-0.2289999850581021
enigma,epilepsy_rtle,147,-0.386789831888888,-0.2938553222734987
enigma,epilepsy_rtle,149,-0.39497334572864334,-0.30620597212510703
enigma,epilepsy_rtle,151,-0.35267048912854043,-0.2702182321490849
enigma,epilepsy_rtle,153,-0.30871340307692247,-0.2126103973599294
enigma,epilepsy_rtle,155,-0.37332635354074123,-0.46547333417797376
enigma,epilepsy_rtle,157,-0.324545594078948,-0.34624782873505655
enigma,epilepsy_rtle,159,-0.3472633677078646,-0.45183989530101465
enigma,epilepsy_rtle,161,-0.377540395121412,-0.48669566834027617
enigma,epilepsy_rtle,163,-0.12366090155648535,-0.23802793819887108
enigma,epilepsy_rtle,165,-0.02430740603125002,-0.07823479469336236
enigma,epilepsy_rtle,167,-0.04725406145384622,-0.17282276338607439
enigma,epilepsy_rtle,169,-0.07097051904347829,-0.13970500742668568
enigma,epilepsy_rtle,171,-0.09598081439772725,-0.2211280277574677
enigma,epilepsy_rtle,173,-0.11778586021759249,-0.21211640025492706
enigma,epilepsy_rtle,175,-0.04600758770303037,-0.2848255452430814
enigma,epilepsy_rtle,177,-0.06451473466666661,-0.3111454087422695
enigma,epilepsy_rtle,179,-0.15965117121989517,-0.21613991666537102
enigma,epilepsy_rtle,181,-0.06794762738318573,-0.30974131644836556
enigma,epilepsy_rtle,183,-0.12463071438541647,-0.3617872292292307
enigma,epilepsy_rtle,185,-0.22740843543005201,-0.33312890053608707
enigma,epilepsy_rtle,187,-0.0008795523155245124,-0.08102289662049295
enigma,epilepsy_rtle,189,-0.33788855952380975,-0.1211456208089505
enigma,epilepsy_rtle,191,-0.3063685247671237,-0.10098723895447342
enigma,epilepsy_rtle,193,-0.2886117422222223,-0.04387855436288668
enigma,epilepsy_rtle,195,-0.3087531420547948,-0.1620176835826402
enigma,epilepsy_rtle,197,-0.3168826112262521,-0.15691257967745895
enigma,epilepsy_rtle,199,-0.2598014612861741,-0.24688266820147095
enigma,epilepsy_rtle,201,-0.20946331878662397,-0.1853089433196212
enigma,epilepsy_rtle,203,-0.2575058884923077,-0.10155351000987649
enigma,epilepsy_rtle,205,-0.2469135290201736,-0.19141225620906105
enigma,epilepsy_rtle,207,-0.359610704678899,-0.24906358480722873
enigma,epilepsy_rtle,209,-0.3661215433918134,-0.3115501640937363
enigma,epilepsy_ltle,1,-0.37569409255737735,-0.1029127298351745
enigma,epilepsy_ltle,3,-0.40147315656934357,-0.13008670405471012
enigma,epilepsy_ltle,5,-0.3830994013595173,-0.1828196289660995
enigma,epilepsy_ltle,7,-0.42136176985590745,-0.12182103838789587
enigma,epilepsy_ltle,9,-0.3903287612820511,-0.16730449906019595
enigma,epilepsy_ltle,11,-0.36074028374269085,-0.09339427105477283
enigma,epilepsy_ltle,13,-0.33225898946236593,-0.1334596180505591
enigma,epilepsy_ltle,15,-0.23266865759668548,-0.11832754940312246
enigma,epilepsy_ltle,17,-0.36182555705128167,-0.09645977049722548
enigma,epilepsy_ltle,19,-0.22178562397637752,-0.09449843165210775
enigma,epilepsy_ltle,21,-0.20753002047091454,-0.06321637473953245
enigma,epilepsy_ltle,23,-0.33893852021472404,-0.1207591155718497
enigma,epilepsy_ltle,25,-0.4197612188235287,-0.12578804471767563
enigma,epilepsy_ltle,27,-0.18131977102307692,-0.035584285544311034
enigma,epilepsy_ltle,29,-0.263722332406015,-0.03440739004756174
enigma,epilepsy_ltle,31,-0.23158745470967762,-0.051543926293529
enigma,epilepsy_ltle,33,-0.22390804746575346,-0.044266425960829636
enigma,epilepsy_ltle,35,-0.24134669692857144,-0.07305946136779914
enigma,epilepsy_ltle,37,-0.18042407591436446,-0.026951592839995597
enigma,epilepsy_ltle,39,-0.2708603739716314,-0.12481523755528148
enigma,epilepsy_ltle,41,0.00165320218106481,-0.03370204619533301
enigma,epilepsy_ltle,43,-0.08875179009294118,0.04081493333852848
enigma,epilepsy_ltle,45,-0.06104517506983249,0.06814631269529653
enigma,epilepsy_ltle,47,-0.01666023721165831,0.05218213096958968
enigma,epilepsy_ltle,49,0.004385556959875499,0.08804396244149709
enigma,epilepsy_ltle,51,-0.09494648428720383,-0.00014566986495323508
enigma,epilepsy_ltle,53,-0.45325715623246415,-0.22205197047523367
enigma,epilepsy_ltle,55,-0.48207798422950926,-0.186170233727587
enigma,epilepsy_ltle,57,-0.438231462661065,-0.27565249422564303
enigma,epilepsy_ltle,59,-0.4705664699473689,-0.24222069526518886
enigma,epilepsy_ltle,61,-0.3802758671111118,-0.20678840974419763
enigma,epilepsy_ltle,63,-0.4552828068073869,-0.1500925819612013
enigma,epilepsy_ltle,65,-0.4313380671477666,-0.39314227047429307
enigma,epilepsy_ltle,67,-0.4335413440492953,-0.27189799796577135
enigma,epilepsy_ltle,69,-0.28475139319248843,-0.13334087970606784
enigma,epilepsy_ltle,71,-0.33076301015873016,-0.16679180270922983
enigma,epilepsy_ltle,73,-0.26998271166318033,-0.08818010681071897
enigma,epilepsy_ltle,75,-0.3249517418500002,-0.14244564935895743
enigma,epilepsy_ltle,77,-0.27407891876923085,-0.12355768948537374
enigma,epilepsy_ltle,79,-0.36891949519999967,-0.21471350305041204
enigma,epilepsy_ltle,81,-0.2583247158415842,-0.14965675015077998
enigma,epilepsy_ltle,83,-0.29238770477157366,-0.1797011953453494
enigma,epilepsy_ltle,85,-0.2289154781707318,-0.15211689738732204
enigma,epilepsy_ltle,87,-0.29064239192200564,-0.16760223574788052
enigma,epilepsy_ltle,89,-0.2536216656716417,-0.2594479312266895
enigma,epilepsy_ltle,91,-0.22269178205128198,-0.17477363677537064
enigma,epilepsy_ltle,93,-0.25331717203539805,-0.1838412417596446
enigma,epilepsy_ltle,95,-0.23875798345794405,-0.165613894370917
enigma,epilepsy_ltle,97,-0.240453798625954,-0.13419841419447476
enigma,epilepsy_ltle,99,-0.23413538225563912,-0.14434450909935204
enigma,epilepsy_ltle,101,-0.21954564145833333,-0.16945888740978882
enigma,epilepsy_ltle,103,-0.33684340023529397,-0.27862360670160485
enigma,epilepsy_ltle,105,-0.3528951346006387,-0.26552570156881344
enigma,epilepsy_ltle,107,-0.294810444901409,-0.2541559187819608
enigma,epilepsy_ltle,109,-0.4042255302469131,-0.29592551204653766
enigma,epilepsy_ltle,111,-0.33058438210526314,-0.2089423434965583
enigma,epilepsy_ltle,113,-0.3162205127272727,-0.22778081377573922
enigma,epilepsy_ltle,115,-0.3739434994871794,-0.2784748383220972
enigma,epilepsy_ltle,117,-0.34091077000000003,-0.13935158997251607
enigma,epilepsy_ltle,119,-0.2934544254666667,-0.33382262761494913
enigma,epilepsy_ltle,121,-0.1992174313333334,-0.13881076839230935
enigma,epilepsy_ltle,123,-0.17985081893470756,-0.23913275762075187
enigma,epilepsy_ltle,125,-0.48165880523560123,-0.3537069291167176
enigma,epilepsy_ltle,127,-0.47486055191836746,-0.4070675322979328
enigma,epilepsy_ltle,129,-0.43624666360248265,-0.41374751924652364
enigma,epilepsy_ltle,131,-0.45584402909677274,-0.44623552311931
enigma,epilepsy_ltle,133,-0.4487146844578301,-0.35225613353257457
enigma,epilepsy_ltle,135,-0.28098838918660396,-0.3118248982934396
enigma,epilepsy_ltle,137,-0.283980326032906,-0.3000917775425975
enigma,epilepsy_ltle,139,-0.303676622479062,-0.3714826532216792
enigma,epilepsy_ltle,141,-0.2786324354466231,-0.26813196351313073
enigma,epilepsy_ltle,143,-0.2450892787376229,-0.2989548088173381
enigma,epilepsy_ltle,145,-0.28605915267924537,-0.2834408997468533
enigma,epilepsy_ltle,147,-0.5230126997037036,-0.4059125703073065
enigma,epilepsy_ltle,149,-0.4982810934673368,-0.4430048391340147
enigma,epilepsy_ltle,151,-0.46888455527233025,-0.3116937289704902
enigma,epilepsy_ltle,153,-0.4520444489389916,-0.2969734113453773
enigma,epilepsy_ltle,155,-0.3612006989777767,-0.45471738249115873
enigma,epilepsy_ltle,157,-0.29241214686052636,-0.34060688096851943
enigma,epilepsy_ltle,159,-0.3446163453707871,-0.45769107145152194
enigma,epilepsy_ltle,161,-0.3773081301324504,-0.4967227640548786
enigma,epilepsy_ltle,163,0.0007781729041840931,-0.2689753736683709
enigma,epilepsy_ltle,165,0.05387849152499998,-0.15995714091402602
enigma,epilepsy_ltle,167,0.04370484815423082,-0.2507717572176177
enigma,epilepsy_ltle,169,-0.07324284116413046,-0.24180505865967727
enigma,epilepsy_ltle,171,0.04127781685795457,-0.26746256845176736
enigma,epilepsy_ltle,173,-0.01346983246759265,-0.2711541550443138
enigma,epilepsy_ltle,175,-0.13992750518181815,-0.3308847158719959
enigma,epilepsy_ltle,177,-0.022451453579710172,-0.35967153956861253
enigma,epilepsy_ltle,179,-0.09985926606282731,-0.25871650095341653
enigma,epilepsy_ltle,181,-0.1618010802300886,-0.38685141871306516
enigma,epilepsy_ltle,183,-0.07728114116145843,-0.39062168559129373
enigma,epilepsy_ltle,185,-0.25519124665803145,-0.36033125419492756
enigma,epilepsy_ltle,187,0.015497455020979042,-0.13240578804150907
enigma,epilepsy_ltle,189,-0.3376914607738096,-0.16895522582146477
enigma,epilepsy_ltle,191,-0.2503737716986303,-0.13592596440078752
enigma,epilepsy_ltle,193,-0.26174349841269845,-0.055523736570522064
enigma,epilepsy_ltle,195,-0.3442283768493152,-0.2580965901669179
enigma,epilepsy_ltle,197,-0.32316494122625183,-0.22002832400237632
enigma,epilepsy_ltle,199,-0.3131281063022511,-0.27441127646887375
enigma,epilepsy_ltle,201,-0.2868787832802556,-0.3074469514685444
enigma,epilepsy_ltle,203,-0.3055414061846157,-0.13601671050417605
enigma,epilepsy_ltle,205,-0.31828268772334356,-0.26285983261217666
enigma,epilepsy_ltle,207,-0.40040938380733937,-0.3359931147366186
enigma,epilepsy_ltle,209,-0.42565432625731037,-0.3769357497984227
enigma,depression,1,-0.0647953138491802,-0.035037207380615096
enigma,depression,3,-0.06036203235523127,-0.024395282299805105
enigma,depression,5,-0.0621100125287008,-0.0448987514039528
enigma,depression,7,-0.05687982156772314,-0.019359544178829596
enigma,depression,9,-0.058189004423076875,-0.006995659089962872
enigma,depression,11,-0.06395329267543846,-0.049104684649953385
enigma,depression,13,-0.06922397083602141,-0.06717670386569335
enigma,depression,15,-0.04111644877071847,-0.06036843647351317
enigma,depression,17,-0.02199660260641022,-0.03841947225164716
enigma,depression,19,-0.039634270767716535,-0.08040662916309478
enigma,depression,21,-0.039397206421052766,-0.07918067105572474
enigma,depression,23,-0.029399529495398733,-0.025254376097525323
enigma,depression,25,-0.022719978886274538,-0.016698234883981845
enigma,depression,27,-0.04034133110769234,-0.10078042379879146
enigma,depression,29,-0.04951974106015037,-0.07078858681080615
enigma,depression,31,-0.05118818175483871,-0.07288003708606966
enigma,depression,33,-0.06025605469863012,-0.07212311978391983
enigma,depression,35,-0.05598968732857142,-0.08127208717708782
enigma,depression,37,-0.06352828280386744,-0.07111566903413934
enigma,depression,39,-0.05304936260283683,-0.04446991829141397
enigma,depression,41,-0.11445043149074074,-0.1063578261957175
enigma,depression,43,-0.05578614008823533,-0.09892392763243471
enigma,depression,45,-0.05207864851955306,-0.11458075606075357
enigma,depression,47,-0.09007189718090451,-0.11895772609519929
enigma,depression,49,-0.10001386923129245,-0.10530102512553902
enigma,depression,51,-0.06068459843601898,-0.08548499327356449
enigma,depression,53,-0.008387329773547095,0.0025374642908076867
enigma,depression,55,-0.024227782518032762,0.006576616230447446
enigma,depression,57,-0.0031915073770308108,0.029872344123705943
enigma,depression,59,-0.02510761286894735,0.029468984525714878
enigma,depression,61,-0.023282914191428583,-0.020992089841047158
enigma,depression,63,-0.02418482969920845,-0.026717176225764635
enigma,depression,65,-0.006128432494872863,-0.009978407774872744
enigma,depression,67,-0.011428901496126756,0.018826198835043897
enigma,depression,69,-0.01753448508544599,-0.08193215047108551
enigma,depression,71,-0.007253871248517461,-0.04236788810684014
enigma,depression,73,-0.014868746015753125,-0.05891673888694273
enigma,depression,75,-0.015339226599500018,-0.058178280657106354
enigma,depression,77,-0.01825128616687179,-0.0749539908447628
enigma,depression,79,-0.009722233795133327,-0.06456691897240224
enigma,depression,81,-0.07762733641584153,-0.061846546789341456
enigma,depression,83,-0.06187835884771573,-0.06179212017170361
enigma,depression,85,-0.0749947829817073,-0.06334918590175026
enigma,depression,87,-0.06133453502228409,-0.06272937359944358
enigma,depression,89,-0.06967208313432836,-0.04511065840157276
enigma,depression,91,-0.055660578974359005,-0.05731756764277318
enigma,depression,93,-0.06075174441592928,-0.05873349506011194
enigma,depression,95,-0.06517606286915895,-0.058829458152604104
enigma,depression,97,-0.06485633809160304,-0.06574749493270751
enigma,depression,99,-0.06378716266165407,-0.06274834963800102
enigma,depression,101,-0.0548121112291667,-0.057508411553949784
enigma,depression,103,-0.08383871457941186,-0.05510612927374779
enigma,depression,105,-0.09766822466453677,-0.03960292796981555
enigma,depression,107,-0.08513916309577449,-0.03984602563048088
enigma,depression,109,-0.05987797551851851,-0.055390483056355494
enigma,depression,111,-0.0721205232982456,-0.08779482828561445
enigma,depression,113,-0.08090839699090908,-0.06030940757069342
enigma,depression,115,-0.06152747523076922,-0.0642792004739743
enigma,depression,117,-0.03976939677777777,-0.09978851487054936
enigma,depression,119,-0.055582540720000025,-0.03241668729919207
enigma,depression,121,-0.04635503299487179,-0.061841797020185496
enigma,depression,123,-0.057810021357388254,-0.04857842802724291
enigma,depression,125,-0.007867475757068037,-0.03696051888453752
enigma,depression,127,-0.008994583562040814,-0.033649893196312654
enigma,depression,129,-0.010035381866770169,-0.04029363626530824
enigma,depression,131,-0.0006685097524838687,-0.040236303651408574
enigma,depression,133,-0.010855922472289108,-0.03435769328555864
enigma,depression,135,-0.051630717866028464,-0.032621673379320454
enigma,depression,137,-0.05158889409506392,-0.0339224760186506
enigma,depression,139,-0.0298088426757119,-0.044684368949431084
enigma,depression,141,-0.047062604283224486,-0.038858417388654864
enigma,depression,143,-0.060498192340346785,-0.03384562725816049
enigma,depression,145,-0.03376714572792455,-0.04734758800495358
enigma,depression,147,-0.020144395196296277,-0.038447431057002386
enigma,depression,149,-0.018600281494974898,-0.04690691507727774
enigma,depression,151,-0.01807297839623094,-0.026457613353339203
enigma,depression,153,-0.037190039347480115,-0.04146540619468088
enigma,depression,155,0.021627900067703744,-0.03876154515854157
enigma,depression,157,0.007120358013421058,-0.04500610866006492
enigma,depression,159,0.01906964229442702,-0.038625243409996346
enigma,depression,161,0.019639004985651208,-0.04000551704459798
enigma,depression,163,-0.07495810243514651,-0.009606494134772953
enigma,depression,165,-0.0820311973229167,-0.057646378399932405
enigma,depression,167,-0.09033847450769228,-0.04120263753517432
enigma,depression,169,-0.06035601772282605,-0.04626760564022252
enigma,depression,171,-0.08715597998863646,-0.0305948102903707
enigma,depression,173,-0.08782248860648151,-0.03231959922525023
enigma,depression,175,-0.08882795994372275,-0.06949312866313793
enigma,depression,177,-0.07312808747826087,-0.08787922787177617
enigma,depression,179,-0.07144287693717283,-0.11321249012379792
enigma,depression,181,-0.07331289219911498,-0.01943798185905245
enigma,depression,183,-0.06561394031249995,-0.06925731887958889
enigma,depression,185,-0.06372394407772013,-0.06348721168225717
enigma,depression,187,-0.1256804402937061,-0.10771001676300586
enigma,depression,189,-0.0038214572232143046,-0.02640822421283715
enigma,depression,191,0.05118599594356167,-0.018148847287837822
enigma,depression,193,0.03813803593499997,-0.010213305216260828
enigma,depression,195,-0.02219320449983561,-0.04177788463999119
enigma,depression,197,0.016790147758963734,-0.02872066147986741
enigma,depression,199,-0.026924133633440477,-0.0475518105950364
enigma,depression,201,-0.04046740415923558,-0.06586083889020625
enigma,depression,203,-0.014155935990769244,-0.016527992984197687
enigma,depression,205,-0.03248116313544662,-0.058186390021560216
enigma,depression,207,0.0013417480035963288,-0.03141552797601874
enigma,depression,209,-0.016602607606725134,-0.03325409267514892
enigma,ocd,1,-0.06482510091803269,-0.05384519698533702
enigma,ocd,3,-0.07188476931873473,-0.057970954386269674
enigma,ocd,5,-0.07248757533232598,-0.05868458108007513
enigma,ocd,7,-0.06597004222190175,-0.056178665745957146
enigma,ocd,9,-0.058992777212820424,-0.05368992399650205
enigma,ocd,11,-0.06296319020467826,-0.05539229017678993
enigma,ocd,13,-0.07105770084139784,-0.055698746300178334
enigma,ocd,15,-0.09129929628176778,-0.05957085765357826
enigma,ocd,17,-0.08576207268717957,-0.057979320997097024
enigma,ocd,19,-0.0926045361062993,-0.059725300691173294
enigma,ocd,21,-0.0898208923296399,-0.060511037962979616
enigma,ocd,23,-0.08844440989570547,-0.05818181512895257
enigma,ocd,25,-0.0777347935803921,-0.05686993433274798
enigma,ocd,27,-0.08820916732307701,-0.060911733972854334
enigma,ocd,29,-0.07829612821804513,-0.05902862413104001
enigma,ocd,31,-0.06806609740645161,-0.0595733497824716
enigma,ocd,33,-0.06828455539041091,-0.05830080281517347
enigma,ocd,35,-0.043583637292857184,-0.06004599253115581
enigma,ocd,37,-0.05952694388121536,-0.05738715418821945
enigma,ocd,39,-0.07175044128368786,-0.05652523619058615
enigma,ocd,41,-0.08020159603703707,-0.05767736209869569
enigma,ocd,43,-0.080330098464706,-0.05979375203623615
enigma,ocd,45,-0.09341517149720653,-0.06087992119639757
enigma,ocd,47,-0.0861036834170854,-0.05957217664209453
enigma,ocd,49,-0.0879696619149659,-0.05855657542682634
enigma,ocd,51,-0.07202562232701425,-0.058829330124701235
enigma,ocd,53,-0.03372839951503006,-0.05651884262093579
enigma,ocd,55,-0.04191636804590159,-0.05555838010334408
enigma,ocd,57,-0.03203470785994394,-0.05469443408524353
enigma,ocd,59,-0.038859673089473676,-0.053975996682802216
enigma,ocd,61,-0.04064664815238092,-0.05614896401450924
enigma,ocd,63,-0.04775316076253295,-0.055857792020587244
enigma,ocd,65,-0.032253840975944935,-0.0582201687231738
enigma,ocd,67,-0.021894507838028175,-0.05385503701647166
enigma,ocd,69,-0.007265044554225349,-0.0696085347122342
enigma,ocd,71,-0.01890052335555556,-0.0434594110362041
enigma,ocd,73,-0.014244364917364031,-0.04778614321527761
enigma,ocd,75,-0.02838971931099997,-0.07116285093607173
enigma,ocd,77,-0.020775658266666674,-0.05227612995394984
enigma,ocd,79,-0.024107060958666687,-0.06284656769353394
enigma,ocd,81,-0.08802196340594057,-0.07409638603154234
enigma,ocd,83,-0.07352601973604057,-0.051639939917767747
enigma,ocd,85,-0.08781072953048787,-0.09026357823307313
enigma,ocd,87,-0.06878168458217268,-0.06475854754278494
enigma,ocd,89,-0.0935661345671642,-0.0479031497303387
enigma,ocd,91,-0.08888826920512824,-0.07753130973115405
enigma,ocd,93,-0.08158241951327437,-0.0607048261797906
enigma,ocd,95,-0.08935009445794385,-0.06607960644893797
enigma,ocd,97,-0.0889224146183206,-0.09008449003579129
enigma,ocd,99,-0.08877506336842109,-0.08034432261642138
enigma,ocd,101,-0.0886021141041666,-0.06644965273615433
enigma,ocd,103,-0.08553416991764695,-0.04339432815295774
enigma,ocd,105,-0.10044226324600657,-0.05171001046500105
enigma,ocd,107,-0.09793086267042243,-0.04866892614855044
enigma,ocd,109,-0.06925562300000002,-0.039729738149733865
enigma,ocd,111,-0.0652827316666667,-0.03884546541676277
enigma,ocd,113,-0.07059227603636369,-0.023846111557371492
enigma,ocd,115,-0.06501837330769233,-0.042471235538328246
enigma,ocd,117,-0.03739830772222222,-0.07459934105567731
enigma,ocd,119,-0.05896075298666663,-0.057299450717842745
enigma,ocd,121,-0.052545366846153914,-0.07569793116405533
enigma,ocd,123,-0.07082445556013757,-0.1009242421088796
enigma,ocd,125,-0.0672821235759162,-0.05201082260818604
enigma,ocd,127,-0.06864169935102034,-0.06384771585366392
enigma,ocd,129,-0.0648432587795033,-0.04178058819434135
enigma,ocd,131,-0.058061211651612876,-0.04054031617017767
enigma,ocd,133,-0.06970827689558233,-0.06087429379390182
enigma,ocd,135,-0.12387986658133965,-0.08009599743632481
enigma,ocd,137,-0.11703358487751364,-0.0793792494916045
enigma,ocd,139,-0.04992999470854259,-0.03344644309234124
enigma,ocd,141,-0.07093499803485825,-0.07220055928255222
enigma,ocd,143,-0.12700712614727747,-0.07979658650725237
enigma,ocd,145,-0.043453158830188604,-0.03745393649554254
enigma,ocd,147,-0.08989756977037051,-0.05634124752815857
enigma,ocd,149,-0.07775216265577903,-0.050246391431545204
enigma,ocd,151,-0.0860291294488019,-0.0651365284201577
enigma,ocd,153,-0.09180505828912458,-0.0630007147279925
enigma,ocd,155,-0.026707180601481473,-0.02301989922943816
enigma,ocd,157,-0.03197244562631575,-0.028421277530100146
enigma,ocd,159,-0.03285596734382024,-0.02259382006822682
enigma,ocd,161,-0.030637827578366434,-0.02181068010596921
enigma,ocd,163,-0.04621802915481171,-0.013766372514633737
enigma,ocd,165,-0.07547000141666671,-0.04395182010368256
enigma,ocd,167,-0.06948959250000004,-0.025870200772161123
enigma,ocd,169,-0.04072643515760872,-0.016102305644956537
enigma,ocd,171,-0.05732952803409089,-0.029897544009452777
enigma,ocd,173,-0.06491673661111108,-0.02905887425004583
enigma,ocd,175,-0.06760397631168825,-0.059544551890971
enigma,ocd,177,-0.03398404374173917,-0.0558607850490186
enigma,ocd,179,-0.044717302268062815,-0.06315464738005583
enigma,ocd,181,-0.06961332497787623,-0.06640679573270847
enigma,ocd,183,-0.035291301632916695,-0.0569237849691287
enigma,ocd,185,-0.0471608681606218,-0.05343882992151634
enigma,ocd,187,-0.07660040546153847,-0.06625436478904494
enigma,ocd,189,-0.056877876363095256,-0.04946255146001444
enigma,ocd,191,-0.025588185254794473,-0.0350964958050337
enigma,ocd,193,-0.031923197844841274,-0.013636954088310949
enigma,ocd,195,-0.06213676543561649,-0.06670672654023993
enigma,ocd,197,-0.04953747675820374,-0.05834029588277616
enigma,ocd,199,-0.08171818654983945,-0.10586589518185537
enigma,ocd,201,-0.08757587025796168,-0.0974113415727884
enigma,ocd,203,-0.06811853271384616,-0.0329534274490632
enigma,ocd,205,-0.07689968917579244,-0.10132068725704259
enigma,ocd,207,-0.0613341195229358,-0.07994016866524876
enigma,ocd,209,-0.07790635312280693,-0.09294949205098516
enigma,schizophrenia,1,-0.4068707255081954,-0.24477686204512844
enigma,schizophrenia,3,-0.417068562798054,-0.23485622884438306
enigma,schizophrenia,5,-0.4165493418428998,-0.2780280782680091
enigma,schizophrenia,7,-0.406630926772335,-0.22107093102036202
enigma,schizophrenia,9,-0.38700515766666704,-0.21944375183013393
enigma,schizophrenia,11,-0.3990765347368426,-0.26001045860593447
enigma,schizophrenia,13,-0.3887023700268817,-0.2840038795149678
enigma,schizophrenia,15,-0.3709627061602201,-0.30443827200687473
enigma,schizophrenia,17,-0.35952208958974363,-0.2485633334690191
enigma,schizophrenia,19,-0.3676364852362202,-0.344995066990758
enigma,schizophrenia,21,-0.36023784684210397,-0.3182659341296554
enigma,schizophrenia,23,-0.3720842915644171,-0.23137339277803615
enigma,schizophrenia,25,-0.3636396642745098,-0.21730104028917105
enigma,schizophrenia,27,-0.3542369553461535,-0.3505663648170678
enigma,schizophrenia,29,-0.36428676887218026,-0.27445467887714664
enigma,schizophrenia,31,-0.35821289877419304,-0.27776588129868346
enigma,schizophrenia,33,-0.3650774480821918,-0.29252138152189716
enigma,schizophrenia,35,-0.3403188017857142,-0.3126064822548716
enigma,schizophrenia,37,-0.3646646912707184,-0.33965030639749594
enigma,schizophrenia,39,-0.3608815814893619,-0.30614566965874346
enigma,schizophrenia,41,-0.24577541606481457,-0.3302092219946753
enigma,schizophrenia,43,-0.3730479017647054,-0.3520232669609439
enigma,schizophrenia,45,-0.3839100362290502,-0.35382831266525344
enigma,schizophrenia,47,-0.2944272298994975,-0.33630953225930094
enigma,schizophrenia,49,-0.29437559714285705,-0.3161297653151151
enigma,schizophrenia,51,-0.3707270631279622,-0.3419857138461858
enigma,schizophrenia,53,-0.3038706378156318,-0.23902092919646561
enigma,schizophrenia,55,-0.3261480513114752,-0.2102900387247633
enigma,schizophrenia,57,-0.297837813837534,-0.22421905532118533
enigma,schizophrenia,59,-0.3247607816842109,-0.19822770876971793
enigma,schizophrenia,61,-0.3201048930793649,-0.303241006337215
enigma,schizophrenia,63,-0.32769435976253347,-0.2357120844398185
enigma,schizophrenia,65,-0.2671213032302403,-0.2700461001976735
enigma,schizophrenia,67,-0.2776319993661969,-0.21358923532523497
enigma,schizophrenia,69,-0.31851335150234766,-0.3504472840683051
enigma,schizophrenia,71,-0.41155421463492076,-0.3420521264595703
enigma,schizophrenia,73,-0.39303885583681997,-0.3742002716264087
enigma,schizophrenia,75,-0.41929113570000065,-0.3319270493465229
enigma,schizophrenia,77,-0.42302037415384586,-0.38890680412340967
enigma,schizophrenia,79,-0.43582411759999995,-0.38245747344982395
enigma,schizophrenia,81,-0.438161655742574,-0.342358706211741
enigma,schizophrenia,83,-0.4390120024873099,-0.2892304858405424
enigma,schizophrenia,85,-0.4134749059756097,-0.35395683709359155
enigma,schizophrenia,87,-0.43277787671309276,-0.3278916357404492
enigma,schizophrenia,89,-0.4609792074626868,-0.361827998010006
enigma,schizophrenia,91,-0.451399676153846,-0.3605246413575932
enigma,schizophrenia,93,-0.43897311513274334,-0.33370069542164693
enigma,schizophrenia,95,-0.4471024513084114,-0.33831914395645235
enigma,schizophrenia,97,-0.44318450251908353,-0.35746248597606745
enigma,schizophrenia,99,-0.4458814776691728,-0.35116724973830016
enigma,schizophrenia,101,-0.45142828784722205,-0.34433764517774657
enigma,schizophrenia,103,-0.39704641329411816,-0.3559224344941522
enigma,schizophrenia,105,-0.464405318370606,-0.36742091969026236
enigma,schizophrenia,107,-0.4642713529577462,-0.3660600554832809
enigma,schizophrenia,109,-0.2861262164197531,-0.35763648980108714
enigma,schizophrenia,111,-0.28966143982456155,-0.41851975340335695
enigma,schizophrenia,113,-0.3272441394545453,-0.3716429659239011
enigma,schizophrenia,115,-0.2622772666666666,-0.3736111545295536
enigma,schizophrenia,117,-0.2731929722222223,-0.389467031676855
enigma,schizophrenia,119,-0.3021933714666666,-0.39735775079931535
enigma,schizophrenia,121,-0.38682345266666635,-0.3322385651302279
enigma,schizophrenia,123,-0.3766514942268037,-0.3533517214777764
enigma,schizophrenia,125,-0.22288470083769701,-0.30496242802257323
enigma,schizophrenia,127,-0.22516345930612228,-0.2590105156139497
enigma,schizophrenia,129,-0.2353316038509316,-0.32060290178636186
enigma,schizophrenia,131,-0.22186087741935515,-0.2866360818457255
enigma,schizophrenia,133,-0.22466134060241041,-0.286628703910398
enigma,schizophrenia,135,-0.33707785729665035,-0.3296149140362081
enigma,schizophrenia,137,-0.3415124056672763,-0.34091954820728365
enigma,schizophrenia,139,-0.360717440217756,-0.3631918516226148
enigma,schizophrenia,141,-0.38868903485838896,-0.39478092024440703
enigma,schizophrenia,143,-0.3658773246287121,-0.34089030485821203
enigma,schizophrenia,145,-0.38973926794339736,-0.4395646622489059
enigma,schizophrenia,147,-0.282330753814815,-0.3190000229925823
enigma,schizophrenia,149,-0.2802427102010045,-0.3710877914700892
enigma,schizophrenia,151,-0.28229267187363843,-0.2893039307800198
enigma,schizophrenia,153,-0.30231333058355503,-0.32974786388308136
enigma,schizophrenia,155,-0.2762355026222224,-0.28365686805277496
enigma,schizophrenia,157,-0.2980522172105266,-0.3219628389420487
enigma,schizophrenia,159,-0.2702139208988763,-0.2950543954813801
enigma,schizophrenia,161,-0.26131121286975706,-0.26813106014146393
enigma,schizophrenia,163,-0.37339107807531374,-0.3677750388303421
enigma,schizophrenia,165,-0.4048815494791671,-0.44659297629772743
enigma,schizophrenia,167,-0.39752347423076906,-0.4562408831368392
enigma,schizophrenia,169,-0.41872421505434804,-0.5083884617505778
enigma,schizophrenia,171,-0.38796201323863627,-0.39349566238415323
enigma,schizophrenia,173,-0.3889028169444444,-0.411196179123072
enigma,schizophrenia,175,-0.30814930463203444,-0.27644654295135856
enigma,schizophrenia,177,-0.23578074857971032,-0.3774892355475561
enigma,schizophrenia,179,-0.26441868612565456,-0.3834226671250487
enigma,schizophrenia,181,-0.3129797206194689,-0.275133486139939
enigma,schizophrenia,183,-0.25931048324999983,-0.35732797281676476
enigma,schizophrenia,185,-0.2989026253367882,-0.262103870690229
enigma,schizophrenia,187,-0.21808147223776225,-0.181977569740909
enigma,schizophrenia,189,-0.34287408017857157,-0.33681684178230104
enigma,schizophrenia,191,-0.19562450782465735,-0.34256022591002305
enigma,schizophrenia,193,-0.21753810694047618,-0.3670840223222091
enigma,schizophrenia,195,-0.36456691679452097,-0.29524437343703847
enigma,schizophrenia,197,-0.25385540034542364,-0.32280232732016173
enigma,schizophrenia,199,-0.32656903231511336,-0.3525106697486836
enigma,schizophrenia,201,-0.3650074963694267,-0.3967481956383944
enigma,schizophrenia,203,-0.3117096479384628,-0.341016469683608
enigma,schizophrenia,205,-0.3503558056195969,-0.38693448001626907
enigma,schizophrenia,207,-0.22715562655963276,-0.2741752722783466
enigma,schizophrenia,209,-0.2428259334502924,-0.2650260630065972
enigma,bipolar,1,-0.2247327639016388,-0.13689328297252748
enigma,bipolar,3,-0.23762437299270017,-0.13946612080998
enigma,bipolar,5,-0.23876791202416894,-0.16868142037524816
enigma,bipolar,7,-0.22773644521613917,-0.11672963361334626
enigma,bipolar,9,-0.2119541885641031,-0.09654038253626136
enigma,bipolar,11,-0.22140336435672509,-0.1615382475478423
enigma,bipolar,13,-0.22557701298387167,-0.17805813814508506
enigma,bipolar,15,-0.26987892345303893,-0.18743650892248387
enigma,bipolar,17,-0.26183939605128265,-0.15252624312810942
enigma,bipolar,19,-0.2720260053149607,-0.22521634306485613
enigma,bipolar,21,-0.27550855595567825,-0.20741880428945136
enigma,bipolar,23,-0.264254885398773,-0.1362557540036021
enigma,bipolar,25,-0.24607356137254877,-0.11398212187245668
enigma,bipolar,27,-0.2533327118461539,-0.2316009731162512
enigma,bipolar,29,-0.27237100218045107,-0.18234406175875933
enigma,bipolar,31,-0.2789522933548388,-0.18018348958310967
enigma,bipolar,33,-0.2861983950684934,-0.18337556676312913
enigma,bipolar,35,-0.2642419709285713,-0.20067722014879305
enigma,bipolar,37,-0.26359831837016595,-0.1900511139175099
enigma,bipolar,39,-0.2651025394326242,-0.16309757069427958
enigma,bipolar,41,-0.19250847069444457,-0.22085686585369999
enigma,bipolar,43,-0.22738809082352962,-0.2082602730413157
enigma,bipolar,45,-0.21818156625698307,-0.2225930665947952
enigma,bipolar,47,-0.203807350603015,-0.22216630854222974
enigma,bipolar,49,-0.20351678207482987,-0.19181946650851678
enigma,bipolar,51,-0.23114169563981063,-0.1983790795858673
enigma,bipolar,53,-0.15954527903807625,-0.11226657640927669
enigma,bipolar,55,-0.1871579849508195,-0.08671479166747814
enigma,bipolar,57,-0.15175973450980412,-0.07385458365270131
enigma,bipolar,59,-0.18072611673684205,-0.055240785422666805
enigma,bipolar,61,-0.17480933116825398,-0.1438667201959339
enigma,bipolar,63,-0.19966731994722944,-0.12297462608528689
enigma,bipolar,65,-0.14886130752577326,-0.1486401789155512
enigma,bipolar,67,-0.15143294813380304,-0.07170072143470721
enigma,bipolar,69,-0.15161708655399042,-0.2223455488819132
enigma,bipolar,71,-0.2086747438412694,-0.1870509466676235
enigma,bipolar,73,-0.1880666787656907,-0.18732163662701598
enigma,bipolar,75,-0.2150252250000001,-0.19913591578989467
enigma,bipolar,77,-0.20361854738461538,-0.20314891261935572
enigma,bipolar,79,-0.21518065506666653,-0.2078294740871404
enigma,bipolar,81,-0.24760768623762394,-0.20985307049251117
enigma,bipolar,83,-0.24053737553299478,-0.20092794038176376
enigma,bipolar,85,-0.24054881560975583,-0.20594343382304403
enigma,bipolar,87,-0.23669568437325858,-0.2058298254147065
enigma,bipolar,89,-0.2606811464179103,-0.2046227117771598
enigma,bipolar,91,-0.2524733362820511,-0.20207389600236214
enigma,bipolar,93,-0.24528479867256647,-0.21235055044390858
enigma,bipolar,95,-0.25082692700934567,-0.21365389238041693
enigma,bipolar,97,-0.24824908893129755,-0.20398614562997158
enigma,bipolar,99,-0.25012803330827077,-0.20875497393060327
enigma,bipolar,101,-0.25244691805555547,-0.21419907417128814
enigma,bipolar,103,-0.19223681683235327,-0.2157173174187657
enigma,bipolar,105,-0.2688868413738017,-0.1929571438767079
enigma,bipolar,107,-0.2631384481971828,-0.196751363888818
enigma,bipolar,109,-0.10631413729629628,-0.21636869849982812
enigma,bipolar,111,-0.05511689766666669,-0.1780721654683347
enigma,bipolar,113,-0.08718716710000006,-0.16730713889250085
enigma,bipolar,115,-0.05383722715384614,-0.21210375010665056
enigma,bipolar,117,-0.10966186477777777,-0.2279209667780107
enigma,bipolar,119,-0.08306408305333336,-0.18106329261657084
enigma,bipolar,121,-0.21440287512820505,-0.20419384890231237
enigma,bipolar,123,-0.22426505274914113,-0.2187725279684894
enigma,bipolar,125,-0.16824412120418855,-0.22923032922552822
enigma,bipolar,127,-0.17003308738775522,-0.18726243104555756
enigma,bipolar,129,-0.17188933810559034,-0.2249413117946176
enigma,bipolar,131,-0.15481040732258075,-0.22002601849428682
enigma,bipolar,133,-0.1715543442570286,-0.2221247547180746
enigma,bipolar,135,-0.24207790610047863,-0.1976864774741545
enigma,bipolar,137,-0.24696077058500876,-0.20515071633722645
enigma,bipolar,139,-0.22211446075376953,-0.21112025201424925
enigma,bipolar,141,-0.2536835693464057,-0.21378040683438188
enigma,bipolar,143,-0.25910772831682827,-0.2051490912522308
enigma,bipolar,145,-0.23176654292452797,-0.21545051152887443
enigma,bipolar,147,-0.19925952688888954,-0.1855837341532728
enigma,bipolar,149,-0.1886134791959798,-0.19390059267072798
enigma,bipolar,151,-0.18457420344226583,-0.1453632010036453
enigma,bipolar,153,-0.19669595360742687,-0.15588509642570184
enigma,bipolar,155,-0.11758082418370379,-0.19214257513045382
enigma,bipolar,157,-0.1348699477999997,-0.1986871677612053
enigma,bipolar,159,-0.1265128949865167,-0.19268589033350608
enigma,bipolar,161,-0.1198051138432669,-0.18045412455511284
enigma,bipolar,163,-0.1825253362761505,-0.20957554785331714
enigma,bipolar,165,-0.20531175968750015,-0.21826226398616252
enigma,bipolar,167,-0.21728336084615368,-0.2078217667660704
enigma,bipolar,169,-0.20138074407608703,-0.2001394701575331
enigma,bipolar,171,-0.1876600588636361,-0.21944151282822097
enigma,bipolar,173,-0.21664551375000038,-0.2082345884604248
enigma,bipolar,175,-0.1551738248484849,-0.18667664555010352
enigma,bipolar,177,-0.13918769088405786,-0.18323865408953233
enigma,bipolar,179,-0.16702718371204178,-0.19747303614556433
enigma,bipolar,181,-0.15298127628318614,-0.15241511962051146
enigma,bipolar,183,-0.15293646478124992,-0.18967680775466522
enigma,bipolar,185,-0.16272885834196932,-0.17279589130718886
enigma,bipolar,187,-0.1745252216083916,-0.16793506579389056
enigma,bipolar,189,-0.19360109214285695,-0.14623001690349374
enigma,bipolar,191,-0.07332729364520534,-0.14198244696953138
enigma,bipolar,193,-0.08540740564880951,-0.12784331396073745
enigma,bipolar,195,-0.20347513922191762,-0.11182278449698499
enigma,bipolar,197,-0.13122338382383394,-0.1546704840978
enigma,bipolar,199,-0.17044565424437275,-0.24270304958105104
enigma,bipolar,201,-0.19559576786624208,-0.2450785137263386
enigma,bipolar,203,-0.14476274867692296,-0.14191841830475982
enigma,bipolar,205,-0.17383524827089333,-0.23612263522844554
enigma,bipolar,207,-0.14310406029816525,-0.17055581838031048
enigma,bipolar,209,-0.18144869213450282,-0.18895175591188257
enigma,obesity,1,-0.14494321629508142,-0.08010603730760421
enigma,obesity,3,-0.1492992039172747,-0.06868490677645474
enigma,obesity,5,-0.14282364319637433,-0.09874668333951143
enigma,obesity,7,-0.15770319729106566,-0.06362126771505076
enigma,obesity,9,-0.15596191615384614,-0.05829437132339045
enigma,obesity,11,-0.14194747327485327,-0.09097987093844753
enigma,obesity,13,-0.1372539776532258,-0.11864298516081646
enigma,obesity,15,-0.10413925935635351,-0.11291419872775438
enigma,obesity,17,-0.15640806683333314,-0.07726725460489514
enigma,obesity,19,-0.10133940487401588,-0.15774190560607473
enigma,obesity,21,-0.09413020967035994,-0.13197159653080215
enigma,obesity,23,-0.1422448896411041,-0.06732230066737527
enigma,obesity,25,-0.1713244638039217,-0.06043351635079004
enigma,obesity,27,-0.10020175664230771,-0.16259764289457507
enigma,obesity,29,-0.14681723413533837,-0.0924291697729887
enigma,obesity,31,-0.0896679187354839,-0.11696279466861517
enigma,obesity,33,-0.11094138571917808,-0.11661179566395644
enigma,obesity,35,-0.05758905803571425,-0.14859817852134635
enigma,obesity,37,-0.10048767430939208,-0.1346369647993184
enigma,obesity,39,-0.15363706234042565,-0.110656747359753
enigma,obesity,41,-0.09267801760185176,-0.16859220804459274
enigma,obesity,43,-0.10969575111176458,-0.15061910507800239
enigma,obesity,45,-0.118943452142458,-0.1491445596475484
enigma,obesity,47,-0.09985844255276365,-0.15447181925655668
enigma,obesity,49,-0.10196363051020432,-0.12770463897365067
enigma,obesity,51,-0.1062211528672984,-0.1517071396368733
enigma,obesity,53,-0.16172725045490988,-0.06569846430856383
enigma,obesity,55,-0.1943091895737707,-0.04704396259102735
enigma,obesity,57,-0.1476501322464983,-0.04554128908447069
enigma,obesity,59,-0.18424951115789479,-0.0301210627281481
enigma,obesity,61,-0.16469812461587258,-0.11054928975190143
enigma,obesity,63,-0.1894304338258575,-0.06513760862300365
enigma,obesity,65,-0.13961881013745672,-0.1114009693134097
enigma,obesity,67,-0.1610689905985914,-0.05167697931081598
enigma,obesity,69,-0.18390750323943642,-0.1309676465598539
enigma,obesity,71,-0.2176811757142855,-0.12772969186219232
enigma,obesity,73,-0.2202172405020926,-0.15048594217247918
enigma,obesity,75,-0.2214646026499999,-0.143650256536683
enigma,obesity,77,-0.22423986307692337,-0.14693425756719625
enigma,obesity,79,-0.23840939199999994,-0.15214389711740314
enigma,obesity,81,-0.22394864564356443,-0.13734826734721747
enigma,obesity,83,-0.22853686111675128,-0.13805043511107026
enigma,obesity,85,-0.20312776067073154,-0.13997572119819673
enigma,obesity,87,-0.2247986504735374,-0.14154768054413716
enigma,obesity,89,-0.2604721467164179,-0.12220893429744163
enigma,obesity,91,-0.23737227025641042,-0.1368763365515453
enigma,obesity,93,-0.239388018938053,-0.13113368609371168
enigma,obesity,95,-0.2293600099999999,-0.13233811206760773
enigma,obesity,97,-0.224908404503817,-0.14314667928334365
enigma,obesity,99,-0.22852977857142875,-0.13826703131924534
enigma,obesity,101,-0.2366997555555558,-0.13115946047484434
enigma,obesity,103,-0.24285014176470537,-0.11945943105717817
enigma,obesity,105,-0.284199532939297,-0.12349378555008118
enigma,obesity,107,-0.27598968960563414,-0.12393837252588683
enigma,obesity,109,-0.19947640790123455,-0.11772556109057959
enigma,obesity,111,-0.1406885388421054,-0.15201269503752607
enigma,obesity,113,-0.1586251303636363,-0.14545515110093293
enigma,obesity,115,-0.15172284179487192,-0.12524896158983684
enigma,obesity,117,-0.18064462888888888,-0.14038330282115985
enigma,obesity,119,-0.10293318146666662,-0.11125700281525866
enigma,obesity,121,-0.1974106274358974,-0.14315480167011294
enigma,obesity,123,-0.17798086982817873,-0.1206910597328646
enigma,obesity,125,-0.09073874019371717,-0.1544108444773598
enigma,obesity,127,-0.09095717731428563,-0.10755517623383182
enigma,obesity,129,-0.08932560005279506,-0.164732481005395
enigma,obesity,131,-0.08216714333870967,-0.1632952138029959
enigma,obesity,133,-0.0882186108995981,-0.13508314277715822
enigma,obesity,135,-0.11153943472248791,-0.10666826359442144
enigma,obesity,137,-0.11819146342778789,-0.11555850057186441
enigma,obesity,139,-0.12343930543718572,-0.17199015446974392
enigma,obesity,141,-0.14329625453812625,-0.15217491996653343
enigma,obesity,143,-0.1261220366856445,-0.11499614533509507
enigma,obesity,145,-0.1527654777849052,-0.1755537695316047
enigma,obesity,147,-0.11787708304814817,-0.12277112657744899
enigma,obesity,149,-0.12397693745477345,-0.1497609893091999
enigma,obesity,151,-0.11035804312200462,-0.08115953740416945
enigma,obesity,153,-0.12824649368700294,-0.1219100540911489
enigma,obesity,155,-0.07664464228444438,-0.16723435345881232
enigma,obesity,157,-0.07909401556842108,-0.1765893348614121
enigma,obesity,159,-0.060783275743820225,-0.16819379545494637
enigma,obesity,161,-0.07496229678366435,-0.1641893664627032
enigma,obesity,163,-0.1745155760669453,-0.1654638272475584
enigma,obesity,165,-0.1588408638541667,-0.16678179328536152
enigma,obesity,167,-0.15497420812307688,-0.1872136724913427
enigma,obesity,169,-0.20442980668478264,-0.20149651134949892
enigma,obesity,171,-0.17001871477272723,-0.17564438382413153
enigma,obesity,173,-0.1729450008333337,-0.1787560107132781
enigma,obesity,175,-0.15673662515151515,-0.14965897136674258
enigma,obesity,177,-0.14469041286956513,-0.1454571870669986
enigma,obesity,179,-0.10464137699999987,-0.13337749291565024
enigma,obesity,181,-0.11813285811061955,-0.09669113267345975
enigma,obesity,183,-0.13077480517187492,-0.14921953758437173
enigma,obesity,185,-0.18458695020725382,-0.15085390743515079
enigma,obesity,187,-0.09666238830769251,-0.10043941970046152
enigma,obesity,189,-0.08125816572023807,-0.05923083272870441
enigma,obesity,191,-0.01458471761863013,-0.04824301711029809
enigma,obesity,193,-0.0196699056038095,-0.03546183293217535
enigma,obesity,195,-0.11562489114794525,-0.08907312460456497
enigma,obesity,197,-0.05654893585803122,-0.06664330766243377
enigma,obesity,199,-0.0685746678553058,-0.11260838764758127
enigma,obesity,201,-0.11212492229936295,-0.20063742911301313
enigma,obesity,203,-0.05334476007692309,-0.04718631602884617
enigma,obesity,205,-0.09129410255907774,-0.14444719536052783
enigma,obesity,207,-0.06994924644954117,-0.07628038236725483
enigma,obesity,209,-0.09174626504678365,-0.0944278652638858
enigma,schizotypy,1,-0.0016499596078688524,-0.0019315713137975869
enigma,schizotypy,3,-0.0018552311955596097,-0.004158243237672344
enigma,schizotypy,5,-0.002061037489957706,-0.001836547501683617
enigma,schizotypy,7,-0.007098477128789649,-0.004229425267870821
enigma,schizotypy,9,-0.00844533756735897,-0.003435287794060707
enigma,schizotypy,11,-0.0011289257059064327,-0.0005556682216932376
enigma,schizotypy,13,0.004798528073091391,0.0028638067944279154
enigma,schizotypy,15,0.0030053692347292837,-0.0026455031241328364
enigma,schizotypy,17,0.0012585207778205154,-0.004386927450640751
enigma,schizotypy,19,0.0033840545844488184,-0.001958034676652362
enigma,schizotypy,21,0.002658340552077564,-0.003900989971166154
enigma,schizotypy,23,0.004503014194110423,-0.00468000108290738
enigma,schizotypy,25,-0.0023124329829411717,-0.004835704280171972
enigma,schizotypy,27,0.007973121046538453,-0.001410498732545984
enigma,schizotypy,29,-0.012175957652631578,-0.00374849912933419
enigma,schizotypy,31,-0.0067849697078709624,-0.0031785925778508987
enigma,schizotypy,33,-0.011946979568493148,-0.0027256421620008493
enigma,schizotypy,35,-0.005541347535799998,-0.002079809699754731
enigma,schizotypy,37,-0.008694414997237575,-0.0023011044752630867
enigma,schizotypy,39,-0.01832862176595744,-0.004007087660492365
enigma,schizotypy,41,0.04802462197685182,0.0024405913468134133
enigma,schizotypy,43,0.0064336996958823615,-0.00033173668936505247
enigma,schizotypy,45,0.009001743625418999,-0.00037939788163649435
enigma,schizotypy,47,0.035754007145728656,0.0010549041601149822
enigma,schizotypy,49,0.0360631086802721,0.0018006501432169509
enigma,schizotypy,51,0.003288580285345971,-0.00035503046559449926
enigma,schizotypy,53,-0.03000972620841685,-0.0059127236414279315
enigma,schizotypy,55,-0.03334763218032787,-0.005248563744628516
enigma,schizotypy,57,-0.027393853028011207,-0.006228109739237238
enigma,schizotypy,59,-0.0331220357631579,-0.0053905255289772025
enigma,schizotypy,61,-0.026677864384126986,-0.004977914775558947
enigma,schizotypy,63,-0.029803671852242735,-0.005037387620728766
enigma,schizotypy,65,-0.030596533618556705,-0.0043175374335948265
enigma,schizotypy,67,-0.040518161214788725,-0.005235522625845304
enigma,schizotypy,69,0.00643566797896713,0.0004967640806978167
enigma,schizotypy,71,0.001968715584793651,-0.006744142561372292
enigma,schizotypy,73,0.008034896868238484,-0.003584114230084061
enigma,schizotypy,75,0.002574770588409997,-0.004252101195705196
enigma,schizotypy,77,0.0012094983332923074,0.0011424648009213936
enigma,schizotypy,79,0.001288353144863333,-0.00191081418908626
enigma,schizotypy,81,-0.0006067022868316836,-0.00249726831542872
enigma,schizotypy,83,-0.0011093259578375634,-0.0014801230283398885
enigma,schizotypy,85,0.0034015485629268266,-0.003043528215150872
enigma,schizotypy,87,0.0010587823425013945,-0.001807668679292457
enigma,schizotypy,89,-0.013577267688059705,-0.005477935319244871
enigma,schizotypy,91,-0.005539627797435901,-0.004103328846000672
enigma,schizotypy,93,-0.006571969872566368,-0.002640206187880011
enigma,schizotypy,95,-0.0026636302869158888,-0.0027474115172659236
enigma,schizotypy,97,-0.0016969053961832068,-0.002809586453277154
enigma,schizotypy,99,-0.002345789374436091,-0.0027979893873447195
enigma,schizotypy,101,-0.005144875102777777,-0.0030820782895691345
enigma,schizotypy,103,-0.019169281340588238,-0.0032449417370470223
enigma,schizotypy,105,-0.030020942422044727,-0.006528360946254486
enigma,schizotypy,107,-0.020220329180281656,-0.006725200091444906
enigma,schizotypy,109,-0.019988533969135802,-0.0031563540066373527
enigma,schizotypy,111,0.0011288121140350857,-0.00042838300773686763
enigma,schizotypy,113,-0.0004143746918181804,-0.004451493661138126
enigma,schizotypy,115,-0.007328721484615383,-0.0024024148042596878
enigma,schizotypy,117,-0.0077458734,0.0013871459545256436
enigma,schizotypy,119,0.001970682015546667,-0.004347384344101111
enigma,schizotypy,121,0.011498347167692309,-0.002501818054521107
enigma,schizotypy,123,0.00901374576219934,-0.00537627688753973
enigma,schizotypy,125,-0.015981641303664963,-0.002342765964707506
enigma,schizotypy,127,-0.015940505670204077,-0.0011949777955579891
enigma,schizotypy,129,-0.017523090335403745,-0.0036400555830476593
enigma,schizotypy,131,-0.016332618453225804,-0.0039792584661660965
enigma,schizotypy,133,-0.017519672891566314,-0.0033612968534121332
enigma,schizotypy,135,-0.003583512166028715,-0.002696305008622577
enigma,schizotypy,137,-0.008545262535831733,-0.0027599067297211883
enigma,schizotypy,139,-0.0185229801298158,-0.0017882206323924553
enigma,schizotypy,141,-0.01651790358932464,-0.0008304415527618781
enigma,schizotypy,143,-0.003830773552821788,-0.002818781257748744
enigma,schizotypy,145,-0.01585560536416982,-0.0011912042821399472
enigma,schizotypy,147,-0.003058531432111109,-0.00015460351096475543
enigma,schizotypy,149,-0.00837068022311558,-0.00013040002426775114
enigma,schizotypy,151,-0.0020867212697167747,-0.00036093638916740497
enigma,schizotypy,153,-0.002328680330847481,0.00017247785046135356
enigma,schizotypy,155,-0.011696703299555565,-0.011803561342973935
enigma,schizotypy,157,-0.008993821901578936,-0.008655355089494906
enigma,schizotypy,159,-0.008711887197528077,-0.010488443420874474
enigma,schizotypy,161,-0.012913470650551897,-0.010480113791065065
enigma,schizotypy,163,0.0034731448776569034,-0.005390518524361994
enigma,schizotypy,165,0.001230097185416667,0.003240646969497255
enigma,schizotypy,167,-0.0025996477790769215,6.517920757602956e-05
enigma,schizotypy,169,-0.0004626642234239138,0.0035685309842086246
enigma,schizotypy,171,-0.0050605121048295405,-0.002901735506987327
enigma,schizotypy,173,-0.008888190977314808,-0.0025269499624184714
enigma,schizotypy,175,-0.006272595045231609,-0.000654313744249891
enigma,schizotypy,177,0.015361960231884061,0.001046752768107755
enigma,schizotypy,179,0.013241725250261766,0.007944403502871298
enigma,schizotypy,181,-0.016378575313274323,-0.0023763018151671117
enigma,schizotypy,183,0.011571377640104177,-0.003600408132782771
enigma,schizotypy,185,-0.0048102671631088095,-0.0026164542139395256
enigma,schizotypy,187,0.039562003769230775,0.010607622208247007
enigma,schizotypy,189,-0.0070267101845238045,-0.009056143757694512
enigma,schizotypy,191,-0.010698341648767118,-0.009188384242252132
enigma,schizotypy,193,-0.0012429012628571426,-0.009405880959061311
enigma,schizotypy,195,-0.015178592341643805,-0.008551070338403606
enigma,schizotypy,197,-0.00877236932709844,-0.008666914448051104
enigma,schizotypy,199,0.026211762309967898,-0.00944519549486933
enigma,schizotypy,201,0.019325796883439498,-0.00831833504813604
enigma,schizotypy,203,0.029464243481538397,-0.009245489410728822
enigma,schizotypy,205,0.023883097444380406,-0.009533837522767801
enigma,schizotypy,207,-0.007524497494724762,-0.008658378485647185
enigma,schizotypy,209,-0.01449578057046786,-0.008693390490208197
enigma,parkinson,1,-0.09593758573442596,-0.08059970322669766
enigma,parkinson,3,-0.10594485139902651,-0.09059601593011785
enigma,parkinson,5,-0.10185380028700879,-0.09509004807853932
enigma,parkinson,7,-0.09894417116714685,-0.0796629861581585
enigma,parkinson,9,-0.10648218915384623,-0.08083366611992696
enigma,parkinson,11,-0.0915653807204676,-0.08027240931885776
enigma,parkinson,13,-0.09331365184408608,-0.06540784253169696
enigma,parkinson,15,-0.09029465890331495,-0.1039450332440095
enigma,parkinson,17,-0.111807819851282,-0.08575608680108032
enigma,parkinson,19,-0.08942876337795276,-0.10825033888744272
enigma,parkinson,21,-0.0843023364432135,-0.10845631904205139
enigma,parkinson,23,-0.11495486384662562,-0.08799885735814246
enigma,parkinson,25,-0.11605762560000013,-0.07950324792575389
enigma,parkinson,27,-0.08814216942692306,-0.10401963498160573
enigma,parkinson,29,-0.043175499105263145,-0.08508536231765504
enigma,parkinson,31,-0.05366368993548388,-0.08806552450523164
enigma,parkinson,33,-0.029281876582191804,-0.07926814406360232
enigma,parkinson,35,-0.0684288083071428,-0.09133630053429956
enigma,parkinson,37,-0.04687662045856355,-0.07203802996392436
enigma,parkinson,39,-0.027828724978723428,-0.07706362240010928
enigma,parkinson,41,-0.08386899530092584,-0.09010075836641532
enigma,parkinson,43,-0.11478882361176469,-0.08030304785766469
enigma,parkinson,45,-0.11989390468435744,-0.08805468697660038
enigma,parkinson,47,-0.10050679636683413,-0.08629612903719953
enigma,parkinson,49,-0.10322447209183672,-0.07485154080103583
enigma,parkinson,51,-0.09902524012796202,-0.0751527363671996
enigma,parkinson,53,-0.0656320812845692,-0.08793937288062761
enigma,parkinson,55,-0.059817484937704835,-0.08107160832555758
enigma,parkinson,57,-0.07164269832212883,-0.08693362405212443
enigma,parkinson,59,-0.06617679675263156,-0.08165579627909038
enigma,parkinson,61,-0.05826759514920651,-0.08116934066182903
enigma,parkinson,63,-0.060399691044854875,-0.07650623028658818
enigma,parkinson,65,-0.11499752455326484,-0.12176565805163576
enigma,parkinson,67,-0.09867667967253511,-0.08697662116061568
enigma,parkinson,69,-0.10302956276056328,-0.11796109916749628
enigma,parkinson,71,-0.0995826723746031,-0.11608371257174899
enigma,parkinson,73,-0.08358596388912147,-0.08692071823270436
enigma,parkinson,75,-0.10601778371500009,-0.12804209334849875
enigma,parkinson,77,-0.08654472433846153,-0.10152950663858927
enigma,parkinson,79,-0.10716988427666681,-0.12124958852174536
enigma,parkinson,81,-0.15888680306930703,-0.15310832436006067
enigma,parkinson,83,-0.15099209291370558,-0.12267612515430473
enigma,parkinson,85,-0.149376881890244,-0.15556295535588177
enigma,parkinson,87,-0.13674089428969377,-0.1331287518118064
enigma,parkinson,89,-0.19417921955223888,-0.1778027152977371
enigma,parkinson,91,-0.19202250128205117,-0.16576119676062817
enigma,parkinson,93,-0.18000521097345154,-0.15387261540654804
enigma,parkinson,95,-0.17843302252336452,-0.15772542474777468
enigma,parkinson,97,-0.17702109160305354,-0.1565848816295929
enigma,parkinson,99,-0.1785512140601501,-0.15869401991721077
enigma,parkinson,101,-0.1918945988888887,-0.16268926787058902
enigma,parkinson,103,-0.16541850820588253,-0.16324123219987155
enigma,parkinson,105,-0.18664972507987213,-0.18252758829779014
enigma,parkinson,107,-0.19347030870422552,-0.18631985383773908
enigma,parkinson,109,-0.12466722237037037,-0.16265237585674783
enigma,parkinson,111,-0.12654432757894735,-0.15683868476020185
enigma,parkinson,113,-0.13927125590909087,-0.17427006582183696
enigma,parkinson,115,-0.11688829853846151,-0.16122949476152582
enigma,parkinson,117,-0.10671914138888888,-0.13371207323315817
enigma,parkinson,119,-0.12495612541333327,-0.1504796873216854
enigma,parkinson,121,-0.11010556061538433,-0.1300580986510421
enigma,parkinson,123,-0.12372380671477676,-0.1604539091312076
enigma,parkinson,125,-0.14666006581151825,-0.136856786505626
enigma,parkinson,127,-0.1475472051836736,-0.14802541571692343
enigma,parkinson,129,-0.14534333968944144,-0.12626373834974405
enigma,parkinson,131,-0.14042412612903202,-0.12774588556285285
enigma,parkinson,133,-0.14922665558232967,-0.14241791497410566
enigma,parkinson,135,-0.18009181313397166,-0.15626234984201562
enigma,parkinson,137,-0.17432518519195606,-0.15577136216964468
enigma,parkinson,139,-0.12979179166499194,-0.11796420332500003
enigma,parkinson,141,-0.14276518332244012,-0.1524021084807184
enigma,parkinson,143,-0.1790936901980205,-0.15593396870571488
enigma,parkinson,145,-0.12034542956226431,-0.11066719086706713
enigma,parkinson,147,-0.15376780751851843,-0.1497542288317722
enigma,parkinson,149,-0.14689669798994984,-0.14840264946117424
enigma,parkinson,151,-0.15062997721132862,-0.1407545503941775
enigma,parkinson,153,-0.1590375250663127,-0.15260622153657327
enigma,parkinson,155,-0.09815557306518513,-0.07827420808179565
enigma,parkinson,157,-0.10321914986315829,-0.06634958308719932
enigma,parkinson,159,-0.11810177273932604,-0.08278887443621616
enigma,parkinson,161,-0.10738166238410601,-0.08916181001321041
enigma,parkinson,163,-0.057533289456066845,-0.06313375046689099
enigma,parkinson,165,-0.07258102335416669,-0.07276102841384045
enigma,parkinson,167,-0.04995601101538462,-0.04006045727082019
enigma,parkinson,169,-0.060824998548913045,-0.05348925244248362
enigma,parkinson,171,-0.045613666732954555,-0.04457969182721179
enigma,parkinson,173,-0.0350079469675926,-0.04658038503716887
enigma,parkinson,175,-0.16608022593073568,-0.12048625556605434
enigma,parkinson,177,-0.07568173798550727,-0.07754772977287319
enigma,parkinson,179,-0.028174111473821963,-0.08165593838116514
enigma,parkinson,181,-0.16164032486725644,-0.13629390588681323
enigma,parkinson,183,-0.06219713034583326,-0.08230469179704368
enigma,parkinson,185,-0.14070215527461155,-0.10159970729554468
enigma,parkinson,187,-0.03648261108601399,-0.06882269606726019
enigma,parkinson,189,-0.12414443076190469,-0.13707455252337958
enigma,parkinson,191,-0.09161687343013708,-0.1310173739417299
enigma,parkinson,193,-0.10378457043253966,-0.12192703597192107
enigma,parkinson,195,-0.12720246251780828,-0.13395860879362065
enigma,parkinson,197,-0.11490818362003495,-0.1416235210439838
enigma,parkinson,199,-0.1673885114790993,-0.1699890472220361
enigma,parkinson,201,-0.17257104375796187,-0.16821963492349395
enigma,parkinson,203,-0.15749838148307713,-0.1301784550956399
enigma,parkinson,205,-0.16690810184438018,-0.1734183777612181
enigma,parkinson,207,-0.14220103317431196,-0.14835734558123082
enigma,parkinson,209,-0.15368530801169591,-0.15243829971137507
