phenotype,outcome,feature,mean_abs_shap,relative_shap,total_mean_abs_shap
meg,delta,Astro_1,0.0033545682153833475,0.015706631274499134,0.21357655609002135
meg,delta,Astro_2,0.0011394006116532936,0.005334858059856731,0.21357655609002135
meg,delta,Chandelier_1,0.009947272262594285,0.046574738560732125,0.21357655609002135
meg,delta,Endo_1,0.001177220014281997,0.005511934623507109,0.21357655609002135
meg,delta,L2/3 IT_1,0.0017948542577721634,0.008403798107015276,0.21357655609002135
meg,delta,L2/3 IT_2,0.002137729632080125,0.01000919609912187,0.21357655609002135
meg,delta,L2/3 IT_3,0.003911722078954566,0.01831531583132091,0.21357655609002135
meg,delta,L2/3 IT_4,0.002528279990998667,0.011837816084706463,0.21357655609002135
meg,delta,L2/3 IT_5,0.0030507298657968737,0.014284010949736485,0.21357655609002135
meg,delta,L2/3 IT_6,0.00021695639338355184,0.0010158249451878319,0.21357655609002135
meg,delta,L2/3 IT_7,0.0015720293306302191,0.0073604957370303195,0.21357655609002135
meg,delta,L2/3 IT_8,0.0026132825224896446,0.012235811693621281,0.21357655609002135
meg,delta,L4 IT_1,0.0036197262044655636,0.016948143891504033,0.21357655609002135
meg,delta,L4 IT_2,0.000795790556151987,0.0037260201715049925,0.21357655609002135
meg,delta,L4 IT_3,0.0013395710179105453,0.00627208829674135,0.21357655609002135
meg,delta,L5 ET_1,0.006172306759980155,0.028899739151981463,0.21357655609002135
meg,delta,L5 IT_1,0.004291344315811595,0.020092768580849373,0.21357655609002135
meg,delta,L5 IT_2,0.0017090028505782622,0.008001827924680679,0.21357655609002135
meg,delta,L5 IT_3,0.003669593361698286,0.01718162999197146,0.21357655609002135
meg,delta,L5 IT_4,0.0018518469867929556,0.008670647287768852,0.21357655609002135
meg,delta,L5 IT_5,0.0025176560207474134,0.011788072936648698,0.21357655609002135
meg,delta,L5/6 NP_1,0.0035856407013417327,0.01678855004961502,0.21357655609002135
meg,delta,L5/6 NP_2,0.0028514126163534733,0.01335077533112585,0.21357655609002135
meg,delta,L6 CT_1,0.0008131199270998798,0.0038071590907999948,0.21357655609002135
meg,delta,L6 CT_2,0.0024718136999899404,0.011573431771922028,0.21357655609002135
meg,delta,L6 IT Car3_1,0.0018412304464242386,0.008620938927623546,0.21357655609002135
meg,delta,L6 IT_1,0.001836737764193125,0.008599903462339518,0.21357655609002135
meg,delta,L6 IT_2,0.0003006907739264605,0.001407882866131248,0.21357655609002135
meg,delta,L6 IT_3,0.009981316730205926,0.04673414026771204,0.21357655609002135
meg,delta,L6b_1,0.0033714452465707914,0.015785652265830834,0.21357655609002135
meg,delta,L6b_2,0.0031477414542445195,0.014738234906820783,0.21357655609002135
meg,delta,L6b_3,0.005290081695133942,0.024769018622550508,0.21357655609002135
meg,delta,Lamp5_1,0.0024381745692459225,0.011415927917754443,0.21357655609002135
meg,delta,Lamp5_2,0.006174426063309669,0.028909662073149933,0.21357655609002135
meg,delta,Lamp5_Lhx6_1,0.0018201451067042125,0.00852221395468626,0.21357655609002135
meg,delta,Micro-PVM_1,0.001145240145338375,0.005362199701617356,0.21357655609002135
meg,delta,Micro-PVM_2,0.004308886965466011,0.0201749061055645,0.21357655609002135
meg,delta,OPC_1,0.0011733677662161012,0.00549389777462997,0.21357655609002135
meg,delta,Oligo_1,0.004317886888368576,0.020217045201106294,0.21357655609002135
meg,delta,Oligo_2,0.001946942911798315,0.009115901798592955,0.21357655609002135
meg,delta,Pax6_1,0.0011245592890525677,0.005265368585579085,0.21357655609002135
meg,delta,Pax6_2,0.002907647640679239,0.013614076815873375,0.21357655609002135
meg,delta,Pvalb_1,0.0016950924342105452,0.007936697104040168,0.21357655609002135
meg,delta,Pvalb_2,0.002340436076681145,0.010958300477954444,0.21357655609002135
meg,delta,Pvalb_3,0.0024594538030014343,0.011515560733944918,0.21357655609002135
meg,delta,Pvalb_4,0.0006170604953574472,0.002889177101897643,0.21357655609002135
meg,delta,Pvalb_5,0.003317465308381145,0.015532909459326855,0.21357655609002135
meg,delta,Sncg_1,0.0008349601481502943,0.003909418540293173,0.21357655609002135
meg,delta,Sncg_2,0.0014026721418915335,0.0065675379712570835,0.21357655609002135
meg,delta,Sncg_3,0.008261693058473579,0.038682583939556175,0.21357655609002135
meg,delta,Sncg_4,0.009981340392317063,0.046734251057545764,0.21357655609002135
meg,delta,Sst Chodl_1,0.0022524663689422004,0.010546412069650558,0.21357655609002135
meg,delta,Sst_1,0.0003995757676438509,0.0018708784098730006,0.21357655609002135
meg,delta,Sst_10,0.0050403020771083926,0.02359951002760777,0.21357655609002135
meg,delta,Sst_2,0.0010843108601904985,0.005076918928000072,0.21357655609002135
meg,delta,Sst_3,0.001702483660046815,0.007971304019572389,0.21357655609002135
meg,delta,Sst_4,0.006206389574384356,0.029059320404850035,0.21357655609002135
meg,delta,Sst_5,0.0012391087351283634,0.005801707630336009,0.21357655609002135
meg,delta,Sst_6,0.0022891894761019587,0.010718355600495204,0.21357655609002135
meg,delta,Sst_7,0.004286765988898899,0.020071332113305782,0.21357655609002135
meg,delta,Sst_8,0.0039374249926194815,0.0184356610327581,0.21357655609002135
meg,delta,Sst_9,0.0013229461890028758,0.0061942481572989745,0.21357655609002135
meg,delta,VLMC_1,0.005762542098201458,0.026981154690838716,0.21357655609002135
meg,delta,Vip_1,0.004187632663953323,0.019607173842564718,0.21357655609002135
meg,delta,Vip_2,0.005969491864572856,0.027950126988922644,0.21357655609002135
meg,delta,Vip_3,0.002751025171174429,0.012880745066489821,0.21357655609002135
meg,delta,Vip_4,0.004746359966191887,0.022223225493866107,0.21357655609002135
meg,delta,Vip_5,0.0029376814217735013,0.013754699839505252,0.21357655609002135
meg,delta,Vip_6,0.001674467896037065,0.007840129678518114,0.21357655609002135
meg,delta,Vip_7,0.0007812392466041068,0.0036578885852753366,0.21357655609002135
meg,delta,Vip_8,0.0011444319456094666,0.005358415579690754,0.21357655609002135
meg,delta,Vip_9,0.0006911546155528591,0.0032360977637524097,0.21357655609002135
meg,theta,Astro_1,0.00245298005934967,0.024554158247084765,0.09990080029075744
meg,theta,Astro_2,0.0007327731593810421,0.007335007900320458,0.09990080029075744
meg,theta,Chandelier_1,0.0031752109486784235,0.03178363876402485,0.09990080029075744
meg,theta,Endo_1,0.0018244864569619793,0.018262981394061725,0.09990080029075744
meg,theta,L2/3 IT_1,0.0004479223034257961,0.004483670822677451,0.09990080029075744
meg,theta,L2/3 IT_2,0.0005961610312050683,0.0059675300845435115,0.09990080029075744
meg,theta,L2/3 IT_3,0.001524461445484348,0.01525975208454248,0.09990080029075744
meg,theta,L2/3 IT_4,0.0012548824422639485,0.012561285181016181,0.09990080029075744
meg,theta,L2/3 IT_5,0.0002861807871733403,0.0028646495958032582,0.09990080029075744
meg,theta,L2/3 IT_6,0.0011531336789147163,0.011542787200488534,0.09990080029075744
meg,theta,L2/3 IT_7,0.0007290387255971201,0.007297626480221189,0.09990080029075744
meg,theta,L2/3 IT_8,0.001772645949277637,0.01774406155024203,0.09990080029075744
meg,theta,L4 IT_1,0.0023414860535979154,0.023438111074016527,0.09990080029075744
meg,theta,L4 IT_2,0.0015910164685265474,0.015925963194448445,0.09990080029075744
meg,theta,L4 IT_3,0.0015015248442055511,0.015030158315403087,0.09990080029075744
meg,theta,L5 ET_1,0.000478099062913137,0.00478573806737932,0.09990080029075744
meg,theta,L5 IT_1,0.001004763369162284,0.010057610812305395,0.09990080029075744
meg,theta,L5 IT_2,0.0009916293978165847,0.009926140680860267,0.09990080029075744
meg,theta,L5 IT_3,0.0020678789351669218,0.020699323019920154,0.09990080029075744
meg,theta,L5 IT_4,0.0009250689648039242,0.009259875417529654,0.09990080029075744
meg,theta,L5 IT_5,0.002274946997573431,0.022772059792837345,0.09990080029075744
meg,theta,L5/6 NP_1,0.0017538899113702777,0.01755631492706413,0.09990080029075744
meg,theta,L5/6 NP_2,0.0010132939370532672,0.010143001198229785,0.09990080029075744
meg,theta,L6 CT_1,0.0011997590666800487,0.01200950405990939,0.09990080029075744
meg,theta,L6 CT_2,0.0005093078896683069,0.005098136233002997,0.09990080029075744
meg,theta,L6 IT Car3_1,0.0007397971238884529,0.007405317292106788,0.09990080029075744
meg,theta,L6 IT_1,0.0006796726043933133,0.006803475071422373,0.09990080029075744
meg,theta,L6 IT_2,0.0003813062406820246,0.0038168487096424393,0.09990080029075744
meg,theta,L6 IT_3,0.0036102792244395703,0.036138641671858394,0.09990080029075744
meg,theta,L6b_1,0.0004154225371791238,0.004158350443340318,0.09990080029075744
meg,theta,L6b_2,0.0001765535564365614,0.0017672887096270406,0.09990080029075744
meg,theta,L6b_3,0.003470402892299914,0.034738489403482654,0.09990080029075744
meg,theta,Lamp5_1,0.0010563318775557273,0.010573807962311752,0.09990080029075744
meg,theta,Lamp5_2,0.0009342341361638232,0.00935161813964223,0.09990080029075744
meg,theta,Lamp5_Lhx6_1,0.00026981683975854464,0.002700847630582068,0.09990080029075744
meg,theta,Micro-PVM_1,0.0016624633700664815,0.016641141664810948,0.09990080029075744
meg,theta,Micro-PVM_2,0.0007238047721880209,0.007245234973908265,0.09990080029075744
meg,theta,OPC_1,0.0006698520776389106,0.006705172287802819,0.09990080029075744
meg,theta,Oligo_1,0.0022402732124117528,0.02242497763673087,0.09990080029075744
meg,theta,Oligo_2,0.0005732242355187128,0.0057379343693981,0.09990080029075744
meg,theta,Pax6_1,0.000652997337575147,0.006536457522608661,0.09990080029075744
meg,theta,Pax6_2,0.0010485535585428641,0.010495947534865479,0.09990080029075744
meg,theta,Pvalb_1,0.0004970260364538499,0.0049751957442510444,0.09990080029075744
meg,theta,Pvalb_2,0.0006752949660938036,0.006759655219261342,0.09990080029075744
meg,theta,Pvalb_3,0.002586656499311609,0.02589225002986207,0.09990080029075744
meg,theta,Pvalb_4,0.0008128033777859785,0.00813610477013543,0.09990080029075744
meg,theta,Pvalb_5,0.00046525875164672324,0.004657207452719152,0.09990080029075744
meg,theta,Sncg_1,0.0005229640235390536,0.005234833174679151,0.09990080029075744
meg,theta,Sncg_2,0.0005417059100406498,0.005422438143278488,0.09990080029075744
meg,theta,Sncg_3,0.002966707103793465,0.029696529909259764,0.09990080029075744
meg,theta,Sncg_4,0.005025805117423389,0.05030795652082842,0.09990080029075744
meg,theta,Sst Chodl_1,0.0016861771046659784,0.016878514483952327,0.09990080029075744
meg,theta,Sst_1,0.00033977139220289993,0.0034010877912289826,0.09990080029075744
meg,theta,Sst_10,0.0022426307371627386,0.02244857629404017,0.09990080029075744
meg,theta,Sst_2,0.0002990675359684585,0.0029936450468668312,0.09990080029075744
meg,theta,Sst_3,0.0005279553711020383,0.005284796213498235,0.09990080029075744
meg,theta,Sst_4,0.0015974468092821686,0.015990330454139116,0.09990080029075744
meg,theta,Sst_5,0.001576956772124895,0.015785226620159427,0.09990080029075744
meg,theta,Sst_6,0.0012176367488794834,0.012188458404092843,0.09990080029075744
meg,theta,Sst_7,0.00059534498575772,0.005959361526884582,0.09990080029075744
meg,theta,Sst_8,0.0008342636533376267,0.008350920622352717,0.09990080029075744
meg,theta,Sst_9,0.001494724326065026,0.0149620856060681,0.09990080029075744
meg,theta,VLMC_1,0.005306625202682418,0.053118945866676634,0.09990080029075744
meg,theta,Vip_1,0.0016650753425496573,0.01666728732606265,0.09990080029075744
meg,theta,Vip_2,0.0031520651335854508,0.031551950779287914,0.09990080029075744
meg,theta,Vip_3,0.0004200970257702917,0.0042051417460882735,0.09990080029075744
meg,theta,Vip_4,0.0049125327004268604,0.049174107576006626,0.09990080029075744
meg,theta,Vip_5,0.0011524524835833927,0.011535968483027403,0.09990080029075744
meg,theta,Vip_6,0.000991360118151621,0.009923445210311684,0.09990080029075744
meg,theta,Vip_7,0.000942480173462437,0.009434160394304997,0.09990080029075744
meg,theta,Vip_8,0.0005548170164047083,0.005553679397862026,0.09990080029075744
meg,theta,Vip_9,0.0013895703885128204,0.013909502070739464,0.09990080029075744
meg,alpha,Astro_1,0.005205512524762188,0.009170220725970539,0.5676540053196221
meg,alpha,Astro_2,0.008057214912955234,0.014193883664079065,0.5676540053196221
meg,alpha,Chandelier_1,0.018057976205122252,0.03181158951737611,0.5676540053196221
meg,alpha,Endo_1,0.006397452048411249,0.011269984864828202,0.5676540053196221
meg,alpha,L2/3 IT_1,0.009529372885568706,0.016787290843130964,0.5676540053196221
meg,alpha,L2/3 IT_2,0.01018498435984877,0.017942239928553018,0.5676540053196221
meg,alpha,L2/3 IT_3,0.0036245124890289457,0.006385073398694924,0.5676540053196221
meg,alpha,L2/3 IT_4,0.005294224744570256,0.009326499408014045,0.5676540053196221
meg,alpha,L2/3 IT_5,0.0023890111855593347,0.00420856923966243,0.5676540053196221
meg,alpha,L2/3 IT_6,0.003919482201360639,0.006904702802464582,0.5676540053196221
meg,alpha,L2/3 IT_7,0.006596677490744165,0.01162094767045615,0.5676540053196221
meg,alpha,L2/3 IT_8,0.005538281628735204,0.00975643891672504,0.5676540053196221
meg,alpha,L4 IT_1,0.013895532477422078,0.02447887682849712,0.5676540053196221
meg,alpha,L4 IT_2,0.004899167071503952,0.008630551402073588,0.5676540053196221
meg,alpha,L4 IT_3,0.004273723074796725,0.007528746445452053,0.5676540053196221
meg,alpha,L5 ET_1,0.014452861109184846,0.025460687273838663,0.5676540053196221
meg,alpha,L5 IT_1,0.003979928149916049,0.007011186590104511,0.5676540053196221
meg,alpha,L5 IT_2,0.002242656737555836,0.003950745906026137,0.5676540053196221
meg,alpha,L5 IT_3,0.004115765113202122,0.007250481939054949,0.5676540053196221
meg,alpha,L5 IT_4,0.01488939995061903,0.026229710018932106,0.5676540053196221
meg,alpha,L5 IT_5,0.013346408529904099,0.023511520054173313,0.5676540053196221
meg,alpha,L5/6 NP_1,0.007780937090937608,0.013707182576042056,0.5676540053196221
meg,alpha,L5/6 NP_2,0.002184855814761905,0.003848921692240513,0.5676540053196221
meg,alpha,L6 CT_1,0.004200248823080868,0.007399311523779146,0.5676540053196221
meg,alpha,L6 CT_2,0.01916810247292315,0.03376722844073019,0.5676540053196221
meg,alpha,L6 IT Car3_1,0.0059460323541810816,0.010474747466695177,0.5676540053196221
meg,alpha,L6 IT_1,0.008620987477504873,0.015187045976449612,0.5676540053196221
meg,alpha,L6 IT_2,0.008263799284894248,0.014557810228505743,0.5676540053196221
meg,alpha,L6 IT_3,0.0046727522950305135,0.00823169087373828,0.5676540053196221
meg,alpha,L6b_1,0.005088079881154125,0.008963347097831613,0.5676540053196221
meg,alpha,L6b_2,0.0020899568696383956,0.003681744249230883,0.5676540053196221
meg,alpha,L6b_3,0.009262867052583012,0.016317804447389537,0.5676540053196221
meg,alpha,Lamp5_1,0.00459393749277491,0.00809284784344692,0.5676540053196221
meg,alpha,Lamp5_2,0.010117726795669907,0.017823756550388543,0.5676540053196221
meg,alpha,Lamp5_Lhx6_1,0.0012558279361966273,0.002212312296624285,0.5676540053196221
meg,alpha,Micro-PVM_1,0.00480419498911402,0.00846324511778787,0.5676540053196221
meg,alpha,Micro-PVM_2,0.003472460330254835,0.006117212769950665,0.5676540053196221
meg,alpha,OPC_1,0.0025331656247382225,0.004462516957511651,0.5676540053196221
meg,alpha,Oligo_1,0.002890133633931999,0.005091364822317578,0.5676540053196221
meg,alpha,Oligo_2,0.00664519367551347,0.011706415551092326,0.5676540053196221
meg,alpha,Pax6_1,0.003340559462369372,0.005884851390220427,0.5676540053196221
meg,alpha,Pax6_2,0.006517184770016371,0.01148091039425824,0.5676540053196221
meg,alpha,Pvalb_1,0.013378995211773744,0.023568925941499515,0.5676540053196221
meg,alpha,Pvalb_2,0.002991957498082933,0.00527074145526074,0.5676540053196221
meg,alpha,Pvalb_3,0.004488485767334322,0.00790708023773574,0.5676540053196221
meg,alpha,Pvalb_4,0.004978640263943582,0.008770554276526807,0.5676540053196221
meg,alpha,Pvalb_5,0.004128634966952101,0.0072731539428272695,0.5676540053196221
meg,alpha,Sncg_1,0.0060332516099326095,0.010628396088803319,0.5676540053196221
meg,alpha,Sncg_2,0.0039804848055285105,0.007012167214934504,0.5676540053196221
meg,alpha,Sncg_3,0.009089315195406813,0.016012069165774672,0.5676540053196221
meg,alpha,Sncg_4,0.003867194226430117,0.006812590398710677,0.5676540053196221
meg,alpha,Sst Chodl_1,0.006111640459238222,0.010766488744842054,0.5676540053196221
meg,alpha,Sst_1,0.007001485548358523,0.012334072309445401,0.5676540053196221
meg,alpha,Sst_10,0.00845446689674881,0.01489369724783049,0.5676540053196221
meg,alpha,Sst_2,0.008354944006103374,0.014718374093738768,0.5676540053196221
meg,alpha,Sst_3,0.005289098184892526,0.009317468273503077,0.5676540053196221
meg,alpha,Sst_4,0.009008895926317657,0.01587039964818909,0.5676540053196221
meg,alpha,Sst_5,0.012396147403963411,0.021837505395533433,0.5676540053196221
meg,alpha,Sst_6,0.007296179990701238,0.012853216787562462,0.5676540053196221
meg,alpha,Sst_7,0.0032317497037513522,0.005693168150785248,0.5676540053196221
meg,alpha,Sst_8,0.0020597023065677283,0.0036284467074410875,0.5676540053196221
meg,alpha,Sst_9,0.0062273464982312765,0.010970320723316168,0.5676540053196221
meg,alpha,VLMC_1,0.011558850152967618,0.02036249201916459,0.5676540053196221
meg,alpha,Vip_1,0.003134815219115583,0.005522404827127927,0.5676540053196221
meg,alpha,Vip_2,0.02978670516712784,0.052473346242586975,0.5676540053196221
meg,alpha,Vip_3,0.01687158140388012,0.029721593163744953,0.5676540053196221
meg,alpha,Vip_4,0.03193474686969115,0.05625741485204538,0.5676540053196221
meg,alpha,Vip_5,0.009838618432974356,0.01733206907865407,0.5676540053196221
meg,alpha,Vip_6,0.021865429914039846,0.03851893884150143,0.5676540053196221
meg,alpha,Vip_7,0.009440445487388713,0.016630633095019203,0.5676540053196221
meg,alpha,Vip_8,0.0063209671317105845,0.011135246245909098,0.5676540053196221
meg,alpha,Vip_9,0.0141940800524262,0.025004809125647075,0.5676540053196221
meg,beta,Astro_1,0.00044170767101554267,0.006825872886170881,0.06471079646244746
meg,beta,Astro_2,0.0016219298073163956,0.02506428441593395,0.06471079646244746
meg,beta,Chandelier_1,0.0009138753276185541,0.014122455255961626,0.06471079646244746
meg,beta,Endo_1,0.0002938240840683918,0.004540572827579118,0.06471079646244746
meg,beta,L2/3 IT_1,0.0004803173449952323,0.007422522534921463,0.06471079646244746
meg,beta,L2/3 IT_2,0.0012366743638607502,0.019110788793619764,0.06471079646244746
meg,beta,L2/3 IT_3,0.0005194225501808721,0.008026829811657471,0.06471079646244746
meg,beta,L2/3 IT_4,0.0008302490752305626,0.012830147681961654,0.06471079646244746
meg,beta,L2/3 IT_5,0.001418518041066224,0.02192088675480001,0.06471079646244746
meg,beta,L2/3 IT_6,0.0003875393127960234,0.005988789104472199,0.06471079646244746
meg,beta,L2/3 IT_7,0.001369113899039391,0.021157426177468023,0.06471079646244746
meg,beta,L2/3 IT_8,0.0010791950884263756,0.016677202992743986,0.06471079646244746
meg,beta,L4 IT_1,0.0008454345698467744,0.013064814776887987,0.06471079646244746
meg,beta,L4 IT_2,0.0005756009517648965,0.008894975540888691,0.06471079646244746
meg,beta,L4 IT_3,0.001958237909568868,0.03026137857390242,0.06471079646244746
meg,beta,L5 ET_1,0.001850609973176127,0.028598164052115488,0.06471079646244746
meg,beta,L5 IT_1,0.0011535441745269734,0.017826147066454214,0.06471079646244746
meg,beta,L5 IT_2,0.0014680616547104838,0.022686502638897665,0.06471079646244746
meg,beta,L5 IT_3,0.0002293089390035362,0.003543596301377735,0.06471079646244746
meg,beta,L5 IT_4,0.0004215307132429376,0.006514070855047465,0.06471079646244746
meg,beta,L5 IT_5,0.0008830890082099804,0.013646702814459235,0.06471079646244746
meg,beta,L5/6 NP_1,0.0007605864063093621,0.011753624555536735,0.06471079646244746
meg,beta,L5/6 NP_2,0.0002185535705293989,0.003377389593036897,0.06471079646244746
meg,beta,L6 CT_1,0.0004018307479402826,0.006209639965928567,0.06471079646244746
meg,beta,L6 CT_2,0.0008419250148398534,0.01301058031836208,0.06471079646244746
meg,beta,L6 IT Car3_1,0.00035622870956881646,0.005504934710169125,0.06471079646244746
meg,beta,L6 IT_1,0.0005432538119301429,0.00839510316096017,0.06471079646244746
meg,beta,L6 IT_2,0.0007888795309985546,0.012190848731963175,0.06471079646244746
meg,beta,L6 IT_3,0.0016863595589275279,0.026059941325341975,0.06471079646244746
meg,beta,L6b_1,0.00101218795430745,0.015641716833061023,0.06471079646244746
meg,beta,L6b_2,0.0009417955130083333,0.014553916262719312,0.06471079646244746
meg,beta,L6b_3,0.0006539673473139404,0.010106000591314718,0.06471079646244746
meg,beta,Lamp5_1,0.0018302121383227754,0.028282948725331672,0.06471079646244746
meg,beta,Lamp5_2,0.0013063753754264957,0.020187904443188284,0.06471079646244746
meg,beta,Lamp5_Lhx6_1,0.00022337348312039196,0.003451873494556949,0.06471079646244746
meg,beta,Micro-PVM_1,0.0013260486091992,0.020491922240034918,0.06471079646244746
meg,beta,Micro-PVM_2,0.001806237514197965,0.02791245994393144,0.06471079646244746
meg,beta,OPC_1,0.000776458860825459,0.01199890749723732,0.06471079646244746
meg,beta,Oligo_1,0.00058539954245483,0.009046396806358969,0.06471079646244746
meg,beta,Oligo_2,0.0011767689667277568,0.018185048416312594,0.06471079646244746
meg,beta,Pax6_1,0.0004812721588554775,0.007437277628544816,0.06471079646244746
meg,beta,Pax6_2,0.0005294888515376497,0.008182388109608868,0.06471079646244746
meg,beta,Pvalb_1,0.0003048498902393276,0.004710958710208985,0.06471079646244746
meg,beta,Pvalb_2,0.0009995326484041425,0.015446149685148515,0.06471079646244746
meg,beta,Pvalb_3,0.0005008401488399918,0.00773966905399837,0.06471079646244746
meg,beta,Pvalb_4,0.00029351653383091227,0.0045358201393989,0.06471079646244746
meg,beta,Pvalb_5,0.00017726060059228166,0.0027392739740909906,0.06471079646244746
meg,beta,Sncg_1,0.0011994536374574582,0.018535603068237882,0.06471079646244746
meg,beta,Sncg_2,0.0004296870348424517,0.006640113525596998,0.06471079646244746
meg,beta,Sncg_3,0.0008650636204942147,0.013368149795470725,0.06471079646244746
meg,beta,Sncg_4,0.0017883925641881038,0.027636695295906795,0.06471079646244746
meg,beta,Sst Chodl_1,0.0008374093748185962,0.012940798454003824,0.06471079646244746
meg,beta,Sst_1,0.000306443473066513,0.004735584938200324,0.06471079646244746
meg,beta,Sst_10,0.0009476058570672098,0.014643705669997713,0.06471079646244746
meg,beta,Sst_2,0.00045267221061516533,0.006995311993692692,0.06471079646244746
meg,beta,Sst_3,0.0005738960508124694,0.00886862907251511,0.06471079646244746
meg,beta,Sst_4,0.000792035879114942,0.012239624953072107,0.06471079646244746
meg,beta,Sst_5,0.001556105378549473,0.024047075041836362,0.06471079646244746
meg,beta,Sst_6,0.00020268636358202055,0.0031321877439669924,0.06471079646244746
meg,beta,Sst_7,0.0025710821276418504,0.03973188815770308,0.06471079646244746
meg,beta,Sst_8,0.0018381225790569753,0.028405191707440387,0.06471079646244746
meg,beta,Sst_9,0.0011998433340210614,0.018541625194141237,0.06471079646244746
meg,beta,VLMC_1,0.0009747425986957213,0.015063059828994339,0.06471079646244746
meg,beta,Vip_1,0.00036105944860204315,0.005579585916726752,0.06471079646244746
meg,beta,Vip_2,0.0004874154262508205,0.007532211823936895,0.06471079646244746
meg,beta,Vip_3,0.0007434008062894891,0.01148804908808215,0.06471079646244746
meg,beta,Vip_4,0.002637109743996418,0.04075223746514646,0.06471079646244746
meg,beta,Vip_5,0.000449984206890281,0.006953773272616307,0.06471079646244746
meg,beta,Vip_6,0.0007121076230222864,0.011004463890898515,0.06471079646244746
meg,beta,Vip_7,0.0007877856733977869,0.012173944943715065,0.06471079646244746
meg,beta,Vip_8,0.0010067797829959029,0.015558142350792278,0.06471079646244746
meg,beta,Vip_9,0.000488923719064984,0.007555520033642501,0.06471079646244746
meg,gamma1,Astro_1,6.228214216678216e-05,0.0030676837284051343,0.020302660795857914
meg,gamma1,Astro_2,7.992163473824024e-05,0.003936510368854983,0.020302660795857914
meg,gamma1,Chandelier_1,0.00046103469952913154,0.022708092508898655,0.020302660795857914
meg,gamma1,Endo_1,0.0003175748038592799,0.015642028749456846,0.020302660795857914
meg,gamma1,L2/3 IT_1,0.00017099552822440577,0.008422321091001616,0.020302660795857914
meg,gamma1,L2/3 IT_2,0.00012092337533336287,0.005956035839304042,0.020302660795857914
meg,gamma1,L2/3 IT_3,0.000526038693190711,0.025909840019493,0.020302660795857914
meg,gamma1,L2/3 IT_4,0.00013861789998356646,0.006827573064307258,0.020302660795857914
meg,gamma1,L2/3 IT_5,5.634987095373755e-05,0.0027754919180462234,0.020302660795857914
meg,gamma1,L2/3 IT_6,6.851957320088918e-05,0.003374906072157218,0.020302660795857914
meg,gamma1,L2/3 IT_7,0.0002522421719000513,0.01242409428184472,0.020302660795857914
meg,gamma1,L2/3 IT_8,0.00017575226061679442,0.008656612174333861,0.020302660795857914
meg,gamma1,L4 IT_1,0.00028311045102860524,0.013944499879856366,0.020302660795857914
meg,gamma1,L4 IT_2,0.00012665045569095664,0.006238121050458345,0.020302660795857914
meg,gamma1,L4 IT_3,0.0005025078537002461,0.02475083727955334,0.020302660795857914
meg,gamma1,L5 ET_1,0.00037333816178449126,0.018388632186607707,0.020302660795857914
meg,gamma1,L5 IT_1,5.1823685312501654e-05,0.002552556329122859,0.020302660795857914
meg,gamma1,L5 IT_2,0.0001902455348787281,0.009370473003102205,0.020302660795857914
meg,gamma1,L5 IT_3,0.0002916884821998996,0.014367007612096291,0.020302660795857914
meg,gamma1,L5 IT_4,0.0003298465042386012,0.016246466783599884,0.020302660795857914
meg,gamma1,L5 IT_5,0.00010982807855575277,0.005409541126656638,0.020302660795857914
meg,gamma1,L5/6 NP_1,9.315128189911828e-05,0.0045881317151357185,0.020302660795857914
meg,gamma1,L5/6 NP_2,0.0002098840485305886,0.010337760682747972,0.020302660795857914
meg,gamma1,L6 CT_1,0.0002034305592261321,0.010019896469315755,0.020302660795857914
meg,gamma1,L6 CT_2,0.00025825598956784416,0.012720302632477254,0.020302660795857914
meg,gamma1,L6 IT Car3_1,0.00012376826816599027,0.006096159976786938,0.020302660795857914
meg,gamma1,L6 IT_1,0.00038215468382812363,0.018822886697988355,0.020302660795857914
meg,gamma1,L6 IT_2,0.0003186541705329098,0.015695192553181043,0.020302660795857914
meg,gamma1,L6 IT_3,0.0005253971888892968,0.02587824296392159,0.020302660795857914
meg,gamma1,L6b_1,5.566059336495719e-05,0.0027415418069888105,0.020302660795857914
meg,gamma1,L6b_2,0.00013208537344924488,0.006505815901539,0.020302660795857914
meg,gamma1,L6b_3,5.695939802637309e-05,0.002805513947117403,0.020302660795857914
meg,gamma1,Lamp5_1,0.00018851171081866623,0.009285074144425729,0.020302660795857914
meg,gamma1,Lamp5_2,0.00018458144153327087,0.009091490193784284,0.020302660795857914
meg,gamma1,Lamp5_Lhx6_1,0.0004594455068997141,0.0226298174175007,0.020302660795857914
meg,gamma1,Micro-PVM_1,0.0003565116227314644,0.017559847269092866,0.020302660795857914
meg,gamma1,Micro-PVM_2,0.0003334074948147756,0.016421862048879642,0.020302660795857914
meg,gamma1,OPC_1,0.00016837970789996683,0.008293479834639168,0.020302660795857914
meg,gamma1,Oligo_1,0.0004444702068046349,0.021892214585750965,0.020302660795857914
meg,gamma1,Oligo_2,0.00016695712894756714,0.008223411237882141,0.020302660795857914
meg,gamma1,Pax6_1,0.00014475396251500478,0.007129802540193994,0.020302660795857914
meg,gamma1,Pax6_2,0.0004360882902132263,0.02147936640414126,0.020302660795857914
meg,gamma1,Pvalb_1,0.00017344985491297478,0.008543208038443979,0.020302660795857914
meg,gamma1,Pvalb_2,0.00014825306519148613,0.007302149540011635,0.020302660795857914
meg,gamma1,Pvalb_3,0.0003683133891707472,0.018141138881948387,0.020302660795857914
meg,gamma1,Pvalb_4,0.0001613214732116246,0.0079458291124352,0.020302660795857914
meg,gamma1,Pvalb_5,0.00030086239618323834,0.014818865330430942,0.020302660795857914
meg,gamma1,Sncg_1,0.0004098362679008974,0.020186332817248805,0.020302660795857914
meg,gamma1,Sncg_2,8.260626178827121e-05,0.004068740674873723,0.020302660795857914
meg,gamma1,Sncg_3,0.0004164890250490432,0.02051401189414611,0.020302660795857914
meg,gamma1,Sncg_4,0.0009577851654670379,0.047175351797358614,0.020302660795857914
meg,gamma1,Sst Chodl_1,0.00017842411017402124,0.00878821312970085,0.020302660795857914
meg,gamma1,Sst_1,0.0003896509964957415,0.019192114787990593,0.020302660795857914
meg,gamma1,Sst_10,0.00027775271746214165,0.013680606707412848,0.020302660795857914
meg,gamma1,Sst_2,0.00019456923659420016,0.009583435321635062,0.020302660795857914
meg,gamma1,Sst_3,0.0001674757447784107,0.008248955467579824,0.020302660795857914
meg,gamma1,Sst_4,0.0004128385533734049,0.02033420927062087,0.020302660795857914
meg,gamma1,Sst_5,0.00039704814546763907,0.019556458607073,0.020302660795857914
meg,gamma1,Sst_6,0.00029762229952295694,0.014659275575528352,0.020302660795857914
meg,gamma1,Sst_7,0.0002277150150307394,0.011216018300280971,0.020302660795857914
meg,gamma1,Sst_8,0.0001343490310151922,0.00661731151232166,0.020302660795857914
meg,gamma1,Sst_9,0.0006791440089678402,0.03345098535588976,0.020302660795857914
meg,gamma1,VLMC_1,0.0007108245281287985,0.035011397534347746,0.020302660795857914
meg,gamma1,Vip_1,0.0003183014439753259,0.015677819137886833,0.020302660795857914
meg,gamma1,Vip_2,0.0008501026784424422,0.04187149098289016,0.020302660795857914
meg,gamma1,Vip_3,0.00015998588087000757,0.007880045008812214,0.020302660795857914
meg,gamma1,Vip_4,0.0008863876489415971,0.04365869369804155,0.020302660795857914
meg,gamma1,Vip_5,0.00023680330426429313,0.011663658603438078,0.020302660795857914
meg,gamma1,Vip_6,0.000287484518164448,0.014159942928421465,0.020302660795857914
meg,gamma1,Vip_7,0.0001378387649901688,0.006789197060234107,0.020302660795857914
meg,gamma1,Vip_8,0.0002637746740618213,0.012992123382942781,0.020302660795857914
meg,gamma1,Vip_9,0.00014385010651579903,0.007085283449406143,0.020302660795857914
meg,gamma2,Astro_1,6.917183858865679e-05,0.005287942470258903,0.013081049761358326
meg,gamma2,Astro_2,0.00017413763911820537,0.013312206764369273,0.013081049761358326
meg,gamma2,Chandelier_1,0.00040998248103705614,0.031341710987764324,0.013081049761358326
meg,gamma2,Endo_1,0.00015215098895780845,0.011631405103836957,0.013081049761358326
meg,gamma2,L2/3 IT_1,7.282291723886203e-05,0.0055670545229468,0.013081049761358326
meg,gamma2,L2/3 IT_2,0.00011748393499254803,0.008981231410004864,0.013081049761358326
meg,gamma2,L2/3 IT_3,0.0002440841104329593,0.018659367167456885,0.013081049761358326
meg,gamma2,L2/3 IT_4,6.005711006029071e-05,0.004591153703711194,0.013081049761358326
meg,gamma2,L2/3 IT_5,0.00011877715248743975,0.009080093314705504,0.013081049761358326
meg,gamma2,L2/3 IT_6,8.081627263295417e-05,0.006178118278525857,0.013081049761358326
meg,gamma2,L2/3 IT_7,6.22334753081187e-05,0.004757529131336048,0.013081049761358326
meg,gamma2,L2/3 IT_8,6.712049489701875e-05,0.00513112449853176,0.013081049761358326
meg,gamma2,L4 IT_1,0.000124945403001538,0.009551634255732987,0.013081049761358326
meg,gamma2,L4 IT_2,0.0002790426155239007,0.0213318212692836,0.013081049761358326
meg,gamma2,L4 IT_3,6.77825785177169e-05,0.0051817384502234635,0.013081049761358326
meg,gamma2,L5 ET_1,0.0005480356688792806,0.041895389045777394,0.013081049761358326
meg,gamma2,L5 IT_1,9.453696393176491e-05,0.0072270166123080525,0.013081049761358326
meg,gamma2,L5 IT_2,8.403655979518803e-05,0.006424297845225974,0.013081049761358326
meg,gamma2,L5 IT_3,9.34139029014208e-05,0.007141162567653192,0.013081049761358326
meg,gamma2,L5 IT_4,0.0002519193777456057,0.019258345648204812,0.013081049761358326
meg,gamma2,L5 IT_5,0.00025302710963112646,0.019343027833941387,0.013081049761358326
meg,gamma2,L5/6 NP_1,8.802514066362163e-05,0.006729210749098257,0.013081049761358326
meg,gamma2,L5/6 NP_2,0.0001112109012702091,0.008501680163218112,0.013081049761358326
meg,gamma2,L6 CT_1,0.0001521850299130748,0.011634007414499128,0.013081049761358326
meg,gamma2,L6 CT_2,0.00013855398297540902,0.010591962075146306,0.013081049761358326
meg,gamma2,L6 IT Car3_1,0.00023370276338164522,0.017865749893560354,0.013081049761358326
meg,gamma2,L6 IT_1,0.00021916709611746887,0.01675454952896003,0.013081049761358326
meg,gamma2,L6 IT_2,6.251263406244918e-05,0.004778869831006431,0.013081049761358326
meg,gamma2,L6 IT_3,0.0003589002063184834,0.027436651711140306,0.013081049761358326
meg,gamma2,L6b_1,3.1417566497337607e-05,0.002401761867013587,0.013081049761358326
meg,gamma2,L6b_2,8.837993596769243e-05,0.00675633359554739,0.013081049761358326
meg,gamma2,L6b_3,7.570808467029824e-05,0.005787615371202194,0.013081049761358326
meg,gamma2,Lamp5_1,0.00012773460495796844,0.009764858882755642,0.013081049761358326
meg,gamma2,Lamp5_2,0.00033580500392930415,0.025671105152529777,0.013081049761358326
meg,gamma2,Lamp5_Lhx6_1,0.00023131519072526393,0.01768322840637557,0.013081049761358326
meg,gamma2,Micro-PVM_1,8.895889738661804e-05,0.006800593148831552,0.013081049761358326
meg,gamma2,Micro-PVM_2,0.0003986022711762679,0.030471734184036724,0.013081049761358326
meg,gamma2,OPC_1,7.737677043818994e-05,0.005915180497727515,0.013081049761358326
meg,gamma2,Oligo_1,0.000247565976260121,0.0189255434981553,0.013081049761358326
meg,gamma2,Oligo_2,0.00014499323173788824,0.011084219874019672,0.013081049761358326
meg,gamma2,Pax6_1,2.7513265345404756e-05,0.002103291849456874,0.013081049761358326
meg,gamma2,Pax6_2,0.00029842095480427653,0.022813226785958554,0.013081049761358326
meg,gamma2,Pvalb_1,0.00012022933401850761,0.00919110745787906,0.013081049761358326
meg,gamma2,Pvalb_2,0.00014890971682356247,0.011383621310228836,0.013081049761358326
meg,gamma2,Pvalb_3,0.00024459752624739136,0.01869861599104509,0.013081049761358326
meg,gamma2,Pvalb_4,8.92053111296158e-05,0.006819430608171067,0.013081049761358326
meg,gamma2,Pvalb_5,0.00026020902162877333,0.019892059611105205,0.013081049761358326
meg,gamma2,Sncg_1,0.00017023377161353562,0.013013769897612458,0.013081049761358326
meg,gamma2,Sncg_2,5.086405852164736e-05,0.0038883774199759387,0.013081049761358326
meg,gamma2,Sncg_3,0.00037095388205297513,0.028358112599554515,0.013081049761358326
meg,gamma2,Sncg_4,0.00036166275163221134,0.02764783853208556,0.013081049761358326
meg,gamma2,Sst Chodl_1,9.424241548825979e-05,0.007204499425317814,0.013081049761358326
meg,gamma2,Sst_1,0.0001653216565174538,0.012638256067629769,0.013081049761358326
meg,gamma2,Sst_10,0.0001863721006630072,0.01424748808872771,0.013081049761358326
meg,gamma2,Sst_2,6.813801457630691e-05,0.005208910280089899,0.013081049761358326
meg,gamma2,Sst_3,0.00021860804183972729,0.016711811806228247,0.013081049761358326
meg,gamma2,Sst_4,0.0004947528364065536,0.03782210490996396,0.013081049761358326
meg,gamma2,Sst_5,0.0001927220652252564,0.014732920426200127,0.013081049761358326
meg,gamma2,Sst_6,0.00013867493943427723,0.01060120876872785,0.013081049761358326
meg,gamma2,Sst_7,0.00022131299018008548,0.016918595542220805,0.013081049761358326
meg,gamma2,Sst_8,0.00013461990912589056,0.010291216040134667,0.013081049761358326
meg,gamma2,Sst_9,0.00019834929706457618,0.01516310240256893,0.013081049761358326
meg,gamma2,VLMC_1,0.0002956748787942553,0.022603298985046646,0.013081049761358326
meg,gamma2,Vip_1,0.00014413141080719786,0.01101833671124506,0.013081049761358326
meg,gamma2,Vip_2,0.00042412769752429494,0.032423062771091686,0.013081049761358326
meg,gamma2,Vip_3,0.00021657873048526064,0.01655667812877208,0.013081049761358326
meg,gamma2,Vip_4,0.00025709160507216315,0.019653744138457198,0.013081049761358326
meg,gamma2,Vip_5,0.00016081076366265763,0.012293414259281831,0.013081049761358326
meg,gamma2,Vip_6,0.00023902376727373355,0.018272521826177467,0.013081049761358326
meg,gamma2,Vip_7,2.334637895806559e-05,0.0017847481191479943,0.013081049761358326
meg,gamma2,Vip_8,0.00021694805349081674,0.016584911566630185,0.013081049761358326
meg,gamma2,Vip_9,0.0002097087308218126,0.016031490946643766,0.013081049761358326
enigma,22q,Astro_1,0.0008139234038899792,0.002787597301275619,0.2919802668475549
enigma,22q,Astro_2,0.00299189532579809,0.010246909348021731,0.2919802668475549
enigma,22q,Chandelier_1,0.007184622254568582,0.02460653362687598,0.2919802668475549
enigma,22q,Endo_1,0.007833212202373822,0.026827882195421107,0.2919802668475549
enigma,22q,L2/3 IT_1,0.01008777604008193,0.03454951305099271,0.2919802668475549
enigma,22q,L2/3 IT_2,0.002559556135577823,0.008766195617302406,0.2919802668475549
enigma,22q,L2/3 IT_3,0.0008048589952575105,0.0027565527079873977,0.2919802668475549
enigma,22q,L2/3 IT_4,0.007273343897888156,0.024910395405884137,0.2919802668475549
enigma,22q,L2/3 IT_5,0.003915882560685723,0.013411463051817249,0.2919802668475549
enigma,22q,L2/3 IT_6,0.0009331297889139039,0.0031958659363822625,0.2919802668475549
enigma,22q,L2/3 IT_7,0.004695437398120842,0.016081351828383543,0.2919802668475549
enigma,22q,L2/3 IT_8,0.0021657387009379717,0.007417414622984505,0.2919802668475549
enigma,22q,L4 IT_1,0.0051732953660801675,0.017717962319628893,0.2919802668475549
enigma,22q,L4 IT_2,0.0008491005189648434,0.0029080750152480858,0.2919802668475549
enigma,22q,L4 IT_3,0.0031988498155944333,0.010955705500689117,0.2919802668475549
enigma,22q,L5 ET_1,0.004369452337457699,0.014964889184579803,0.2919802668475549
enigma,22q,L5 IT_1,0.002310160852434178,0.007912044458950817,0.2919802668475549
enigma,22q,L5 IT_2,0.004212864855773958,0.014428594443245462,0.2919802668475549
enigma,22q,L5 IT_3,0.001441635185212384,0.004937440467389779,0.2919802668475549
enigma,22q,L5 IT_4,0.0018098515408109252,0.006198540608074251,0.2919802668475549
enigma,22q,L5 IT_5,0.004799088585220109,0.016436345637445934,0.2919802668475549
enigma,22q,L5/6 NP_1,0.009142465593869673,0.03131192971558939,0.2919802668475549
enigma,22q,L5/6 NP_2,0.002796559264678958,0.009577905023763345,0.2919802668475549
enigma,22q,L6 CT_1,0.00808911147079123,0.027704308781300677,0.2919802668475549
enigma,22q,L6 CT_2,0.00523179197341825,0.017918306705808334,0.2919802668475549
enigma,22q,L6 IT Car3_1,0.005461401012517725,0.0187046921748625,0.2919802668475549
enigma,22q,L6 IT_1,0.0032023196111949396,0.010967589165424303,0.2919802668475549
enigma,22q,L6 IT_2,0.006720716329796366,0.023017707334671705,0.2919802668475549
enigma,22q,L6 IT_3,0.002594484380274062,0.008885820977856226,0.2919802668475549
enigma,22q,L6b_1,0.0020475799650036862,0.007012734069705961,0.2919802668475549
enigma,22q,L6b_2,0.0014272227909409014,0.004888079616990231,0.2919802668475549
enigma,22q,L6b_3,0.005167606786012981,0.017698479564411892,0.2919802668475549
enigma,22q,Lamp5_1,0.002572339204886989,0.008809976210584214,0.2919802668475549
enigma,22q,Lamp5_2,0.0007613460992085451,0.0026075258695686093,0.2919802668475549
enigma,22q,Lamp5_Lhx6_1,0.0040511924639508225,0.013874884449180877,0.2919802668475549
enigma,22q,Micro-PVM_1,0.003192926024913559,0.010935417175231948,0.2919802668475549
enigma,22q,Micro-PVM_2,0.007919551997614833,0.02712358640917912,0.2919802668475549
enigma,22q,OPC_1,0.0031347863380676083,0.01073629520211482,0.2919802668475549
enigma,22q,Oligo_1,0.006275064389607921,0.021491398913215526,0.2919802668475549
enigma,22q,Oligo_2,0.0019645863394335663,0.006728490115598434,0.2919802668475549
enigma,22q,Pax6_1,0.002860928805005883,0.00979836355345067,0.2919802668475549
enigma,22q,Pax6_2,0.0070899590379359745,0.024282322618869635,0.2919802668475549
enigma,22q,Pvalb_1,0.001419735563092963,0.004862436692799578,0.2919802668475549
enigma,22q,Pvalb_2,0.0032515450806244787,0.011136180933494848,0.2919802668475549
enigma,22q,Pvalb_3,0.0010017115657550573,0.003430750908512795,0.2919802668475549
enigma,22q,Pvalb_4,0.0022298207993605534,0.0076368886960595855,0.2919802668475549
enigma,22q,Pvalb_5,0.004425026415880313,0.015155224233665944,0.2919802668475549
enigma,22q,Sncg_1,0.004548208284716822,0.015577108459495571,0.2919802668475549
enigma,22q,Sncg_2,0.0020251666610204833,0.006935970991758282,0.2919802668475549
enigma,22q,Sncg_3,0.0018539222367537252,0.006349477849205721,0.2919802668475549
enigma,22q,Sncg_4,0.0029522251735233105,0.01011104348043044,0.2919802668475549
enigma,22q,Sst Chodl_1,0.008439439496527795,0.028904143378066332,0.2919802668475549
enigma,22q,Sst_1,0.0018810351483470103,0.006442336561494798,0.2919802668475549
enigma,22q,Sst_10,0.008423233885550434,0.02884864095952165,0.2919802668475549
enigma,22q,Sst_2,0.0018526365831006543,0.0063450746281697515,0.2919802668475549
enigma,22q,Sst_3,0.005414631243618304,0.018544510908490002,0.2919802668475549
enigma,22q,Sst_4,0.0036988674026421664,0.012668210227280095,0.2919802668475549
enigma,22q,Sst_5,0.00567213321239008,0.0194264265651608,0.2919802668475549
enigma,22q,Sst_6,0.002947485188217964,0.01009480955696526,0.2919802668475549
enigma,22q,Sst_7,0.01342884837849661,0.04599231490362296,0.2919802668475549
enigma,22q,Sst_8,0.002724556036343579,0.009331301960094757,0.2919802668475549
enigma,22q,Sst_9,0.0035873788896413398,0.01228637444705925,0.2919802668475549
enigma,22q,VLMC_1,0.004455473834496675,0.015259503262331461,0.2919802668475549
enigma,22q,Vip_1,0.0034940809469355912,0.011966839350687618,0.2919802668475549
enigma,22q,Vip_2,0.006398653653188046,0.02191467842081544,0.2919802668475549
enigma,22q,Vip_3,0.005601621817488077,0.019184932865386844,0.2919802668475549
enigma,22q,Vip_4,0.0042815269249009144,0.014663754407541288,0.2919802668475549
enigma,22q,Vip_5,0.0044088220222206495,0.015099725984299235,0.2919802668475549
enigma,22q,Vip_6,0.00213134453831601,0.007299618434244397,0.2919802668475549
enigma,22q,Vip_7,0.004603548531025118,0.015766642659548857,0.2919802668475549
enigma,22q,Vip_8,0.001681561940539744,0.00575916296911154,0.2919802668475549
enigma,22q,Vip_9,0.002018409752072953,0.006912829328725766,0.2919802668475549
enigma,adhd,Astro_1,0.0007079117004669689,0.006853878054637386,0.10328629935106454
enigma,adhd,Astro_2,0.000888681534966305,0.008604060175936061,0.10328629935106454
enigma,adhd,Chandelier_1,0.0014978833215121717,0.014502245998967853,0.10328629935106454
enigma,adhd,Endo_1,0.0019997954730485478,0.019361672221901875,0.10328629935106454
enigma,adhd,L2/3 IT_1,0.0024025109881540283,0.023260693850478888,0.10328629935106454
enigma,adhd,L2/3 IT_2,0.0009545901290793241,0.009242175729761834,0.10328629935106454
enigma,adhd,L2/3 IT_3,0.0015290949548404983,0.014804431608525225,0.10328629935106454
enigma,adhd,L2/3 IT_4,0.001565949233725183,0.015161248331713447,0.10328629935106454
enigma,adhd,L2/3 IT_5,0.0006313205878168007,0.00611233621286959,0.10328629935106454
enigma,adhd,L2/3 IT_6,0.0010868233326927494,0.010522434626093978,0.10328629935106454
enigma,adhd,L2/3 IT_7,0.0012322585456358618,0.011930513082354531,0.10328629935106454
enigma,adhd,L2/3 IT_8,0.0005216039109759148,0.005050078415560338,0.10328629935106454
enigma,adhd,L4 IT_1,0.0017545742275497961,0.016987482740436786,0.10328629935106454
enigma,adhd,L4 IT_2,0.0016126864931038747,0.015613750354463187,0.10328629935106454
enigma,adhd,L4 IT_3,0.0009552218597296341,0.009248292036128496,0.10328629935106454
enigma,adhd,L5 ET_1,0.0021046663256734967,0.02037701359131718,0.10328629935106454
enigma,adhd,L5 IT_1,0.0035644132847771517,0.034510029957234734,0.10328629935106454
enigma,adhd,L5 IT_2,0.004062534360175137,0.03933275163985499,0.10328629935106454
enigma,adhd,L5 IT_3,0.001152593307224803,0.011159208089227796,0.10328629935106454
enigma,adhd,L5 IT_4,0.0009007847228876954,0.008721241137955547,0.10328629935106454
enigma,adhd,L5 IT_5,0.0023904943271561563,0.02314435062709523,0.10328629935106454
enigma,adhd,L5/6 NP_1,0.0012052174830722592,0.01166870621413001,0.10328629935106454
enigma,adhd,L5/6 NP_2,0.0017426308535153344,0.016871849068696192,0.10328629935106454
enigma,adhd,L6 CT_1,0.0008574058750492431,0.008301254672073854,0.10328629935106454
enigma,adhd,L6 CT_2,0.0011857433014717715,0.011480160572328129,0.10328629935106454
enigma,adhd,L6 IT Car3_1,0.0008651064815215077,0.008375810605635678,0.10328629935106454
enigma,adhd,L6 IT_1,0.0005381302398581567,0.00521008345965694,0.10328629935106454
enigma,adhd,L6 IT_2,0.000868666343188317,0.008410276567618781,0.10328629935106454
enigma,adhd,L6 IT_3,0.0015967831973729978,0.015459777409060016,0.10328629935106454
enigma,adhd,L6b_1,0.0004611141385106329,0.00446442695118092,0.10328629935106454
enigma,adhd,L6b_2,0.0007011172398508419,0.006788095267773922,0.10328629935106454
enigma,adhd,L6b_3,0.000655793043087152,0.006349274271683866,0.10328629935106454
enigma,adhd,Lamp5_1,0.0008818033908330481,0.008537467179803259,0.10328629935106454
enigma,adhd,Lamp5_2,0.0028753111518273794,0.027838262866349318,0.10328629935106454
enigma,adhd,Lamp5_Lhx6_1,0.0007065656618263597,0.006840845942449552,0.10328629935106454
enigma,adhd,Micro-PVM_1,0.0030900734839661367,0.029917554442173828,0.10328629935106454
enigma,adhd,Micro-PVM_2,0.005359396292543513,0.05188874348501165,0.10328629935106454
enigma,adhd,OPC_1,0.002156375707833613,0.020877654842722256,0.10328629935106454
enigma,adhd,Oligo_1,0.0009396740813014373,0.009097761147463867,0.10328629935106454
enigma,adhd,Oligo_2,0.0018440012538976566,0.017853299667848457,0.10328629935106454
enigma,adhd,Pax6_1,0.0017085868638248446,0.016542241077080806,0.10328629935106454
enigma,adhd,Pax6_2,0.0015227118209355074,0.014742631215393752,0.10328629935106454
enigma,adhd,Pvalb_1,0.000701585952109851,0.006792633258407278,0.10328629935106454
enigma,adhd,Pvalb_2,0.0016491335466860659,0.015966624393045106,0.10328629935106454
enigma,adhd,Pvalb_3,0.0007374186780556947,0.007139559483579217,0.10328629935106454
enigma,adhd,Pvalb_4,0.0006920336778817764,0.006700149799438466,0.10328629935106454
enigma,adhd,Pvalb_5,0.0007330028935548002,0.0070968066254689125,0.10328629935106454
enigma,adhd,Sncg_1,0.0014057186284412296,0.013609923458127473,0.10328629935106454
enigma,adhd,Sncg_2,0.0005316335118209462,0.00514718326787905,0.10328629935106454
enigma,adhd,Sncg_3,0.00039394656576455635,0.0038141221850301107,0.10328629935106454
enigma,adhd,Sncg_4,0.00023806709430352987,0.0023049242329261184,0.10328629935106454
enigma,adhd,Sst Chodl_1,0.0014828086028655422,0.014356295192894422,0.10328629935106454
enigma,adhd,Sst_1,0.0008599799579890221,0.008326176495742158,0.10328629935106454
enigma,adhd,Sst_10,0.0018380843217092396,0.01779601295871479,0.10328629935106454
enigma,adhd,Sst_2,0.001288617798671151,0.012476173575463373,0.10328629935106454
enigma,adhd,Sst_3,0.0015573131791923093,0.015077635552602055,0.10328629935106454
enigma,adhd,Sst_4,0.0011162613080644107,0.010807447987562212,0.10328629935106454
enigma,adhd,Sst_5,0.0016029808335686435,0.015519781845607601,0.10328629935106454
enigma,adhd,Sst_6,0.0003370167897985881,0.003262937988058671,0.10328629935106454
enigma,adhd,Sst_7,0.004360173127956117,0.04221443846231846,0.10328629935106454
enigma,adhd,Sst_8,0.0007297437357017564,0.007065252025550813,0.10328629935106454
enigma,adhd,Sst_9,0.0006467048637126076,0.0062612840984310305,0.10328629935106454
enigma,adhd,VLMC_1,0.0007631933304210372,0.007389105188355954,0.10328629935106454
enigma,adhd,Vip_1,0.001391814215182811,0.013475303345433162,0.10328629935106454
enigma,adhd,Vip_2,0.0015057054201485988,0.01457797819854875,0.10328629935106454
enigma,adhd,Vip_3,0.0008767716311964327,0.008488750557480362,0.10328629935106454
enigma,adhd,Vip_4,0.002435537762329922,0.02358045333826572,0.10328629935106454
enigma,adhd,Vip_5,0.0010467748325369128,0.010134692007688085,0.10328629935106454
enigma,adhd,Vip_6,0.001694278957401829,0.016403714413690693,0.10328629935106454
enigma,adhd,Vip_7,0.0016510230289821432,0.015984918032259102,0.10328629935106454
enigma,adhd,Vip_8,0.0021607027729562685,0.020919548735231153,0.10328629935106454
enigma,adhd,Vip_9,0.0015796718055809318,0.015294107887549663,0.10328629935106454
enigma,asd,Astro_1,0.0023526543072870327,0.009236358212934703,0.25471665921232334
enigma,asd,Astro_2,0.004458203505272176,0.017502598844765647,0.25471665921232334
enigma,asd,Chandelier_1,0.00517113900436418,0.020301534341551214,0.25471665921232334
enigma,asd,Endo_1,0.004613983583719912,0.01811418066642374,0.25471665921232334
enigma,asd,L2/3 IT_1,0.0011573972062645767,0.004543861441350834,0.25471665921232334
enigma,asd,L2/3 IT_2,0.0026451437410356456,0.010384651515198861,0.25471665921232334
enigma,asd,L2/3 IT_3,0.002088364235422297,0.008198773656502406,0.25471665921232334
enigma,asd,L2/3 IT_4,0.003468870458434105,0.01361854567801382,0.25471665921232334
enigma,asd,L2/3 IT_5,0.0037408970031981422,0.014686503092362933,0.25471665921232334
enigma,asd,L2/3 IT_6,0.0025743302924372408,0.010106642810085557,0.25471665921232334
enigma,asd,L2/3 IT_7,0.001936812229436009,0.007603790955115923,0.25471665921232334
enigma,asd,L2/3 IT_8,0.0012607849270972998,0.004949754487971482,0.25471665921232334
enigma,asd,L4 IT_1,0.002492202464141596,0.00978421463224429,0.25471665921232334
enigma,asd,L4 IT_2,0.0014334799993026093,0.005627743406086793,0.25471665921232334
enigma,asd,L4 IT_3,0.004054242907727095,0.015916677457470944,0.25471665921232334
enigma,asd,L5 ET_1,0.003828852854651134,0.015031811686331555,0.25471665921232334
enigma,asd,L5 IT_1,0.00213192904858337,0.008369806102106045,0.25471665921232334
enigma,asd,L5 IT_2,0.003075780227481778,0.012075300598685655,0.25471665921232334
enigma,asd,L5 IT_3,0.0016292947476074502,0.006396498574713656,0.25471665921232334
enigma,asd,L5 IT_4,0.003340479324521194,0.013114490959685058,0.25471665921232334
enigma,asd,L5 IT_5,0.007934010427224891,0.031148376599158218,0.25471665921232334
enigma,asd,L5/6 NP_1,0.0030625987494291382,0.012023551026853952,0.25471665921232334
enigma,asd,L5/6 NP_2,0.003511232264187866,0.013784855199679027,0.25471665921232334
enigma,asd,L6 CT_1,0.0032705021567761205,0.012839765435404594,0.25471665921232334
enigma,asd,L6 CT_2,0.003939133381068592,0.015464765411299859,0.25471665921232334
enigma,asd,L6 IT Car3_1,0.007583395729389136,0.02977188752726169,0.25471665921232334
enigma,asd,L6 IT_1,0.0010739340653180864,0.004216190918328945,0.25471665921232334
enigma,asd,L6 IT_2,0.0021347923012267427,0.0083810470340978,0.25471665921232334
enigma,asd,L6 IT_3,0.002699518574950087,0.01059812335517426,0.25471665921232334
enigma,asd,L6b_1,0.004916182312743473,0.019300591990905107,0.25471665921232334
enigma,asd,L6b_2,0.003992903151837016,0.01567586181518133,0.25471665921232334
enigma,asd,L6b_3,0.0051866792708835305,0.020362544353881806,0.25471665921232334
enigma,asd,Lamp5_1,0.002459406481826099,0.009655459872281143,0.25471665921232334
enigma,asd,Lamp5_2,0.0018256175765707376,0.007167248432890931,0.25471665921232334
enigma,asd,Lamp5_Lhx6_1,0.0020467722320926343,0.00803548632595135,0.25471665921232334
enigma,asd,Micro-PVM_1,0.0019352491550375206,0.007597654433055206,0.25471665921232334
enigma,asd,Micro-PVM_2,0.006046062231840106,0.023736422464619048,0.25471665921232334
enigma,asd,OPC_1,0.004568196208830201,0.017934422597079936,0.25471665921232334
enigma,asd,Oligo_1,0.008047593817635527,0.03159429713989504,0.25471665921232334
enigma,asd,Oligo_2,0.002098963097407391,0.008240384056143595,0.25471665921232334
enigma,asd,Pax6_1,0.0028253124947366934,0.01109198159034273,0.25471665921232334
enigma,asd,Pax6_2,0.00526483854168417,0.020669392249274027,0.25471665921232334
enigma,asd,Pvalb_1,0.0015484046395333171,0.006078929600920286,0.25471665921232334
enigma,asd,Pvalb_2,0.0012242187638664076,0.004806198258300568,0.25471665921232334
enigma,asd,Pvalb_3,0.006932689848515085,0.02721726121076449,0.25471665921232334
enigma,asd,Pvalb_4,0.002970374383100649,0.011661484538491232,0.25471665921232334
enigma,asd,Pvalb_5,0.0011733440097603596,0.004606467489754171,0.25471665921232334
enigma,asd,Sncg_1,0.002437179162001031,0.009568196950830292,0.25471665921232334
enigma,asd,Sncg_2,0.001709734356373904,0.006712298919360144,0.25471665921232334
enigma,asd,Sncg_3,0.0028788668577242288,0.011302232318163772,0.25471665921232334
enigma,asd,Sncg_4,0.0019452099499332042,0.0076367598254016905,0.25471665921232334
enigma,asd,Sst Chodl_1,0.003002720789432652,0.011788474294214434,0.25471665921232334
enigma,asd,Sst_1,0.0014297903099494023,0.005613257940689214,0.25471665921232334
enigma,asd,Sst_10,0.004504696960131512,0.017685128935271355,0.25471665921232334
enigma,asd,Sst_2,0.0010297372157114975,0.0040426771413217336,0.25471665921232334
enigma,asd,Sst_3,0.002996410352969013,0.011763699956787298,0.25471665921232334
enigma,asd,Sst_4,0.0023944425797587997,0.009400416082573037,0.25471665921232334
enigma,asd,Sst_5,0.007856008973072799,0.030842148281021112,0.25471665921232334
enigma,asd,Sst_6,0.001841141540771092,0.007228194443443833,0.25471665921232334
enigma,asd,Sst_7,0.009676995150064894,0.03799121415925321,0.25471665921232334
enigma,asd,Sst_8,0.004219929369800956,0.016567151056591723,0.25471665921232334
enigma,asd,Sst_9,0.000890370592953466,0.0034955334123288836,0.25471665921232334
enigma,asd,VLMC_1,0.004608010155333496,0.01809072939941636,0.25471665921232334
enigma,asd,Vip_1,0.007634616166260758,0.029972975422454782,0.25471665921232334
enigma,asd,Vip_2,0.0075678918388450735,0.029711020324496053,0.25471665921232334
enigma,asd,Vip_3,0.004190170638357398,0.016450320333640255,0.25471665921232334
enigma,asd,Vip_4,0.011686005891962111,0.04587845148448278,0.25471665921232334
enigma,asd,Vip_5,0.0030170136089046045,0.01184458691565094,0.25471665921232334
enigma,asd,Vip_6,0.0025996351548470517,0.0102059879510279,0.25471665921232334
enigma,asd,Vip_7,0.004688758961679893,0.018407743632392334,0.25471665921232334
enigma,asd,Vip_8,0.001258283563105151,0.004939934305813456,0.25471665921232334
enigma,asd,Vip_9,0.0009262711369229651,0.0036364764667820818,0.25471665921232334
enigma,epilepsy_gge,Astro_1,0.000976705021890111,0.012258799540215363,0.07967379013630174
enigma,epilepsy_gge,Astro_2,0.0017531665886900971,0.022004307636060386,0.07967379013630174
enigma,epilepsy_gge,Chandelier_1,0.0009201435901277636,0.011548886886812215,0.07967379013630174
enigma,epilepsy_gge,Endo_1,0.0009759720954334296,0.01224960044907852,0.07967379013630174
enigma,epilepsy_gge,L2/3 IT_1,0.0008403222631843887,0.01054703512594053,0.07967379013630174
enigma,epilepsy_gge,L2/3 IT_2,0.0011450994274771707,0.014372347863936116,0.07967379013630174
enigma,epilepsy_gge,L2/3 IT_3,0.000336002439299815,0.004217226753302431,0.07967379013630174
enigma,epilepsy_gge,L2/3 IT_4,0.001065931604533662,0.01337869834873077,0.07967379013630174
enigma,epilepsy_gge,L2/3 IT_5,0.0006495841743707088,0.008153047234974441,0.07967379013630174
enigma,epilepsy_gge,L2/3 IT_6,0.0004513928912407425,0.005665512968173388,0.07967379013630174
enigma,epilepsy_gge,L2/3 IT_7,0.0006982589938067757,0.008763973605526118,0.07967379013630174
enigma,epilepsy_gge,L2/3 IT_8,0.0014712619112097604,0.01846607157376099,0.07967379013630174
enigma,epilepsy_gge,L4 IT_1,0.0020838590376730426,0.026154887750514767,0.07967379013630174
enigma,epilepsy_gge,L4 IT_2,0.0010101107726435757,0.012678081096876792,0.07967379013630174
enigma,epilepsy_gge,L4 IT_3,0.00013564184059506988,0.001702465018458654,0.07967379013630174
enigma,epilepsy_gge,L5 ET_1,0.0018129102774168092,0.022754161366183,0.07967379013630174
enigma,epilepsy_gge,L5 IT_1,0.0005790197271649984,0.007267380228484698,0.07967379013630174
enigma,epilepsy_gge,L5 IT_2,0.0009955992080729708,0.012495943852674158,0.07967379013630174
enigma,epilepsy_gge,L5 IT_3,0.0007296662675401425,0.009158171919421277,0.07967379013630174
enigma,epilepsy_gge,L5 IT_4,0.0002833980566960451,0.0035569797321204693,0.07967379013630174
enigma,epilepsy_gge,L5 IT_5,0.0015248581347760328,0.019138767368382822,0.07967379013630174
enigma,epilepsy_gge,L5/6 NP_1,0.0003619643057732376,0.004543078786060109,0.07967379013630174
enigma,epilepsy_gge,L5/6 NP_2,0.00023080854831677942,0.0028969193999924476,0.07967379013630174
enigma,epilepsy_gge,L6 CT_1,6.322794962771694e-05,0.0007935853123034549,0.07967379013630174
enigma,epilepsy_gge,L6 CT_2,0.0017101606503380409,0.02146453240660935,0.07967379013630174
enigma,epilepsy_gge,L6 IT Car3_1,0.0013767094245946683,0.017279326391269525,0.07967379013630174
enigma,epilepsy_gge,L6 IT_1,0.0012475224231453808,0.015657877214215424,0.07967379013630174
enigma,epilepsy_gge,L6 IT_2,0.00041667223374448653,0.005229727781641435,0.07967379013630174
enigma,epilepsy_gge,L6 IT_3,0.0009164711172940725,0.011502793022978094,0.07967379013630174
enigma,epilepsy_gge,L6b_1,0.001999659953590385,0.025098089976257835,0.07967379013630174
enigma,epilepsy_gge,L6b_2,0.0011223635838075005,0.01408698622078126,0.07967379013630174
enigma,epilepsy_gge,L6b_3,0.0005408225176012953,0.00678796021472161,0.07967379013630174
enigma,epilepsy_gge,Lamp5_1,0.0011092628000611453,0.01392255593920506,0.07967379013630174
enigma,epilepsy_gge,Lamp5_2,0.0015171794112940403,0.019042390335623913,0.07967379013630174
enigma,epilepsy_gge,Lamp5_Lhx6_1,0.00029632595171789547,0.0037192400563718204,0.07967379013630174
enigma,epilepsy_gge,Micro-PVM_1,0.00048192346519377655,0.006048707666214036,0.07967379013630174
enigma,epilepsy_gge,Micro-PVM_2,0.0018866422854834132,0.023679584995967236,0.07967379013630174
enigma,epilepsy_gge,OPC_1,0.0014534225331817722,0.018242166347243342,0.07967379013630174
enigma,epilepsy_gge,Oligo_1,0.002330579485303942,0.02925152024670734,0.07967379013630174
enigma,epilepsy_gge,Oligo_2,0.0017228237105511494,0.0216234687417761,0.07967379013630174
enigma,epilepsy_gge,Pax6_1,0.0009823562806060549,0.012329729499820346,0.07967379013630174
enigma,epilepsy_gge,Pax6_2,0.0007203573396329774,0.009041333899148362,0.07967379013630174
enigma,epilepsy_gge,Pvalb_1,0.0008501326501585056,0.010670167048713802,0.07967379013630174
enigma,epilepsy_gge,Pvalb_2,0.002054180735334085,0.025782390066041796,0.07967379013630174
enigma,epilepsy_gge,Pvalb_3,0.001178995491573994,0.014797783431126225,0.07967379013630174
enigma,epilepsy_gge,Pvalb_4,0.0005589927554774613,0.007016018122410969,0.07967379013630174
enigma,epilepsy_gge,Pvalb_5,0.0008482125389549745,0.010646067389337158,0.07967379013630174
enigma,epilepsy_gge,Sncg_1,0.0018225134297780875,0.022874692250239723,0.07967379013630174
enigma,epilepsy_gge,Sncg_2,0.0014079562008427922,0.017671510272501592,0.07967379013630174
enigma,epilepsy_gge,Sncg_3,0.002359909215700751,0.029619642942347063,0.07967379013630174
enigma,epilepsy_gge,Sncg_4,0.001414010774721429,0.017747502312898802,0.07967379013630174
enigma,epilepsy_gge,Sst Chodl_1,0.0010917180904627863,0.013702349148887386,0.07967379013630174
enigma,epilepsy_gge,Sst_1,0.00011562102550145439,0.0014511801848971413,0.07967379013630174
enigma,epilepsy_gge,Sst_10,0.0019134754328291113,0.024016372630894525,0.07967379013630174
enigma,epilepsy_gge,Sst_2,0.0017613779761615057,0.02210737022988655,0.07967379013630174
enigma,epilepsy_gge,Sst_3,0.0009442563967054261,0.011851531037873833,0.07967379013630174
enigma,epilepsy_gge,Sst_4,0.0018701005780097405,0.023471967064833624,0.07967379013630174
enigma,epilepsy_gge,Sst_5,0.0011835419918481028,0.014854847369798288,0.07967379013630174
enigma,epilepsy_gge,Sst_6,0.0009525386843269892,0.01195548351217428,0.07967379013630174
enigma,epilepsy_gge,Sst_7,0.0005474199057590446,0.006870765214288756,0.07967379013630174
enigma,epilepsy_gge,Sst_8,0.0016640537358109226,0.020885836270172996,0.07967379013630174
enigma,epilepsy_gge,Sst_9,0.0008318231198612931,0.01044036085691736,0.07967379013630174
enigma,epilepsy_gge,VLMC_1,0.0015021895688234383,0.018854250139896334,0.07967379013630174
enigma,epilepsy_gge,Vip_1,0.0011068559143120014,0.013892346685383618,0.07967379013630174
enigma,epilepsy_gge,Vip_2,0.0008353640338117247,0.010484803501661309,0.07967379013630174
enigma,epilepsy_gge,Vip_3,0.0013598260205857577,0.01706741976576536,0.07967379013630174
enigma,epilepsy_gge,Vip_4,0.001478339216124385,0.018554900094439084,0.07967379013630174
enigma,epilepsy_gge,Vip_5,0.0007946278763350356,0.009973516698221935,0.07967379013630174
enigma,epilepsy_gge,Vip_6,0.0019279949041495507,0.02419860911412948,0.07967379013630174
enigma,epilepsy_gge,Vip_7,0.0005589383697409664,0.007015335517298273,0.07967379013630174
enigma,epilepsy_gge,Vip_8,0.001547125812388242,0.019418252975558215,0.07967379013630174
enigma,epilepsy_gge,Vip_9,0.0002655373955093287,0.0033328073768683687,0.07967379013630174
enigma,epilepsy_rtle,Astro_1,0.011668340173821673,0.021998666460449512,0.5304112499182483
enigma,epilepsy_rtle,Astro_2,0.001768896199167859,0.0033349522647577647,0.5304112499182483
enigma,epilepsy_rtle,Chandelier_1,0.004893222478472243,0.009225336904574385,0.5304112499182483
enigma,epilepsy_rtle,Endo_1,0.006964213130540008,0.013129836766496553,0.5304112499182483
enigma,epilepsy_rtle,L2/3 IT_1,0.0016442955622453543,0.0031000390027526525,0.5304112499182483
enigma,epilepsy_rtle,L2/3 IT_2,0.003916921140297607,0.007384687147758118,0.5304112499182483
enigma,epilepsy_rtle,L2/3 IT_3,0.005214716304862392,0.009831458713717196,0.5304112499182483
enigma,epilepsy_rtle,L2/3 IT_4,0.006914517671429811,0.013036144449227913,0.5304112499182483
enigma,epilepsy_rtle,L2/3 IT_5,0.0018947950654081556,0.0035723131168507423,0.5304112499182483
enigma,epilepsy_rtle,L2/3 IT_6,0.0023094224433412203,0.004354022362265448,0.5304112499182483
enigma,epilepsy_rtle,L2/3 IT_7,0.008908124111479874,0.016794749569985314,0.5304112499182483
enigma,epilepsy_rtle,L2/3 IT_8,0.00742211928069858,0.013993140759820881,0.5304112499182483
enigma,epilepsy_rtle,L4 IT_1,0.003846312411529458,0.007251566425339368,0.5304112499182483
enigma,epilepsy_rtle,L4 IT_2,0.01104361657711027,0.020820856606665886,0.5304112499182483
enigma,epilepsy_rtle,L4 IT_3,0.0061374567396433,0.011571128516955966,0.5304112499182483
enigma,epilepsy_rtle,L5 ET_1,0.02991844066655545,0.05640612010240497,0.5304112499182483
enigma,epilepsy_rtle,L5 IT_1,0.0078829184223104,0.014861898995402878,0.5304112499182483
enigma,epilepsy_rtle,L5 IT_2,0.017619844900845623,0.03321921415422722,0.5304112499182483
enigma,epilepsy_rtle,L5 IT_3,0.008208299915501722,0.015475350337623605,0.5304112499182483
enigma,epilepsy_rtle,L5 IT_4,0.00910434384643053,0.017164688433425522,0.5304112499182483
enigma,epilepsy_rtle,L5 IT_5,0.003752024129714638,0.0070738019419703735,0.5304112499182483
enigma,epilepsy_rtle,L5/6 NP_1,0.008518698686985085,0.016060554311957114,0.5304112499182483
enigma,epilepsy_rtle,L5/6 NP_2,0.002531630081319427,0.004772956987073001,0.5304112499182483
enigma,epilepsy_rtle,L6 CT_1,0.006235101999509785,0.011755222010224697,0.5304112499182483
enigma,epilepsy_rtle,L6 CT_2,0.016664488450209864,0.03141805241268609,0.5304112499182483
enigma,epilepsy_rtle,L6 IT Car3_1,0.0024280516192468097,0.00457767745239386,0.5304112499182483
enigma,epilepsy_rtle,L6 IT_1,0.0036329966395253497,0.006849395898155063,0.5304112499182483
enigma,epilepsy_rtle,L6 IT_2,0.011104305869114187,0.020935275921892083,0.5304112499182483
enigma,epilepsy_rtle,L6 IT_3,0.008130353788114043,0.015328396200810532,0.5304112499182483
enigma,epilepsy_rtle,L6b_1,0.013825796023889541,0.026066181714698728,0.5304112499182483
enigma,epilepsy_rtle,L6b_2,0.01042673213708256,0.019657826146578943,0.5304112499182483
enigma,epilepsy_rtle,L6b_3,0.00423917438416081,0.007992240709099194,0.5304112499182483
enigma,epilepsy_rtle,Lamp5_1,0.011821610957136993,0.022287632396483,0.5304112499182483
enigma,epilepsy_rtle,Lamp5_2,0.015633110799277487,0.029473565656246925,0.5304112499182483
enigma,epilepsy_rtle,Lamp5_Lhx6_1,0.003967128659520551,0.0074793448670856825,0.5304112499182483
enigma,epilepsy_rtle,Micro-PVM_1,0.013278199837037144,0.025033782445383086,0.5304112499182483
enigma,epilepsy_rtle,Micro-PVM_2,0.005953691704046795,0.011224670866171167,0.5304112499182483
enigma,epilepsy_rtle,OPC_1,0.01394596433290081,0.0262927385779436,0.5304112499182483
enigma,epilepsy_rtle,Oligo_1,0.005338560064534834,0.0100649450126815,0.5304112499182483
enigma,epilepsy_rtle,Oligo_2,0.010898314132831724,0.020546913615635924,0.5304112499182483
enigma,epilepsy_rtle,Pax6_1,0.0017659269776393934,0.0033293543036871367,0.5304112499182483
enigma,epilepsy_rtle,Pax6_2,0.005855834516777311,0.011040177819908353,0.5304112499182483
enigma,epilepsy_rtle,Pvalb_1,0.006666603764629499,0.012568745036341169,0.5304112499182483
enigma,epilepsy_rtle,Pvalb_2,0.014633588190429305,0.02758913615177801,0.5304112499182483
enigma,epilepsy_rtle,Pvalb_3,0.006051545662028985,0.011409157824163237,0.5304112499182483
enigma,epilepsy_rtle,Pvalb_4,0.00316174131151669,0.005960924305440365,0.5304112499182483
enigma,epilepsy_rtle,Pvalb_5,0.00969191059473886,0.01827244538314876,0.5304112499182483
enigma,epilepsy_rtle,Sncg_1,0.005762831783604634,0.010864837019374783,0.5304112499182483
enigma,epilepsy_rtle,Sncg_2,0.004919190899037752,0.009274295935080452,0.5304112499182483
enigma,epilepsy_rtle,Sncg_3,0.0060010331281849134,0.011313925051759077,0.5304112499182483
enigma,epilepsy_rtle,Sncg_4,0.00610812236799541,0.01151582355943025,0.5304112499182483
enigma,epilepsy_rtle,Sst Chodl_1,0.005976602407985999,0.011267865093184141,0.5304112499182483
enigma,epilepsy_rtle,Sst_1,0.0010979463675027871,0.0020699907245029445,0.5304112499182483
enigma,epilepsy_rtle,Sst_10,0.004181413523316265,0.007883342451655657,0.5304112499182483
enigma,epilepsy_rtle,Sst_2,0.005550203579504398,0.01046396278427323,0.5304112499182483
enigma,epilepsy_rtle,Sst_3,0.0031135993965583694,0.005870160930859338,0.5304112499182483
enigma,epilepsy_rtle,Sst_4,0.008326645289453276,0.015698470367543398,0.5304112499182483
enigma,epilepsy_rtle,Sst_5,0.0034668052783420203,0.006536070414940021,0.5304112499182483
enigma,epilepsy_rtle,Sst_6,0.003140107330080394,0.0059201371210817555,0.5304112499182483
enigma,epilepsy_rtle,Sst_7,0.005091210487750583,0.009598609547846667,0.5304112499182483
enigma,epilepsy_rtle,Sst_8,0.013100465564271465,0.02469869476993677,0.5304112499182483
enigma,epilepsy_rtle,Sst_9,0.0036494509477013088,0.006880417691487115,0.5304112499182483
enigma,epilepsy_rtle,VLMC_1,0.010688426300005579,0.02015120588345925,0.5304112499182483
enigma,epilepsy_rtle,Vip_1,0.005634664085275638,0.010623198671114354,0.5304112499182483
enigma,epilepsy_rtle,Vip_2,0.004663308026020033,0.008791872394748006,0.5304112499182483
enigma,epilepsy_rtle,Vip_3,0.011643071325191419,0.02195102635358121,0.5304112499182483
enigma,epilepsy_rtle,Vip_4,0.004507743340291146,0.00849858169672291,0.5304112499182483
enigma,epilepsy_rtle,Vip_5,0.006746975372819435,0.012720272003769413,0.5304112499182483
enigma,epilepsy_rtle,Vip_6,0.014698121672082308,0.027710803031322798,0.5304112499182483
enigma,epilepsy_rtle,Vip_7,0.0025526702765769774,0.0048126246888059365,0.5304112499182483
enigma,epilepsy_rtle,Vip_8,0.0029767324603067655,0.005612121652332159,0.5304112499182483
enigma,epilepsy_rtle,Vip_9,0.009380006352779354,0.017684403100848792,0.5304112499182483
enigma,epilepsy_ltle,Astro_1,0.013331417244259012,0.013753861012824473,0.9692854415082744
enigma,epilepsy_ltle,Astro_2,0.013304560476973513,0.0137261532126911,0.9692854415082744
enigma,epilepsy_ltle,Chandelier_1,0.008612654998541665,0.008885571401072304,0.9692854415082744
enigma,epilepsy_ltle,Endo_1,0.006011042455159569,0.006201519385049234,0.9692854415082744
enigma,epilepsy_ltle,L2/3 IT_1,0.005753896728742765,0.005936225266923753,0.9692854415082744
enigma,epilepsy_ltle,L2/3 IT_2,0.005343186656632163,0.0055125006812418425,0.9692854415082744
enigma,epilepsy_ltle,L2/3 IT_3,0.0076831999677442345,0.007926663951321347,0.9692854415082744
enigma,epilepsy_ltle,L2/3 IT_4,0.006813336962308846,0.007029236869282621,0.9692854415082744
enigma,epilepsy_ltle,L2/3 IT_5,0.0019781477666001826,0.002040830989395703,0.9692854415082744
enigma,epilepsy_ltle,L2/3 IT_6,0.004781507327709166,0.004933022949636811,0.9692854415082744
enigma,epilepsy_ltle,L2/3 IT_7,0.016163080765651417,0.016675253824611828,0.9692854415082744
enigma,epilepsy_ltle,L2/3 IT_8,0.007241397446250037,0.007470861663806615,0.9692854415082744
enigma,epilepsy_ltle,L4 IT_1,0.014918904618767648,0.01539165242753756,0.9692854415082744
enigma,epilepsy_ltle,L4 IT_2,0.0264413074167906,0.027279175240315295,0.9692854415082744
enigma,epilepsy_ltle,L4 IT_3,0.0018531571085687157,0.0019118796478414825,0.9692854415082744
enigma,epilepsy_ltle,L5 ET_1,0.03281580174626998,0.03385566350321568,0.9692854415082744
enigma,epilepsy_ltle,L5 IT_1,0.015407685439469314,0.015895921654919216,0.9692854415082744
enigma,epilepsy_ltle,L5 IT_2,0.023591406724363124,0.02433896736100078,0.9692854415082744
enigma,epilepsy_ltle,L5 IT_3,0.019987625884804325,0.02062099050379031,0.9692854415082744
enigma,epilepsy_ltle,L5 IT_4,0.008453132039344613,0.008720993504442779,0.9692854415082744
enigma,epilepsy_ltle,L5 IT_5,0.004522178309565174,0.004665476355993086,0.9692854415082744
enigma,epilepsy_ltle,L5/6 NP_1,0.015716483372880098,0.016214504726723405,0.9692854415082744
enigma,epilepsy_ltle,L5/6 NP_2,0.003954645589647157,0.004079959752096821,0.9692854415082744
enigma,epilepsy_ltle,L6 CT_1,0.01417687227402572,0.014626106683254767,0.9692854415082744
enigma,epilepsy_ltle,L6 CT_2,0.032603859466761684,0.03363700523142889,0.9692854415082744
enigma,epilepsy_ltle,L6 IT Car3_1,0.013390160221552603,0.013814465427971968,0.9692854415082744
enigma,epilepsy_ltle,L6 IT_1,0.006831948713045681,0.007048438386131851,0.9692854415082744
enigma,epilepsy_ltle,L6 IT_2,0.015129425914615455,0.015608844687766106,0.9692854415082744
enigma,epilepsy_ltle,L6 IT_3,0.011531505907556729,0.011896914380157116,0.9692854415082744
enigma,epilepsy_ltle,L6b_1,0.03270658756323958,0.03374298855902127,0.9692854415082744
enigma,epilepsy_ltle,L6b_2,0.01690217992964646,0.017437773441996107,0.9692854415082744
enigma,epilepsy_ltle,L6b_3,0.015166551826272088,0.015647147039237374,0.9692854415082744
enigma,epilepsy_ltle,Lamp5_1,0.017222278807790568,0.01776801556102145,0.9692854415082744
enigma,epilepsy_ltle,Lamp5_2,0.024071728726730534,0.0248345097283967,0.9692854415082744
enigma,epilepsy_ltle,Lamp5_Lhx6_1,0.0200177808924018,0.02065210105833506,0.9692854415082744
enigma,epilepsy_ltle,Micro-PVM_1,0.011702131752286384,0.012072946988739525,0.9692854415082744
enigma,epilepsy_ltle,Micro-PVM_2,0.011622503936234669,0.011990795939480178,0.9692854415082744
enigma,epilepsy_ltle,OPC_1,0.01061617647359496,0.010952580136843346,0.9692854415082744
enigma,epilepsy_ltle,Oligo_1,0.012624898076053718,0.013024953780806316,0.9692854415082744
enigma,epilepsy_ltle,Oligo_2,0.005733252304616148,0.005914926665662919,0.9692854415082744
enigma,epilepsy_ltle,Pax6_1,0.004372209805963175,0.004510755674984365,0.9692854415082744
enigma,epilepsy_ltle,Pax6_2,0.007690390021201507,0.007934081842016253,0.9692854415082744
enigma,epilepsy_ltle,Pvalb_1,0.005969932469555771,0.006159106712947372,0.9692854415082744
enigma,epilepsy_ltle,Pvalb_2,0.020354628217371412,0.020999622346228805,0.9692854415082744
enigma,epilepsy_ltle,Pvalb_3,0.011795863305732434,0.012169648692316336,0.9692854415082744
enigma,epilepsy_ltle,Pvalb_4,0.003403126797995982,0.0035109645232063776,0.9692854415082744
enigma,epilepsy_ltle,Pvalb_5,0.031562461763641164,0.032562607888268515,0.9692854415082744
enigma,epilepsy_ltle,Sncg_1,0.006742031108499536,0.00695567148724371,0.9692854415082744
enigma,epilepsy_ltle,Sncg_2,0.009317691118182633,0.009612948589925861,0.9692854415082744
enigma,epilepsy_ltle,Sncg_3,0.004964513305949104,0.005121827991374741,0.9692854415082744
enigma,epilepsy_ltle,Sncg_4,0.011079533964378142,0.011430620423987417,0.9692854415082744
enigma,epilepsy_ltle,Sst Chodl_1,0.006846384498338451,0.007063331610227229,0.9692854415082744
enigma,epilepsy_ltle,Sst_1,0.00398234947719245,0.004108541515898188,0.9692854415082744
enigma,epilepsy_ltle,Sst_10,0.009109923752245452,0.009398597525688395,0.9692854415082744
enigma,epilepsy_ltle,Sst_2,0.0186839606046967,0.019276014891571235,0.9692854415082744
enigma,epilepsy_ltle,Sst_3,0.015690571251717095,0.01618777150650431,0.9692854415082744
enigma,epilepsy_ltle,Sst_4,0.022542915656766263,0.02325725187999104,0.9692854415082744
enigma,epilepsy_ltle,Sst_5,0.006738476315715161,0.006952004050767162,0.9692854415082744
enigma,epilepsy_ltle,Sst_6,0.007440265010852782,0.007676030911261001,0.9692854415082744
enigma,epilepsy_ltle,Sst_7,0.03350773768503368,0.03456952539480356,0.9692854415082744
enigma,epilepsy_ltle,Sst_8,0.01070600603796671,0.01104525620575445,0.9692854415082744
enigma,epilepsy_ltle,Sst_9,0.0066355762588970685,0.006845843313783459,0.9692854415082744
enigma,epilepsy_ltle,VLMC_1,0.018896790503329628,0.019495588909212266,0.9692854415082744
enigma,epilepsy_ltle,Vip_1,0.017282906301195885,0.017830564208518907,0.9692854415082744
enigma,epilepsy_ltle,Vip_2,0.016373809559497923,0.01689266015800171,0.9692854415082744
enigma,epilepsy_ltle,Vip_3,0.019818296347965957,0.020446295280291564,0.9692854415082744
enigma,epilepsy_ltle,Vip_4,0.02433180200694526,0.025102824168165894,0.9692854415082744
enigma,epilepsy_ltle,Vip_5,0.021258772427093606,0.02193241692974724,0.9692854415082744
enigma,epilepsy_ltle,Vip_6,0.00443178051513973,0.004572214051047312,0.9692854415082744
enigma,epilepsy_ltle,Vip_7,0.01467114554131516,0.015136042400973085,0.9692854415082744
enigma,epilepsy_ltle,Vip_8,0.016473837503526077,0.016995857771155275,0.9692854415082744
enigma,epilepsy_ltle,Vip_9,0.019880152540904476,0.02051011156215201,0.9692854415082744
enigma,depression,Astro_1,0.0017818460819863787,0.009695016618693047,0.183789894547554
enigma,depression,Astro_2,0.0020625187344511173,0.011222155274252354,0.183789894547554
enigma,depression,Chandelier_1,0.0022035190855472695,0.011989337558366836,0.183789894547554
enigma,depression,Endo_1,0.001830005675784408,0.00995705275466552,0.183789894547554
enigma,depression,L2/3 IT_1,0.0007582696470563243,0.004125741782065873,0.183789894547554
enigma,depression,L2/3 IT_2,0.003084981311629018,0.01678536961579684,0.183789894547554
enigma,depression,L2/3 IT_3,0.00425944428586823,0.023175617442699695,0.183789894547554
enigma,depression,L2/3 IT_4,0.0014568866201949103,0.0079269136302701,0.183789894547554
enigma,depression,L2/3 IT_5,0.0010441410863393917,0.005681167013615264,0.183789894547554
enigma,depression,L2/3 IT_6,0.0007086549461952429,0.0038557884150256403,0.183789894547554
enigma,depression,L2/3 IT_7,0.0036750665392018033,0.019996020718380206,0.183789894547554
enigma,depression,L2/3 IT_8,0.0024527167188764538,0.013345220774593975,0.183789894547554
enigma,depression,L4 IT_1,0.003270203528496428,0.017793162875178056,0.183789894547554
enigma,depression,L4 IT_2,0.00626629552420674,0.034094886117829466,0.183789894547554
enigma,depression,L4 IT_3,0.005213210217314242,0.028365053639907118,0.183789894547554
enigma,depression,L5 ET_1,0.0030757087980378883,0.01673491791052786,0.183789894547554
enigma,depression,L5 IT_1,0.0035052718199620877,0.019072168405075883,0.183789894547554
enigma,depression,L5 IT_2,0.006949965823580265,0.037814733180457985,0.183789894547554
enigma,depression,L5 IT_3,0.004127781804253471,0.022459242464962857,0.183789894547554
enigma,depression,L5 IT_4,0.0035099985180752835,0.019097886348517938,0.183789894547554
enigma,depression,L5 IT_5,0.005018403719008532,0.027305112347785064,0.183789894547554
enigma,depression,L5/6 NP_1,0.0034205076072446753,0.018610966700128604,0.183789894547554
enigma,depression,L5/6 NP_2,0.0009952545392488358,0.005415175528006641,0.183789894547554
enigma,depression,L6 CT_1,0.0012636575350467795,0.006875555036132954,0.183789894547554
enigma,depression,L6 CT_2,0.002742031141260751,0.014919379261906453,0.183789894547554
enigma,depression,L6 IT Car3_1,0.0007628510158092059,0.004150668989103886,0.183789894547554
enigma,depression,L6 IT_1,0.0013263502297935791,0.0072166657098244194,0.183789894547554
enigma,depression,L6 IT_2,0.0013308794169906723,0.007241308997249133,0.183789894547554
enigma,depression,L6 IT_3,0.004725337455930084,0.025710540111918093,0.183789894547554
enigma,depression,L6b_1,0.0020529496198424682,0.011170089764164295,0.183789894547554
enigma,depression,L6b_2,0.002508493852062113,0.013648703908544123,0.183789894547554
enigma,depression,L6b_3,0.002472510480646904,0.013452918544480495,0.183789894547554
enigma,depression,Lamp5_1,0.003810289836570791,0.020731770078821782,0.183789894547554
enigma,depression,Lamp5_2,0.0033116014744155905,0.018018408915070915,0.183789894547554
enigma,depression,Lamp5_Lhx6_1,0.0023473514031220216,0.012771928559514272,0.183789894547554
enigma,depression,Micro-PVM_1,0.0024439953927700513,0.013297768077981508,0.183789894547554
enigma,depression,Micro-PVM_2,0.0028511769571594923,0.01551324116148168,0.183789894547554
enigma,depression,OPC_1,0.0013442572061518703,0.007314097488662825,0.183789894547554
enigma,depression,Oligo_1,0.00235781672811314,0.01282887034631317,0.183789894547554
enigma,depression,Oligo_2,0.0014667683895134103,0.007980680293245921,0.183789894547554
enigma,depression,Pax6_1,0.0005021600083284039,0.0027322503751612656,0.183789894547554
enigma,depression,Pax6_2,0.0022942744503971825,0.012483137095459616,0.183789894547554
enigma,depression,Pvalb_1,0.0019255960119467215,0.010477159349196376,0.183789894547554
enigma,depression,Pvalb_2,0.0024901506558650754,0.013548898659500406,0.183789894547554
enigma,depression,Pvalb_3,0.0006292409121641866,0.0034236970085500325,0.183789894547554
enigma,depression,Pvalb_4,0.0017720365647126337,0.009641643078771857,0.183789894547554
enigma,depression,Pvalb_5,0.003463849729010879,0.018846790992170893,0.183789894547554
enigma,depression,Sncg_1,0.00235253794516732,0.012800148511748677,0.183789894547554
enigma,depression,Sncg_2,0.002011890020092011,0.010946684664272727,0.183789894547554
enigma,depression,Sncg_3,0.004994533325901603,0.02717523364490158,0.183789894547554
enigma,depression,Sncg_4,0.00387889378491988,0.02110504385711071,0.183789894547554
enigma,depression,Sst Chodl_1,0.0020768784741049206,0.01130028655393535,0.183789894547554
enigma,depression,Sst_1,0.0014347472427780656,0.007806453376068712,0.183789894547554
enigma,depression,Sst_10,0.001118289586959538,0.006084608676186984,0.183789894547554
enigma,depression,Sst_2,0.0016987736533875123,0.009243019903621358,0.183789894547554
enigma,depression,Sst_3,0.0007525376274726765,0.00409455388896784,0.183789894547554
enigma,depression,Sst_4,0.0009752393307677664,0.005306272867551115,0.183789894547554
enigma,depression,Sst_5,0.0015804411232331734,0.008599173132580738,0.183789894547554
enigma,depression,Sst_6,0.0015751981252385406,0.00857064600377673,0.183789894547554
enigma,depression,Sst_7,0.007625896080952808,0.04149246670893363,0.183789894547554
enigma,depression,Sst_8,0.0012134723367045487,0.006602497594831436,0.183789894547554
enigma,depression,Sst_9,0.0016256418292414062,0.008845109973229707,0.183789894547554
enigma,depression,VLMC_1,0.002209893897175107,0.012024022880122586,0.183789894547554
enigma,depression,Vip_1,0.002297134436618012,0.012498698267785602,0.183789894547554
enigma,depression,Vip_2,0.0032317066340479994,0.01758370144345354,0.183789894547554
enigma,depression,Vip_3,0.005447698118175337,0.029640901267103087,0.183789894547554
enigma,depression,Vip_4,0.003436342369736281,0.018697123572521325,0.183789894547554
enigma,depression,Vip_5,0.002682327104440278,0.014594529862719136,0.183789894547554
enigma,depression,Vip_6,0.0014713363638262527,0.008005534621195168,0.183789894547554
enigma,depression,Vip_7,0.0017382033398036381,0.009457556652299474,0.183789894547554
enigma,depression,Vip_8,0.0014980179754685227,0.008150709151644482,0.183789894547554
enigma,depression,Vip_9,0.0019959847211578202,0.010860144003409159,0.183789894547554
enigma,ocd,Astro_1,0.001172871055745701,0.007373770181150087,0.15905988753812345
enigma,ocd,Astro_2,0.00460091672370112,0.028925688273219563,0.15905988753812345
enigma,ocd,Chandelier_1,0.0034567458111328156,0.021732354175745934,0.15905988753812345
enigma,ocd,Endo_1,0.003142788265521405,0.019758521863459395,0.15905988753812345
enigma,ocd,L2/3 IT_1,0.002199986637410034,0.013831184414000932,0.15905988753812345
enigma,ocd,L2/3 IT_2,0.0019269606486345858,0.012114686351533678,0.15905988753812345
enigma,ocd,L2/3 IT_3,0.0025786035203024713,0.016211526112668927,0.15905988753812345
enigma,ocd,L2/3 IT_4,0.002901178933647852,0.018239538443987006,0.15905988753812345
enigma,ocd,L2/3 IT_5,0.0013908103069256272,0.00874394121894672,0.15905988753812345
enigma,ocd,L2/3 IT_6,0.0005990234013892854,0.0037660242985253687,0.15905988753812345
enigma,ocd,L2/3 IT_7,0.0009027054668640312,0.005675255281742048,0.15905988753812345
enigma,ocd,L2/3 IT_8,0.002017379096342945,0.01268314172458735,0.15905988753812345
enigma,ocd,L4 IT_1,0.0029641230085861166,0.018635264078604833,0.15905988753812345
enigma,ocd,L4 IT_2,0.0028358281514937254,0.01782868198504186,0.15905988753812345
enigma,ocd,L4 IT_3,0.007960530160901357,0.050047377023282366,0.15905988753812345
enigma,ocd,L5 ET_1,0.0018969270733947595,0.01192586706022978,0.15905988753812345
enigma,ocd,L5 IT_1,0.0017181678713392395,0.01080201864802293,0.15905988753812345
enigma,ocd,L5 IT_2,0.001103349475875755,0.006936692166409991,0.15905988753812345
enigma,ocd,L5 IT_3,0.00257064500687911,0.016161491414753943,0.15905988753812345
enigma,ocd,L5 IT_4,0.003040607413051412,0.019116116955147724,0.15905988753812345
enigma,ocd,L5 IT_5,0.002445328116965988,0.015373631622742676,0.15905988753812345
enigma,ocd,L5/6 NP_1,0.0007954205403492963,0.005000761365172284,0.15905988753812345
enigma,ocd,L5/6 NP_2,0.0013566440148468867,0.008529139784043457,0.15905988753812345
enigma,ocd,L6 CT_1,0.0006835518635626671,0.004297449684785132,0.15905988753812345
enigma,ocd,L6 CT_2,0.003384186927913586,0.02127618081650199,0.15905988753812345
enigma,ocd,L6 IT Car3_1,0.002134923938120036,0.013422139114793086,0.15905988753812345
enigma,ocd,L6 IT_1,0.0026458138579055113,0.016634073485506287,0.15905988753812345
enigma,ocd,L6 IT_2,0.0016416329868246232,0.010320848406429037,0.15905988753812345
enigma,ocd,L6 IT_3,0.0028458772588880123,0.01789186012221914,0.15905988753812345
enigma,ocd,L6b_1,0.001612241791253665,0.010136067717684279,0.15905988753812345
enigma,ocd,L6b_2,0.0029055026173119983,0.01826672118459538,0.15905988753812345
enigma,ocd,L6b_3,0.0021488325362570056,0.013509581639443657,0.15905988753812345
enigma,ocd,Lamp5_1,0.008396214102627194,0.052786495907805736,0.15905988753812345
enigma,ocd,Lamp5_2,0.0014076689670694238,0.008849930606998789,0.15905988753812345
enigma,ocd,Lamp5_Lhx6_1,0.0032911328844402177,0.020691155610501732,0.15905988753812345
enigma,ocd,Micro-PVM_1,0.0018555857800744919,0.011665956821638927,0.15905988753812345
enigma,ocd,Micro-PVM_2,0.002439237244398363,0.015335338671189034,0.15905988753812345
enigma,ocd,OPC_1,0.003323648188183013,0.020895577380478165,0.15905988753812345
enigma,ocd,Oligo_1,0.0017998082061348912,0.011315286550190182,0.15905988753812345
enigma,ocd,Oligo_2,0.0007497793780126388,0.00471381810723921,0.15905988753812345
enigma,ocd,Pax6_1,0.0006405844144107656,0.004027315901736888,0.15905988753812345
enigma,ocd,Pax6_2,0.0023664047547855022,0.014877445164912007,0.15905988753812345
enigma,ocd,Pvalb_1,0.0021427242824870185,0.01347117941331029,0.15905988753812345
enigma,ocd,Pvalb_2,0.0006152976918056038,0.0038683397890503938,0.15905988753812345
enigma,ocd,Pvalb_3,0.00042559557948599393,0.002675693954479801,0.15905988753812345
enigma,ocd,Pvalb_4,0.0006522949083893277,0.004100939077006362,0.15905988753812345
enigma,ocd,Pvalb_5,0.0007994460878276995,0.005026069741411633,0.15905988753812345
enigma,ocd,Sncg_1,0.0012152692128669547,0.007640324859249503,0.15905988753812345
enigma,ocd,Sncg_2,0.0016200978757623821,0.010185458451138898,0.15905988753812345
enigma,ocd,Sncg_3,0.0019100005017556934,0.012008058922447716,0.15905988753812345
enigma,ocd,Sncg_4,0.0035523478126223457,0.022333398241407152,0.15905988753812345
enigma,ocd,Sst Chodl_1,0.002422852697877015,0.015232330007125813,0.15905988753812345
enigma,ocd,Sst_1,0.0020387351798221284,0.012817406144169973,0.15905988753812345
enigma,ocd,Sst_10,0.0029431838387473197,0.018503620770144818,0.15905988753812345
enigma,ocd,Sst_2,0.0019440853521089734,0.012222348338093823,0.15905988753812345
enigma,ocd,Sst_3,0.0007265066430316254,0.004567503814294452,0.15905988753812345
enigma,ocd,Sst_4,0.0017356112395967111,0.010911684061015824,0.15905988753812345
enigma,ocd,Sst_5,0.0011754513139931025,0.007389992110433063,0.15905988753812345
enigma,ocd,Sst_6,0.0004235268674193567,0.002662688085441063,0.15905988753812345
enigma,ocd,Sst_7,0.0026337386110323966,0.01655815713060367,0.15905988753812345
enigma,ocd,Sst_8,0.0014643126817467228,0.009206046253463851,0.15905988753812345
enigma,ocd,Sst_9,0.002812467417736435,0.01768181444905362,0.15905988753812345
enigma,ocd,VLMC_1,0.002076041844006651,0.013051950910684918,0.15905988753812345
enigma,ocd,Vip_1,0.0014727873975277036,0.009259326284728487,0.15905988753812345
enigma,ocd,Vip_2,0.001489349134310696,0.009363448933369383,0.15905988753812345
enigma,ocd,Vip_3,0.0015335101663854988,0.009641086700868861,0.15905988753812345
enigma,ocd,Vip_4,0.006907914623827651,0.043429646095857845,0.15905988753812345
enigma,ocd,Vip_5,0.002198667704531625,0.013822892361876268,0.15905988753812345
enigma,ocd,Vip_6,0.004012806372221011,0.025228273666792464,0.15905988753812345
enigma,ocd,Vip_7,0.0011878294789939442,0.007467812893487967,0.15905988753812345
enigma,ocd,Vip_8,0.0007134874258798311,0.004485652774706147,0.15905988753812345
enigma,ocd,Vip_9,0.002363779194848907,0.014860938426618444,0.15905988753812345
enigma,schizophrenia,Astro_1,0.008736095500112744,0.009961334013160959,0.8770005592193351
enigma,schizophrenia,Astro_2,0.005961310825968129,0.006797385432997453,0.8770005592193351
enigma,schizophrenia,Chandelier_1,0.017729185065127044,0.020215705541748726,0.8770005592193351
enigma,schizophrenia,Endo_1,0.01324241517498246,0.015099665599723493,0.8770005592193351
enigma,schizophrenia,L2/3 IT_1,0.008866609823714896,0.010110152987368146,0.8770005592193351
enigma,schizophrenia,L2/3 IT_2,0.009173512063334744,0.010460098305411088,0.8770005592193351
enigma,schizophrenia,L2/3 IT_3,0.004934032152586683,0.0056260307940723875,0.8770005592193351
enigma,schizophrenia,L2/3 IT_4,0.004020423098759723,0.004584287953406228,0.8770005592193351
enigma,schizophrenia,L2/3 IT_5,0.009225469918896303,0.010519343256871335,0.8770005592193351
enigma,schizophrenia,L2/3 IT_6,0.011531244514340375,0.013148503034712943,0.8770005592193351
enigma,schizophrenia,L2/3 IT_7,0.01841151598030874,0.02099373345519621,0.8770005592193351
enigma,schizophrenia,L2/3 IT_8,0.005255621075597952,0.005992722604733867,0.8770005592193351
enigma,schizophrenia,L4 IT_1,0.021463709602240214,0.024473997623611785,0.8770005592193351
enigma,schizophrenia,L4 IT_2,0.004949755728860992,0.005643959603933472,0.8770005592193351
enigma,schizophrenia,L4 IT_3,0.009241239537408453,0.010537324566400018,0.8770005592193351
enigma,schizophrenia,L5 ET_1,0.010809908348221976,0.012325999378888026,0.8770005592193351
enigma,schizophrenia,L5 IT_1,0.026570878515601574,0.030297447631337578,0.8770005592193351
enigma,schizophrenia,L5 IT_2,0.0032474334368306442,0.0037028863923659954,0.8770005592193351
enigma,schizophrenia,L5 IT_3,0.017156078120179788,0.019562220274353448,0.8770005592193351
enigma,schizophrenia,L5 IT_4,0.009965033306645069,0.011362630504495317,0.8770005592193351
enigma,schizophrenia,L5 IT_5,0.014733317000257741,0.016799666596989005,0.8770005592193351
enigma,schizophrenia,L5/6 NP_1,0.00936068657732348,0.010673524068965164,0.8770005592193351
enigma,schizophrenia,L5/6 NP_2,0.003421152942365936,0.0039009700808073445,0.8770005592193351
enigma,schizophrenia,L6 CT_1,0.013330281468431975,0.015199855152085615,0.8770005592193351
enigma,schizophrenia,L6 CT_2,0.01217306811886972,0.013880342481999803,0.8770005592193351
enigma,schizophrenia,L6 IT Car3_1,0.023658198546251064,0.02697626392315016,0.8770005592193351
enigma,schizophrenia,L6 IT_1,0.005676748772766283,0.00647291351537958,0.8770005592193351
enigma,schizophrenia,L6 IT_2,0.007870232531801063,0.008974033652620218,0.8770005592193351
enigma,schizophrenia,L6 IT_3,0.022901742802447906,0.026113715164371124,0.8770005592193351
enigma,schizophrenia,L6b_1,0.004198030386144908,0.004786804685599971,0.8770005592193351
enigma,schizophrenia,L6b_2,0.011547611819762115,0.013167165856816853,0.8770005592193351
enigma,schizophrenia,L6b_3,0.018101548313185122,0.02064029278304939,0.8770005592193351
enigma,schizophrenia,Lamp5_1,0.007567770112203988,0.008629150839927015,0.8770005592193351
enigma,schizophrenia,Lamp5_2,0.018953133733729786,0.021611313167919734,0.8770005592193351
enigma,schizophrenia,Lamp5_Lhx6_1,0.006116143989313899,0.006973933967337723,0.8770005592193351
enigma,schizophrenia,Micro-PVM_1,0.004920263559286516,0.005610331153798014,0.8770005592193351
enigma,schizophrenia,Micro-PVM_2,0.009746838747525919,0.011113834130507396,0.8770005592193351
enigma,schizophrenia,OPC_1,0.015340724937285846,0.017492263574998678,0.8770005592193351
enigma,schizophrenia,Oligo_1,0.0052537213808666735,0.005990556477573163,0.8770005592193351
enigma,schizophrenia,Oligo_2,0.011627043643455908,0.013257738003959496,0.8770005592193351
enigma,schizophrenia,Pax6_1,0.004019991952824127,0.004583796339197932,0.8770005592193351
enigma,schizophrenia,Pax6_2,0.019690244474809524,0.022451803784865155,0.8770005592193351
enigma,schizophrenia,Pvalb_1,0.009439418377705056,0.010763298014436372,0.8770005592193351
enigma,schizophrenia,Pvalb_2,0.005863007980734991,0.006685295601127059,0.8770005592193351
enigma,schizophrenia,Pvalb_3,0.010003956004941658,0.011407012116214284,0.8770005592193351
enigma,schizophrenia,Pvalb_4,0.01453041489820356,0.01656830744912849,0.8770005592193351
enigma,schizophrenia,Pvalb_5,0.004135340611028979,0.004715322661493017,0.8770005592193351
enigma,schizophrenia,Sncg_1,0.016693003785912337,0.019034199705381796,0.8770005592193351
enigma,schizophrenia,Sncg_2,0.013337135631735187,0.01520767061267017,0.8770005592193351
enigma,schizophrenia,Sncg_3,0.011344737722790276,0.012935838641755066,0.8770005592193351
enigma,schizophrenia,Sncg_4,0.009836239249874344,0.011215773064763042,0.8770005592193351
enigma,schizophrenia,Sst Chodl_1,0.014518785011451391,0.016555046469269457,0.8770005592193351
enigma,schizophrenia,Sst_1,0.018951270233325736,0.021609188311345288,0.8770005592193351
enigma,schizophrenia,Sst_10,0.005488338449186813,0.006258078619781356,0.8770005592193351
enigma,schizophrenia,Sst_2,0.017653744440371887,0.020129684359707165,0.8770005592193351
enigma,schizophrenia,Sst_3,0.015191183413914724,0.0173217488338174,0.8770005592193351
enigma,schizophrenia,Sst_4,0.026999168489796294,0.03078580532928017,0.8770005592193351
enigma,schizophrenia,Sst_5,0.009713912382530412,0.011076289838603162,0.8770005592193351
enigma,schizophrenia,Sst_6,0.009936578566685748,0.011330184983611442,0.8770005592193351
enigma,schizophrenia,Sst_7,0.011594568238721932,0.013220707919551244,0.8770005592193351
enigma,schizophrenia,Sst_8,0.02200795821294318,0.025094577171688053,0.8770005592193351
enigma,schizophrenia,Sst_9,0.011543878859824757,0.013162909348770062,0.8770005592193351
enigma,schizophrenia,VLMC_1,0.014298318285997192,0.016303659257326915,0.8770005592193351
enigma,schizophrenia,Vip_1,0.010610595138439186,0.012098732465899728,0.8770005592193351
enigma,schizophrenia,Vip_2,0.027890707983072402,0.03180238335070095,0.8770005592193351
enigma,schizophrenia,Vip_3,0.01942813640095969,0.02215293502007993,0.8770005592193351
enigma,schizophrenia,Vip_4,0.03555394785880217,0.04054039360071861,0.8770005592193351
enigma,schizophrenia,Vip_5,0.010613572348912796,0.012102127230523663,0.8770005592193351
enigma,schizophrenia,Vip_6,0.013546646027260497,0.01544656486800771,0.8770005592193351
enigma,schizophrenia,Vip_7,0.007139358849436341,0.008140654842673607,0.8770005592193351
enigma,schizophrenia,Vip_8,0.002921013000502604,0.003330685448026115,0.8770005592193351
enigma,schizophrenia,Vip_9,0.005515655163644947,0.006289226506941712,0.8770005592193351
enigma,bipolar,Astro_1,0.0021392202644575555,0.006852496311879963,0.31218116246904865
enigma,bipolar,Astro_2,0.0026216444526078572,0.008397830387564725,0.31218116246904865
enigma,bipolar,Chandelier_1,0.0051289686984715074,0.016429462488724064,0.31218116246904865
enigma,bipolar,Endo_1,0.012027942261280332,0.03852872532779055,0.31218116246904865
enigma,bipolar,L2/3 IT_1,0.005164724203089184,0.016543996960743084,0.31218116246904865
enigma,bipolar,L2/3 IT_2,0.006026555392286107,0.019304673429434142,0.31218116246904865
enigma,bipolar,L2/3 IT_3,0.0050596523001174044,0.01620742347200096,0.31218116246904865
enigma,bipolar,L2/3 IT_4,0.004240031127856277,0.01358195700958304,0.31218116246904865
enigma,bipolar,L2/3 IT_5,0.0010106385946409106,0.0032373465030616985,0.31218116246904865
enigma,bipolar,L2/3 IT_6,0.0011504073852130407,0.003685063429562629,0.31218116246904865
enigma,bipolar,L2/3 IT_7,0.0024117969995937926,0.00772563270800464,0.31218116246904865
enigma,bipolar,L2/3 IT_8,0.0016951827451379216,0.005430125032947788,0.31218116246904865
enigma,bipolar,L4 IT_1,0.00784319580824119,0.02512385996070089,0.31218116246904865
enigma,bipolar,L4 IT_2,0.0028616326735425935,0.009166577031457852,0.31218116246904865
enigma,bipolar,L4 IT_3,0.012429324207141667,0.03981445936339602,0.31218116246904865
enigma,bipolar,L5 ET_1,0.0024767090860392258,0.007933563532312045,0.31218116246904865
enigma,bipolar,L5 IT_1,0.00850044697170959,0.02722921173231383,0.31218116246904865
enigma,bipolar,L5 IT_2,0.0021740671641627615,0.006964120278648493,0.31218116246904865
enigma,bipolar,L5 IT_3,0.0027742414837783136,0.00888663960963169,0.31218116246904865
enigma,bipolar,L5 IT_4,0.00319925536218631,0.01024807306399694,0.31218116246904865
enigma,bipolar,L5 IT_5,0.0021131242827133836,0.006768903882606595,0.31218116246904865
enigma,bipolar,L5/6 NP_1,0.010625032830278557,0.03403483011673384,0.31218116246904865
enigma,bipolar,L5/6 NP_2,0.0027151315651048956,0.008697294685018314,0.31218116246904865
enigma,bipolar,L6 CT_1,0.008296859114867045,0.026577065218307785,0.31218116246904865
enigma,bipolar,L6 CT_2,0.0022372612958960585,0.007166548033204511,0.31218116246904865
enigma,bipolar,L6 IT Car3_1,0.004724222442805049,0.015132951666401185,0.31218116246904865
enigma,bipolar,L6 IT_1,0.003875584799177808,0.012414537663085468,0.31218116246904865
enigma,bipolar,L6 IT_2,0.001490896962838798,0.004775742876499199,0.31218116246904865
enigma,bipolar,L6 IT_3,0.006675267501631937,0.02138267232025494,0.31218116246904865
enigma,bipolar,L6b_1,0.004196611258681984,0.013442871522070327,0.31218116246904865
enigma,bipolar,L6b_2,0.007347827083441144,0.023537061062003213,0.31218116246904865
enigma,bipolar,L6b_3,0.007221274691961485,0.023131679806841138,0.31218116246904865
enigma,bipolar,Lamp5_1,0.005435593904672625,0.01741166527051913,0.31218116246904865
enigma,bipolar,Lamp5_2,0.002745461566877733,0.008794449816138195,0.31218116246904865
enigma,bipolar,Lamp5_Lhx6_1,0.004698029644120376,0.015049049106498106,0.31218116246904865
enigma,bipolar,Micro-PVM_1,0.002173655926638142,0.006962802974550555,0.31218116246904865
enigma,bipolar,Micro-PVM_2,0.006892767359187073,0.022079382704170883,0.31218116246904865
enigma,bipolar,OPC_1,0.0036420162298477993,0.011666354885230747,0.31218116246904865
enigma,bipolar,Oligo_1,0.0009498676257320507,0.0030426807889993228,0.31218116246904865
enigma,bipolar,Oligo_2,0.0022179556613746657,0.007104706907466161,0.31218116246904865
enigma,bipolar,Pax6_1,0.0043332647087448144,0.013880609177289607,0.31218116246904865
enigma,bipolar,Pax6_2,0.0020403297240380956,0.0065357233854249136,0.31218116246904865
enigma,bipolar,Pvalb_1,0.009691779188269519,0.031045368373981936,0.31218116246904865
enigma,bipolar,Pvalb_2,0.005351471136737838,0.01714219748050433,0.31218116246904865
enigma,bipolar,Pvalb_3,0.006143064650775929,0.019677883835751895,0.31218116246904865
enigma,bipolar,Pvalb_4,0.002390533113183758,0.007657518776203445,0.31218116246904865
enigma,bipolar,Pvalb_5,0.004267343292883585,0.013669445200130142,0.31218116246904865
enigma,bipolar,Sncg_1,0.0029868497074405586,0.009567680778101694,0.31218116246904865
enigma,bipolar,Sncg_2,0.006009887668714697,0.019251282240037627,0.31218116246904865
enigma,bipolar,Sncg_3,0.004133562434752189,0.013240909227384957,0.31218116246904865
enigma,bipolar,Sncg_4,0.0032518361362167255,0.010416503387000906,0.31218116246904865
enigma,bipolar,Sst Chodl_1,0.009502294779151361,0.03043839898601656,0.31218116246904865
enigma,bipolar,Sst_1,0.0108357806830729,0.03470991201830514,0.31218116246904865
enigma,bipolar,Sst_10,0.0024674261903651754,0.00790382792750927,0.31218116246904865
enigma,bipolar,Sst_2,0.0028417872902815754,0.009103006945729231,0.31218116246904865
enigma,bipolar,Sst_3,0.00728449136538985,0.023334179768492835,0.31218116246904865
enigma,bipolar,Sst_4,0.004216518345720104,0.013506639261547862,0.31218116246904865
enigma,bipolar,Sst_5,0.0015289748556460217,0.004897716580825445,0.31218116246904865
enigma,bipolar,Sst_6,0.0025611277621467306,0.008203979195575757,0.31218116246904865
enigma,bipolar,Sst_7,0.0015071473694546703,0.004827797287749856,0.31218116246904865
enigma,bipolar,Sst_8,0.0024228765893971114,0.007761123606032215,0.31218116246904865
enigma,bipolar,Sst_9,0.0011169797238553393,0.0035779856639046336,0.31218116246904865
enigma,bipolar,VLMC_1,0.002541447071934684,0.008140936665858745,0.31218116246904865
enigma,bipolar,Vip_1,0.005469471266383331,0.0175201835470313,0.31218116246904865
enigma,bipolar,Vip_2,0.004129274903467951,0.013227175114633479,0.31218116246904865
enigma,bipolar,Vip_3,0.0020150956707519654,0.006454891944198436,0.31218116246904865
enigma,bipolar,Vip_4,0.004626150627250283,0.014818801335294998,0.31218116246904865
enigma,bipolar,Vip_5,0.003509931585020292,0.011243252338674618,0.31218116246904865
enigma,bipolar,Vip_6,0.004662094979305017,0.014933940736309617,0.31218116246904865
enigma,bipolar,Vip_7,0.002119856871150689,0.0067904701692590545,0.31218116246904865
enigma,bipolar,Vip_8,0.0016391142173645288,0.005250522499181992,0.31218116246904865
enigma,bipolar,Vip_9,0.003373319630779212,0.010805647605702863,0.31218116246904865
enigma,obesity,Astro_1,0.0025835969534736686,0.013517846839611729,0.19112488727885873
enigma,obesity,Astro_2,0.0024206567698458886,0.01266531430997814,0.19112488727885873
enigma,obesity,Chandelier_1,0.00284177267623195,0.014868668945691473,0.19112488727885873
enigma,obesity,Endo_1,0.0012641699456164078,0.006614365944775858,0.19112488727885873
enigma,obesity,L2/3 IT_1,0.00649956271472585,0.03400688841345257,0.19112488727885873
enigma,obesity,L2/3 IT_2,0.003650468854277282,0.019099913706952798,0.19112488727885873
enigma,obesity,L2/3 IT_3,0.002295365708295771,0.012009768800788053,0.19112488727885873
enigma,obesity,L2/3 IT_4,0.0016279936654963905,0.008517957491956992,0.19112488727885873
enigma,obesity,L2/3 IT_5,0.0009588403857302708,0.005016826428947921,0.19112488727885873
enigma,obesity,L2/3 IT_6,0.0028117370147015945,0.014711516928714571,0.19112488727885873
enigma,obesity,L2/3 IT_7,0.0016550869920959283,0.008659714680072466,0.19112488727885873
enigma,obesity,L2/3 IT_8,0.0006327176212412739,0.0033104931034863816,0.19112488727885873
enigma,obesity,L4 IT_1,0.004939531344588468,0.025844521950621202,0.19112488727885873
enigma,obesity,L4 IT_2,0.002702105050475706,0.014137902650706228,0.19112488727885873
enigma,obesity,L4 IT_3,0.0018917307177711347,0.009897877480555555,0.19112488727885873
enigma,obesity,L5 ET_1,0.002715155905680404,0.01420618708707927,0.19112488727885873
enigma,obesity,L5 IT_1,0.005411133413851739,0.028312029327487227,0.19112488727885873
enigma,obesity,L5 IT_2,0.0030264825180830283,0.015835104267019246,0.19112488727885873
enigma,obesity,L5 IT_3,0.0031871398052329874,0.01667569226912257,0.19112488727885873
enigma,obesity,L5 IT_4,0.0014932488666146175,0.007812948318111542,0.19112488727885873
enigma,obesity,L5 IT_5,0.0026162069757849466,0.013688468378101894,0.19112488727885873
enigma,obesity,L5/6 NP_1,0.0012955632103663784,0.0067786211874966374,0.19112488727885873
enigma,obesity,L5/6 NP_2,0.003942033427518388,0.020625432321468455,0.19112488727885873
enigma,obesity,L6 CT_1,0.0014674036317833604,0.007677721372007198,0.19112488727885873
enigma,obesity,L6 CT_2,0.0021243822647062116,0.011115152479366302,0.19112488727885873
enigma,obesity,L6 IT Car3_1,0.00200637665515894,0.01049772577357525,0.19112488727885873
enigma,obesity,L6 IT_1,0.002224460469806977,0.011638779760593928,0.19112488727885873
enigma,obesity,L6 IT_2,0.0019714815577642057,0.010315148308695855,0.19112488727885873
enigma,obesity,L6 IT_3,0.005464544499140587,0.028591485792049686,0.19112488727885873
enigma,obesity,L6b_1,0.0022983881080909808,0.012025582543510108,0.19112488727885873
enigma,obesity,L6b_2,0.0019491147185619689,0.01019812095804213,0.19112488727885873
enigma,obesity,L6b_3,0.001974510007435497,0.010330993705464477,0.19112488727885873
enigma,obesity,Lamp5_1,0.0046493561047121715,0.0243262725797116,0.19112488727885873
enigma,obesity,Lamp5_2,0.0017484708738079832,0.009148316049792592,0.19112488727885873
enigma,obesity,Lamp5_Lhx6_1,0.0012682876312902814,0.006635910421439777,0.19112488727885873
enigma,obesity,Micro-PVM_1,0.004569933829960247,0.02391072086437667,0.19112488727885873
enigma,obesity,Micro-PVM_2,0.002377623024278805,0.012440153964929535,0.19112488727885873
enigma,obesity,OPC_1,0.0024357371786742654,0.012744217738218619,0.19112488727885873
enigma,obesity,Oligo_1,0.0036484493738228193,0.01908934741972974,0.19112488727885873
enigma,obesity,Oligo_2,0.003025518083138038,0.01583005816884375,0.19112488727885873
enigma,obesity,Pax6_1,0.0024573575928891565,0.012857339658250654,0.19112488727885873
enigma,obesity,Pax6_2,0.003029305204032369,0.01584987307075553,0.19112488727885873
enigma,obesity,Pvalb_1,0.0012284491549422627,0.0064274683032247235,0.19112488727885873
enigma,obesity,Pvalb_2,0.0020999992225968467,0.010987575990210344,0.19112488727885873
enigma,obesity,Pvalb_3,0.0007648063373621564,0.004001605171629343,0.19112488727885873
enigma,obesity,Pvalb_4,0.0010724433626896944,0.005611217764251483,0.19112488727885873
enigma,obesity,Pvalb_5,0.002407826868463168,0.012598185943989879,0.19112488727885873
enigma,obesity,Sncg_1,0.004343427086567426,0.022725596589784746,0.19112488727885873
enigma,obesity,Sncg_2,0.004187960176172037,0.021912165578215036,0.19112488727885873
enigma,obesity,Sncg_3,0.0035978983294612478,0.018824855206908624,0.19112488727885873
enigma,obesity,Sncg_4,0.0024459276372193984,0.012797536061594604,0.19112488727885873
enigma,obesity,Sst Chodl_1,0.003524999833811023,0.018443437084506475,0.19112488727885873
enigma,obesity,Sst_1,0.0014075495115268984,0.007364553782434562,0.19112488727885873
enigma,obesity,Sst_10,0.004348035602064937,0.022749709176916252,0.19112488727885873
enigma,obesity,Sst_2,0.0021564002176303844,0.01128267620367049,0.19112488727885873
enigma,obesity,Sst_3,0.001169409735039852,0.006118563373348847,0.19112488727885873
enigma,obesity,Sst_4,0.0035272751895661283,0.01845534215761077,0.19112488727885873
enigma,obesity,Sst_5,0.0022309780969866403,0.011672881165557238,0.19112488727885873
enigma,obesity,Sst_6,0.001139112261182915,0.005960041506896511,0.19112488727885873
enigma,obesity,Sst_7,0.009854280882969906,0.05155938100615919,0.19112488727885873
enigma,obesity,Sst_8,0.0025731370705402087,0.013463118839075628,0.19112488727885873
enigma,obesity,Sst_9,0.0018497447389234536,0.009678199240607546,0.19112488727885873
enigma,obesity,VLMC_1,0.0009143108713612348,0.00478383995082346,0.19112488727885873
enigma,obesity,Vip_1,0.0011800060039189653,0.006174004969835719,0.19112488727885873
enigma,obesity,Vip_2,0.0031229440881002254,0.0163398086589515,0.19112488727885873
enigma,obesity,Vip_3,0.0011528773779474835,0.006032063089017758,0.19112488727885873
enigma,obesity,Vip_4,0.004536607376475612,0.023736350828327882,0.19112488727885873
enigma,obesity,Vip_5,0.0014930967660025986,0.007812152500182311,0.19112488727885873
enigma,obesity,Vip_6,0.005037924692791672,0.026359333755635612,0.19112488727885873
enigma,obesity,Vip_7,0.0026598340056142064,0.013916732893782712,0.19112488727885873
enigma,obesity,Vip_8,0.0013256784728959883,0.006936189691307815,0.19112488727885873
enigma,obesity,Vip_9,0.0006189449612792184,0.0032384320539907154,0.19112488727885873
enigma,schizotypy,Astro_1,6.511936879262873e-05,0.006718156227697171,0.009693041749186912
enigma,schizotypy,Astro_2,0.00020821768970692394,0.021481150612437012,0.009693041749186912
enigma,schizotypy,Chandelier_1,0.00011594374923044677,0.011961544397574946,0.009693041749186912
enigma,schizotypy,Endo_1,9.832257020839527e-05,0.01014362392658042,0.009693041749186912
enigma,schizotypy,L2/3 IT_1,0.00010993193769978115,0.01134132510148351,0.009693041749186912
enigma,schizotypy,L2/3 IT_2,0.00024399669422534877,0.025172355648402745,0.009693041749186912
enigma,schizotypy,L2/3 IT_3,4.068369367193593e-05,0.004197206070565891,0.009693041749186912
enigma,schizotypy,L2/3 IT_4,0.00017974761919197578,0.018543984833971613,0.009693041749186912
enigma,schizotypy,L2/3 IT_5,0.0002482383506720794,0.02560995372715717,0.009693041749186912
enigma,schizotypy,L2/3 IT_6,8.397724001311751e-05,0.008663662262690846,0.009693041749186912
enigma,schizotypy,L2/3 IT_7,8.291152295740509e-05,0.008553715655290561,0.009693041749186912
enigma,schizotypy,L2/3 IT_8,0.0003128670641142938,0.03227749061748736,0.009693041749186912
enigma,schizotypy,L4 IT_1,0.0002477404842320001,0.025558590444818983,0.009693041749186912
enigma,schizotypy,L4 IT_2,6.218661053127307e-05,0.006415592972813669,0.009693041749186912
enigma,schizotypy,L4 IT_3,7.197613566438705e-05,0.007425546853795886,0.009693041749186912
enigma,schizotypy,L5 ET_1,0.00024865332426560335,0.02565276522062451,0.009693041749186912
enigma,schizotypy,L5 IT_1,6.947020921607105e-05,0.007167018466819094,0.009693041749186912
enigma,schizotypy,L5 IT_2,0.00019166542070315747,0.019773506156541117,0.009693041749186912
enigma,schizotypy,L5 IT_3,6.339327874718322e-05,0.006540081058920528,0.009693041749186912
enigma,schizotypy,L5 IT_4,6.078920688887831e-05,0.006271427325068268,0.009693041749186912
enigma,schizotypy,L5 IT_5,0.00010769766395890554,0.011110822252255296,0.009693041749186912
enigma,schizotypy,L5/6 NP_1,2.220135842624762e-05,0.002290442876521186,0.009693041749186912
enigma,schizotypy,L5/6 NP_2,4.653412503100657e-05,0.004800776292427506,0.009693041749186912
enigma,schizotypy,L6 CT_1,7.927146215819044e-05,0.008178182268206987,0.009693041749186912
enigma,schizotypy,L6 CT_2,0.0002251313287640093,0.023226076456639027,0.009693041749186912
enigma,schizotypy,L6 IT Car3_1,3.7878459039224294e-05,0.003907799019064545,0.009693041749186912
enigma,schizotypy,L6 IT_1,0.00021917671079555118,0.022611757636753865,0.009693041749186912
enigma,schizotypy,L6 IT_2,0.000103470533802265,0.010674722804216179,0.009693041749186912
enigma,schizotypy,L6 IT_3,0.00015505709868629956,0.01599674309659363,0.009693041749186912
enigma,schizotypy,L6b_1,0.0003065886000365037,0.03162976163413528,0.009693041749186912
enigma,schizotypy,L6b_2,0.00013539967884090628,0.013968750196734075,0.009693041749186912
enigma,schizotypy,L6b_3,0.00011523500042003876,0.011888425058078916,0.009693041749186912
enigma,schizotypy,Lamp5_1,7.35097483019598e-05,0.0075837647463063975,0.009693041749186912
enigma,schizotypy,Lamp5_2,0.00016466492407372107,0.016987951598117668,0.009693041749186912
enigma,schizotypy,Lamp5_Lhx6_1,3.1393712595728765e-05,0.0032387885462643535,0.009693041749186912
enigma,schizotypy,Micro-PVM_1,9.17547912322973e-05,0.009466047253948331,0.009693041749186912
enigma,schizotypy,Micro-PVM_2,5.751795279166019e-05,0.005933942541461251,0.009693041749186912
enigma,schizotypy,OPC_1,0.00023815088354639375,0.024569262127275036,0.009693041749186912
enigma,schizotypy,Oligo_1,0.00018348090979821037,0.018929136440952753,0.009693041749186912
enigma,schizotypy,Oligo_2,0.0002472081492686913,0.025503671155592413,0.009693041749186912
enigma,schizotypy,Pax6_1,0.00011432434365671214,0.011794475523258949,0.009693041749186912
enigma,schizotypy,Pax6_2,8.501563895978814e-05,0.008770790548479745,0.009693041749186912
enigma,schizotypy,Pvalb_1,0.00011130279314608601,0.011482751857065147,0.009693041749186912
enigma,schizotypy,Pvalb_2,0.0001521655765343559,0.015698434038739193,0.009693041749186912
enigma,schizotypy,Pvalb_3,0.00021974817350949152,0.022670713610402515,0.009693041749186912
enigma,schizotypy,Pvalb_4,0.00013402642814633857,0.013827076331078549,0.009693041749186912
enigma,schizotypy,Pvalb_5,6.558755079954338e-05,0.00676645706236075,0.009693041749186912
enigma,schizotypy,Sncg_1,0.00022767488079064547,0.023488486553742915,0.009693041749186912
enigma,schizotypy,Sncg_2,0.00016197896028274938,0.016710849336467243,0.009693041749186912
enigma,schizotypy,Sncg_3,0.00018621798338374444,0.01921151153603203,0.009693041749186912
enigma,schizotypy,Sncg_4,0.0002944716188839287,0.030379691587383295,0.009693041749186912
enigma,schizotypy,Sst Chodl_1,8.114417774210978e-05,0.008371384323080672,0.009693041749186912
enigma,schizotypy,Sst_1,4.282805066852002e-05,0.004418432497942413,0.009693041749186912
enigma,schizotypy,Sst_10,0.0001991179918261304,0.020542363994546207,0.009693041749186912
enigma,schizotypy,Sst_2,0.00024769100647607496,0.025553485983577054,0.009693041749186912
enigma,schizotypy,Sst_3,5.66460181337311e-05,0.005843987841946805,0.009693041749186912
enigma,schizotypy,Sst_4,0.00015040411810301273,0.015516710027131491,0.009693041749186912
enigma,schizotypy,Sst_5,8.263281993739854e-05,0.008524962759427926,0.009693041749186912
enigma,schizotypy,Sst_6,9.414330479320853e-05,0.009712462530258432,0.009693041749186912
enigma,schizotypy,Sst_7,7.393546214914684e-05,0.007627684277265062,0.009693041749186912
enigma,schizotypy,Sst_8,3.531533376614104e-05,0.0036433696129600825,0.009693041749186912
enigma,schizotypy,Sst_9,4.657089064687498e-05,0.004804569282989162,0.009693041749186912
enigma,schizotypy,VLMC_1,8.927823589223867e-05,0.009210548989921317,0.009693041749186912
enigma,schizotypy,Vip_1,0.00024079190422838088,0.024841727752650956,0.009693041749186912
enigma,schizotypy,Vip_2,0.00020723432376256118,0.02137969990482552,0.009693041749186912
enigma,schizotypy,Vip_3,0.00012421949683793856,0.012815326710870564,0.009693041749186912
enigma,schizotypy,Vip_4,0.00012105744180464886,0.01248910764413076,0.009693041749186912
enigma,schizotypy,Vip_5,6.602768517862888e-05,0.006811864313301603,0.009693041749186912
enigma,schizotypy,Vip_6,0.00011982615050297404,0.012362079273312272,0.009693041749186912
enigma,schizotypy,Vip_7,0.0001324472266265278,0.013664155179940081,0.009693041749186912
enigma,schizotypy,Vip_8,0.00014885800318724732,0.015357202314715511,0.009693041749186912
enigma,schizotypy,Vip_9,0.00013320289652933692,0.013742115217909846,0.009693041749186912
enigma,parkinson,Astro_1,0.00196974308990385,0.009332054440187917,0.21107282458847143
enigma,parkinson,Astro_2,0.0010119603012424198,0.004794365656571082,0.21107282458847143
enigma,parkinson,Chandelier_1,0.001542475299891436,0.007307787266782445,0.21107282458847143
enigma,parkinson,Endo_1,0.0016262615226982297,0.007704741365303425,0.21107282458847143
enigma,parkinson,L2/3 IT_1,0.0023860553904540035,0.011304417776689607,0.21107282458847143
enigma,parkinson,L2/3 IT_2,0.0021477329937495035,0.010175317442863322,0.21107282458847143
enigma,parkinson,L2/3 IT_3,0.0038384945461209584,0.018185640683990794,0.21107282458847143
enigma,parkinson,L2/3 IT_4,0.004328222101605604,0.020505823570818916,0.21107282458847143
enigma,parkinson,L2/3 IT_5,0.00848008736369703,0.04017612111000386,0.21107282458847143
enigma,parkinson,L2/3 IT_6,0.003173170388330177,0.01503353354235395,0.21107282458847143
enigma,parkinson,L2/3 IT_7,0.0007340139187450695,0.003477538712888199,0.21107282458847143
enigma,parkinson,L2/3 IT_8,0.0016368018322581587,0.007754678203835241,0.21107282458847143
enigma,parkinson,L4 IT_1,0.002290123423877581,0.010849920771859822,0.21107282458847143
enigma,parkinson,L4 IT_2,0.0024708915045487546,0.011706345946553046,0.21107282458847143
enigma,parkinson,L4 IT_3,0.004927519834002092,0.023345117229606773,0.21107282458847143
enigma,parkinson,L5 ET_1,0.0020250467586859183,0.00959406670486431,0.21107282458847143
enigma,parkinson,L5 IT_1,0.0018054823082563165,0.00855383591789452,0.21107282458847143
enigma,parkinson,L5 IT_2,0.0014361771050382807,0.006804178168546303,0.21107282458847143
enigma,parkinson,L5 IT_3,0.003103622051600831,0.014704034295518437,0.21107282458847143
enigma,parkinson,L5 IT_4,0.0045684360632728535,0.021643885574469054,0.21107282458847143
enigma,parkinson,L5 IT_5,0.002538486234506079,0.012026589588002928,0.21107282458847143
enigma,parkinson,L5/6 NP_1,0.0008119405346988069,0.003846731744277582,0.21107282458847143
enigma,parkinson,L5/6 NP_2,0.0013616041845420008,0.006450873944557855,0.21107282458847143
enigma,parkinson,L6 CT_1,0.001402473880544179,0.006644502357319478,0.21107282458847143
enigma,parkinson,L6 CT_2,0.003126117784638413,0.014810612359660242,0.21107282458847143
enigma,parkinson,L6 IT Car3_1,0.003106958683395534,0.01471984226038179,0.21107282458847143
enigma,parkinson,L6 IT_1,0.0050725866099852,0.024032400285897624,0.21107282458847143
enigma,parkinson,L6 IT_2,0.003210311020136262,0.015209494762745529,0.21107282458847143
enigma,parkinson,L6 IT_3,0.0020286314335308158,0.009611049823614373,0.21107282458847143
enigma,parkinson,L6b_1,0.0011432964872861912,0.005416597278760427,0.21107282458847143
enigma,parkinson,L6b_2,0.002145672702243786,0.010165556397073868,0.21107282458847143
enigma,parkinson,L6b_3,0.0008380204852513127,0.003970290760476631,0.21107282458847143
enigma,parkinson,Lamp5_1,0.003393902963655529,0.016079298556186093,0.21107282458847143
enigma,parkinson,Lamp5_2,0.004195657448577218,0.01987777183897306,0.21107282458847143
enigma,parkinson,Lamp5_Lhx6_1,0.0014189580233077014,0.006722599302275142,0.21107282458847143
enigma,parkinson,Micro-PVM_1,0.0026505769998575917,0.012557642155144415,0.21107282458847143
enigma,parkinson,Micro-PVM_2,0.0016398638866813443,0.007769185303122683,0.21107282458847143
enigma,parkinson,OPC_1,0.006808641768446744,0.03225731110445672,0.21107282458847143
enigma,parkinson,Oligo_1,0.005358205081798274,0.025385575297270806,0.21107282458847143
enigma,parkinson,Oligo_2,0.0016208239234740995,0.0076789796442731035,0.21107282458847143
enigma,parkinson,Pax6_1,0.0014759244421497448,0.006992489180108116,0.21107282458847143
enigma,parkinson,Pax6_2,0.0027482561616236027,0.013020416848932952,0.21107282458847143
enigma,parkinson,Pvalb_1,0.00041080318754573746,0.001946262804539998,0.21107282458847143
enigma,parkinson,Pvalb_2,0.0030268283871540238,0.01434020884998071,0.21107282458847143
enigma,parkinson,Pvalb_3,0.0024650803956472412,0.011678814648230567,0.21107282458847143
enigma,parkinson,Pvalb_4,0.0006290246918300089,0.0029801311137822597,0.21107282458847143
enigma,parkinson,Pvalb_5,0.001289504155082502,0.006109285539702459,0.21107282458847143
enigma,parkinson,Sncg_1,0.002652567284932448,0.01256707153137386,0.21107282458847143
enigma,parkinson,Sncg_2,0.004083839715952109,0.019348012819340288,0.21107282458847143
enigma,parkinson,Sncg_3,0.0016207423570963233,0.007678593207137318,0.21107282458847143
enigma,parkinson,Sncg_4,0.0012264282072400638,0.005810450538250152,0.21107282458847143
enigma,parkinson,Sst Chodl_1,0.0085364878258881,0.040443329654263574,0.21107282458847143
enigma,parkinson,Sst_1,0.0028159485881253297,0.013341123347430362,0.21107282458847143
enigma,parkinson,Sst_10,0.005971187698445379,0.028289703850258318,0.21107282458847143
enigma,parkinson,Sst_2,0.0021226016070672975,0.010056252438966184,0.21107282458847143
enigma,parkinson,Sst_3,0.0038435367060479977,0.018209528931740687,0.21107282458847143
enigma,parkinson,Sst_4,0.0011316808313374055,0.0053615657702209794,0.21107282458847143
enigma,parkinson,Sst_5,0.0019020207060630495,0.009011206012765586,0.21107282458847143
enigma,parkinson,Sst_6,0.0014084122050706212,0.006672636365276306,0.21107282458847143
enigma,parkinson,Sst_7,0.0047029362606782815,0.022281107337467975,0.21107282458847143
enigma,parkinson,Sst_8,0.006067323681695833,0.028745167425154282,0.21107282458847143
enigma,parkinson,Sst_9,0.0035026811549652443,0.016594657136911963,0.21107282458847143
enigma,parkinson,VLMC_1,0.0015964257802414128,0.007563388528835786,0.21107282458847143
enigma,parkinson,Vip_1,0.007688450983837255,0.0364255843869405,0.21107282458847143
enigma,parkinson,Vip_2,0.006754417136659928,0.03200041099477875,0.21107282458847143
enigma,parkinson,Vip_3,0.0036159676805802266,0.01713137485903397,0.21107282458847143
enigma,parkinson,Vip_4,0.0023239754650919314,0.011010301632258843,0.21107282458847143
enigma,parkinson,Vip_5,0.001438131572706728,0.006813437852602069,0.21107282458847143
enigma,parkinson,Vip_6,0.0063583286763648685,0.03012386217298081,0.21107282458847143
enigma,parkinson,Vip_7,0.0032693625539876097,0.015489263292713707,0.21107282458847143
enigma,parkinson,Vip_8,0.0014242836477560805,0.006747830520262405,0.21107282458847143
enigma,parkinson,Vip_9,0.0035946169050708873,0.01703022126168686,0.21107282458847143
