phenotype,outcome,feature,pearson_r,spin_p,spin_q_bh,n_valid_spins
meg,delta,Astro_1,-0.046896864351999475,0.7772227772227772,0.8578480343186226,1000
meg,delta,Astro_2,-0.38233714729061585,0.25274725274725274,0.5294705294705294,1000
meg,delta,Chandelier_1,0.731305703860116,0.000999000999000999,0.07192807192807193,1000
meg,delta,Endo_1,0.26766365867584313,0.24275724275724275,0.5294705294705294,1000
meg,delta,L2/3 IT_1,-0.3757536891824751,0.36363636363636365,0.5951695363460069,1000
meg,delta,L2/3 IT_2,-0.15568974714788614,0.6823176823176823,0.8053585758503792,1000
meg,delta,L2/3 IT_3,-0.5211762851492707,0.23976023976023977,0.5294705294705294,1000
meg,delta,L2/3 IT_4,-0.5555792311890562,0.0939060939060939,0.3596403596403596,1000
meg,delta,L2/3 IT_5,-0.10851324950229707,0.8011988011988012,0.8578480343186226,1000
meg,delta,L2/3 IT_6,-0.5575868166912239,0.16483516483516483,0.46629232836129386,1000
meg,delta,L2/3 IT_7,-0.5383985237457096,0.3016983016983017,0.5870885870885871,1000
meg,delta,L2/3 IT_8,0.06415092755185406,0.8741258741258742,0.8864375061558161,1000
meg,delta,L4 IT_1,0.4115471851900753,0.1878121878121878,0.46629232836129386,1000
meg,delta,L4 IT_2,-0.4883856544940628,0.3866133866133866,0.5951695363460069,1000
meg,delta,L4 IT_3,-0.35537878254643457,0.19480519480519481,0.4675324675324675,1000
meg,delta,L5 ET_1,-0.491036222776055,0.2647352647352647,0.5294705294705294,1000
meg,delta,L5 IT_1,-0.5896243541355212,0.0999000999000999,0.3596403596403596,1000
meg,delta,L5 IT_2,-0.292756412524736,0.4175824175824176,0.5951695363460069,1000
meg,delta,L5 IT_3,-0.5509138017462623,0.21878121878121878,0.5081370242660564,1000
meg,delta,L5 IT_4,-0.4483568091478084,0.4115884115884116,0.5951695363460069,1000
meg,delta,L5 IT_5,-0.2370201800968725,0.5834165834165834,0.7156233596911563,1000
meg,delta,L5/6 NP_1,-0.4330422468175087,0.16883116883116883,0.46629232836129386,1000
meg,delta,L5/6 NP_2,-0.5902575168389629,0.07492507492507493,0.3596403596403596,1000
meg,delta,L6 CT_1,-0.44571111875939384,0.13186813186813187,0.39560439560439564,1000
meg,delta,L6 CT_2,0.1631782852063416,0.6653346653346653,0.7984015984015984,1000
meg,delta,L6 IT Car3_1,-0.264707624179757,0.44555444555444557,0.6052815109418883,1000
meg,delta,L6 IT_1,-0.18590271182305204,0.5584415584415584,0.7156233596911563,1000
meg,delta,L6 IT_2,-0.606498977821061,0.07292707292707293,0.3596403596403596,1000
meg,delta,L6 IT_3,-0.3243798340342511,0.36863136863136864,0.5951695363460069,1000
meg,delta,L6b_1,-0.14555787453693916,0.5794205794205795,0.7156233596911563,1000
meg,delta,L6b_2,-0.4670192949317879,0.18281718281718282,0.46629232836129386,1000
meg,delta,L6b_3,-0.07254215456913349,0.8381618381618382,0.8744398458684173,1000
meg,delta,Lamp5_1,-0.09458554283100641,0.7782217782217782,0.8578480343186226,1000
meg,delta,Lamp5_2,-0.634589993623161,0.09090909090909091,0.3596403596403596,1000
meg,delta,Lamp5_Lhx6_1,-0.6704565836672869,0.03696303696303696,0.3596403596403596,1000
meg,delta,Micro-PVM_1,0.6016651694338362,0.054945054945054944,0.3596403596403596,1000
meg,delta,Micro-PVM_2,-0.16561805914423935,0.7462537462537463,0.8578480343186226,1000
meg,delta,OPC_1,0.462085944077356,0.06893106893106893,0.3596403596403596,1000
meg,delta,Oligo_1,0.2692624628937733,0.34465534465534464,0.5951695363460069,1000
meg,delta,Oligo_2,-0.6480046653885869,0.04295704295704296,0.3596403596403596,1000
meg,delta,Pax6_1,0.6061124217410966,0.11388611388611389,0.3690222820657604,1000
meg,delta,Pax6_2,-0.40891958528630684,0.3196803196803197,0.5951695363460069,1000
meg,delta,Pvalb_1,-0.654287905549358,0.027972027972027972,0.3356643356643357,1000
meg,delta,Pvalb_2,0.0270639766861133,0.951048951048951,0.951048951048951,1000
meg,delta,Pvalb_3,-0.34745062681664124,0.3906093906093906,0.5951695363460069,1000
meg,delta,Pvalb_4,-0.46384647290780084,0.2597402597402597,0.5294705294705294,1000
meg,delta,Pvalb_5,-0.7303027287608571,0.025974025974025976,0.3356643356643357,1000
meg,delta,Sncg_1,0.5282251347392584,0.11788211788211789,0.3690222820657604,1000
meg,delta,Sncg_2,0.4872343123684312,0.08191808191808192,0.3596403596403596,1000
meg,delta,Sncg_3,-0.24631594808419377,0.4075924075924076,0.5951695363460069,1000
meg,delta,Sncg_4,0.5427688028007224,0.1048951048951049,0.3596403596403596,1000
meg,delta,Sst Chodl_1,0.3418182266373025,0.42157842157842157,0.5951695363460069,1000
meg,delta,Sst_1,-0.5977471133796899,0.059940059940059943,0.3596403596403596,1000
meg,delta,Sst_10,-0.1136083055684506,0.7972027972027972,0.8578480343186226,1000
meg,delta,Sst_2,0.1176287715239325,0.5334665334665335,0.6983561892652803,1000
meg,delta,Sst_3,0.14583511816466152,0.3926073926073926,0.5951695363460069,1000
meg,delta,Sst_4,0.13502980993604619,0.8101898101898102,0.8578480343186226,1000
meg,delta,Sst_5,-0.5162561311378382,0.36363636363636365,0.5951695363460069,1000
meg,delta,Sst_6,-0.5415075138244911,0.057942057942057944,0.3596403596403596,1000
meg,delta,Sst_7,-0.3279078084030839,0.4875124875124875,0.65001665001665,1000
meg,delta,Sst_8,-0.29966868821346393,0.08891108891108891,0.3596403596403596,1000
meg,delta,Sst_9,-0.528691201888092,0.1048951048951049,0.3596403596403596,1000
meg,delta,VLMC_1,0.05874957509257132,0.7882117882117882,0.8578480343186226,1000
meg,delta,Vip_1,0.45720734083181175,0.026973026973026972,0.3356643356643357,1000
meg,delta,Vip_2,-0.37081817187104765,0.4095904095904096,0.5951695363460069,1000
meg,delta,Vip_3,-0.7756640729965152,0.012987012987012988,0.3356643356643357,1000
meg,delta,Vip_4,-0.10140003154534032,0.8501498501498501,0.8744398458684173,1000
meg,delta,Vip_5,0.5895505042916503,0.02097902097902098,0.3356643356643357,1000
meg,delta,Vip_6,0.26802372941519503,0.4385614385614386,0.6052815109418883,1000
meg,delta,Vip_7,-0.45964493321451405,0.4165834165834166,0.5951695363460069,1000
meg,delta,Vip_8,-0.2924346940508458,0.5864135864135864,0.7156233596911563,1000
meg,delta,Vip_9,-0.389718665641313,0.17882117882117882,0.46629232836129386,1000
meg,theta,Astro_1,0.06818540319069881,0.7012987012987013,0.7536344252762163,1000
meg,theta,Astro_2,-0.1665503666579637,0.6203796203796204,0.7137477906708677,1000
meg,theta,Chandelier_1,0.42571241808399324,0.2707292707292707,0.4060939060939061,1000
meg,theta,Endo_1,0.10771851676069447,0.6443556443556444,0.7137477906708677,1000
meg,theta,L2/3 IT_1,-0.624400190498168,0.023976023976023976,0.1250922990053425,1000
meg,theta,L2/3 IT_2,-0.5137549809131349,0.060939060939060936,0.1567004424147281,1000
meg,theta,L2/3 IT_3,-0.7308155906823258,0.008991008991008992,0.08091908091908093,1000
meg,theta,L2/3 IT_4,-0.48002317969159886,0.14185814185814186,0.24911673692161498,1000
meg,theta,L2/3 IT_5,-0.5207010048219151,0.04595404595404595,0.13786213786213786,1000
meg,theta,L2/3 IT_6,-0.7441892979976039,0.011988011988011988,0.08500590318772137,1000
meg,theta,L2/3 IT_7,-0.7318619406175673,0.027972027972027972,0.1250922990053425,1000
meg,theta,L2/3 IT_8,-0.39358325054933735,0.21678321678321677,0.3336238229855251,1000
meg,theta,L4 IT_1,0.2335384122260664,0.4905094905094905,0.608908333046264,1000
meg,theta,L4 IT_2,-0.8088614329426588,0.000999000999000999,0.04795204795204795,1000
meg,theta,L4 IT_3,-0.491999749749431,0.03896103896103896,0.1250922990053425,1000
meg,theta,L5 ET_1,0.14140103225277798,0.7752247752247752,0.808930200234548,1000
meg,theta,L5 IT_1,-0.737128044867012,0.008991008991008992,0.08091908091908093,1000
meg,theta,L5 IT_2,-0.5145263623366857,0.07892107892107893,0.17437108346199257,1000
meg,theta,L5 IT_3,-0.7625163017225113,0.003996003996003996,0.04795204795204795,1000
meg,theta,L5 IT_4,-0.7578242377482151,0.002997002997002997,0.04795204795204795,1000
meg,theta,L5 IT_5,0.0949216265677903,0.8151848151848152,0.8266662914550239,1000
meg,theta,L5/6 NP_1,-0.5745640335152576,0.03296703296703297,0.1250922990053425,1000
meg,theta,L5/6 NP_2,-0.6405482498006508,0.03396603396603397,0.1250922990053425,1000
meg,theta,L6 CT_1,-0.5356950294228078,0.03596403596403597,0.1250922990053425,1000
meg,theta,L6 CT_2,0.21646120908846989,0.5214785214785215,0.6257742257742257,1000
meg,theta,L6 IT Car3_1,-0.6125933862862457,0.003996003996003996,0.04795204795204795,1000
meg,theta,L6 IT_1,-0.354996881071061,0.2177822177822178,0.3336238229855251,1000
meg,theta,L6 IT_2,-0.6022748422422439,0.059940059940059943,0.1567004424147281,1000
meg,theta,L6 IT_3,-0.5330208292793861,0.052947052947052944,0.1521555367709214,1000
meg,theta,L6b_1,-0.36477550506032513,0.15484515484515485,0.26482608300790117,1000
meg,theta,L6b_2,-0.6116635811270642,0.03596403596403597,0.1250922990053425,1000
meg,theta,L6b_3,0.3048295312728913,0.3196803196803197,0.46973434728536767,1000
meg,theta,Lamp5_1,0.17723062732148437,0.5104895104895105,0.6229702500888942,1000
meg,theta,Lamp5_2,-0.5739125969572779,0.11288711288711288,0.23222491793920363,1000
meg,theta,Lamp5_Lhx6_1,-0.5604650722322276,0.11688311688311688,0.23376623376623376,1000
meg,theta,Micro-PVM_1,0.5611030373563964,0.0969030969030969,0.2052065581477346,1000
meg,theta,Micro-PVM_2,-0.551934023625362,0.06493506493506493,0.161218092252575,1000
meg,theta,OPC_1,0.140990664517873,0.6893106893106893,0.7519752974298429,1000
meg,theta,Oligo_1,0.3834649027553192,0.16183816183816183,0.26482608300790117,1000
meg,theta,Oligo_2,-0.2192018507920508,0.6433566433566433,0.7137477906708677,1000
meg,theta,Pax6_1,0.6842485130689145,0.03996003996003996,0.1250922990053425,1000
meg,theta,Pax6_2,-0.5497633885748885,0.07292707292707293,0.1693790080886855,1000
meg,theta,Pvalb_1,-0.5325900100816205,0.1258741258741259,0.23849834376150167,1000
meg,theta,Pvalb_2,0.41680190313938065,0.13386613386613386,0.24635364635364634,1000
meg,theta,Pvalb_3,-0.5611946311927938,0.06993006993006994,0.16783216783216784,1000
meg,theta,Pvalb_4,-0.5506396747629154,0.07992007992007992,0.17437108346199257,1000
meg,theta,Pvalb_5,-0.5646871542881957,0.15984015984015984,0.26482608300790117,1000
meg,theta,Sncg_1,0.29397937790008005,0.44955044955044954,0.5678531994321468,1000
meg,theta,Sncg_2,0.18605747642971343,0.6263736263736264,0.7137477906708677,1000
meg,theta,Sncg_3,-0.5721376451512906,0.022977022977022976,0.1250922990053425,1000
meg,theta,Sncg_4,0.013276374986782902,0.975024975024975,0.975024975024975,1000
meg,theta,Sst Chodl_1,0.578382780778575,0.03696303696303696,0.1250922990053425,1000
meg,theta,Sst_1,-0.6187326596592138,0.03596403596403597,0.1250922990053425,1000
meg,theta,Sst_10,0.336781815824299,0.3826173826173826,0.49193663479377764,1000
meg,theta,Sst_2,0.22572993808969927,0.32967032967032966,0.47246870776282535,1000
meg,theta,Sst_3,0.0544155652485688,0.7932067932067932,0.8158698444412731,1000
meg,theta,Sst_4,-0.4282076277757265,0.36063936063936064,0.4838797566070293,1000
meg,theta,Sst_5,-0.7907527224652316,0.001998001998001998,0.04795204795204795,1000
meg,theta,Sst_6,-0.5793130575525552,0.03396603396603397,0.1250922990053425,1000
meg,theta,Sst_7,-0.4953808631812538,0.13686313686313686,0.24635364635364634,1000
meg,theta,Sst_8,-0.36343868009987035,0.054945054945054944,0.1521555367709214,1000
meg,theta,Sst_9,-0.6616852195156278,0.01098901098901099,0.08500590318772137,1000
meg,theta,VLMC_1,-0.17415956222986465,0.36363636363636365,0.4838797566070293,1000
meg,theta,Vip_1,0.24489367784413385,0.36363636363636365,0.4838797566070293,1000
meg,theta,Vip_2,-0.46538105330800894,0.16983016983016982,0.27172827172827174,1000
meg,theta,Vip_3,-0.5925278113180751,0.12487512487512488,0.23849834376150167,1000
meg,theta,Vip_4,-0.3955941791207904,0.33466533466533466,0.47246870776282535,1000
meg,theta,Vip_5,0.3429071119239264,0.3696303696303696,0.4838797566070293,1000
meg,theta,Vip_6,-0.12440157132588246,0.7242757242757243,0.7668801786448846,1000
meg,theta,Vip_7,-0.7178289500776355,0.012987012987012988,0.08500590318772137,1000
meg,theta,Vip_8,-0.7766180024663679,0.002997002997002997,0.04795204795204795,1000
meg,theta,Vip_9,-0.19332672938753417,0.5464535464535465,0.6449943499123828,1000
meg,alpha,Astro_1,-0.010588708766727394,0.9530469530469531,0.9802768659911517,1000
meg,alpha,Astro_2,0.4805935566481418,0.1888111888111888,0.3187721369539551,1000
meg,alpha,Chandelier_1,-0.588987200059773,0.15484515484515485,0.2933908197066092,1000
meg,alpha,Endo_1,-0.2701356390848935,0.26173826173826176,0.39560439560439564,1000
meg,alpha,L2/3 IT_1,0.5581745440319632,0.1888111888111888,0.3187721369539551,1000
meg,alpha,L2/3 IT_2,0.31772919558476587,0.44655344655344653,0.5568224878569706,1000
meg,alpha,L2/3 IT_3,0.802085597153562,0.003996003996003996,0.02877122877122877,1000
meg,alpha,L2/3 IT_4,0.7233161462094122,0.005994005994005994,0.03319757165911012,1000
meg,alpha,L2/3 IT_5,0.23457863495545192,0.6003996003996004,0.7086683807995283,1000
meg,alpha,L2/3 IT_6,0.819630848696051,0.002997002997002997,0.02877122877122877,1000
meg,alpha,L2/3 IT_7,0.8609229950379154,0.005994005994005994,0.03319757165911012,1000
meg,alpha,L2/3 IT_8,-0.006698783283207687,0.9820179820179821,0.991008991008991,1000
meg,alpha,L4 IT_1,-0.49523380809523687,0.08191808191808192,0.17873036054854238,1000
meg,alpha,L4 IT_2,0.8115652840102208,0.04695304695304695,0.13522477522477522,1000
meg,alpha,L4 IT_3,0.5414938649871274,0.002997002997002997,0.02877122877122877,1000
meg,alpha,L5 ET_1,0.22566255753957318,0.7102897102897103,0.811759668902526,1000
meg,alpha,L5 IT_1,0.7932575824513648,0.003996003996003996,0.02877122877122877,1000
meg,alpha,L5 IT_2,0.4127418915238319,0.3436563436563437,0.4722824345465855,1000
meg,alpha,L5 IT_3,0.8115472031011363,0.003996003996003996,0.02877122877122877,1000
meg,alpha,L5 IT_4,0.7670832937315379,0.052947052947052944,0.14119214119214119,1000
meg,alpha,L5 IT_5,-0.0045561632453125995,0.991008991008991,0.991008991008991,1000
meg,alpha,L5/6 NP_1,0.5722736355501913,0.015984015984015984,0.06769700887347946,1000
meg,alpha,L5/6 NP_2,0.7206313808177964,0.01098901098901099,0.049450549450549455,1000
meg,alpha,L6 CT_1,0.6174911217111505,0.001998001998001998,0.02877122877122877,1000
meg,alpha,L6 CT_2,-0.35557550066639376,0.33766233766233766,0.4722824345465855,1000
meg,alpha,L6 IT Car3_1,0.509849124651336,0.06493506493506493,0.1558441558441558,1000
meg,alpha,L6 IT_1,0.16548194519424536,0.6693306693306693,0.777287228900132,1000
meg,alpha,L6 IT_2,0.7791957681315204,0.003996003996003996,0.02877122877122877,1000
meg,alpha,L6 IT_3,0.4671481719877919,0.19480519480519481,0.3187721369539551,1000
meg,alpha,L6b_1,0.1879647253948791,0.5564435564435565,0.6677322677322678,1000
meg,alpha,L6b_2,0.6041045222446215,0.057942057942057944,0.14899386327957756,1000
meg,alpha,L6b_3,0.11068672263958382,0.7652347652347652,0.8476446630292783,1000
meg,alpha,Lamp5_1,-0.07485655513280506,0.8311688311688312,0.8931963558829231,1000
meg,alpha,Lamp5_2,0.8459914453860351,0.001998001998001998,0.02877122877122877,1000
meg,alpha,Lamp5_Lhx6_1,0.7465036637862841,0.024975024975024976,0.0946421999053578,1000
meg,alpha,Micro-PVM_1,-0.6127277431243077,0.0899100899100899,0.19039783745666097,1000
meg,alpha,Micro-PVM_2,0.4649263500502813,0.34765234765234765,0.4722824345465855,1000
meg,alpha,OPC_1,-0.33311186700364764,0.3836163836163836,0.5114885114885115,1000
meg,alpha,Oligo_1,-0.3539099762253498,0.26373626373626374,0.39560439560439564,1000
meg,alpha,Oligo_2,0.6661591278448531,0.11488511488511488,0.23633509347795062,1000
meg,alpha,Pax6_1,-0.8036899877804815,0.002997002997002997,0.02877122877122877,1000
meg,alpha,Pax6_2,0.6212047179165303,0.060939060939060936,0.15129697888318577,1000
meg,alpha,Pvalb_1,0.7378696902220536,0.017982017982017984,0.07192807192807193,1000
meg,alpha,Pvalb_2,-0.2710135990711322,0.4435564435564436,0.5568224878569706,1000
meg,alpha,Pvalb_3,0.5453176558820674,0.1848151848151848,0.3187721369539551,1000
meg,alpha,Pvalb_4,0.7547722516250603,0.005994005994005994,0.03319757165911012,1000
meg,alpha,Pvalb_5,0.7975257298670586,0.029970029970029972,0.09808373444737081,1000
meg,alpha,Sncg_1,-0.6119173188217923,0.05194805194805195,0.14119214119214119,1000
meg,alpha,Sncg_2,-0.4855022854829338,0.12987012987012986,0.2527202527202527,1000
meg,alpha,Sncg_3,0.35708768679856595,0.24475524475524477,0.38309516570386143,1000
meg,alpha,Sncg_4,-0.48218475974140473,0.2967032967032967,0.42725274725274726,1000
meg,alpha,Sst Chodl_1,-0.5157003930451811,0.17482517482517482,0.3187721369539551,1000
meg,alpha,Sst_1,0.7153827495270361,0.01098901098901099,0.049450549450549455,1000
meg,alpha,Sst_10,-0.04043847678384528,0.929070929070929,0.9778048038917604,1000
meg,alpha,Sst_2,-0.054370116929210226,0.8011988011988012,0.8740350558532377,1000
meg,alpha,Sst_3,-0.1373152449748838,0.4155844155844156,0.5440377804014168,1000
meg,alpha,Sst_4,0.21198005132829145,0.7272727272727273,0.8181818181818182,1000
meg,alpha,Sst_5,0.8449401041775114,0.028971028971028972,0.09808373444737081,1000
meg,alpha,Sst_6,0.5953651051060663,0.03496503496503497,0.10489510489510491,1000
meg,alpha,Sst_7,0.5159290000676346,0.22477522477522477,0.3596403596403596,1000
meg,alpha,Sst_8,0.30331162085116403,0.03196803196803197,0.100073839204274,1000
meg,alpha,Sst_9,0.6966040416677263,0.000999000999000999,0.02877122877122877,1000
meg,alpha,VLMC_1,0.15458087258528175,0.5114885114885115,0.6241893699520819,1000
meg,alpha,Vip_1,-0.4073261691862397,0.07092907092907093,0.1640859140859141,1000
meg,alpha,Vip_2,0.5809257666959837,0.11888111888111888,0.23776223776223776,1000
meg,alpha,Vip_3,0.8555234659885229,0.006993006993006993,0.03596403596403596,1000
meg,alpha,Vip_4,0.39215416781116375,0.4485514485514486,0.5568224878569706,1000
meg,alpha,Vip_5,-0.5099553074535542,0.1918081918081918,0.3187721369539551,1000
meg,alpha,Vip_6,-0.03901476111138976,0.9370629370629371,0.9778048038917604,1000
meg,alpha,Vip_7,0.806429106909416,0.028971028971028972,0.09808373444737081,1000
meg,alpha,Vip_8,0.5928700906659385,0.2727272727272727,0.40074211502782925,1000
meg,alpha,Vip_9,0.497969423752186,0.07292707292707293,0.1640859140859141,1000
meg,beta,Astro_1,0.25226787137605955,0.07092907092907093,0.887112887112887,1000
meg,beta,Astro_2,0.2753116675626443,0.4745254745254745,0.989010989010989,1000
meg,beta,Chandelier_1,-0.20258151155859433,0.6943056943056943,0.989010989010989,1000
meg,beta,Endo_1,-0.05912942325789744,0.8131868131868132,0.989010989010989,1000
meg,beta,L2/3 IT_1,-0.409816269393972,0.35564435564435565,0.989010989010989,1000
meg,beta,L2/3 IT_2,-0.49456126301860187,0.0989010989010989,0.989010989010989,1000
meg,beta,L2/3 IT_3,-0.28613439036173594,0.6013986013986014,0.989010989010989,1000
meg,beta,L2/3 IT_4,0.04828547591003312,0.9270729270729271,0.989010989010989,1000
meg,beta,L2/3 IT_5,-0.5876531599135257,0.03596403596403597,0.887112887112887,1000
meg,beta,L2/3 IT_6,-0.26002147586404595,0.6343656343656343,0.989010989010989,1000
meg,beta,L2/3 IT_7,-0.32083419221204373,0.5874125874125874,0.989010989010989,1000
meg,beta,L2/3 IT_8,-0.5899790602739173,0.03696303696303696,0.887112887112887,1000
meg,beta,L4 IT_1,-0.08291861074756544,0.8511488511488512,0.989010989010989,1000
meg,beta,L4 IT_2,-0.4418708614225495,0.44455544455544455,0.989010989010989,1000
meg,beta,L4 IT_3,-0.21151847747945468,0.5364635364635365,0.989010989010989,1000
meg,beta,L5 ET_1,0.6498727991090447,0.15184815184815184,0.989010989010989,1000
meg,beta,L5 IT_1,-0.2133734254192678,0.7002997002997003,0.989010989010989,1000
meg,beta,L5 IT_2,-0.3956381317161929,0.3106893106893107,0.989010989010989,1000
meg,beta,L5 IT_3,-0.29936413855966887,0.6023976023976024,0.989010989010989,1000
meg,beta,L5 IT_4,-0.4062232380186664,0.46253746253746253,0.989010989010989,1000
meg,beta,L5 IT_5,0.17072619767275568,0.7542457542457542,0.989010989010989,1000
meg,beta,L5/6 NP_1,-0.24904337171057947,0.5654345654345654,0.989010989010989,1000
meg,beta,L5/6 NP_2,-0.16346343819036427,0.7692307692307693,0.989010989010989,1000
meg,beta,L6 CT_1,-0.15854903524878572,0.7022977022977023,0.989010989010989,1000
meg,beta,L6 CT_2,0.021719247480755485,0.949050949050949,0.989010989010989,1000
meg,beta,L6 IT Car3_1,-0.3498868154903294,0.30569430569430567,0.989010989010989,1000
meg,beta,L6 IT_1,-0.36636259750776756,0.24275724275724275,0.989010989010989,1000
meg,beta,L6 IT_2,-0.0708628917861671,0.916083916083916,0.989010989010989,1000
meg,beta,L6 IT_3,-0.3821864480910601,0.26873126873126874,0.989010989010989,1000
meg,beta,L6b_1,-0.3284650024296784,0.2127872127872128,0.989010989010989,1000
meg,beta,L6b_2,-0.27512728279451665,0.5574425574425574,0.989010989010989,1000
meg,beta,L6b_3,0.5060034942150399,0.07392607392607392,0.887112887112887,1000
meg,beta,Lamp5_1,0.4666675196727514,0.030969030969030968,0.887112887112887,1000
meg,beta,Lamp5_2,-0.016140152717012045,0.985014985014985,0.989010989010989,1000
meg,beta,Lamp5_Lhx6_1,-0.01227723954660212,0.9690309690309691,0.989010989010989,1000
meg,beta,Micro-PVM_1,-0.005197829877336152,0.989010989010989,0.989010989010989,1000
meg,beta,Micro-PVM_2,-0.4531803714173384,0.3166833166833167,0.989010989010989,1000
meg,beta,OPC_1,-0.346565260631968,0.36563436563436563,0.989010989010989,1000
meg,beta,Oligo_1,0.1878218932708498,0.5804195804195804,0.989010989010989,1000
meg,beta,Oligo_2,0.4076583454643701,0.45454545454545453,0.989010989010989,1000
meg,beta,Pax6_1,0.18624246490165275,0.7522477522477522,0.989010989010989,1000
meg,beta,Pax6_2,-0.1714788705671414,0.7042957042957043,0.989010989010989,1000
meg,beta,Pvalb_1,0.026926413794336232,0.958041958041958,0.989010989010989,1000
meg,beta,Pvalb_2,0.42553819188042247,0.11588411588411589,0.989010989010989,1000
meg,beta,Pvalb_3,-0.4424358985732813,0.2777222777222777,0.989010989010989,1000
meg,beta,Pvalb_4,-0.13099699167553405,0.7922077922077922,0.989010989010989,1000
meg,beta,Pvalb_5,0.012090888016842577,0.984015984015984,0.989010989010989,1000
meg,beta,Sncg_1,-0.05322244902419237,0.919080919080919,0.989010989010989,1000
meg,beta,Sncg_2,-0.14283002574088197,0.7512487512487512,0.989010989010989,1000
meg,beta,Sncg_3,-0.3749032461204618,0.16683316683316685,0.989010989010989,1000
meg,beta,Sncg_4,-0.5056794295371578,0.27172827172827174,0.989010989010989,1000
meg,beta,Sst Chodl_1,0.341269160313119,0.4095904095904096,0.989010989010989,1000
meg,beta,Sst_1,-0.15469352999695998,0.7792207792207793,0.989010989010989,1000
meg,beta,Sst_10,0.5827663209922502,0.06993006993006994,0.887112887112887,1000
meg,beta,Sst_2,0.1512885158534983,0.4855144855144855,0.989010989010989,1000
meg,beta,Sst_3,0.036399708433828164,0.8571428571428571,0.989010989010989,1000
meg,beta,Sst_4,-0.6002362475264232,0.1968031968031968,0.989010989010989,1000
meg,beta,Sst_5,-0.38874661640654323,0.5284715284715285,0.989010989010989,1000
meg,beta,Sst_6,-0.1477122845808486,0.7512487512487512,0.989010989010989,1000
meg,beta,Sst_7,-0.31195919654441584,0.48951048951048953,0.989010989010989,1000
meg,beta,Sst_8,-0.014538577459501488,0.9400599400599401,0.989010989010989,1000
meg,beta,Sst_9,-0.24328154002448182,0.6073926073926074,0.989010989010989,1000
meg,beta,VLMC_1,-0.1843240283820995,0.4355644355644356,0.989010989010989,1000
meg,beta,Vip_1,-0.17631875490753268,0.5854145854145855,0.989010989010989,1000
meg,beta,Vip_2,-0.1510560780124916,0.7442557442557443,0.989010989010989,1000
meg,beta,Vip_3,0.06989332847819447,0.926073926073926,0.989010989010989,1000
meg,beta,Vip_4,-0.34282526061397184,0.4935064935064935,0.989010989010989,1000
meg,beta,Vip_5,-0.0984768038547525,0.8401598401598401,0.989010989010989,1000
meg,beta,Vip_6,-0.3997374818580252,0.26973026973026976,0.989010989010989,1000
meg,beta,Vip_7,-0.36165390023817207,0.5374625374625375,0.989010989010989,1000
meg,beta,Vip_8,-0.6218976989186176,0.16183816183816183,0.989010989010989,1000
meg,beta,Vip_9,0.20109945017419897,0.5934065934065934,0.989010989010989,1000
meg,gamma1,Astro_1,0.10706647957905116,0.5424575424575424,0.6299506944668234,1000
meg,gamma1,Astro_2,-0.33675238898182297,0.34065934065934067,0.4538007447098356,1000
meg,gamma1,Chandelier_1,0.5786947113235763,0.0919080919080919,0.23693953105717813,1000
meg,gamma1,Endo_1,0.2810682416658207,0.2097902097902098,0.3356643356643357,1000
meg,gamma1,L2/3 IT_1,-0.5296725777086803,0.13486513486513488,0.24898178744332594,1000
meg,gamma1,L2/3 IT_2,-0.3387059809381538,0.3046953046953047,0.4218858065011911,1000
meg,gamma1,L2/3 IT_3,-0.6472645713296876,0.03796203796203796,0.20499500499500498,1000
meg,gamma1,L2/3 IT_4,-0.543316071975225,0.1008991008991009,0.23693953105717813,1000
meg,gamma1,L2/3 IT_5,-0.3574419682583366,0.3036963036963037,0.4218858065011911,1000
meg,gamma1,L2/3 IT_6,-0.6812529468036455,0.01898101898101898,0.20499500499500498,1000
meg,gamma1,L2/3 IT_7,-0.73935837179597,0.01098901098901099,0.20499500499500498,1000
meg,gamma1,L2/3 IT_8,-0.1327238256052999,0.7212787212787213,0.7772525981481205,1000
meg,gamma1,L4 IT_1,0.46985982837768403,0.1008991008991009,0.23693953105717813,1000
meg,gamma1,L4 IT_2,-0.7033012934686375,0.03996003996003996,0.20499500499500498,1000
meg,gamma1,L4 IT_3,-0.4556297011068455,0.06893106893106893,0.20679320679320679,1000
meg,gamma1,L5 ET_1,-0.16107916232393582,0.7622377622377622,0.807075277663513,1000
meg,gamma1,L5 IT_1,-0.644687757915612,0.03496503496503497,0.20499500499500498,1000
meg,gamma1,L5 IT_2,-0.43577772529231373,0.1998001998001998,0.3345491717584741,1000
meg,gamma1,L5 IT_3,-0.6788484608777022,0.030969030969030968,0.20499500499500498,1000
meg,gamma1,L5 IT_4,-0.6251143338147366,0.11188811188811189,0.23693953105717813,1000
meg,gamma1,L5 IT_5,-0.08462015110150907,0.8581418581418582,0.8702283631861096,1000
meg,gamma1,L5/6 NP_1,-0.5028905985651184,0.07792207792207792,0.22441558441558443,1000
meg,gamma1,L5/6 NP_2,-0.6222520658940098,0.04995004995004995,0.20499500499500498,1000
meg,gamma1,L6 CT_1,-0.5043633038348528,0.06793206793206794,0.20679320679320679,1000
meg,gamma1,L6 CT_2,0.2418478908906434,0.4775224775224775,0.5659913856635168,1000
meg,gamma1,L6 IT Car3_1,-0.44247724350594336,0.09490509490509491,0.23693953105717813,1000
meg,gamma1,L6 IT_1,-0.3065634182086303,0.3206793206793207,0.43563983186624694,1000
meg,gamma1,L6 IT_2,-0.6185600140107818,0.056943056943056944,0.20499500499500498,1000
meg,gamma1,L6 IT_3,-0.4993897645809098,0.05194805194805195,0.20499500499500498,1000
meg,gamma1,L6b_1,-0.2352017740207933,0.3596403596403596,0.4623947481090338,1000
meg,gamma1,L6b_2,-0.5487053371984131,0.0919080919080919,0.23693953105717813,1000
meg,gamma1,L6b_3,0.07800957951983381,0.8261738261738262,0.8497787926359355,1000
meg,gamma1,Lamp5_1,0.17728285197284344,0.5774225774225774,0.6599115170543742,1000
meg,gamma1,Lamp5_2,-0.6661387021255063,0.04095904095904096,0.20499500499500498,1000
meg,gamma1,Lamp5_Lhx6_1,-0.6561336372154173,0.04695304695304695,0.20499500499500498,1000
meg,gamma1,Micro-PVM_1,0.5168976429834744,0.15384615384615385,0.2654488368774083,1000
meg,gamma1,Micro-PVM_2,-0.43805241862763006,0.24775224775224775,0.3655120389814267,1000
meg,gamma1,OPC_1,0.24746328384302546,0.47952047952047955,0.5659913856635168,1000
meg,gamma1,Oligo_1,0.2848659209890204,0.34665334665334663,0.4538007447098356,1000
meg,gamma1,Oligo_2,-0.4924637954429,0.24875124875124874,0.3655120389814267,1000
meg,gamma1,Pax6_1,0.7008922939590935,0.02197802197802198,0.20499500499500498,1000
meg,gamma1,Pax6_2,-0.5245979509339516,0.1108891108891109,0.23693953105717813,1000
meg,gamma1,Pvalb_1,-0.6144098366256905,0.059940059940059943,0.20550877693734837,1000
meg,gamma1,Pvalb_2,0.2341693293781484,0.4435564435564436,0.541289219255321,1000
meg,gamma1,Pvalb_3,-0.5304477267219802,0.12387612387612387,0.24105624105624107,1000
meg,gamma1,Pvalb_4,-0.5797728102397477,0.04895104895104895,0.20499500499500498,1000
meg,gamma1,Pvalb_5,-0.7019161610400222,0.04295704295704296,0.20499500499500498,1000
meg,gamma1,Sncg_1,0.5988724214049224,0.04895104895104895,0.20499500499500498,1000
meg,gamma1,Sncg_2,0.4532298377935754,0.11888111888111888,0.24105624105624107,1000
meg,gamma1,Sncg_3,-0.3449300456801554,0.20679320679320679,0.3356643356643357,1000
meg,gamma1,Sncg_4,0.352988578275352,0.41358641358641357,0.5224249434775751,1000
meg,gamma1,Sst Chodl_1,0.49978472989602835,0.12887112887112886,0.24417687575582311,1000
meg,gamma1,Sst_1,-0.6444845398530348,0.03696303696303696,0.20499500499500498,1000
meg,gamma1,Sst_10,0.1478409224154716,0.7132867132867133,0.7772525981481205,1000
meg,gamma1,Sst_2,0.0902569304295293,0.6363636363636364,0.7159090909090909,1000
meg,gamma1,Sst_3,0.18736383447489466,0.23876123876123875,0.3655120389814267,1000
meg,gamma1,Sst_4,-0.1925566377987849,0.7232767232767233,0.7772525981481205,1000
meg,gamma1,Sst_5,-0.7438025959901324,0.011988011988011988,0.20499500499500498,1000
meg,gamma1,Sst_6,-0.5545483166249142,0.06693306693306693,0.20679320679320679,1000
meg,gamma1,Sst_7,-0.5297006124248099,0.1038961038961039,0.23693953105717813,1000
meg,gamma1,Sst_8,-0.25351598419403043,0.15284715284715283,0.2654488368774083,1000
meg,gamma1,Sst_9,-0.6365094118253481,0.017982017982017984,0.20499500499500498,1000
meg,gamma1,VLMC_1,-0.05203059144079475,0.7942057942057942,0.8287364809103939,1000
meg,gamma1,Vip_1,0.35942547365662936,0.12387612387612387,0.24105624105624107,1000
meg,gamma1,Vip_2,-0.5157291265446081,0.15484515484515485,0.2654488368774083,1000
meg,gamma1,Vip_3,-0.7326358261134125,0.026973026973026972,0.20499500499500498,1000
meg,gamma1,Vip_4,-0.35754053453295864,0.4305694305694306,0.5344999827758449,1000
meg,gamma1,Vip_5,0.5065531947276487,0.10589410589410589,0.23693953105717813,1000
meg,gamma1,Vip_6,0.05058048644105005,0.8941058941058941,0.8941058941058941,1000
meg,gamma1,Vip_7,-0.672008466142163,0.056943056943056944,0.20499500499500498,1000
meg,gamma1,Vip_8,-0.5421694207043801,0.21978021978021978,0.34400382226469184,1000
meg,gamma1,Vip_9,-0.3360171783708045,0.2547452547452547,0.3668331668331668,1000
meg,gamma2,Astro_1,-0.08436395065826376,0.6143856143856143,0.8480551706358158,1000
meg,gamma2,Astro_2,-0.333894877693211,0.35564435564435565,0.753129223717459,1000
meg,gamma2,Chandelier_1,0.7126313991388276,0.005994005994005994,0.19780219780219782,1000
meg,gamma2,Endo_1,0.3150529722173023,0.15084915084915085,0.5582988440131297,1000
meg,gamma2,L2/3 IT_1,-0.28899407015536116,0.5064935064935064,0.8480551706358158,1000
meg,gamma2,L2/3 IT_2,-0.020746598477447725,0.958041958041958,0.978021978021978,1000
meg,gamma2,L2/3 IT_3,-0.32176166287099317,0.5564435564435565,0.8480551706358158,1000
meg,gamma2,L2/3 IT_4,-0.5093477339375726,0.16283716283716285,0.5582988440131297,1000
meg,gamma2,L2/3 IT_5,0.01028012883593737,0.978021978021978,0.978021978021978,1000
meg,gamma2,L2/3 IT_6,-0.40586454909029135,0.4125874125874126,0.8251748251748252,1000
meg,gamma2,L2/3 IT_7,-0.3792681536317533,0.5254745254745254,0.8480551706358158,1000
meg,gamma2,L2/3 IT_8,0.18027432508436603,0.6393606393606394,0.8480551706358158,1000
meg,gamma2,L4 IT_1,0.40061347064220887,0.1968031968031968,0.586933066933067,1000
meg,gamma2,L4 IT_2,-0.2510283340509829,0.7082917082917083,0.8480551706358158,1000
meg,gamma2,L4 IT_3,-0.33446026789971306,0.1938061938061938,0.586933066933067,1000
meg,gamma2,L5 ET_1,-0.7008343740710657,0.02197802197802198,0.2637362637362638,1000
meg,gamma2,L5 IT_1,-0.38813690435347525,0.4565434565434565,0.8428494582340736,1000
meg,gamma2,L5 IT_2,-0.2020800694013985,0.6163836163836164,0.8480551706358158,1000
meg,gamma2,L5 IT_3,-0.3761058787405011,0.4935064935064935,0.8480551706358158,1000
meg,gamma2,L5 IT_4,-0.2244666964906727,0.7302697302697303,0.8480551706358158,1000
meg,gamma2,L5 IT_5,-0.38488386792240625,0.3256743256743257,0.7327672327672329,1000
meg,gamma2,L5/6 NP_1,-0.37389141862231257,0.24275724275724275,0.6473526473526473,1000
meg,gamma2,L5/6 NP_2,-0.5097570345726848,0.16083916083916083,0.5582988440131297,1000
meg,gamma2,L6 CT_1,-0.4093745944011195,0.16183816183816183,0.5582988440131297,1000
meg,gamma2,L6 CT_2,0.013551672492743052,0.9690309690309691,0.978021978021978,1000
meg,gamma2,L6 IT Car3_1,-0.08490946360790018,0.8411588411588412,0.9176278267187359,1000
meg,gamma2,L6 IT_1,-0.1974228342600276,0.5554445554445554,0.8480551706358158,1000
meg,gamma2,L6 IT_2,-0.5278223891496682,0.1998001998001998,0.586933066933067,1000
meg,gamma2,L6 IT_3,-0.1969630088875682,0.6453546453546454,0.8480551706358158,1000
meg,gamma2,L6b_1,-0.14864894149029634,0.6173826173826173,0.8480551706358158,1000
meg,gamma2,L6b_2,-0.40287482958746,0.2787212787212787,0.6937578550481776,1000
meg,gamma2,L6b_3,-0.2145285209579114,0.5274725274725275,0.8480551706358158,1000
meg,gamma2,Lamp5_1,-0.15694336358202046,0.6203796203796204,0.8480551706358158,1000
meg,gamma2,Lamp5_2,-0.5202610502020593,0.2937062937062937,0.6937578550481776,1000
meg,gamma2,Lamp5_Lhx6_1,-0.6439699541010343,0.06393606393606394,0.43156843156843155,1000
meg,gamma2,Micro-PVM_1,0.5300962485303261,0.11588411588411589,0.5500381970970206,1000
meg,gamma2,Micro-PVM_2,0.040767381782106274,0.938061938061938,0.978021978021978,1000
meg,gamma2,OPC_1,0.4656659192145049,0.08291708291708291,0.45923307461769,1000
meg,gamma2,Oligo_1,0.13489944115715558,0.6813186813186813,0.8480551706358158,1000
meg,gamma2,Oligo_2,-0.6909199732145372,0.026973026973026972,0.2774368488654203,1000
meg,gamma2,Pax6_1,0.4824341210524013,0.2987012987012987,0.6937578550481776,1000
meg,gamma2,Pax6_2,-0.18817433088521227,0.7142857142857143,0.8480551706358158,1000
meg,gamma2,Pvalb_1,-0.6336212970312384,0.059940059940059943,0.43156843156843155,1000
meg,gamma2,Pvalb_2,-0.12729460637483728,0.7492507492507493,0.856286570572285,1000
meg,gamma2,Pvalb_3,-0.2529612503081138,0.5644355644355644,0.8480551706358158,1000
meg,gamma2,Pvalb_4,-0.3546697376099325,0.4565434565434565,0.8428494582340736,1000
meg,gamma2,Pvalb_5,-0.6841574652177137,0.07392607392607392,0.4435564435564435,1000
meg,gamma2,Sncg_1,0.5546784462388284,0.06593406593406594,0.43156843156843155,1000
meg,gamma2,Sncg_2,0.5913244656103047,0.014985014985014986,0.21578421578421578,1000
meg,gamma2,Sncg_3,-0.05131339409333233,0.8991008991008991,0.9661979811233542,1000
meg,gamma2,Sncg_4,0.6988087785575575,0.008991008991008992,0.19780219780219782,1000
meg,gamma2,Sst Chodl_1,0.17979765508880796,0.7132867132867133,0.8480551706358158,1000
meg,gamma2,Sst_1,-0.5339689727015905,0.12987012987012986,0.5500381970970206,1000
meg,gamma2,Sst_10,-0.3419672272497784,0.3936063936063936,0.8097045811331526,1000
meg,gamma2,Sst_2,0.10174443144988922,0.6093906093906094,0.8480551706358158,1000
meg,gamma2,Sst_3,0.19852110703353135,0.2037962037962038,0.586933066933067,1000
meg,gamma2,Sst_4,0.4034956358528013,0.4245754245754246,0.8262008262008262,1000
meg,gamma2,Sst_5,-0.28643893958806066,0.6813186813186813,0.8480551706358158,1000
meg,gamma2,Sst_6,-0.4728395667414587,0.1258741258741259,0.5500381970970206,1000
meg,gamma2,Sst_7,-0.13495201686433056,0.8151848151848152,0.9029739491277953,1000
meg,gamma2,Sst_8,-0.15722310112282445,0.34865134865134867,0.753129223717459,1000
meg,gamma2,Sst_9,-0.4478235173308599,0.21478521478521478,0.5947898255590564,1000
meg,gamma2,VLMC_1,0.13338488433583412,0.5534465534465535,0.8480551706358158,1000
meg,gamma2,Vip_1,0.49048921665690737,0.007992007992007992,0.19780219780219782,1000
meg,gamma2,Vip_2,-0.17972401216154854,0.7282717282717283,0.8480551706358158,1000
meg,gamma2,Vip_3,-0.6938237490963279,0.06493506493506493,0.43156843156843155,1000
meg,gamma2,Vip_4,0.11881193961808148,0.8131868131868132,0.9029739491277953,1000
meg,gamma2,Vip_5,0.645080101760269,0.01098901098901099,0.19780219780219782,1000
meg,gamma2,Vip_6,0.4461745824069621,0.12187812187812187,0.5500381970970206,1000
meg,gamma2,Vip_7,-0.2446787617415521,0.7192807192807192,0.8480551706358158,1000
meg,gamma2,Vip_8,-0.04923415036374397,0.935064935064935,0.978021978021978,1000
meg,gamma2,Vip_9,-0.33963855757436157,0.2887112887112887,0.6937578550481776,1000
enigma,22q,Astro_1,0.07248385735120497,0.6323676323676324,0.998001998001998,1000
enigma,22q,Astro_2,-0.0006628973655819282,0.998001998001998,0.998001998001998,1000
enigma,22q,Chandelier_1,0.12695633585887417,0.6983016983016983,0.998001998001998,1000
enigma,22q,Endo_1,-0.2622364115421685,0.17482517482517482,0.998001998001998,1000
enigma,22q,L2/3 IT_1,-0.2247110018242989,0.4675324675324675,0.998001998001998,1000
enigma,22q,L2/3 IT_2,-0.274352726535714,0.21678321678321677,0.998001998001998,1000
enigma,22q,L2/3 IT_3,-0.23515015161819547,0.44655344655344653,0.998001998001998,1000
enigma,22q,L2/3 IT_4,0.06931070676153739,0.8171828171828172,0.998001998001998,1000
enigma,22q,L2/3 IT_5,-0.24789256370672125,0.2887112887112887,0.998001998001998,1000
enigma,22q,L2/3 IT_6,-0.12720139969580133,0.7162837162837162,0.998001998001998,1000
enigma,22q,L2/3 IT_7,-0.2630260978211954,0.45054945054945056,0.998001998001998,1000
enigma,22q,L2/3 IT_8,-0.1845228588574692,0.4035964035964036,0.998001998001998,1000
enigma,22q,L4 IT_1,0.22149755275337427,0.3646353646353646,0.998001998001998,1000
enigma,22q,L4 IT_2,-0.27042906878280454,0.44955044955044954,0.998001998001998,1000
enigma,22q,L4 IT_3,0.06801049498352546,0.7902097902097902,0.998001998001998,1000
enigma,22q,L5 ET_1,0.3024303242229199,0.3786213786213786,0.998001998001998,1000
enigma,22q,L5 IT_1,-0.12080191831410857,0.7042957042957043,0.998001998001998,1000
enigma,22q,L5 IT_2,-0.28800949649659247,0.2097902097902098,0.998001998001998,1000
enigma,22q,L5 IT_3,-0.2016439928592503,0.5584415584415584,0.998001998001998,1000
enigma,22q,L5 IT_4,-0.2572081478321234,0.4565434565434565,0.998001998001998,1000
enigma,22q,L5 IT_5,-0.06514647379603171,0.8501498501498501,0.998001998001998,1000
enigma,22q,L5/6 NP_1,0.02877682483197617,0.919080919080919,0.998001998001998,1000
enigma,22q,L5/6 NP_2,-0.031134960347048195,0.9140859140859141,0.998001998001998,1000
enigma,22q,L6 CT_1,0.07443706672208034,0.7922077922077922,0.998001998001998,1000
enigma,22q,L6 CT_2,0.16665806768369448,0.4915084915084915,0.998001998001998,1000
enigma,22q,L6 IT Car3_1,-0.04741423350486861,0.8331668331668332,0.998001998001998,1000
enigma,22q,L6 IT_1,-0.126053182137841,0.5364635364635365,0.998001998001998,1000
enigma,22q,L6 IT_2,0.012446125696895757,0.9690309690309691,0.998001998001998,1000
enigma,22q,L6 IT_3,-0.263458996074535,0.25574425574425574,0.998001998001998,1000
enigma,22q,L6b_1,-0.00039426824472665997,0.998001998001998,0.998001998001998,1000
enigma,22q,L6b_2,-0.07875121524964018,0.8061938061938062,0.998001998001998,1000
enigma,22q,L6b_3,0.25251005068127946,0.26173826173826176,0.998001998001998,1000
enigma,22q,Lamp5_1,0.14333169132726367,0.5124875124875125,0.998001998001998,1000
enigma,22q,Lamp5_2,-0.13826651380419344,0.6703296703296703,0.998001998001998,1000
enigma,22q,Lamp5_Lhx6_1,-0.05764660637549447,0.8851148851148851,0.998001998001998,1000
enigma,22q,Micro-PVM_1,-0.006711198650511939,0.985014985014985,0.998001998001998,1000
enigma,22q,Micro-PVM_2,-0.37455400682359685,0.13586413586413587,0.998001998001998,1000
enigma,22q,OPC_1,0.006583170568948486,0.9790209790209791,0.998001998001998,1000
enigma,22q,Oligo_1,0.19143667942583376,0.37662337662337664,0.998001998001998,1000
enigma,22q,Oligo_2,0.07621045748708857,0.8161838161838162,0.998001998001998,1000
enigma,22q,Pax6_1,0.1266010475931422,0.7172827172827173,0.998001998001998,1000
enigma,22q,Pax6_2,-0.436995790520031,0.061938061938061936,0.8919080919080918,1000
enigma,22q,Pvalb_1,0.004573457442900165,0.984015984015984,0.998001998001998,1000
enigma,22q,Pvalb_2,-0.012389063981179968,0.962037962037962,0.998001998001998,1000
enigma,22q,Pvalb_3,-0.12768725568484834,0.7182817182817183,0.998001998001998,1000
enigma,22q,Pvalb_4,-0.1152776969559892,0.6863136863136863,0.998001998001998,1000
enigma,22q,Pvalb_5,-0.13684904622728722,0.7362637362637363,0.998001998001998,1000
enigma,22q,Sncg_1,0.17518651418359826,0.5254745254745254,0.998001998001998,1000
enigma,22q,Sncg_2,0.030454657238760834,0.9050949050949051,0.998001998001998,1000
enigma,22q,Sncg_3,-0.23112770713735478,0.2707292707292707,0.998001998001998,1000
enigma,22q,Sncg_4,-0.0912192957722923,0.7742257742257742,0.998001998001998,1000
enigma,22q,Sst Chodl_1,0.07964460501948292,0.7632367632367633,0.998001998001998,1000
enigma,22q,Sst_1,-0.06926562942309814,0.8431568431568431,0.998001998001998,1000
enigma,22q,Sst_10,0.4699305795734049,0.04295704295704296,0.8919080919080918,1000
enigma,22q,Sst_2,-0.12172987942641045,0.5354645354645354,0.998001998001998,1000
enigma,22q,Sst_3,0.048100763546361835,0.7832167832167832,0.998001998001998,1000
enigma,22q,Sst_4,-0.32815867125968734,0.3126873126873127,0.998001998001998,1000
enigma,22q,Sst_5,-0.3892226788129986,0.24475524475524477,0.998001998001998,1000
enigma,22q,Sst_6,-0.04586648284693997,0.8651348651348651,0.998001998001998,1000
enigma,22q,Sst_7,-0.6289616990402956,0.001998001998001998,0.14385614385614387,1000
enigma,22q,Sst_8,-0.07852044299953301,0.6903096903096904,0.998001998001998,1000
enigma,22q,Sst_9,-0.05178098175890021,0.8491508491508492,0.998001998001998,1000
enigma,22q,VLMC_1,-0.2586598179547465,0.0989010989010989,0.998001998001998,1000
enigma,22q,Vip_1,-0.10284181804551512,0.6363636363636364,0.998001998001998,1000
enigma,22q,Vip_2,-0.4675939197761229,0.029970029970029972,0.8919080919080918,1000
enigma,22q,Vip_3,-0.23570741395488723,0.5314685314685315,0.998001998001998,1000
enigma,22q,Vip_4,-0.4556186798446862,0.05094905094905095,0.8919080919080918,1000
enigma,22q,Vip_5,0.003385377359754187,0.993006993006993,0.998001998001998,1000
enigma,22q,Vip_6,-0.3057605002961545,0.18181818181818182,0.998001998001998,1000
enigma,22q,Vip_7,-0.3611700591863773,0.26673326673326675,0.998001998001998,1000
enigma,22q,Vip_8,-0.2793435250526321,0.40559440559440557,0.998001998001998,1000
enigma,22q,Vip_9,-0.1430379240444949,0.5284715284715285,0.998001998001998,1000
enigma,adhd,Astro_1,-0.15752332904876645,0.36663336663336665,0.4888444888444889,1000
enigma,adhd,Astro_2,0.24798010586663038,0.4125874125874126,0.5121774776947191,1000
enigma,adhd,Chandelier_1,-0.4574214994902456,0.17782217782217782,0.31227309276089765,1000
enigma,adhd,Endo_1,-0.47515156101840794,0.005994005994005994,0.020550877693734836,1000
enigma,adhd,L2/3 IT_1,0.5709842003566887,0.02197802197802198,0.051045728465083304,1000
enigma,adhd,L2/3 IT_2,0.3106200075127147,0.3016983016983017,0.42592701416230827,1000
enigma,adhd,L2/3 IT_3,0.7799474631308608,0.000999000999000999,0.00653891562982472,1000
enigma,adhd,L2/3 IT_4,0.742933619814075,0.000999000999000999,0.00653891562982472,1000
enigma,adhd,L2/3 IT_5,0.24430884907295533,0.46153846153846156,0.5632333767926989,1000
enigma,adhd,L2/3 IT_6,0.8087420625512534,0.000999000999000999,0.00653891562982472,1000
enigma,adhd,L2/3 IT_7,0.823906056228779,0.000999000999000999,0.00653891562982472,1000
enigma,adhd,L2/3 IT_8,0.0823709611603875,0.7912087912087912,0.8256091734352603,1000
enigma,adhd,L4 IT_1,-0.34536526809244833,0.25374625374625376,0.37578747782829414,1000
enigma,adhd,L4 IT_2,0.8252059889413695,0.000999000999000999,0.00653891562982472,1000
enigma,adhd,L4 IT_3,0.5828038228189922,0.002997002997002997,0.013486513486513488,1000
enigma,adhd,L5 ET_1,0.07642946439697634,0.8991008991008991,0.9117642920459821,1000
enigma,adhd,L5 IT_1,0.8561943730720076,0.000999000999000999,0.00653891562982472,1000
enigma,adhd,L5 IT_2,0.234063573498074,0.5624375624375625,0.6601140794689181,1000
enigma,adhd,L5 IT_3,0.7997981650991617,0.000999000999000999,0.00653891562982472,1000
enigma,adhd,L5 IT_4,0.7904419758323181,0.000999000999000999,0.00653891562982472,1000
enigma,adhd,L5 IT_5,-0.21431185573475298,0.5684315684315684,0.6601140794689181,1000
enigma,adhd,L5/6 NP_1,0.6111019242329744,0.003996003996003996,0.015142751984857247,1000
enigma,adhd,L5/6 NP_2,0.741496619486181,0.000999000999000999,0.00653891562982472,1000
enigma,adhd,L6 CT_1,0.6384882205111353,0.003996003996003996,0.015142751984857247,1000
enigma,adhd,L6 CT_2,-0.3904092698355874,0.14285714285714285,0.2706766917293233,1000
enigma,adhd,L6 IT Car3_1,0.521394502838463,0.053946053946053944,0.11097473954616811,1000
enigma,adhd,L6 IT_1,0.16441964126207498,0.5834165834165834,0.6667618096189525,1000
enigma,adhd,L6 IT_2,0.7664022313175256,0.001998001998001998,0.010275438846867418,1000
enigma,adhd,L6 IT_3,0.3826324528364514,0.21878121878121878,0.34244016852712506,1000
enigma,adhd,L6b_1,0.21995598010326933,0.3946053946053946,0.4984489195015511,1000
enigma,adhd,L6b_2,0.5777103387939758,0.015984015984015984,0.042624042624042624,1000
enigma,adhd,L6b_3,0.018145976943937617,0.9560439560439561,0.9560439560439561,1000
enigma,adhd,Lamp5_1,-0.21492841156204756,0.3776223776223776,0.4943420216147489,1000
enigma,adhd,Lamp5_2,0.7569747498501975,0.001998001998001998,0.010275438846867418,1000
enigma,adhd,Lamp5_Lhx6_1,0.6723278268063075,0.00999000999000999,0.029970029970029972,1000
enigma,adhd,Micro-PVM_1,-0.7087704740071331,0.002997002997002997,0.013486513486513488,1000
enigma,adhd,Micro-PVM_2,0.3998889492993625,0.26873126873126874,0.386973026973027,1000
enigma,adhd,OPC_1,-0.3449770752808498,0.18981018981018982,0.3211672048881351,1000
enigma,adhd,Oligo_1,-0.4785464608290061,0.028971028971028972,0.06518481518481518,1000
enigma,adhd,Oligo_2,0.49929373677392486,0.17782217782217782,0.31227309276089765,1000
enigma,adhd,Pax6_1,-0.8202652745356208,0.000999000999000999,0.00653891562982472,1000
enigma,adhd,Pax6_2,0.4056144578129167,0.24475524475524477,0.3749442047314388,1000
enigma,adhd,Pvalb_1,0.6642911310668081,0.011988011988011988,0.034525474525474525,1000
enigma,adhd,Pvalb_2,-0.5829140783973168,0.00999000999000999,0.029970029970029972,1000
enigma,adhd,Pvalb_3,0.583925668994503,0.02197802197802198,0.051045728465083304,1000
enigma,adhd,Pvalb_4,0.6386306956959799,0.015984015984015984,0.042624042624042624,1000
enigma,adhd,Pvalb_5,0.6664320911665719,0.02097902097902098,0.051045728465083304,1000
enigma,adhd,Sncg_1,-0.4482311438364623,0.16183816183816183,0.29877814493199106,1000
enigma,adhd,Sncg_2,-0.3191047450378535,0.3206793206793207,0.4440175209405979,1000
enigma,adhd,Sncg_3,0.35084220053092446,0.1918081918081918,0.3211672048881351,1000
enigma,adhd,Sncg_4,-0.28161254138373787,0.47952047952047955,0.5754245754245755,1000
enigma,adhd,Sst Chodl_1,-0.6392588016152491,0.005994005994005994,0.020550877693734836,1000
enigma,adhd,Sst_1,0.6821333028865946,0.003996003996003996,0.015142751984857247,1000
enigma,adhd,Sst_10,-0.09099663531457378,0.8331668331668332,0.8569715998287427,1000
enigma,adhd,Sst_2,-0.3222113754066379,0.1108891108891109,0.2157842157842158,1000
enigma,adhd,Sst_3,-0.20345089152745363,0.25574425574425574,0.37578747782829414,1000
enigma,adhd,Sst_4,0.23277620502720733,0.6623376623376623,0.7192807192807192,1000
enigma,adhd,Sst_5,0.7593680868402114,0.001998001998001998,0.010275438846867418,1000
enigma,adhd,Sst_6,0.52411794126495,0.030969030969030968,0.06756879484152212,1000
enigma,adhd,Sst_7,0.20937335394646361,0.6323676323676324,0.7004687620072235,1000
enigma,adhd,Sst_8,0.1980090651800192,0.34065934065934067,0.46278250051834957,1000
enigma,adhd,Sst_9,0.6942034275335134,0.000999000999000999,0.00653891562982472,1000
enigma,adhd,VLMC_1,0.08066760664677239,0.6693306693306693,0.7192807192807192,1000
enigma,adhd,Vip_1,-0.4086488953855654,0.04195804195804196,0.0888523241464418,1000
enigma,adhd,Vip_2,0.3213024371742373,0.3866133866133866,0.49707435421721136,1000
enigma,adhd,Vip_3,0.5975113628554161,0.08291708291708291,0.16583416583416583,1000
enigma,adhd,Vip_4,0.24002689503212085,0.6043956043956044,0.679945054945055,1000
enigma,adhd,Vip_5,-0.4019429548598174,0.21578421578421578,0.34244016852712506,1000
enigma,adhd,Vip_6,-0.1301738061910928,0.7042957042957043,0.7457248633719222,1000
enigma,adhd,Vip_7,0.7214255811006394,0.00999000999000999,0.029970029970029972,1000
enigma,adhd,Vip_8,0.682938747531789,0.016983016983016984,0.04367061509918653,1000
enigma,adhd,Vip_9,0.3414993127332173,0.2137862137862138,0.34244016852712506,1000
enigma,asd,Astro_1,0.1808359411851878,0.32167832167832167,0.8292883587001234,1000
enigma,asd,Astro_2,-0.29541839581346735,0.3706293706293706,0.8292883587001234,1000
enigma,asd,Chandelier_1,0.06676800569011669,0.9020979020979021,0.9486166007905138,1000
enigma,asd,Endo_1,-0.12675985177103868,0.6343656343656343,0.9486166007905138,1000
enigma,asd,L2/3 IT_1,-0.20545145035780135,0.6843156843156843,0.9486166007905138,1000
enigma,asd,L2/3 IT_2,-0.21935497857120032,0.5484515484515484,0.9183374764770114,1000
enigma,asd,L2/3 IT_3,-0.468392672181056,0.3046953046953047,0.8292883587001234,1000
enigma,asd,L2/3 IT_4,-0.15960500757651616,0.7152847152847153,0.9486166007905138,1000
enigma,asd,L2/3 IT_5,-0.2572593620339176,0.4695304695304695,0.8865134865134864,1000
enigma,asd,L2/3 IT_6,-0.39346615624158404,0.3916083916083916,0.8292883587001234,1000
enigma,asd,L2/3 IT_7,-0.5430034965517737,0.24575424575424576,0.8292883587001234,1000
enigma,asd,L2/3 IT_8,-0.09200647866187427,0.7922077922077922,0.9486166007905138,1000
enigma,asd,L4 IT_1,0.3820398685069305,0.22477522477522477,0.8292883587001234,1000
enigma,asd,L4 IT_2,-0.6047148324174375,0.1958041958041958,0.8292883587001234,1000
enigma,asd,L4 IT_3,-0.05451267190863244,0.8691308691308691,0.9486166007905138,1000
enigma,asd,L5 ET_1,0.4629021205147539,0.3256743256743257,0.8292883587001234,1000
enigma,asd,L5 IT_1,-0.3937596314502924,0.38161838161838163,0.8292883587001234,1000
enigma,asd,L5 IT_2,-0.16487940455302838,0.7082917082917083,0.9486166007905138,1000
enigma,asd,L5 IT_3,-0.43493154364907133,0.3676323676323676,0.8292883587001234,1000
enigma,asd,L5 IT_4,-0.5122830712360804,0.2807192807192807,0.8292883587001234,1000
enigma,asd,L5 IT_5,0.4045095014088876,0.27472527472527475,0.8292883587001234,1000
enigma,asd,L5/6 NP_1,-0.06495327032110852,0.8821178821178821,0.9486166007905138,1000
enigma,asd,L5/6 NP_2,-0.12288315372777112,0.8071928071928072,0.9486166007905138,1000
enigma,asd,L6 CT_1,-0.05746631609840848,0.8851148851148851,0.9486166007905138,1000
enigma,asd,L6 CT_2,0.5096593258905149,0.04395604395604396,0.4521193092621664,1000
enigma,asd,L6 IT Car3_1,-0.4082256208687391,0.17682317682317683,0.8292883587001234,1000
enigma,asd,L6 IT_1,0.07851255051464726,0.8351648351648352,0.9486166007905138,1000
enigma,asd,L6 IT_2,-0.173370560643144,0.7232767232767233,0.9486166007905138,1000
enigma,asd,L6 IT_3,-0.32432840032575383,0.3356643356643357,0.8292883587001234,1000
enigma,asd,L6b_1,0.18595196223857874,0.5204795204795205,0.914012816451841,1000
enigma,asd,L6b_2,-0.06941410962450426,0.8991008991008991,0.9486166007905138,1000
enigma,asd,L6b_3,0.23857495614563332,0.4915084915084915,0.8865134865134864,1000
enigma,asd,Lamp5_1,0.28413721299816874,0.2947052947052947,0.8292883587001234,1000
enigma,asd,Lamp5_2,-0.4058374731671969,0.3876123876123876,0.8292883587001234,1000
enigma,asd,Lamp5_Lhx6_1,-0.07078615538002296,0.8901098901098901,0.9486166007905138,1000
enigma,asd,Micro-PVM_1,0.07325711931593266,0.8991008991008991,0.9486166007905138,1000
enigma,asd,Micro-PVM_2,-0.6641105528049448,0.015984015984015984,0.23016983016983017,1000
enigma,asd,OPC_1,-0.006150538902833836,0.986013986013986,0.986013986013986,1000
enigma,asd,Oligo_1,0.19599307378451383,0.5454545454545454,0.9183374764770114,1000
enigma,asd,Oligo_2,-0.06288108838209232,0.8931068931068931,0.9486166007905138,1000
enigma,asd,Pax6_1,0.37201374381187013,0.4275724275724276,0.8551448551448552,1000
enigma,asd,Pax6_2,-0.6716432340903309,0.00999000999000999,0.17982017982017984,1000
enigma,asd,Pvalb_1,-0.06461506011805845,0.9090909090909091,0.9486166007905138,1000
enigma,asd,Pvalb_2,0.24814332845301654,0.42357642357642356,0.8551448551448552,1000
enigma,asd,Pvalb_3,-0.15729761847122392,0.7462537462537463,0.9486166007905138,1000
enigma,asd,Pvalb_4,-0.42697024570351516,0.2777222777222777,0.8292883587001234,1000
enigma,asd,Pvalb_5,-0.16054382421159596,0.7802197802197802,0.9486166007905138,1000
enigma,asd,Sncg_1,0.2856057904263465,0.4925074925074925,0.8865134865134864,1000
enigma,asd,Sncg_2,-0.019989824684631483,0.945054945054945,0.9624178638263144,1000
enigma,asd,Sncg_3,-0.2827507301751507,0.3036963036963037,0.8292883587001234,1000
enigma,asd,Sncg_4,-0.15796356377778864,0.7452547452547452,0.9486166007905138,1000
enigma,asd,Sst Chodl_1,0.38634287885067936,0.2977022977022977,0.8292883587001234,1000
enigma,asd,Sst_1,-0.1349359067773927,0.7842157842157842,0.9486166007905138,1000
enigma,asd,Sst_10,0.5788095327941482,0.052947052947052944,0.47652347652347654,1000
enigma,asd,Sst_2,-0.23364385224978226,0.3116883116883117,0.8292883587001234,1000
enigma,asd,Sst_3,0.04358242253144387,0.7882117882117882,0.9486166007905138,1000
enigma,asd,Sst_4,-0.6737761787633939,0.028971028971028972,0.3476523476523477,1000
enigma,asd,Sst_5,-0.7209952217044383,0.07592407592407592,0.5898101898101898,1000
enigma,asd,Sst_6,-0.07012839071017592,0.8841158841158842,0.9486166007905138,1000
enigma,asd,Sst_7,-0.7457548805709124,0.005994005994005994,0.16783216783216784,1000
enigma,asd,Sst_8,-0.21445265597325447,0.2887112887112887,0.8292883587001234,1000
enigma,asd,Sst_9,-0.20066898650151696,0.6303696303696303,0.9486166007905138,1000
enigma,asd,VLMC_1,-0.307236231151218,0.08191808191808192,0.5898101898101898,1000
enigma,asd,Vip_1,0.019667605280953373,0.949050949050949,0.9624178638263144,1000
enigma,asd,Vip_2,-0.7410507200584304,0.006993006993006993,0.16783216783216784,1000
enigma,asd,Vip_3,-0.30450037617547815,0.5774225774225774,0.944873308509672,1000
enigma,asd,Vip_4,-0.8110688824538997,0.001998001998001998,0.14385614385614387,1000
enigma,asd,Vip_5,-0.11502820934565551,0.7812187812187812,0.9486166007905138,1000
enigma,asd,Vip_6,-0.4459204690940967,0.13286713286713286,0.7972027972027972,1000
enigma,asd,Vip_7,-0.6797528752273361,0.0979020979020979,0.6408137317228226,1000
enigma,asd,Vip_8,-0.49039708626884304,0.3016983016983017,0.8292883587001234,1000
enigma,asd,Vip_9,-0.23283682063853456,0.4695304695304695,0.8865134865134864,1000
enigma,epilepsy_gge,Astro_1,0.2237618055482194,0.16483516483516483,0.6246385193753614,1000
enigma,epilepsy_gge,Astro_2,-0.21790258512286104,0.3956043956043956,0.9654570781331344,1000
enigma,epilepsy_gge,Chandelier_1,0.19874587997469229,0.5824175824175825,0.9654570781331344,1000
enigma,epilepsy_gge,Endo_1,0.08124250251563148,0.7032967032967034,0.9654570781331344,1000
enigma,epilepsy_gge,L2/3 IT_1,0.10749643125948159,0.7992007992007992,0.9654570781331344,1000
enigma,epilepsy_gge,L2/3 IT_2,0.461382365193545,0.03696303696303696,0.4212929927215642,1000
enigma,epilepsy_gge,L2/3 IT_3,0.05888236309861676,0.8651348651348651,0.9654570781331344,1000
enigma,epilepsy_gge,L2/3 IT_4,-0.30855989186969607,0.3086913086913087,0.926073926073926,1000
enigma,epilepsy_gge,L2/3 IT_5,0.3379311021750981,0.15484515484515485,0.6246385193753614,1000
enigma,epilepsy_gge,L2/3 IT_6,-0.06538265787839205,0.8551448551448552,0.9654570781331344,1000
enigma,epilepsy_gge,L2/3 IT_7,-0.11689158555676624,0.7562437562437563,0.9654570781331344,1000
enigma,epilepsy_gge,L2/3 IT_8,0.5338235269933502,0.02197802197802198,0.37402597402597404,1000
enigma,epilepsy_gge,L4 IT_1,0.5691315383710721,0.002997002997002997,0.2157842157842158,1000
enigma,epilepsy_gge,L4 IT_2,-0.0029158372916483427,0.99000999000999,0.99000999000999,1000
enigma,epilepsy_gge,L4 IT_3,-0.03205779449444769,0.9140859140859141,0.9654570781331344,1000
enigma,epilepsy_gge,L5 ET_1,-0.2935583832623741,0.45554445554445555,0.9654570781331344,1000
enigma,epilepsy_gge,L5 IT_1,0.020279764762428088,0.939060939060939,0.9654570781331344,1000
enigma,epilepsy_gge,L5 IT_2,0.38817152175649616,0.0959040959040959,0.6173826173826175,1000
enigma,epilepsy_gge,L5 IT_3,0.033939494480925335,0.9110889110889111,0.9654570781331344,1000
enigma,epilepsy_gge,L5 IT_4,0.029732796924341824,0.9210789210789211,0.9654570781331344,1000
enigma,epilepsy_gge,L5 IT_5,0.2625060684808348,0.35864135864135865,0.9654570781331344,1000
enigma,epilepsy_gge,L5/6 NP_1,0.04743502690239324,0.8861138861138861,0.9654570781331344,1000
enigma,epilepsy_gge,L5/6 NP_2,0.02367748160829646,0.938061938061938,0.9654570781331344,1000
enigma,epilepsy_gge,L6 CT_1,-0.03165862949805249,0.9140859140859141,0.9654570781331344,1000
enigma,epilepsy_gge,L6 CT_2,0.36350067206856856,0.1028971028971029,0.6173826173826175,1000
enigma,epilepsy_gge,L6 IT Car3_1,0.1932279999321293,0.45854145854145856,0.9654570781331344,1000
enigma,epilepsy_gge,L6 IT_1,0.31336591745481707,0.14685314685314685,0.6246385193753614,1000
enigma,epilepsy_gge,L6 IT_2,-0.1400302530075074,0.7142857142857143,0.9654570781331344,1000
enigma,epilepsy_gge,L6 IT_3,0.28873774522231654,0.25874125874125875,0.8467895740623013,1000
enigma,epilepsy_gge,L6b_1,0.45735319376642136,0.023976023976023976,0.37402597402597404,1000
enigma,epilepsy_gge,L6b_2,0.17813583208478415,0.5944055944055944,0.9654570781331344,1000
enigma,epilepsy_gge,L6b_3,-0.1368879356947626,0.6293706293706294,0.9654570781331344,1000
enigma,epilepsy_gge,Lamp5_1,0.19772052652157876,0.3546453546453546,0.9654570781331344,1000
enigma,epilepsy_gge,Lamp5_2,-0.24839209997731054,0.47952047952047955,0.9654570781331344,1000
enigma,epilepsy_gge,Lamp5_Lhx6_1,-0.06209270757337831,0.8911088911088911,0.9654570781331344,1000
enigma,epilepsy_gge,Micro-PVM_1,0.10731269393574748,0.7682317682317682,0.9654570781331344,1000
enigma,epilepsy_gge,Micro-PVM_2,0.1242994532128796,0.7222777222777222,0.9654570781331344,1000
enigma,epilepsy_gge,OPC_1,0.3485861608127358,0.1258741258741259,0.6246385193753614,1000
enigma,epilepsy_gge,Oligo_1,-0.30629749211765345,0.15184815184815184,0.6246385193753614,1000
enigma,epilepsy_gge,Oligo_2,-0.5203422151130905,0.04895104895104895,0.4405594405594406,1000
enigma,epilepsy_gge,Pax6_1,0.24098781051943818,0.5224775224775224,0.9654570781331344,1000
enigma,epilepsy_gge,Pax6_2,0.06674897804774914,0.8341658341658341,0.9654570781331344,1000
enigma,epilepsy_gge,Pvalb_1,-0.15244145682579413,0.7002997002997003,0.9654570781331344,1000
enigma,epilepsy_gge,Pvalb_2,-0.04215195213893654,0.8301698301698301,0.9654570781331344,1000
enigma,epilepsy_gge,Pvalb_3,0.20758736236601694,0.5534465534465535,0.9654570781331344,1000
enigma,epilepsy_gge,Pvalb_4,-0.18871143608266383,0.5404595404595405,0.9654570781331344,1000
enigma,epilepsy_gge,Pvalb_5,-0.13110996512767858,0.7862137862137862,0.9654570781331344,1000
enigma,epilepsy_gge,Sncg_1,0.48663556230786575,0.04095904095904096,0.4212929927215642,1000
enigma,epilepsy_gge,Sncg_2,0.42022774684903663,0.061938061938061936,0.4955044955044955,1000
enigma,epilepsy_gge,Sncg_3,0.4671899626452198,0.025974025974025976,0.37402597402597404,1000
enigma,epilepsy_gge,Sncg_4,0.35941270237485584,0.24775224775224775,0.8467895740623013,1000
enigma,epilepsy_gge,Sst Chodl_1,0.01877648854757517,0.9470529470529471,0.9654570781331344,1000
enigma,epilepsy_gge,Sst_1,0.028198738722550513,0.938061938061938,0.9654570781331344,1000
enigma,epilepsy_gge,Sst_10,-0.23646700303366255,0.4695304695304695,0.9654570781331344,1000
enigma,epilepsy_gge,Sst_2,-0.1848759195981961,0.3086913086913087,0.926073926073926,1000
enigma,epilepsy_gge,Sst_3,0.38413178415439225,0.012987012987012988,0.37402597402597404,1000
enigma,epilepsy_gge,Sst_4,0.27712186490682816,0.5074925074925075,0.9654570781331344,1000
enigma,epilepsy_gge,Sst_5,-0.046633236581587724,0.9040959040959041,0.9654570781331344,1000
enigma,epilepsy_gge,Sst_6,0.1670993492072259,0.5784215784215784,0.9654570781331344,1000
enigma,epilepsy_gge,Sst_7,0.01993282696495612,0.952047952047952,0.9654570781331344,1000
enigma,epilepsy_gge,Sst_8,0.24396816855009137,0.16383616383616384,0.6246385193753614,1000
enigma,epilepsy_gge,Sst_9,0.0625835052653689,0.8521478521478522,0.9654570781331344,1000
enigma,epilepsy_gge,VLMC_1,0.21227399128487587,0.2087912087912088,0.7516483516483516,1000
enigma,epilepsy_gge,Vip_1,0.33540490699889514,0.08691308691308691,0.6173826173826175,1000
enigma,epilepsy_gge,Vip_2,-0.0678650432633586,0.8581418581418582,0.9654570781331344,1000
enigma,epilepsy_gge,Vip_3,-0.14113641814299896,0.7622377622377622,0.9654570781331344,1000
enigma,epilepsy_gge,Vip_4,-0.023092223927671757,0.939060939060939,0.9654570781331344,1000
enigma,epilepsy_gge,Vip_5,0.16425148367109452,0.6103896103896104,0.9654570781331344,1000
enigma,epilepsy_gge,Vip_6,0.3554682845157248,0.13386613386613386,0.6246385193753614,1000
enigma,epilepsy_gge,Vip_7,-0.06097807568491326,0.8741258741258742,0.9654570781331344,1000
enigma,epilepsy_gge,Vip_8,0.2715254591657017,0.4945054945054945,0.9654570781331344,1000
enigma,epilepsy_gge,Vip_9,-0.027753302566782097,0.9080919080919081,0.9654570781331344,1000
enigma,epilepsy_rtle,Astro_1,-0.001976508719430911,0.993006993006993,0.993006993006993,1000
enigma,epilepsy_rtle,Astro_2,-0.22084044186681862,0.5494505494505495,0.9380619380619382,1000
enigma,epilepsy_rtle,Chandelier_1,0.46511287513521216,0.2897102897102897,0.9380619380619382,1000
enigma,epilepsy_rtle,Endo_1,0.3099577769573506,0.16583416583416583,0.9305694305694305,1000
enigma,epilepsy_rtle,L2/3 IT_1,-0.014107614927043351,0.985014985014985,0.993006993006993,1000
enigma,epilepsy_rtle,L2/3 IT_2,0.36555973443896406,0.2647352647352647,0.9380619380619382,1000
enigma,epilepsy_rtle,L2/3 IT_3,-0.03628991438703345,0.9460539460539461,0.993006993006993,1000
enigma,epilepsy_rtle,L2/3 IT_4,-0.49110495256119835,0.19080919080919082,0.9305694305694305,1000
enigma,epilepsy_rtle,L2/3 IT_5,0.3696084055769131,0.2917082917082917,0.9380619380619382,1000
enigma,epilepsy_rtle,L2/3 IT_6,-0.19312336705525057,0.7302697302697303,0.9736929736929737,1000
enigma,epilepsy_rtle,L2/3 IT_7,-0.13253908209575585,0.8271728271728271,0.993006993006993,1000
enigma,epilepsy_rtle,L2/3 IT_8,0.5271809289407552,0.06893106893106893,0.5514485514485514,1000
enigma,epilepsy_rtle,L4 IT_1,0.37305109628658895,0.21978021978021978,0.9308338720103426,1000
enigma,epilepsy_rtle,L4 IT_2,0.03457655367597729,0.958041958041958,0.993006993006993,1000
enigma,epilepsy_rtle,L4 IT_3,-0.23780729438867512,0.4595404595404595,0.9380619380619382,1000
enigma,epilepsy_rtle,L5 ET_1,-0.7672935043213808,0.003996003996003996,0.08631368631368631,1000
enigma,epilepsy_rtle,L5 IT_1,-0.1529271585635613,0.7762237762237763,0.9804931910195069,1000
enigma,epilepsy_rtle,L5 IT_2,0.23493341473267965,0.5514485514485514,0.9380619380619382,1000
enigma,epilepsy_rtle,L5 IT_3,-0.09141190824188801,0.8851148851148851,0.993006993006993,1000
enigma,epilepsy_rtle,L5 IT_4,0.03326884555550305,0.962037962037962,0.993006993006993,1000
enigma,epilepsy_rtle,L5 IT_5,-0.13605458168442,0.7682317682317682,0.9804931910195069,1000
enigma,epilepsy_rtle,L5/6 NP_1,-0.20296677111990766,0.6173826173826173,0.9380619380619382,1000
enigma,epilepsy_rtle,L5/6 NP_2,-0.27234776231068014,0.5774225774225774,0.9380619380619382,1000
enigma,epilepsy_rtle,L6 CT_1,-0.28094018375461244,0.45554445554445555,0.9380619380619382,1000
enigma,epilepsy_rtle,L6 CT_2,0.1405023373077593,0.6913086913086913,0.9736929736929737,1000
enigma,epilepsy_rtle,L6 IT Car3_1,0.17673284773070863,0.6253746253746254,0.9380619380619382,1000
enigma,epilepsy_rtle,L6 IT_1,0.12238873830482212,0.7182817182817183,0.9736929736929737,1000
enigma,epilepsy_rtle,L6 IT_2,-0.38980069628186714,0.4155844155844156,0.9380619380619382,1000
enigma,epilepsy_rtle,L6 IT_3,0.2172568985790138,0.5794205794205795,0.9380619380619382,1000
enigma,epilepsy_rtle,L6b_1,0.1806336983051377,0.5044955044955045,0.9380619380619382,1000
enigma,epilepsy_rtle,L6b_2,-0.09815975663296841,0.8271728271728271,0.993006993006993,1000
enigma,epilepsy_rtle,L6b_3,-0.34903696595043127,0.2947052947052947,0.9380619380619382,1000
enigma,epilepsy_rtle,Lamp5_1,-0.17224586350113993,0.6033966033966034,0.9380619380619382,1000
enigma,epilepsy_rtle,Lamp5_2,-0.3686553997608512,0.4865134865134865,0.9380619380619382,1000
enigma,epilepsy_rtle,Lamp5_Lhx6_1,-0.3935503064282863,0.42357642357642356,0.9380619380619382,1000
enigma,epilepsy_rtle,Micro-PVM_1,0.41259045817565226,0.3246753246753247,0.9380619380619382,1000
enigma,epilepsy_rtle,Micro-PVM_2,0.31557844988475325,0.4925074925074925,0.9380619380619382,1000
enigma,epilepsy_rtle,OPC_1,0.5541764923062026,0.005994005994005994,0.08631368631368631,1000
enigma,epilepsy_rtle,Oligo_1,-0.03387648614904473,0.919080919080919,0.993006993006993,1000
enigma,epilepsy_rtle,Oligo_2,-0.6994637575486767,0.029970029970029972,0.26973026973026976,1000
enigma,epilepsy_rtle,Pax6_1,0.3070504274311226,0.5624375624375625,0.9380619380619382,1000
enigma,epilepsy_rtle,Pax6_2,0.1392469600777449,0.7672327672327672,0.9804931910195069,1000
enigma,epilepsy_rtle,Pvalb_1,-0.47097667930208054,0.2937062937062937,0.9380619380619382,1000
enigma,epilepsy_rtle,Pvalb_2,-0.2163075258008358,0.5334665334665335,0.9380619380619382,1000
enigma,epilepsy_rtle,Pvalb_3,0.04214083621181419,0.942057942057942,0.993006993006993,1000
enigma,epilepsy_rtle,Pvalb_4,-0.23203714566090972,0.6233766233766234,0.9380619380619382,1000
enigma,epilepsy_rtle,Pvalb_5,-0.43696903592573544,0.4195804195804196,0.9380619380619382,1000
enigma,epilepsy_rtle,Sncg_1,0.4735567481691352,0.17082917082917082,0.9305694305694305,1000
enigma,epilepsy_rtle,Sncg_2,0.5663554780760964,0.027972027972027972,0.26973026973026976,1000
enigma,epilepsy_rtle,Sncg_3,0.3375386149438446,0.20679320679320679,0.9305694305694305,1000
enigma,epilepsy_rtle,Sncg_4,0.722441691550532,0.004995004995004995,0.08631368631368631,1000
enigma,epilepsy_rtle,Sst Chodl_1,-0.012436017580729914,0.9760239760239761,0.993006993006993,1000
enigma,epilepsy_rtle,Sst_1,-0.26428938384799117,0.5844155844155844,0.9380619380619382,1000
enigma,epilepsy_rtle,Sst_10,-0.6204173708844236,0.024975024975024976,0.26973026973026976,1000
enigma,epilepsy_rtle,Sst_2,0.0045083250695218575,0.985014985014985,0.993006993006993,1000
enigma,epilepsy_rtle,Sst_3,0.24426874613101252,0.07992007992007992,0.5754245754245754,1000
enigma,epilepsy_rtle,Sst_4,0.6157372383374119,0.13386613386613386,0.8762146943965125,1000
enigma,epilepsy_rtle,Sst_5,0.03569174756610652,0.9600399600399601,0.993006993006993,1000
enigma,epilepsy_rtle,Sst_6,-0.1587122630986043,0.7142857142857143,0.9736929736929737,1000
enigma,epilepsy_rtle,Sst_7,0.2538558643875706,0.5764235764235764,0.9380619380619382,1000
enigma,epilepsy_rtle,Sst_8,0.07176928355230733,0.6883116883116883,0.9736929736929737,1000
enigma,epilepsy_rtle,Sst_9,-0.18478297028026713,0.7022977022977023,0.9736929736929737,1000
enigma,epilepsy_rtle,VLMC_1,0.19894927275457785,0.35364635364635366,0.9380619380619382,1000
enigma,epilepsy_rtle,Vip_1,0.5209264103517497,0.004995004995004995,0.08631368631368631,1000
enigma,epilepsy_rtle,Vip_2,0.09748434584376486,0.8381618381618382,0.993006993006993,1000
enigma,epilepsy_rtle,Vip_3,-0.4065616702584784,0.4695304695304695,0.9380619380619382,1000
enigma,epilepsy_rtle,Vip_4,0.3230707829536577,0.5184815184815185,0.9380619380619382,1000
enigma,epilepsy_rtle,Vip_5,0.46955471690296835,0.2037962037962038,0.9305694305694305,1000
enigma,epilepsy_rtle,Vip_6,0.6124963870845207,0.001998001998001998,0.08631368631368631,1000
enigma,epilepsy_rtle,Vip_7,0.009071100064982164,0.993006993006993,0.993006993006993,1000
enigma,epilepsy_rtle,Vip_8,0.2737150365111641,0.6213786213786214,0.9380619380619382,1000
enigma,epilepsy_rtle,Vip_9,-0.21424432243294741,0.5514485514485514,0.9380619380619382,1000
enigma,epilepsy_ltle,Astro_1,0.23831662828022593,0.16283716283716285,0.6896632778985721,1000
enigma,epilepsy_ltle,Astro_2,-0.044020626972521924,0.8911088911088911,0.9298527559397125,1000
enigma,epilepsy_ltle,Chandelier_1,0.3111848101988508,0.37962037962037964,0.852559205500382,1000
enigma,epilepsy_ltle,Endo_1,0.11448931316335481,0.6273726273726273,0.9287183404830465,1000
enigma,epilepsy_ltle,L2/3 IT_1,-0.06377682710750542,0.8211788211788211,0.9287183404830465,1000
enigma,epilepsy_ltle,L2/3 IT_2,0.34710911662650934,0.1848151848151848,0.7079236552920763,1000
enigma,epilepsy_ltle,L2/3 IT_3,-0.10616856130996176,0.8191808191808192,0.9287183404830465,1000
enigma,epilepsy_ltle,L2/3 IT_4,-0.49064689282702056,0.08091908091908091,0.5296521660158023,1000
enigma,epilepsy_ltle,L2/3 IT_5,0.39906931189901607,0.11188811188811189,0.6196880043033889,1000
enigma,epilepsy_ltle,L2/3 IT_6,-0.20855830049645274,0.6153846153846154,0.9287183404830465,1000
enigma,epilepsy_ltle,L2/3 IT_7,-0.2696732322197194,0.5554445554445554,0.9287183404830465,1000
enigma,epilepsy_ltle,L2/3 IT_8,0.5529017069938962,0.015984015984015984,0.2877122877122877,1000
enigma,epilepsy_ltle,L4 IT_1,0.5722251713469743,0.01998001998001998,0.2877122877122877,1000
enigma,epilepsy_ltle,L4 IT_2,-0.12381304022393663,0.7972027972027972,0.9287183404830465,1000
enigma,epilepsy_ltle,L4 IT_3,-0.12702261123211744,0.6123876123876124,0.9287183404830465,1000
enigma,epilepsy_ltle,L5 ET_1,-0.36550003627133404,0.35364635364635366,0.852559205500382,1000
enigma,epilepsy_ltle,L5 IT_1,-0.18732556158280853,0.6753246753246753,0.9287183404830465,1000
enigma,epilepsy_ltle,L5 IT_2,0.27784803263354907,0.33666333666333664,0.852559205500382,1000
enigma,epilepsy_ltle,L5 IT_3,-0.16312949684690253,0.7192807192807192,0.9287183404830465,1000
enigma,epilepsy_ltle,L5 IT_4,-0.15287884164872062,0.7522477522477522,0.9287183404830465,1000
enigma,epilepsy_ltle,L5 IT_5,0.06317587781617644,0.8771228771228772,0.9287183404830465,1000
enigma,epilepsy_ltle,L5/6 NP_1,-0.07747322145971551,0.7772227772227772,0.9287183404830465,1000
enigma,epilepsy_ltle,L5/6 NP_2,-0.14845872080240333,0.6763236763236763,0.9287183404830465,1000
enigma,epilepsy_ltle,L6 CT_1,-0.148092232613961,0.6323676323676324,0.9287183404830465,1000
enigma,epilepsy_ltle,L6 CT_2,0.4794736285247931,0.026973026973026972,0.31468531468531474,1000
enigma,epilepsy_ltle,L6 IT Car3_1,0.32896281249285353,0.24175824175824176,0.852559205500382,1000
enigma,epilepsy_ltle,L6 IT_1,0.25033328484627293,0.2957042957042957,0.852559205500382,1000
enigma,epilepsy_ltle,L6 IT_2,-0.33883796515920406,0.3276723276723277,0.852559205500382,1000
enigma,epilepsy_ltle,L6 IT_3,0.2710422320630018,0.3336663336663337,0.852559205500382,1000
enigma,epilepsy_ltle,L6b_1,0.42752509074303763,0.059940059940059943,0.43156843156843155,1000
enigma,epilepsy_ltle,L6b_2,0.04798893605886594,0.8671328671328671,0.9287183404830465,1000
enigma,epilepsy_ltle,L6b_3,-0.1550691805726715,0.5874125874125874,0.9287183404830465,1000
enigma,epilepsy_ltle,Lamp5_1,0.13719466294125426,0.5804195804195804,0.9287183404830465,1000
enigma,epilepsy_ltle,Lamp5_2,-0.44554516845453795,0.18681318681318682,0.7079236552920763,1000
enigma,epilepsy_ltle,Lamp5_Lhx6_1,-0.23429049545490202,0.5464535464535465,0.9287183404830465,1000
enigma,epilepsy_ltle,Micro-PVM_1,0.35610177737276555,0.25374625374625376,0.852559205500382,1000
enigma,epilepsy_ltle,Micro-PVM_2,0.17779343730684563,0.6203796203796204,0.9287183404830465,1000
enigma,epilepsy_ltle,OPC_1,0.5677910008290512,0.000999000999000999,0.07192807192807193,1000
enigma,epilepsy_ltle,Oligo_1,0.0802919072521503,0.7582417582417582,0.9287183404830465,1000
enigma,epilepsy_ltle,Oligo_2,-0.5631373144391804,0.04495504495504495,0.3596403596403596,1000
enigma,epilepsy_ltle,Pax6_1,0.3661497468425081,0.3066933066933067,0.852559205500382,1000
enigma,epilepsy_ltle,Pax6_2,0.009414617364600354,0.987012987012987,0.991008991008991,1000
enigma,epilepsy_ltle,Pvalb_1,-0.32100806422848843,0.3596403596403596,0.852559205500382,1000
enigma,epilepsy_ltle,Pvalb_2,-0.10654872984916207,0.7032967032967034,0.9287183404830465,1000
enigma,epilepsy_ltle,Pvalb_3,0.06619869140917982,0.8441558441558441,0.9287183404830465,1000
enigma,epilepsy_ltle,Pvalb_4,-0.3008781812490057,0.36363636363636365,0.852559205500382,1000
enigma,epilepsy_ltle,Pvalb_5,-0.3430880265964061,0.3916083916083916,0.852559205500382,1000
enigma,epilepsy_ltle,Sncg_1,0.6072221523844407,0.014985014985014986,0.2877122877122877,1000
enigma,epilepsy_ltle,Sncg_2,0.5111952440333566,0.03496503496503497,0.31468531468531474,1000
enigma,epilepsy_ltle,Sncg_3,0.33830711153477516,0.16283716283716285,0.6896632778985721,1000
enigma,epilepsy_ltle,Sncg_4,0.4807356666413105,0.09490509490509491,0.5694305694305695,1000
enigma,epilepsy_ltle,Sst Chodl_1,0.16294552038601032,0.6183816183816184,0.9287183404830465,1000
enigma,epilepsy_ltle,Sst_1,-0.1197666335926714,0.7372627372627373,0.9287183404830465,1000
enigma,epilepsy_ltle,Sst_10,-0.2795221421986757,0.3886113886113886,0.852559205500382,1000
enigma,epilepsy_ltle,Sst_2,-0.09900307145891289,0.6163836163836164,0.9287183404830465,1000
enigma,epilepsy_ltle,Sst_3,0.404302167879933,0.011988011988011988,0.2877122877122877,1000
enigma,epilepsy_ltle,Sst_4,0.37653509071711105,0.3086913086913087,0.852559205500382,1000
enigma,epilepsy_ltle,Sst_5,-0.14944663745193273,0.7632367632367633,0.9287183404830465,1000
enigma,epilepsy_ltle,Sst_6,0.0625227252888589,0.8521478521478522,0.9287183404830465,1000
enigma,epilepsy_ltle,Sst_7,0.03137451769110296,0.9310689310689311,0.9576709005280434,1000
enigma,epilepsy_ltle,Sst_8,0.2687330892004261,0.15784215784215785,0.6896632778985721,1000
enigma,epilepsy_ltle,Sst_9,-0.06885988347770493,0.8541458541458542,0.9287183404830465,1000
enigma,epilepsy_ltle,VLMC_1,0.07001818530160255,0.7162837162837162,0.9287183404830465,1000
enigma,epilepsy_ltle,Vip_1,0.4369000962882305,0.03496503496503497,0.31468531468531474,1000
enigma,epilepsy_ltle,Vip_2,-0.12967818349777796,0.7192807192807192,0.9287183404830465,1000
enigma,epilepsy_ltle,Vip_3,-0.3232879599514428,0.4195804195804196,0.8631368631368631,1000
enigma,epilepsy_ltle,Vip_4,-0.004274712575920387,0.991008991008991,0.991008991008991,1000
enigma,epilepsy_ltle,Vip_5,0.2544140082159169,0.4355644355644356,0.8711288711288712,1000
enigma,epilepsy_ltle,Vip_6,0.3850551417633293,0.13086913086913088,0.673041244469816,1000
enigma,epilepsy_ltle,Vip_7,-0.23239885961961565,0.6273726273726273,0.9287183404830465,1000
enigma,epilepsy_ltle,Vip_8,0.12140472864847546,0.7982017982017982,0.9287183404830465,1000
enigma,epilepsy_ltle,Vip_9,-0.21933990577784682,0.4025974025974026,0.852559205500382,1000
enigma,depression,Astro_1,0.03153926229746722,0.8571428571428571,0.9223717459011578,1000
enigma,depression,Astro_2,0.22644246445311356,0.3806193806193806,0.6959040959040959,1000
enigma,depression,Chandelier_1,-0.39923324440257146,0.16683316683316685,0.43156843156843155,1000
enigma,depression,Endo_1,-0.277654451118465,0.16783216783216784,0.43156843156843155,1000
enigma,depression,L2/3 IT_1,0.28177389398390257,0.35664335664335667,0.6940086940086941,1000
enigma,depression,L2/3 IT_2,-0.23420943157376534,0.38461538461538464,0.6959040959040959,1000
enigma,depression,L2/3 IT_3,0.2324159388191884,0.5474525474525475,0.7756948933419522,1000
enigma,depression,L2/3 IT_4,0.6157065348711199,0.015984015984015984,0.1918081918081918,1000
enigma,depression,L2/3 IT_5,-0.14163146260728296,0.6353646353646354,0.8207506778935351,1000
enigma,depression,L2/3 IT_6,0.4866393536668991,0.0939060939060939,0.30960344003822265,1000
enigma,depression,L2/3 IT_7,0.37032024925532764,0.33166833166833165,0.6633366633366633,1000
enigma,depression,L2/3 IT_8,-0.3231419891595798,0.2177822177822178,0.4967532467532468,1000
enigma,depression,L4 IT_1,-0.2705642452745695,0.2987012987012987,0.6144712430426716,1000
enigma,depression,L4 IT_2,0.25151057196676646,0.5484515484515484,0.7756948933419522,1000
enigma,depression,L4 IT_3,0.5575127020849443,0.002997002997002997,0.07192807192807193,1000
enigma,depression,L5 ET_1,0.5259022717719403,0.06693306693306693,0.30960344003822265,1000
enigma,depression,L5 IT_1,0.39681880854919127,0.2177822177822178,0.4967532467532468,1000
enigma,depression,L5 IT_2,-0.07244353128304386,0.8421578421578422,0.9223717459011578,1000
enigma,depression,L5 IT_3,0.3269563019060992,0.3866133866133866,0.6959040959040959,1000
enigma,depression,L5 IT_4,0.2364775320568691,0.5494505494505495,0.7756948933419522,1000
enigma,depression,L5 IT_5,-0.12550935595816468,0.6923076923076923,0.8448500651890483,1000
enigma,depression,L5/6 NP_1,0.4838768110577765,0.028971028971028972,0.23176823176823177,1000
enigma,depression,L5/6 NP_2,0.4652835387940561,0.08791208791208792,0.30960344003822265,1000
enigma,depression,L6 CT_1,0.5597189912729894,0.006993006993006993,0.1258741258741259,1000
enigma,depression,L6 CT_2,-0.20258426665222995,0.43956043956043955,0.7620950478093335,1000
enigma,depression,L6 IT Car3_1,0.2029218426084279,0.44455544455544455,0.7620950478093335,1000
enigma,depression,L6 IT_1,-0.02199165831342936,0.9250749250749251,0.948051948051948,1000
enigma,depression,L6 IT_2,0.568962013561221,0.03696303696303696,0.2661338661338661,1000
enigma,depression,L6 IT_3,-0.12317425731782336,0.6743256743256744,0.8448500651890483,1000
enigma,depression,L6b_1,-0.035593073260982905,0.8631368631368631,0.9223717459011578,1000
enigma,depression,L6b_2,0.3065601836544247,0.2967032967032967,0.6144712430426716,1000
enigma,depression,L6b_3,0.20030294060878062,0.46253746253746253,0.7744813326208675,1000
enigma,depression,Lamp5_1,0.1218153959698506,0.6383616383616384,0.8207506778935351,1000
enigma,depression,Lamp5_2,0.5023785707166158,0.08291708291708291,0.30960344003822265,1000
enigma,depression,Lamp5_Lhx6_1,0.49450230476419144,0.08491508491508491,0.30960344003822265,1000
enigma,depression,Micro-PVM_1,-0.46527384626061363,0.06693306693306693,0.30960344003822265,1000
enigma,depression,Micro-PVM_2,0.02498571185133166,0.948051948051948,0.948051948051948,1000
enigma,depression,OPC_1,-0.35999356941675836,0.10789210789210789,0.31072927072927076,1000
enigma,depression,Oligo_1,-0.12113539151303572,0.6153846153846154,0.8205128205128206,1000
enigma,depression,Oligo_2,0.6240976747983547,0.002997002997002997,0.07192807192807193,1000
enigma,depression,Pax6_1,-0.49097863356496824,0.08591408591408592,0.30960344003822265,1000
enigma,depression,Pax6_2,0.03295452194139988,0.919080919080919,0.948051948051948,1000
enigma,depression,Pvalb_1,0.6013041437919612,0.01098901098901099,0.15824175824175823,1000
enigma,depression,Pvalb_2,-0.039609692389174896,0.8711288711288712,0.9223717459011578,1000
enigma,depression,Pvalb_3,0.1988140796859751,0.5354645354645354,0.7756948933419522,1000
enigma,depression,Pvalb_4,0.4606800645505604,0.08591408591408592,0.30960344003822265,1000
enigma,depression,Pvalb_5,0.4962298043589174,0.10789210789210789,0.31072927072927076,1000
enigma,depression,Sncg_1,-0.41492536629475785,0.14585414585414586,0.40390378851917313,1000
enigma,depression,Sncg_2,-0.4993549878561328,0.025974025974025976,0.23176823176823177,1000
enigma,depression,Sncg_3,-0.1523822943199451,0.5414585414585414,0.7756948933419522,1000
enigma,depression,Sncg_4,-0.47208838017639354,0.07292707292707293,0.30960344003822265,1000
enigma,depression,Sst Chodl_1,-0.1265013516514445,0.6843156843156843,0.8448500651890483,1000
enigma,depression,Sst_1,0.45089313920458685,0.0989010989010989,0.30960344003822265,1000
enigma,depression,Sst_10,0.48391020794760725,0.06993006993006994,0.30960344003822265,1000
enigma,depression,Sst_2,-0.04940926728805188,0.8221778221778222,0.9223717459011578,1000
enigma,depression,Sst_3,-0.1829644287153069,0.25874125874125875,0.5645263827082009,1000
enigma,depression,Sst_4,-0.2546667182666988,0.5044955044955045,0.7756948933419522,1000
enigma,depression,Sst_5,0.23609666771027374,0.5834165834165834,0.8078075770383463,1000
enigma,depression,Sst_6,0.3310993243766067,0.22077922077922077,0.4967532467532468,1000
enigma,depression,Sst_7,-0.12347560780501293,0.7222777222777222,0.8667332667332667,1000
enigma,depression,Sst_8,0.03865025851226139,0.8411588411588412,0.9223717459011578,1000
enigma,depression,Sst_9,0.4257580493630011,0.0989010989010989,0.30960344003822265,1000
enigma,depression,VLMC_1,-0.03605006240460308,0.7972027972027972,0.9223717459011578,1000
enigma,depression,Vip_1,-0.5245010712335386,0.000999000999000999,0.07192807192807193,1000
enigma,depression,Vip_2,0.02193841493847593,0.945054945054945,0.948051948051948,1000
enigma,depression,Vip_3,0.4522335935436832,0.18181818181818182,0.45141065830721006,1000
enigma,depression,Vip_4,-0.17073797589653064,0.6013986013986014,0.8169943264282886,1000
enigma,depression,Vip_5,-0.46129355587198395,0.027972027972027972,0.23176823176823177,1000
enigma,depression,Vip_6,-0.4175294096338064,0.04095904095904096,0.26809554082281356,1000
enigma,depression,Vip_7,0.2643478764739546,0.5174825174825175,0.7756948933419522,1000
enigma,depression,Vip_8,0.09034785967345405,0.8231768231768232,0.9223717459011578,1000
enigma,depression,Vip_9,0.17383655678365206,0.4945054945054945,0.7756948933419522,1000
enigma,ocd,Astro_1,0.3855073587722419,0.03896103896103896,0.561038961038961,1000
enigma,ocd,Astro_2,0.18042614945077506,0.3036963036963037,0.8263736263736264,1000
enigma,ocd,Chandelier_1,-0.14375631932404564,0.4095904095904096,0.8263736263736264,1000
enigma,ocd,Endo_1,0.2733280493827314,0.18281718281718282,0.8263736263736264,1000
enigma,ocd,L2/3 IT_1,0.02283470128426963,0.8881118881118881,0.9504780933352363,1000
enigma,ocd,L2/3 IT_2,-0.17034901581178247,0.3836163836163836,0.8263736263736264,1000
enigma,ocd,L2/3 IT_3,-0.2059899980131058,0.2037962037962038,0.8263736263736264,1000
enigma,ocd,L2/3 IT_4,-0.08756490229848951,0.6813186813186813,0.92495004995005,1000
enigma,ocd,L2/3 IT_5,0.05194609935436809,0.8001998001998002,0.92495004995005,1000
enigma,ocd,L2/3 IT_6,-0.02030520909160732,0.9080919080919081,0.9504780933352363,1000
enigma,ocd,L2/3 IT_7,-0.1707928390551097,0.32167832167832167,0.8263736263736264,1000
enigma,ocd,L2/3 IT_8,-0.052572022262654124,0.8011988011988012,0.92495004995005,1000
enigma,ocd,L4 IT_1,0.099420931341145,0.7272727272727273,0.92495004995005,1000
enigma,ocd,L4 IT_2,-0.24307053326061498,0.13086913086913088,0.8263736263736264,1000
enigma,ocd,L4 IT_3,0.17001145484653105,0.3826173826173826,0.8263736263736264,1000
enigma,ocd,L5 ET_1,0.37746204912221887,0.03796203796203796,0.561038961038961,1000
enigma,ocd,L5 IT_1,-0.18302776822201342,0.2857142857142857,0.8263736263736264,1000
enigma,ocd,L5 IT_2,0.05438617320102823,0.7592407592407593,0.92495004995005,1000
enigma,ocd,L5 IT_3,-0.16948938423344131,0.3106893106893107,0.8263736263736264,1000
enigma,ocd,L5 IT_4,-0.30534283988451866,0.057942057942057944,0.6953046953046954,1000
enigma,ocd,L5 IT_5,0.10267430041295098,0.5924075924075924,0.8886113886113887,1000
enigma,ocd,L5/6 NP_1,0.1289403534224599,0.4925074925074925,0.8263736263736264,1000
enigma,ocd,L5/6 NP_2,-0.013228696879508485,0.942057942057942,0.9553263637770679,1000
enigma,ocd,L6 CT_1,0.12632905914847126,0.5134865134865135,0.8263736263736264,1000
enigma,ocd,L6 CT_2,0.2557910744549727,0.20679320679320679,0.8263736263736264,1000
enigma,ocd,L6 IT Car3_1,0.1854052857742254,0.43956043956043955,0.8263736263736264,1000
enigma,ocd,L6 IT_1,0.08446252392103155,0.6173826173826173,0.8947852147852149,1000
enigma,ocd,L6 IT_2,-0.05419682522414022,0.7652347652347652,0.92495004995005,1000
enigma,ocd,L6 IT_3,-0.12921221251559994,0.5044955044955045,0.8263736263736264,1000
enigma,ocd,L6b_1,0.01853494775751153,0.9240759240759241,0.9504780933352363,1000
enigma,ocd,L6b_2,0.04347438463197621,0.8171828171828172,0.92495004995005,1000
enigma,ocd,L6b_3,-0.017021239481487895,0.9230769230769231,0.9504780933352363,1000
enigma,ocd,Lamp5_1,0.4261051002457643,0.022977022977022976,0.561038961038961,1000
enigma,ocd,Lamp5_2,-0.09733460132741133,0.5674325674325674,0.8692584011732948,1000
enigma,ocd,Lamp5_Lhx6_1,0.04447171825331128,0.8031968031968032,0.92495004995005,1000
enigma,ocd,Micro-PVM_1,0.12911974545132376,0.48951048951048953,0.8263736263736264,1000
enigma,ocd,Micro-PVM_2,0.1787600964197279,0.3546453546453546,0.8263736263736264,1000
enigma,ocd,OPC_1,0.10109020597094613,0.5164835164835165,0.8263736263736264,1000
enigma,ocd,Oligo_1,0.21178263549292883,0.23176823176823177,0.8263736263736264,1000
enigma,ocd,Oligo_2,0.12199330215076648,0.5374625374625375,0.8412457108109282,1000
enigma,ocd,Pax6_1,0.11741085024638914,0.4915084915084915,0.8263736263736264,1000
enigma,ocd,Pax6_2,0.019635164714157563,0.922077922077922,0.9504780933352363,1000
enigma,ocd,Pvalb_1,0.13319153649064158,0.4515484515484515,0.8263736263736264,1000
enigma,ocd,Pvalb_2,0.4053489446832741,0.03396603396603397,0.561038961038961,1000
enigma,ocd,Pvalb_3,-0.13563515826305717,0.45554445554445555,0.8263736263736264,1000
enigma,ocd,Pvalb_4,0.020648443240203984,0.9020979020979021,0.9504780933352363,1000
enigma,ocd,Pvalb_5,0.043698062499879314,0.7942057942057942,0.92495004995005,1000
enigma,ocd,Sncg_1,0.05227312259519071,0.8221778221778222,0.92495004995005,1000
enigma,ocd,Sncg_2,-0.19443709761581607,0.36663336663336665,0.8263736263736264,1000
enigma,ocd,Sncg_3,-0.14162893624431563,0.5054945054945055,0.8263736263736264,1000
enigma,ocd,Sncg_4,-0.16248017102190665,0.35864135864135865,0.8263736263736264,1000
enigma,ocd,Sst Chodl_1,0.46061177486009636,0.001998001998001998,0.14385614385614387,1000
enigma,ocd,Sst_1,0.05965669972868906,0.7722277722277723,0.92495004995005,1000
enigma,ocd,Sst_10,0.3341501399912864,0.1088911088911089,0.8263736263736264,1000
enigma,ocd,Sst_2,0.2345996478184454,0.36163836163836166,0.8263736263736264,1000
enigma,ocd,Sst_3,0.18786989168044846,0.3706293706293706,0.8263736263736264,1000
enigma,ocd,Sst_4,-0.13906555382499808,0.48451548451548454,0.8263736263736264,1000
enigma,ocd,Sst_5,-0.12878987341480527,0.45454545454545453,0.8263736263736264,1000
enigma,ocd,Sst_6,0.1436412647095787,0.4925074925074925,0.8263736263736264,1000
enigma,ocd,Sst_7,0.12024703624873342,0.6213786213786214,0.8947852147852149,1000
enigma,ocd,Sst_8,0.21030000156307688,0.38161838161838163,0.8263736263736264,1000
enigma,ocd,Sst_9,0.057092018712645826,0.7902097902097902,0.92495004995005,1000
enigma,ocd,VLMC_1,0.22840770111617928,0.17282717282717283,0.8263736263736264,1000
enigma,ocd,Vip_1,-0.1595449753929679,0.44755244755244755,0.8263736263736264,1000
enigma,ocd,Vip_2,0.012008902804472988,0.965034965034965,0.965034965034965,1000
enigma,ocd,Vip_3,0.1289421462770509,0.46853146853146854,0.8263736263736264,1000
enigma,ocd,Vip_4,-0.15628197479221648,0.46253746253746253,0.8263736263736264,1000
enigma,ocd,Vip_5,-0.19799444780287703,0.23576423576423577,0.8263736263736264,1000
enigma,ocd,Vip_6,-0.07437483173727823,0.7142857142857143,0.92495004995005,1000
enigma,ocd,Vip_7,-0.1475519066732785,0.4075924075924076,0.8263736263736264,1000
enigma,ocd,Vip_8,-0.20999780597516554,0.1968031968031968,0.8263736263736264,1000
enigma,ocd,Vip_9,-0.0704412027232976,0.6853146853146853,0.92495004995005,1000
enigma,schizophrenia,Astro_1,0.06787256812513126,0.7162837162837162,0.9402026544883687,1000
enigma,schizophrenia,Astro_2,-0.17159408132004858,0.5354645354645354,0.8567432567432567,1000
enigma,schizophrenia,Chandelier_1,-0.5115098343931225,0.03996003996003996,0.6624953993375046,1000
enigma,schizophrenia,Endo_1,-0.053933108923634725,0.8031968031968032,0.9638361638361638,1000
enigma,schizophrenia,L2/3 IT_1,0.39764308421756384,0.13986013986013987,0.6624953993375046,1000
enigma,schizophrenia,L2/3 IT_2,0.0863253908006418,0.7292707292707292,0.9402026544883687,1000
enigma,schizophrenia,L2/3 IT_3,0.11732559385732148,0.7452547452547452,0.9413744150586256,1000
enigma,schizophrenia,L2/3 IT_4,0.2135312573655859,0.4965034965034965,0.8451548451548452,1000
enigma,schizophrenia,L2/3 IT_5,0.1670540187603047,0.5164835164835165,0.8451548451548452,1000
enigma,schizophrenia,L2/3 IT_6,0.2658673821842432,0.44955044955044954,0.8410051486974565,1000
enigma,schizophrenia,L2/3 IT_7,0.053991349952209305,0.9010989010989011,0.9938230783301205,1000
enigma,schizophrenia,L2/3 IT_8,0.1420202129790555,0.6123876123876124,0.8998348590185324,1000
enigma,schizophrenia,L4 IT_1,0.009429474505432817,0.975024975024975,0.9938230783301205,1000
enigma,schizophrenia,L4 IT_2,0.0777874310997724,0.8441558441558441,0.9647495361781075,1000
enigma,schizophrenia,L4 IT_3,0.32125271892005347,0.16683316683316685,0.6624953993375046,1000
enigma,schizophrenia,L5 ET_1,0.40415891792387326,0.22877122877122877,0.7349172566563871,1000
enigma,schizophrenia,L5 IT_1,0.25792870120900707,0.45554445554445555,0.8410051486974565,1000
enigma,schizophrenia,L5 IT_2,0.21405152671615119,0.42657342657342656,0.8410051486974565,1000
enigma,schizophrenia,L5 IT_3,0.21174236002409075,0.5734265734265734,0.8601398601398602,1000
enigma,schizophrenia,L5 IT_4,0.08558074623680302,0.8281718281718282,0.9647495361781075,1000
enigma,schizophrenia,L5 IT_5,0.31199778407317824,0.3206793206793207,0.8085707396052224,1000
enigma,schizophrenia,L5/6 NP_1,0.38940085378263867,0.09090909090909091,0.6624953993375046,1000
enigma,schizophrenia,L5/6 NP_2,0.40015266139917843,0.15684315684315683,0.6624953993375046,1000
enigma,schizophrenia,L6 CT_1,0.34048498213043066,0.17482517482517482,0.6624953993375046,1000
enigma,schizophrenia,L6 CT_2,0.2509096979193328,0.37362637362637363,0.82172373081464,1000
enigma,schizophrenia,L6 IT Car3_1,0.027489172094563138,0.9170829170829171,0.9938230783301205,1000
enigma,schizophrenia,L6 IT_1,0.3664145164974303,0.09490509490509491,0.6624953993375046,1000
enigma,schizophrenia,L6 IT_2,0.31514955464534095,0.3256743256743257,0.8085707396052224,1000
enigma,schizophrenia,L6 IT_3,0.053269489950147006,0.8381618381618382,0.9647495361781075,1000
enigma,schizophrenia,L6b_1,0.3349241598729791,0.14685314685314685,0.6624953993375046,1000
enigma,schizophrenia,L6b_2,0.37477469763032306,0.16783216783216784,0.6624953993375046,1000
enigma,schizophrenia,L6b_3,-0.16181863365344767,0.5584415584415584,0.8601398601398602,1000
enigma,schizophrenia,Lamp5_1,0.20157582719007106,0.4195804195804196,0.8410051486974565,1000
enigma,schizophrenia,Lamp5_2,0.11977178427181301,0.7622377622377622,0.9462261876054978,1000
enigma,schizophrenia,Lamp5_Lhx6_1,0.4100085524653534,0.15484515484515485,0.6624953993375046,1000
enigma,schizophrenia,Micro-PVM_1,-0.5339782659423475,0.03296703296703297,0.6624953993375046,1000
enigma,schizophrenia,Micro-PVM_2,-0.24250290719862724,0.44955044955044954,0.8410051486974565,1000
enigma,schizophrenia,OPC_1,-0.39833003867859157,0.06393606393606394,0.6624953993375046,1000
enigma,schizophrenia,Oligo_1,-0.29780936043041245,0.1928071928071928,0.6941058941058941,1000
enigma,schizophrenia,Oligo_2,0.1656858087124998,0.6283716283716284,0.904855144855145,1000
enigma,schizophrenia,Pax6_1,-0.2429757039671641,0.5044955044955045,0.8451548451548452,1000
enigma,schizophrenia,Pax6_2,-0.12057555763690156,0.6973026973026973,0.9402026544883687,1000
enigma,schizophrenia,Pvalb_1,0.41316181455599243,0.13886113886113885,0.6624953993375046,1000
enigma,schizophrenia,Pvalb_2,0.10804214706815414,0.6973026973026973,0.9402026544883687,1000
enigma,schizophrenia,Pvalb_3,0.1770819301066037,0.5624375624375625,0.8601398601398602,1000
enigma,schizophrenia,Pvalb_4,0.008400964365944103,0.978021978021978,0.9938230783301205,1000
enigma,schizophrenia,Pvalb_5,0.36454284315952673,0.26173826173826176,0.7538061938061938,1000
enigma,schizophrenia,Sncg_1,-0.026288941601623567,0.9470529470529471,0.9938230783301205,1000
enigma,schizophrenia,Sncg_2,-0.2344936294112515,0.4035964035964036,0.8410051486974565,1000
enigma,schizophrenia,Sncg_3,0.16378162186852713,0.4975024975024975,0.8451548451548452,1000
enigma,schizophrenia,Sncg_4,-0.27795440116384035,0.37662337662337664,0.82172373081464,1000
enigma,schizophrenia,Sst Chodl_1,-0.005119436561425339,0.98001998001998,0.9938230783301205,1000
enigma,schizophrenia,Sst_1,0.3939045880286118,0.16183816183816183,0.6624953993375046,1000
enigma,schizophrenia,Sst_10,0.28079845342947507,0.3706293706293706,0.82172373081464,1000
enigma,schizophrenia,Sst_2,-0.4226757717415897,0.06693306693306693,0.6624953993375046,1000
enigma,schizophrenia,Sst_3,-0.07119578214593149,0.7312687312687313,0.9402026544883687,1000
enigma,schizophrenia,Sst_4,-0.4118060866076115,0.21878121878121878,0.7349172566563871,1000
enigma,schizophrenia,Sst_5,-0.003634155113890976,0.998001998001998,0.998001998001998,1000
enigma,schizophrenia,Sst_6,0.4081208767663125,0.10789210789210789,0.6624953993375046,1000
enigma,schizophrenia,Sst_7,-0.15198742055236258,0.6663336663336663,0.9402026544883687,1000
enigma,schizophrenia,Sst_8,0.23414229263595937,0.3036963036963037,0.8085707396052224,1000
enigma,schizophrenia,Sst_9,0.32347302619731233,0.2547452547452547,0.7538061938061938,1000
enigma,schizophrenia,VLMC_1,-0.16648503995658842,0.3386613386613387,0.8127872127872128,1000
enigma,schizophrenia,Vip_1,-0.3846441978647635,0.06893106893106893,0.6624953993375046,1000
enigma,schizophrenia,Vip_2,-0.22299222631311919,0.5144855144855145,0.8451548451548452,1000
enigma,schizophrenia,Vip_3,0.3553971402964586,0.29270729270729273,0.8085707396052224,1000
enigma,schizophrenia,Vip_4,-0.3987097212979045,0.23476523476523475,0.7349172566563871,1000
enigma,schizophrenia,Vip_5,-0.4553018619337278,0.053946053946053944,0.6624953993375046,1000
enigma,schizophrenia,Vip_6,-0.44461081116905976,0.05194805194805195,0.6624953993375046,1000
enigma,schizophrenia,Vip_7,-0.044718462419540944,0.932067932067932,0.9938230783301205,1000
enigma,schizophrenia,Vip_8,0.1133979335955725,0.7932067932067932,0.9638361638361638,1000
enigma,schizophrenia,Vip_9,-0.051870208022832695,0.8601398601398601,0.9676573426573427,1000
enigma,bipolar,Astro_1,0.09183255772608398,0.6193806193806194,0.7745298180080789,1000
enigma,bipolar,Astro_2,-0.10676249556467263,0.6593406593406593,0.7745298180080789,1000
enigma,bipolar,Chandelier_1,-0.4444427483855542,0.04295704295704296,0.5231132503859777,1000
enigma,bipolar,Endo_1,0.2962096931165144,0.14585414585414586,0.5231132503859777,1000
enigma,bipolar,L2/3 IT_1,0.5180940814653953,0.001998001998001998,0.14385614385614387,1000
enigma,bipolar,L2/3 IT_2,0.09682333744633449,0.6603396603396603,0.7745298180080789,1000
enigma,bipolar,L2/3 IT_3,0.12077467579359853,0.7132867132867133,0.7745298180080789,1000
enigma,bipolar,L2/3 IT_4,0.17465593803407733,0.4955044955044955,0.7455621301775147,1000
enigma,bipolar,L2/3 IT_5,0.29499485271853876,0.13586413586413587,0.5231132503859777,1000
enigma,bipolar,L2/3 IT_6,0.3204657533944853,0.23076923076923078,0.6390532544378699,1000
enigma,bipolar,L2/3 IT_7,0.2044188655106148,0.5264735264735265,0.7455621301775147,1000
enigma,bipolar,L2/3 IT_8,0.18506168475297244,0.44955044955044954,0.7455621301775147,1000
enigma,bipolar,L4 IT_1,-0.2108820445031031,0.4325674325674326,0.7455621301775147,1000
enigma,bipolar,L4 IT_2,0.19359276253738605,0.5724275724275725,0.750667514303878,1000
enigma,bipolar,L4 IT_3,0.3665852751042603,0.07492507492507493,0.5231132503859777,1000
enigma,bipolar,L5 ET_1,0.23666737369871696,0.3966033966033966,0.7455621301775147,1000
enigma,bipolar,L5 IT_1,0.17062306910521186,0.5564435564435565,0.750667514303878,1000
enigma,bipolar,L5 IT_2,0.3121782373604808,0.15084915084915085,0.5231132503859777,1000
enigma,bipolar,L5 IT_3,0.2741069843186719,0.31868131868131866,0.7404360345536816,1000
enigma,bipolar,L5 IT_4,0.14162970456563626,0.6673326673326674,0.7745298180080789,1000
enigma,bipolar,L5 IT_5,0.2021031907052734,0.45054945054945056,0.7455621301775147,1000
enigma,bipolar,L5/6 NP_1,0.40266967059717595,0.04995004995004995,0.5231132503859777,1000
enigma,bipolar,L5/6 NP_2,0.3235589232642194,0.20279720279720279,0.5984415584415586,1000
enigma,bipolar,L6 CT_1,0.346334084610837,0.11788211788211789,0.5231132503859777,1000
enigma,bipolar,L6 CT_2,0.16054572376997173,0.4945054945054945,0.7455621301775147,1000
enigma,bipolar,L6 IT Car3_1,0.15479888801564387,0.5194805194805194,0.7455621301775147,1000
enigma,bipolar,L6 IT_1,0.36056009259374205,0.06593406593406594,0.5231132503859777,1000
enigma,bipolar,L6 IT_2,0.2679257462497886,0.3196803196803197,0.7404360345536816,1000
enigma,bipolar,L6 IT_3,0.07581325842028659,0.7402597402597403,0.7745298180080789,1000
enigma,bipolar,L6b_1,0.22917249616740604,0.3096903096903097,0.7404360345536816,1000
enigma,bipolar,L6b_2,0.3552216928923311,0.13286713286713286,0.5231132503859777,1000
enigma,bipolar,L6b_3,-0.31406290281245813,0.13586413586413587,0.5231132503859777,1000
enigma,bipolar,Lamp5_1,0.07306079638456564,0.7422577422577422,0.7745298180080789,1000
enigma,bipolar,Lamp5_2,0.154627875682629,0.5734265734265734,0.750667514303878,1000
enigma,bipolar,Lamp5_Lhx6_1,0.3236392192793884,0.2017982017982018,0.5984415584415586,1000
enigma,bipolar,Micro-PVM_1,-0.3458636381024244,0.14885114885114886,0.5231132503859777,1000
enigma,bipolar,Micro-PVM_2,0.2004232778652643,0.44555444555444557,0.7455621301775147,1000
enigma,bipolar,OPC_1,-0.27748834716556825,0.14885114885114886,0.5231132503859777,1000
enigma,bipolar,Oligo_1,-0.08078511667625161,0.7112887112887113,0.7745298180080789,1000
enigma,bipolar,Oligo_2,0.1670534243581383,0.5144855144855145,0.7455621301775147,1000
enigma,bipolar,Pax6_1,-0.2881874824018156,0.2997002997002997,0.7404360345536816,1000
enigma,bipolar,Pax6_2,0.09868224634925983,0.7142857142857143,0.7745298180080789,1000
enigma,bipolar,Pvalb_1,0.40200108965942827,0.08591408591408592,0.5231132503859777,1000
enigma,bipolar,Pvalb_2,0.236545012499309,0.3096903096903097,0.7404360345536816,1000
enigma,bipolar,Pvalb_3,0.17439769593028862,0.4885114885114885,0.7455621301775147,1000
enigma,bipolar,Pvalb_4,0.18212009648943245,0.5304695304695305,0.7455621301775147,1000
enigma,bipolar,Pvalb_5,0.329636887353987,0.2077922077922078,0.5984415584415586,1000
enigma,bipolar,Sncg_1,-0.20233294703243418,0.48151848151848153,0.7455621301775147,1000
enigma,bipolar,Sncg_2,-0.40568724397386635,0.06393606393606394,0.5231132503859777,1000
enigma,bipolar,Sncg_3,0.07727461144928158,0.7232767232767233,0.7745298180080789,1000
enigma,bipolar,Sncg_4,-0.22947085690169436,0.3436563436563437,0.7404360345536816,1000
enigma,bipolar,Sst Chodl_1,0.07688469874815695,0.7392607392607392,0.7745298180080789,1000
enigma,bipolar,Sst_1,0.35305444912629563,0.14985014985014986,0.5231132503859777,1000
enigma,bipolar,Sst_10,0.08550771260568962,0.7212787212787213,0.7745298180080789,1000
enigma,bipolar,Sst_2,-0.02636141342703525,0.9330669330669331,0.9330669330669331,1000
enigma,bipolar,Sst_3,-0.14487680566743336,0.4955044955044955,0.7455621301775147,1000
enigma,bipolar,Sst_4,-0.14252410758082834,0.6923076923076923,0.7745298180080789,1000
enigma,bipolar,Sst_5,0.2094145613012113,0.5384615384615384,0.7455621301775147,1000
enigma,bipolar,Sst_6,0.3568180701543011,0.13586413586413587,0.5231132503859777,1000
enigma,bipolar,Sst_7,0.25064077868624857,0.34965034965034963,0.7404360345536816,1000
enigma,bipolar,Sst_8,0.1441216609953994,0.5274725274725275,0.7455621301775147,1000
enigma,bipolar,Sst_9,0.33558527706422925,0.15984015984015984,0.5231132503859777,1000
enigma,bipolar,VLMC_1,0.23027207176763226,0.15884115884115885,0.5231132503859777,1000
enigma,bipolar,Vip_1,-0.38929115895593697,0.04595404595404595,0.5231132503859777,1000
enigma,bipolar,Vip_2,0.08830062897864438,0.7882117882117882,0.8107321250178393,1000
enigma,bipolar,Vip_3,0.4019451240016597,0.11588411588411589,0.5231132503859777,1000
enigma,bipolar,Vip_4,-0.07193552441605144,0.8021978021978022,0.8134963627921374,1000
enigma,bipolar,Vip_5,-0.4271260222653834,0.03296703296703297,0.5231132503859777,1000
enigma,bipolar,Vip_6,-0.1998277454234491,0.3386613386613387,0.7404360345536816,1000
enigma,bipolar,Vip_7,0.16867393363820862,0.6163836163836164,0.7745298180080789,1000
enigma,bipolar,Vip_8,0.1944534152694599,0.5274725274725275,0.7455621301775147,1000
enigma,bipolar,Vip_9,-0.1377271175309302,0.5074925074925075,0.7455621301775147,1000
enigma,obesity,Astro_1,0.05709534563179438,0.8341658341658341,0.8764949336377909,1000
enigma,obesity,Astro_2,-0.20177120985677044,0.38161838161838163,0.600443035225644,1000
enigma,obesity,Chandelier_1,-0.4114375145465167,0.04195804195804196,0.17582417582417584,1000
enigma,obesity,Endo_1,-0.39862241209461513,0.08091908091908091,0.21578421578421578,1000
enigma,obesity,L2/3 IT_1,0.4183750985002009,0.052947052947052944,0.1907657559831473,1000
enigma,obesity,L2/3 IT_2,0.13158227816152823,0.5544455544455544,0.7003522792996477,1000
enigma,obesity,L2/3 IT_3,0.18524405204493996,0.4945054945054945,0.6512759967305422,1000
enigma,obesity,L2/3 IT_4,0.34467994380745604,0.19480519480519481,0.4125286478227655,1000
enigma,obesity,L2/3 IT_5,0.1717634620025642,0.3836163836163836,0.600443035225644,1000
enigma,obesity,L2/3 IT_6,0.3400130006220992,0.17582417582417584,0.38361638361638367,1000
enigma,obesity,L2/3 IT_7,0.11586437382969753,0.7142857142857143,0.7923153769307615,1000
enigma,obesity,L2/3 IT_8,0.18785729219670322,0.3786213786213786,0.600443035225644,1000
enigma,obesity,L4 IT_1,0.16997959534524335,0.5884115884115884,0.7084915084915084,1000
enigma,obesity,L4 IT_2,0.12573447173119884,0.6783216783216783,0.7877284006316264,1000
enigma,obesity,L4 IT_3,0.48446782212261946,0.027972027972027972,0.17582417582417584,1000
enigma,obesity,L5 ET_1,0.4344827741641843,0.053946053946053944,0.1907657559831473,1000
enigma,obesity,L5 IT_1,0.3539405281170411,0.14185814185814186,0.3294769746382649,1000
enigma,obesity,L5 IT_2,0.1617263684098544,0.48451548451548454,0.6512759967305422,1000
enigma,obesity,L5 IT_3,0.2671182494483008,0.2977022977022977,0.5227942788918399,1000
enigma,obesity,L5 IT_4,0.1442888166105474,0.5904095904095904,0.7084915084915084,1000
enigma,obesity,L5 IT_5,0.23597575249282188,0.36163836163836166,0.600443035225644,1000
enigma,obesity,L5/6 NP_1,0.520680988085432,0.02197802197802198,0.17582417582417584,1000
enigma,obesity,L5/6 NP_2,0.5311073902617786,0.013986013986013986,0.16440702154987868,1000
enigma,obesity,L6 CT_1,0.5011290930621861,0.026973026973026972,0.17582417582417584,1000
enigma,obesity,L6 CT_2,0.287174982972661,0.2057942057942058,0.417960417960418,1000
enigma,obesity,L6 IT Car3_1,0.17247462296058355,0.4855144855144855,0.6512759967305422,1000
enigma,obesity,L6 IT_1,0.3935699369735432,0.03896103896103896,0.17582417582417584,1000
enigma,obesity,L6 IT_2,0.4298966209679622,0.06693306693306693,0.2007992007992008,1000
enigma,obesity,L6 IT_3,0.0785599717403165,0.7152847152847153,0.7923153769307615,1000
enigma,obesity,L6b_1,0.48514289088323803,0.015984015984015984,0.16440702154987868,1000
enigma,obesity,L6b_2,0.4847551840258042,0.03496503496503497,0.17582417582417584,1000
enigma,obesity,L6b_3,-0.01775776345671894,0.9230769230769231,0.9230769230769231,1000
enigma,obesity,Lamp5_1,0.17030034616402856,0.4855144855144855,0.6512759967305422,1000
enigma,obesity,Lamp5_2,0.13010905154172914,0.6423576423576424,0.758192627045086,1000
enigma,obesity,Lamp5_Lhx6_1,0.48818437354608635,0.026973026973026972,0.17582417582417584,1000
enigma,obesity,Micro-PVM_1,-0.603692167004684,0.002997002997002997,0.07192807192807193,1000
enigma,obesity,Micro-PVM_2,-0.2923864265535095,0.23776223776223776,0.44078997925151775,1000
enigma,obesity,OPC_1,-0.31125567399513243,0.08091908091908091,0.21578421578421578,1000
enigma,obesity,Oligo_1,-0.3576876938528194,0.09490509490509491,0.2440416726131012,1000
enigma,obesity,Oligo_2,0.16278286090076904,0.4975024975024975,0.6512759967305422,1000
enigma,obesity,Pax6_1,-0.3199072171299414,0.21078921078921078,0.417960417960418,1000
enigma,obesity,Pax6_2,-0.28026009079513126,0.23876123876123875,0.44078997925151775,1000
enigma,obesity,Pvalb_1,0.4791497652593404,0.03596403596403597,0.17582417582417584,1000
enigma,obesity,Pvalb_2,-0.19964272910334205,0.4075924075924076,0.6243968797160286,1000
enigma,obesity,Pvalb_3,0.33176184912430334,0.14685314685314685,0.3304195804195804,1000
enigma,obesity,Pvalb_4,0.04254408673772483,0.8521478521478522,0.8764949336377909,1000
enigma,obesity,Pvalb_5,0.3690081031014743,0.12887112887112886,0.31648351648351647,1000
enigma,obesity,Sncg_1,0.05114370159728363,0.8431568431568431,0.8764949336377909,1000
enigma,obesity,Sncg_2,-0.1834034052686955,0.4695304695304695,0.6512759967305422,1000
enigma,obesity,Sncg_3,0.1737344460021641,0.44755244755244755,0.6512759967305422,1000
enigma,obesity,Sncg_4,-0.2611985989549378,0.2517482517482518,0.45314685314685316,1000
enigma,obesity,Sst Chodl_1,-0.1597831026816037,0.5104895104895105,0.6563436563436563,1000
enigma,obesity,Sst_1,0.4823810774884156,0.03196803196803197,0.17582417582417584,1000
enigma,obesity,Sst_10,0.39982777240624023,0.13186813186813187,0.31648351648351647,1000
enigma,obesity,Sst_2,-0.6173289520964172,0.001998001998001998,0.07192807192807193,1000
enigma,obesity,Sst_3,-0.05400607811437229,0.8321678321678322,0.8764949336377909,1000
enigma,obesity,Sst_4,-0.41753171861908445,0.058941058941058944,0.1907657559831473,1000
enigma,obesity,Sst_5,-0.045783803125623676,0.8931068931068931,0.9056858634323423,1000
enigma,obesity,Sst_6,0.4733533820503639,0.03996003996003996,0.17582417582417584,1000
enigma,obesity,Sst_7,-0.4746007587291151,0.06993006993006994,0.2013986013986014,1000
enigma,obesity,Sst_8,0.15279014382249112,0.5854145854145855,0.7084915084915084,1000
enigma,obesity,Sst_9,0.4431439519744362,0.055944055944055944,0.1907657559831473,1000
enigma,obesity,VLMC_1,-0.22187676601731307,0.21478521478521478,0.417960417960418,1000
enigma,obesity,Vip_1,-0.3918630301047515,0.04395604395604396,0.17582417582417584,1000
enigma,obesity,Vip_2,-0.45891569806737303,0.060939060939060936,0.1907657559831473,1000
enigma,obesity,Vip_3,0.23440632137567563,0.3726273726273726,0.600443035225644,1000
enigma,obesity,Vip_4,-0.5795615177036368,0.001998001998001998,0.07192807192807193,1000
enigma,obesity,Vip_5,-0.48399317663872676,0.00999000999000999,0.14385614385614384,1000
enigma,obesity,Vip_6,-0.5489560304151836,0.007992007992007992,0.14385614385614384,1000
enigma,obesity,Vip_7,-0.08687341159121835,0.7772227772227772,0.8478793933339388,1000
enigma,obesity,Vip_8,0.18655255929293463,0.46253746253746253,0.6512759967305422,1000
enigma,obesity,Vip_9,-0.08125872620793737,0.6943056943056943,0.7923153769307615,1000
enigma,schizotypy,Astro_1,-0.033885612990720605,0.8661338661338661,0.975024975024975,1000
enigma,schizotypy,Astro_2,-0.2706873323323486,0.25374625374625376,0.8565979475070384,1000
enigma,schizotypy,Chandelier_1,0.14665148331371694,0.6283716283716284,0.975024975024975,1000
enigma,schizotypy,Endo_1,-0.09551774937711476,0.6553446553446554,0.975024975024975,1000
enigma,schizotypy,L2/3 IT_1,0.17380795424921489,0.4905094905094905,0.9545049545049545,1000
enigma,schizotypy,L2/3 IT_2,0.42900487449476005,0.04295704295704296,0.5154845154845156,1000
enigma,schizotypy,L2/3 IT_3,0.012845267188421617,0.9690309690309691,0.975024975024975,1000
enigma,schizotypy,L2/3 IT_4,-0.28902236307093815,0.2937062937062937,0.9083487940630798,1000
enigma,schizotypy,L2/3 IT_5,0.4341769501578304,0.03396603396603397,0.5154845154845156,1000
enigma,schizotypy,L2/3 IT_6,-0.07173443220831198,0.8281718281718282,0.975024975024975,1000
enigma,schizotypy,L2/3 IT_7,-0.11260169374684334,0.7532467532467533,0.975024975024975,1000
enigma,schizotypy,L2/3 IT_8,0.5828644823588874,0.001998001998001998,0.14385614385614387,1000
enigma,schizotypy,L4 IT_1,0.4729034166939854,0.03296703296703297,0.5154845154845156,1000
enigma,schizotypy,L4 IT_2,0.012649747010509894,0.975024975024975,0.975024975024975,1000
enigma,schizotypy,L4 IT_3,0.010996011315711946,0.961038961038961,0.975024975024975,1000
enigma,schizotypy,L5 ET_1,-0.2916473438113232,0.36163836163836166,0.9083487940630798,1000
enigma,schizotypy,L5 IT_1,0.021909822895663126,0.948051948051948,0.975024975024975,1000
enigma,schizotypy,L5 IT_2,0.33885580177949004,0.15784215784215785,0.7576423576423577,1000
enigma,schizotypy,L5 IT_3,-0.01197841049499975,0.968031968031968,0.975024975024975,1000
enigma,schizotypy,L5 IT_4,0.030580222884130984,0.922077922077922,0.975024975024975,1000
enigma,schizotypy,L5 IT_5,0.20040504839458012,0.43356643356643354,0.9083487940630798,1000
enigma,schizotypy,L5/6 NP_1,0.07929764512729644,0.7412587412587412,0.975024975024975,1000
enigma,schizotypy,L5/6 NP_2,0.07068183921877313,0.8081918081918081,0.975024975024975,1000
enigma,schizotypy,L6 CT_1,-0.017950293334102103,0.945054945054945,0.975024975024975,1000
enigma,schizotypy,L6 CT_2,0.34585282430795194,0.08191808191808192,0.5214785214785215,1000
enigma,schizotypy,L6 IT Car3_1,0.1371475076498582,0.5504495504495505,0.975024975024975,1000
enigma,schizotypy,L6 IT_1,0.40318790992007614,0.03796203796203796,0.5154845154845156,1000
enigma,schizotypy,L6 IT_2,-0.1297008552929533,0.6863136863136863,0.975024975024975,1000
enigma,schizotypy,L6 IT_3,0.2928664222909039,0.19480519480519481,0.825057295645531,1000
enigma,schizotypy,L6b_1,0.49019934857640696,0.01998001998001998,0.5154845154845156,1000
enigma,schizotypy,L6b_2,0.19815015049716908,0.42857142857142855,0.9083487940630798,1000
enigma,schizotypy,L6b_3,-0.24772736639967718,0.26173826173826176,0.8565979475070384,1000
enigma,schizotypy,Lamp5_1,-0.044707548329388246,0.8321678321678322,0.975024975024975,1000
enigma,schizotypy,Lamp5_2,-0.24822491929641802,0.43756243756243757,0.9083487940630798,1000
enigma,schizotypy,Lamp5_Lhx6_1,-0.014602000323003454,0.964035964035964,0.975024975024975,1000
enigma,schizotypy,Micro-PVM_1,0.08215013432038759,0.7702297702297702,0.975024975024975,1000
enigma,schizotypy,Micro-PVM_2,-0.014031543460794393,0.965034965034965,0.975024975024975,1000
enigma,schizotypy,OPC_1,0.3274505966088345,0.1088911088911089,0.5805622948480091,1000
enigma,schizotypy,Oligo_1,-0.22994459169754622,0.26073926073926074,0.8565979475070384,1000
enigma,schizotypy,Oligo_2,-0.4639238555199238,0.057942057942057944,0.5214785214785215,1000
enigma,schizotypy,Pax6_1,0.1574997891147896,0.6033966033966034,0.975024975024975,1000
enigma,schizotypy,Pax6_2,-0.05187602751548528,0.8391608391608392,0.975024975024975,1000
enigma,schizotypy,Pvalb_1,-0.1274122034205723,0.7202797202797203,0.975024975024975,1000
enigma,schizotypy,Pvalb_2,-0.22881020230899832,0.3166833166833167,0.9083487940630798,1000
enigma,schizotypy,Pvalb_3,0.3051603468315065,0.22577422577422576,0.8565979475070384,1000
enigma,schizotypy,Pvalb_4,-0.2382146474538909,0.3836163836163836,0.9083487940630798,1000
enigma,schizotypy,Pvalb_5,-0.09808454258874955,0.7842157842157842,0.975024975024975,1000
enigma,schizotypy,Sncg_1,0.4439512833389663,0.08691308691308691,0.5214785214785215,1000
enigma,schizotypy,Sncg_2,0.34324621307001224,0.17482517482517482,0.7867132867132868,1000
enigma,schizotypy,Sncg_3,0.3811267630944793,0.07592407592407592,0.5214785214785215,1000
enigma,schizotypy,Sncg_4,0.4454708058326639,0.06893106893106893,0.5214785214785215,1000
enigma,schizotypy,Sst Chodl_1,-0.045073591851711066,0.8551448551448552,0.975024975024975,1000
enigma,schizotypy,Sst_1,0.07152060854641189,0.8071928071928072,0.975024975024975,1000
enigma,schizotypy,Sst_10,-0.3094784064566874,0.23976023976023977,0.8565979475070384,1000
enigma,schizotypy,Sst_2,-0.3624762809911372,0.07892107892107893,0.5214785214785215,1000
enigma,schizotypy,Sst_3,0.16997569247984176,0.3916083916083916,0.9083487940630798,1000
enigma,schizotypy,Sst_4,0.2395287112154762,0.4225774225774226,0.9083487940630798,1000
enigma,schizotypy,Sst_5,-0.06250434385002732,0.8591408591408591,0.975024975024975,1000
enigma,schizotypy,Sst_6,0.16467357583955786,0.5054945054945055,0.9577790630422208,1000
enigma,schizotypy,Sst_7,-0.03004062366883764,0.9180819180819181,0.975024975024975,1000
enigma,schizotypy,Sst_8,0.15434107104769948,0.4905094905094905,0.9545049545049545,1000
enigma,schizotypy,Sst_9,0.08485758356030358,0.7522477522477522,0.975024975024975,1000
enigma,schizotypy,VLMC_1,-0.098252207189296,0.5504495504495505,0.975024975024975,1000
enigma,schizotypy,Vip_1,0.3296196561152239,0.11288711288711288,0.5805622948480091,1000
enigma,schizotypy,Vip_2,-0.2051057349023619,0.41358641358641357,0.9083487940630798,1000
enigma,schizotypy,Vip_3,-0.17905903477864415,0.6203796203796204,0.975024975024975,1000
enigma,schizotypy,Vip_4,-0.10622587411576358,0.7132867132867133,0.975024975024975,1000
enigma,schizotypy,Vip_5,0.04850075225652161,0.8671328671328671,0.975024975024975,1000
enigma,schizotypy,Vip_6,0.178895591782239,0.44155844155844154,0.9083487940630798,1000
enigma,schizotypy,Vip_7,-0.13316966883739229,0.7202797202797203,0.975024975024975,1000
enigma,schizotypy,Vip_8,0.2862598745536399,0.32167832167832167,0.9083487940630798,1000
enigma,schizotypy,Vip_9,-0.18951756288232294,0.3826173826173826,0.9083487940630798,1000
enigma,parkinson,Astro_1,0.245452115060181,0.12087912087912088,0.5354645354645354,1000
enigma,parkinson,Astro_2,-0.15267514187954367,0.6243756243756243,0.864520095289326,1000
enigma,parkinson,Chandelier_1,0.17687027195837554,0.6973026973026973,0.8883747831116253,1000
enigma,parkinson,Endo_1,0.08238691570301875,0.7552447552447552,0.9062937062937062,1000
enigma,parkinson,L2/3 IT_1,-0.2597359781182088,0.6143856143856143,0.864520095289326,1000
enigma,parkinson,L2/3 IT_2,-0.2643554019800377,0.4745254745254745,0.8151848151848151,1000
enigma,parkinson,L2/3 IT_3,-0.5668667555793961,0.13386613386613386,0.5354645354645354,1000
enigma,parkinson,L2/3 IT_4,-0.45155193008991235,0.17182817182817184,0.5691699604743083,1000
enigma,parkinson,L2/3 IT_5,0.014443305839967882,0.97002997002997,0.978021978021978,1000
enigma,parkinson,L2/3 IT_6,-0.4488913714952298,0.2867132867132867,0.6914375946634012,1000
enigma,parkinson,L2/3 IT_7,-0.6488966114177617,0.08691308691308691,0.5354645354645354,1000
enigma,parkinson,L2/3 IT_8,0.05288923814314417,0.8551448551448552,0.907321250178393,1000
enigma,parkinson,L4 IT_1,0.42582249992716775,0.06493506493506493,0.5354645354645354,1000
enigma,parkinson,L4 IT_2,-0.6544672233660115,0.1068931068931069,0.5354645354645354,1000
enigma,parkinson,L4 IT_3,-0.12567859460824424,0.6943056943056943,0.8883747831116253,1000
enigma,parkinson,L5 ET_1,0.20622444077101987,0.7032967032967034,0.8883747831116253,1000
enigma,parkinson,L5 IT_1,-0.5657381536150419,0.1258741258741259,0.5354645354645354,1000
enigma,parkinson,L5 IT_2,-0.2369487211362565,0.5944055944055944,0.864520095289326,1000
enigma,parkinson,L5 IT_3,-0.6033425433834219,0.09290709290709291,0.5354645354645354,1000
enigma,parkinson,L5 IT_4,-0.7011339118707919,0.024975024975024976,0.5354645354645354,1000
enigma,parkinson,L5 IT_5,0.06054288630036496,0.8801198801198801,0.907321250178393,1000
enigma,parkinson,L5/6 NP_1,-0.1587343354809178,0.7292707292707292,0.9053015949567673,1000
enigma,parkinson,L5/6 NP_2,-0.342052906203702,0.44255744255744256,0.8151848151848151,1000
enigma,parkinson,L6 CT_1,-0.20022024385952486,0.5654345654345654,0.8526473526473526,1000
enigma,parkinson,L6 CT_2,0.5294956682811809,0.01898101898101898,0.5354645354645354,1000
enigma,parkinson,L6 IT Car3_1,-0.05629676020921888,0.8341658341658341,0.907321250178393,1000
enigma,parkinson,L6 IT_1,0.0815656927165368,0.7922077922077922,0.907321250178393,1000
enigma,parkinson,L6 IT_2,-0.4618025923910622,0.23476523476523475,0.6761238761238761,1000
enigma,parkinson,L6 IT_3,-0.31340529471485856,0.36163836163836166,0.7890291526655164,1000
enigma,parkinson,L6b_1,0.057829164393642704,0.8461538461538461,0.907321250178393,1000
enigma,parkinson,L6b_2,-0.22467429610705533,0.6403596403596403,0.8699225302998886,1000
enigma,parkinson,L6b_3,-0.051270897139835625,0.8741258741258742,0.907321250178393,1000
enigma,parkinson,Lamp5_1,0.31256815119321446,0.18181818181818182,0.5691699604743083,1000
enigma,parkinson,Lamp5_2,-0.6239805984092762,0.09490509490509491,0.5354645354645354,1000
enigma,parkinson,Lamp5_Lhx6_1,-0.33447491352251507,0.4755244755244755,0.8151848151848151,1000
enigma,parkinson,Micro-PVM_1,0.3160392341940202,0.4515484515484515,0.8151848151848151,1000
enigma,parkinson,Micro-PVM_2,-0.23321047236588055,0.6113886113886113,0.864520095289326,1000
enigma,parkinson,OPC_1,0.22972771646596538,0.4275724275724276,0.8151848151848151,1000
enigma,parkinson,Oligo_1,0.4055263221966846,0.055944055944055944,0.5354645354645354,1000
enigma,parkinson,Oligo_2,-0.3151276536670728,0.4755244755244755,0.8151848151848151,1000
enigma,parkinson,Pax6_1,0.4887800256800836,0.23476523476523475,0.6761238761238761,1000
enigma,parkinson,Pax6_2,-0.527803267953726,0.07492507492507493,0.5354645354645354,1000
enigma,parkinson,Pvalb_1,-0.2902610819947568,0.5204795204795205,0.8271728271728273,1000
enigma,parkinson,Pvalb_2,0.28452470634444,0.2967032967032967,0.6914375946634012,1000
enigma,parkinson,Pvalb_3,-0.37431780000233605,0.3386613386613387,0.7619880119880121,1000
enigma,parkinson,Pvalb_4,-0.49799914096266,0.14285714285714285,0.5413533834586466,1000
enigma,parkinson,Pvalb_5,-0.41112711888453946,0.4155844155844156,0.8151848151848151,1000
enigma,parkinson,Sncg_1,0.44782521032279704,0.13186813186813187,0.5354645354645354,1000
enigma,parkinson,Sncg_2,0.15315695696008713,0.6553446553446554,0.8737928737928738,1000
enigma,parkinson,Sncg_3,-0.28676145992290714,0.2977022977022977,0.6914375946634012,1000
enigma,parkinson,Sncg_4,0.056889337921195736,0.8661338661338661,0.907321250178393,1000
enigma,parkinson,Sst Chodl_1,0.647177109122786,0.001998001998001998,0.14385614385614387,1000
enigma,parkinson,Sst_1,-0.2925051354818704,0.5204795204795205,0.8271728271728273,1000
enigma,parkinson,Sst_10,0.3902713251871579,0.25574425574425574,0.681984681984682,1000
enigma,parkinson,Sst_2,-0.047052196071502045,0.7742257742257742,0.907321250178393,1000
enigma,parkinson,Sst_3,0.20001577441446666,0.17682317682317683,0.5691699604743083,1000
enigma,parkinson,Sst_4,-0.360040191604992,0.5284715284715285,0.8271728271728273,1000
enigma,parkinson,Sst_5,-0.655633717117975,0.12287712287712288,0.5354645354645354,1000
enigma,parkinson,Sst_6,-0.14797789778553683,0.7432567432567433,0.9062937062937062,1000
enigma,parkinson,Sst_7,-0.4264889807154092,0.26573426573426573,0.6833166833166833,1000
enigma,parkinson,Sst_8,0.02651141344360028,0.8821178821178821,0.907321250178393,1000
enigma,parkinson,Sst_9,-0.2989655412780472,0.46853146853146854,0.8151848151848151,1000
enigma,parkinson,VLMC_1,-0.12356174878445965,0.5684315684315684,0.8526473526473526,1000
enigma,parkinson,Vip_1,-0.00797466918359319,0.978021978021978,0.978021978021978,1000
enigma,parkinson,Vip_2,-0.5722561891136545,0.03596403596403597,0.5354645354645354,1000
enigma,parkinson,Vip_3,-0.42650796667901314,0.3806193806193806,0.8060175118998648,1000
enigma,parkinson,Vip_4,-0.5481731754752702,0.06893106893106893,0.5354645354645354,1000
enigma,parkinson,Vip_5,0.06676507459692842,0.8621378621378621,0.907321250178393,1000
enigma,parkinson,Vip_6,-0.22272798240255196,0.4935064935064935,0.826336454243431,1000
enigma,parkinson,Vip_7,-0.696254752552447,0.04595404595404595,0.5354645354645354,1000
enigma,parkinson,Vip_8,-0.49190516120234434,0.25574425574425574,0.681984681984682,1000
enigma,parkinson,Vip_9,-0.3973532015706941,0.15084915084915085,0.5430569430569431,1000
