,Astro_1,Astro_2,Chandelier_1,Endo_1,L2/3 IT_1,L2/3 IT_2,L2/3 IT_3,L2/3 IT_4,L2/3 IT_5,L2/3 IT_6,L2/3 IT_7,L2/3 IT_8,L4 IT_1,L4 IT_2,L4 IT_3,L5 ET_1,L5 IT_1,L5 IT_2,L5 IT_3,L5 IT_4,L5 IT_5,L5/6 NP_1,L5/6 NP_2,L6 CT_1,L6 CT_2,L6 IT Car3_1,L6 IT_1,L6 IT_2,L6 IT_3,L6b_1,L6b_2,L6b_3,Lamp5_1,Lamp5_2,Lamp5_Lhx6_1,Micro-PVM_1,Micro-PVM_2,OPC_1,Oligo_1,Oligo_2,Pax6_1,Pax6_2,Pvalb_1,Pvalb_2,Pvalb_3,Pvalb_4,Pvalb_5,Sncg_1,Sncg_2,Sncg_3,Sncg_4,Sst Chodl_1,Sst_1,Sst_10,Sst_2,Sst_3,Sst_4,Sst_5,Sst_6,Sst_7,Sst_8,Sst_9,VLMC_1,Vip_1,Vip_2,Vip_3,Vip_4,Vip_5,Vip_6,Vip_7,Vip_8,Vip_9
1,8.026473951181524,38.00079406012075,1.5175589771704867,0.0946979349775125,2.004607687556725,3.6656275988080855,7.076028601313932,36.433079792516196,11.73657720028605,66.82946749969014,9.969046206268843,5.349819724663385,21.684506293654774,45.97857896299705,17.855236190554283,12.679976186595264,10.197838472713913,22.46449608467179,29.654102922729923,7.480281566437162,8.060113199812958,0.656066831035963,30.371759729420592,16.945258372718712,9.382598609379164,8.865835856832797,1.4284250453864578,17.7921122689035,16.560650007034923,8.694812385092023,11.812445517134607,3.9639147034990514,5.3259813464311145,3.174276428601117,4.412405577059602,2.9349076121856443,0.018153481580437284,8.039145799388292,0.07105851628770547,57.836942808572,0.8693807958591816,1.4623840928015024,0.7916525996858313,0.30538657114237,2.9540603278731137,4.687210337020705,3.5294719209580143,0.1964384354257992,2.326866990958008,1.0283738023405926,0.0030416183346339163,0.013274664628234904,2.6922730029869584,0.8755503683202974,1.3471310932463434,1.7765963004920726,2.231210391625069,1.690723897632816,6.256715073904558,0.14962252003179288,0.8894727179811435,7.145724554223423,5.026942199449925,0.16122155015780945,1.2919211075191848,0.8759084706266509,0.6620125695356028,0.4825786896000398,1.3695726976873195,1.1811933955545901,3.1888064436805656,0.6762542067250423
3,7.011359916375829,37.72478519025523,1.6457113111022694,0.0669195299989707,1.365151801865917,2.9734175614644727,6.446087663790294,45.143582933300685,8.753501862735678,64.87798530548288,10.436040723736674,3.830249358304157,17.822435567929443,46.165118588699016,21.342597809130876,11.538044567589639,11.240997896448954,17.66442601067696,27.118093769035724,8.180529040178202,5.779445510469663,0.5861250797665152,27.369254654894792,17.57786194098769,8.222451220248237,7.272830421116185,0.895550860115058,18.81659316888049,15.143076558360605,7.412612920672722,9.602707923113867,4.131213276672574,4.629062328179769,3.565365692318185,4.009996924295324,2.7312571907113568,0.02742531566790418,7.857435512071945,0.08063025190526932,64.69147470340575,0.7540342576101274,1.2431165459124158,0.7793376532808765,0.2371620272914749,2.760809462077288,5.008626898465751,3.0710723555381696,0.16722359328819655,2.249080072913699,0.8542493104894476,0.007768706521947229,0.010442178543499835,2.3941290414559915,0.846329620291476,1.2316235303597833,1.5573475260364233,2.2795901849312163,1.6866495650750342,5.176980819821343,0.10726118971652095,0.7421341302062274,6.706087424445587,3.6007575924843045,0.15143787816705406,1.154211942130327,0.623066038379604,0.627301006929404,0.5581541078657971,1.2406264576230759,1.2646626991427994,2.968732125173209,0.742590174691889
5,7.444866315668834,32.52031730018298,1.7641012155501257,0.11993605771113987,2.0039488899414017,4.498067679131744,7.528026960437094,38.95993491932474,12.731253376255191,65.15965535306255,10.773146835030289,5.99261131015538,23.236697129302847,49.55594868860809,20.967096384379115,11.48168812206517,12.17157978021447,20.082502659742108,29.489806646848283,7.765871903498144,6.600287572838378,0.8618584079603517,30.331970694299155,17.8189413592273,8.338169937494165,7.9734841677652035,1.6613419260392226,18.526832904182143,16.654628726201103,8.783956766813263,11.252660568835049,3.756838662694046,4.686544366518927,3.2162708717988036,3.7502224862399935,1.9861093947260011,0.038852917688389346,7.336238199638773,0.05573681436365954,44.978731663303776,0.8511886124337373,1.2778009278158535,0.7331664617971574,0.22895164681440414,2.94245046690146,4.682282496184249,2.8249980529631755,0.2632804770284467,2.535555542530238,1.0784240224838886,0.009200952541917237,0.006659976144037864,2.5533359198593364,0.7595942759662009,1.1198527620854848,1.6284362883384405,2.9650854021671247,1.9000215224202766,5.688283609056752,0.12507616299246915,0.8934291404452984,7.237892738556944,5.407699539761383,0.15250959863011337,1.0690461945980523,0.5150323233940384,0.7210382713208864,0.5467087340779531,1.3115115488602156,1.2568453270789464,3.4285920519029944,0.8578415672319687
7,7.374848028324126,40.02030234331412,1.6302997158846522,0.07866544779846808,1.4106995865310377,2.8304822518556083,6.316355879331567,46.43712118665211,8.511873370230363,66.21851142708806,10.318752440572913,3.6974165233691476,16.977733657734642,46.11937858644016,21.243915991204346,12.029227759739832,10.821143979685697,17.841938666441767,27.385095790258205,8.02633834551807,5.994656974817487,0.5861441812821161,28.039573045995997,17.61808531075779,8.442983931314084,7.446240188778702,0.8729435120000326,18.872543388123663,15.26132773445118,7.191959710969055,9.805814063206967,4.038993832058491,4.848160599218925,3.5774729258642304,4.176618258984617,3.1903305413558947,0.026924457511936048,8.194305759387843,0.09339960453458522,71.79553557487286,0.7424111194336885,1.2980207193571194,0.8012088400655535,0.25854497614293215,2.7704944476979896,5.050494547769115,3.271976734324055,0.16147339751018502,2.1654542859963586,0.8556803725959814,0.002583378395795944,0.013736657299504853,2.3978868599034096,0.8701775320436023,1.295354623220652,1.5523627362913182,2.17706150937015,1.6336559107747048,5.273920786966406,0.12421816228061645,0.7285175477572803,6.769517215257752,4.31795539486982,0.1539296985199704,1.2551375358464119,0.7147551201781217,0.6293036005407703,0.5235126399173756,1.2542117325906763,1.27548877235153,2.972332587906243,0.6706970200534446
9,9.110215340942448,41.3482624600374,1.4388109236569226,0.18007649139786328,1.7656837540161043,3.3257682453353077,7.336639407701234,42.38466162446092,10.19670097528034,70.06394132697359,9.741015226239124,4.284934077507524,18.632268260648303,44.05099688228837,19.553667360139716,13.862567798647666,10.717046472688091,20.515467369567727,28.280179974584918,8.064213566722744,7.1341531518227495,0.714082610454977,30.29235270800456,18.15823661410307,8.990190423073397,8.58451478856717,1.135899579116628,19.756012156627115,16.017947023783893,8.11007937959672,11.309427463006566,4.0611814826444235,5.3484924408627545,3.4787247597647637,4.388816909799509,2.7429023464325955,0.041280663826266356,8.093798129486073,0.09740291826058758,75.55849187394678,0.8017308616595527,1.4992081677937668,0.9672470645331611,0.2872134139077075,2.7481441202290404,5.315733858804952,3.556965241204757,0.19333875228481046,2.1367616457525758,0.9251700871647132,0.003028122777022204,0.012988777917091862,2.6034036874496866,0.8695620634876929,1.4256510710541912,1.6800549769247046,2.238988373984698,1.9391495996616013,6.019308932925098,0.1599881167184292,0.8569773462816519,6.614583719380084,4.970490679910556,0.1603486700170552,1.377783013618337,0.8982830207716502,0.6470069152625163,0.4498096692234156,1.2803649085036672,1.2559633402278454,2.983064546414474,0.7462236098776195
11,7.668935898260628,35.681453356185145,1.5876003796826594,0.0871794070938044,2.1139571590311235,4.264727747022634,6.946744535592204,33.04498785099507,14.347167896007301,63.266537545756705,9.481049625862155,6.3866728023637735,23.041859613342805,45.57127099325552,17.206489937179807,11.666423958636724,10.405440028372427,22.080935591766835,28.053858850921213,7.2076103486999274,7.789323651412501,0.715563577391382,30.18168154602229,16.639134025143,9.815826453668208,8.58524848446332,2.1028726780484854,16.878420526770157,17.612222350043055,9.870997679962967,12.264265824972897,3.7854342564579713,5.104420879695447,3.1013406771194405,4.22717014400531,2.6350435780140087,0.020121279780979974,8.005385060609635,0.06130484561571962,48.47825834623563,0.8806817396539967,1.358644186303645,0.7456742285195805,0.2821783234079983,3.041836261701982,4.389245915795776,3.274479934900992,0.2229058980552438,2.4518050993455396,1.1118162158664298,0.0064633648043092625,0.010224074705814016,2.7395321776148083,0.8293593196245831,1.2153639973082824,1.7452523587541848,2.506115534735829,1.7253476588030603,6.3740650045266,0.14656975722235058,0.9560319736907246,7.150127768151804,4.368912871076944,0.1678492055420679,1.1945509868418456,0.7842880081625666,0.674848868292091,0.501267984226446,1.344147614813246,1.1508223282255945,3.339731099495728,0.7372414254950801
13,8.723962586950847,33.795014614639676,1.7193246308025758,0.12886727654471414,2.9690058293058046,6.174283378899904,8.310485118479892,31.76150192214771,20.55273628108021,70.10892154078356,9.345295212156534,9.277762069174376,28.92383026467398,55.29714674615392,18.83800604646751,10.832067233646367,13.514058793527376,22.90024718354491,31.81647403265857,8.120614231981904,7.427816159237755,1.157882189177849,35.7037412904224,17.062352437571192,10.193712756548564,9.546567173176905,3.255559387262018,17.183323995237302,19.371093961818982,11.858537098441678,13.915185895424955,3.2870754395058803,5.1262885648102525,3.120247869653306,3.967806778822229,2.2851528273134725,0.0398315638375527,8.288479794337006,0.06935707645382214,37.83622291840673,0.946062010618974,1.5307735732505063,0.7024303021704387,0.292699565781161,3.4126718587891713,4.418587769986889,3.162084334590981,0.37333466833701223,2.943396688165262,1.4655222336298068,0.022271296782673637,0.01139014322674612,2.930507289839384,0.6337939678920281,1.0056537479899166,1.9985545323372214,3.7864936127803803,2.4767061151284526,6.932244074181983,0.16873952947463672,1.2544078816672006,7.5762417967082385,7.516883743364843,0.22248381197120606,1.2543580237652114,0.5811039204053571,0.821519311807143,0.5800143595952598,1.6176038517714015,1.245108304592983,4.182843182233692,0.8063384141902644
15,8.227915349369459,35.33302955719774,1.9539386490907027,0.1266668313105509,1.8618581090294821,4.339343844028763,8.966870198717094,46.75016252140708,10.878668123076892,80.90755178028812,11.606408466601534,5.48495049161973,24.09965902995436,63.58863303387549,25.04158801123029,10.432466327190802,15.284501342390596,19.488979379607002,36.292306597249485,10.804892713209437,5.322253563642827,0.9631851782527231,32.704615680069246,19.517793500635566,8.007580266908535,8.53229875995756,1.1007637376076744,21.186661129172645,15.564132757488977,8.980766469497553,11.311312006297946,4.386795675733029,4.603537375087306,3.5743615074841744,3.7536324554635185,2.321218440172438,0.03866951592103747,7.838884909940951,0.07066505128514611,51.70746925406968,0.8638991606194711,1.4115847538301831,0.7301333760151602,0.23284367369856618,2.9971079285034214,5.385889633477654,2.8716090960145753,0.28417927225257045,2.7460218868250967,1.1188373843921042,0.016883964949452466,0.010002714563946642,2.6027912470404435,0.7667621516370333,1.2330417628765826,1.8778618646070386,3.704368780816804,2.6996950133697037,5.727520946641296,0.11740991871524416,0.9508690324062958,7.34893199132934,5.37393852268203,0.19201440706477238,1.2115199570222297,0.45483553109569747,0.8319573211035461,0.6328879714929334,1.5468236625479461,1.4577456321248556,3.769636324957387,0.9194029622494244
17,7.794140477385423,40.11377019138907,1.7685002001919277,0.07004515060268701,1.2188080499900145,3.1414504961922405,7.755379572845825,48.06648112464349,8.8376223853399,77.7804469074473,10.60834839028757,3.7183877493405517,18.492502000802727,50.557323476620105,22.517209716058485,10.882864406966911,11.824673084845077,17.264076766641466,28.33147836503877,9.14051994361427,5.149186468012379,0.5663495285105007,26.462585572908942,18.005306623579145,7.90437260254518,8.657467349117676,0.7415757408871078,18.934707700781896,14.987060206079212,7.093589956761729,9.505326734065811,4.277279648422366,4.891844164357045,3.5952244588983198,3.9980166381981364,2.755939489926391,0.039189080556270656,8.312239171137165,0.09036527363418766,62.729950929606105,0.7472308880720641,1.332000777058502,0.7133487629763543,0.2293710735155257,2.6526995271471434,5.349996965608232,3.012989591175702,0.18429885350637326,2.5345878399390283,0.9609516410117295,0.009047264297250047,0.010473221487580836,2.2866822985655357,0.9074238841919375,1.2043613447462915,1.6934816455299284,2.5172950058283767,2.11857147267985,5.114245731401867,0.11247174711135154,0.8104232535057678,6.807751533410676,3.5132396330335287,0.15767632223527484,1.302293656487478,0.5933782633853067,0.6996871154874036,0.6041424256854151,1.3525521164311352,1.4117644091906774,3.1561628571820104,0.7944790758863852
19,9.541330802006538,38.55643649773125,2.254603483781146,0.1513565648379154,1.9471289856942438,4.984995417260183,10.975360375919475,48.01856097209598,12.063068112541513,97.81855440179064,12.320982878633405,6.046653550764133,30.20991961686518,78.00346319773087,28.031210275754205,8.48656768521151,17.966919021061376,21.054784864410628,41.32081467074854,14.89303214196562,4.993009821558384,0.937006693506367,35.41495198012924,20.029026991369346,7.591769510613256,10.095258338096924,1.060124681747952,21.26523731673426,15.064616340496858,9.445996146446419,12.228444564862352,4.620609219046375,5.394755684506961,3.9292653611736545,3.92928822498668,2.8973091084556257,0.04397838694409379,9.019648736710307,0.057926335377209814,48.13784478259564,0.9211356878317706,1.7202151893898112,0.6854053236400067,0.21464445620455377,3.1895445652520213,6.20177783061118,2.9288311990029214,0.39190003801155415,3.429448261342779,1.3636200788657231,0.031099195615149122,0.009696709695607795,2.540608596115505,0.7768197100640891,1.196372385793331,2.210601705640421,4.734345604350718,3.704050223886643,5.757237480412536,0.11570106160574264,1.1195966107335333,7.464499874706577,7.685121898817251,0.22552781205062294,1.4833185246907514,0.49733981304165764,1.0456503943578042,0.7610218285272634,1.9669441789687023,1.7539520196817466,4.434673594136178,0.9491925822422449
21,9.069882063978477,40.06916735744785,2.2094293752336935,0.1275556020453198,1.5560750692308485,4.036330493533902,10.155947061715116,54.23559653172672,9.305842048345482,100.8133370151097,13.066203432948038,4.824947655684235,26.252407906416586,77.87316105360898,30.350744589878296,8.644437709649193,17.375466017625563,18.992934595517255,41.77892823419525,14.897971793665338,4.3485738764017166,0.8393962566540178,33.58101029976733,21.313791446512425,6.991312930300455,9.651913606144994,0.7931431086136366,22.46480383218103,13.642651178196122,8.960483589137308,11.122408671689021,5.2202479150077075,5.281875302614616,3.995480030008937,3.896863168029355,2.7166039258322496,0.04179317057776471,8.773648761791224,0.062407193579534996,54.561157963925645,0.8466337914847699,1.5981995254746841,0.6946924378490908,0.18935446155760277,3.000648618507908,6.429084332326373,2.7748431559559417,0.32368507618464754,3.2621177115583504,1.2106208033594292,0.022734637491608704,0.010750516268299464,2.459233222168665,0.8602779197048259,1.246216650154328,2.03397132594764,4.2704598275583034,3.552172806295394,5.415668928616057,0.0952941998529932,0.9724567229771626,7.167661114987504,5.417600832682416,0.19762548684020606,1.5003505765982226,0.47273271815215423,0.9878498145762448,0.754722291070792,1.7862157699338856,1.7652766835249076,4.042850236645249,1.0019423951926305
23,7.047660243898924,39.01226849547108,1.6970052296182323,0.06504212442645739,1.2114609048799427,2.814438992225242,6.587503668198382,47.84596099623815,8.055638855472644,68.26445911280621,10.495379102725396,3.438364585753982,16.960101150630436,47.67619631088236,22.204532932860626,11.182159067409454,11.521967110747337,16.71361659372133,27.203769343658404,8.627694326307912,5.223412533893249,0.5658269311783123,26.78217738438984,17.78961284051069,8.018680123952423,7.266722208669496,0.7316582418732666,19.071119902148276,14.795788378772752,7.037395263202639,9.200852076460684,4.194755562132257,4.600075437000629,3.661470363368547,3.9915861447366296,2.8716621270848433,0.031154450646695208,8.047160469482805,0.08993894796083864,67.88763101114957,0.7305496479037091,1.2356830915275447,0.7623941395333094,0.23421927587175204,2.7098073087922634,5.163418965870942,3.0264831036791096,0.1639366186767785,2.269323482280039,0.8435241939690165,0.007315218323217746,0.011217301183707203,2.318791719833781,0.8640360831058924,1.224162199558753,1.5610725500592846,2.3363902844272344,1.7821935201802022,4.975790449515836,0.1050886089444747,0.7334379108918265,6.647789296307255,3.5114010250785435,0.1529959896046358,1.1996647428506853,0.5994463672618994,0.6408993329945469,0.5800600098980819,1.256453692073916,1.3194013531317461,2.9778619596331692,0.745714346731654
25,7.22411454481051,40.50492282988068,1.6722115839244893,0.07403518970140441,1.2425486157495567,2.6463705480145117,6.230147164919958,49.115919708941725,7.736053546441589,67.15615613413534,10.44430837842104,3.2755902656240563,15.843739700748609,46.435089405688025,22.315465709150992,11.765556957024756,11.031262279706779,16.599692580130355,26.859999044191635,8.215492742098688,5.406083373979391,0.5695585241024655,27.282076116504538,17.820689153033147,8.154234591022027,7.211158692244358,0.720332971262353,19.150747286790402,14.928492867956354,6.782791789131989,9.26082401276513,4.06531336936639,4.726105160265384,3.6783475027405985,4.097282967420684,3.2235204443412666,0.03102133649450163,8.225533621803967,0.09978042821231345,74.45182321731208,0.7107112452984672,1.2586712188698979,0.7962211847167687,0.24676896882562074,2.7094555211402747,5.168331147720994,3.1835814108868328,0.1528764052833189,2.1475391233421584,0.819795583145548,0.002883588939848662,0.013674809406794768,2.3130228793759247,0.8727138638584626,1.2771258124290106,1.5095447021905528,2.188733021852272,1.6665409363000687,5.01120951693229,0.11723333058313745,0.698630367296955,6.699343618854571,4.116396066617622,0.15260081950625276,1.2585336313603384,0.6667233057669428,0.6313615982509577,0.5414914433309913,1.2322780955620976,1.3118100790036706,2.92789773701184,0.6771518874804056
27,9.530274860282388,39.582793989356745,2.2382886334341108,0.14377428796384004,1.9817186977828234,4.969087070682553,11.179658268367248,46.10171422498167,12.443638146623487,98.73030508730922,12.664556803572507,6.400090966943926,30.69776527617139,78.516539293273,29.273372987899442,7.481011737958174,18.221172796761728,21.595287113510754,40.903215398387474,16.224019258695645,4.852315673872449,0.8389236101239114,34.25674931166792,19.74598156964908,7.5961223795661645,11.202512258934647,0.9878183943029976,21.065961369903512,16.161334982702154,10.030900592306752,12.648407168336888,4.3829181516317925,5.647667519137609,3.833366037905611,3.949976426449191,2.7331534917504294,0.06707637235472322,9.127742693070397,0.06080435142235662,47.77970605498769,0.8678351783363591,1.8859196749008058,0.6794181223938088,0.17188686929422464,3.1403370359978355,6.176425852739912,2.7000758814612364,0.41962440703422244,3.755541307933806,1.4883685347985325,0.0352079220237206,0.008672228364251067,2.604829725509878,0.7492289203525295,1.162604781751767,2.133322678512064,4.982848877145188,3.8130804871307014,5.8193683216677,0.11097119118963997,1.130027244883708,7.5173585759547805,6.8693373307216214,0.23861152144788356,1.4887199033594687,0.4970801634799933,1.0373054367186387,0.8107812792408651,1.914202437476424,1.8005728187161425,4.751813437135494,0.8685662711952222
29,8.871381374692577,39.9260452282546,1.7945843025716905,0.08228683977593276,1.1765148384110957,3.620414395976833,9.795507929994233,46.19590266370339,10.281002488726687,91.10636114273883,10.850452849503055,4.2392370822673815,21.31366846298759,54.39715268819836,23.274458504339783,9.646495826740532,12.675636683898805,17.594979432814124,28.811404215203037,9.9394161775098,4.551275050339695,0.5564608860756834,25.08558235231757,18.297208552688765,7.758673986084227,11.038579988132893,0.7496539333679242,18.470131966189527,15.238971875443552,7.694499404360898,9.84826541642727,4.492174377330506,5.069961656860495,3.4269130753055923,3.823909003274729,2.0589831172722235,0.05892652521885131,8.50114742899252,0.09011325681661304,51.07742352077875,0.7532385677047281,1.3923456866471917,0.6084043245244966,0.1890117244484792,2.5286626364799822,5.550837685909652,2.715572929404932,0.21547528075044486,3.0191237026200666,1.15474306954872,0.019052067363574083,0.00786303037545835,2.244916522004142,0.9305612062625227,1.115741431527952,1.849727300573989,2.907686427726477,2.700740954198015,5.265201524911235,0.11141086083206618,0.9439032249212492,6.616993033228278,2.751074041398711,0.16055399100691178,1.3352285806602346,0.4942264545022887,0.7713943828813865,0.6992566895620783,1.4685541447706396,1.5191560839367075,3.3827315809317176,0.901788933690659
31,9.14671314670698,38.77955516809015,1.8799646846969138,0.1072552995749892,1.3469630832356998,3.867878673978614,9.442614496048659,46.052963101417376,10.265686467786992,87.6198113736166,11.367219075677173,4.8053755623851755,23.526903614075067,60.692799592009536,25.793694692935503,8.959062623933779,14.826103234482213,18.033729211722246,32.089865648258986,11.325971361409719,4.33081288098003,0.6740488575630376,28.605865512808062,19.14867409496782,7.50682571826922,11.603609544945494,0.8082795950815532,19.396016221326416,15.197766385194118,8.08887786311914,10.451626299352595,4.2856543265381335,5.086904820195082,3.474414063547324,3.742446773896333,2.6653421761672513,0.06115440491276644,8.848678865731745,0.06027541428122191,50.03498595777651,0.7334458091833702,1.4951709267797788,0.6114133954409868,0.161504541031986,2.707829237465822,5.444669187365765,2.6742426792067384,0.273596502824758,3.0736070035670076,1.2370852288820728,0.02223180315816884,0.009447627628905582,2.19247598182798,0.8175503090242398,1.049833372645843,1.8553310466765616,3.4671869503521857,2.7581970978652883,5.214907621654338,0.0953234235038563,0.9156918352048242,6.550833515497605,4.259177746805429,0.18085959871163748,1.3025644747826493,0.4270201754406399,0.823138480363556,0.6636086665702412,1.5070091641351786,1.5444510393454984,3.690949198484553,0.857445481695619
33,9.30354208475277,39.29614942244181,1.7916565217749272,0.10348789080890815,1.3535565039219317,4.110749885264877,9.88921134953813,42.878237212113106,11.706688560040241,89.23306650568604,10.745673173059659,5.010716063517704,22.96434247615644,56.403515397000014,23.224817630976595,9.513730364154643,13.486630982343508,18.991248105116973,30.041027660409494,10.055941669746744,4.90111398701935,0.6764533291606986,27.027855819354127,18.30470375265112,7.919596164256306,12.779889734401213,0.8734139793498571,18.39691185266774,16.411404447225454,7.835710446398108,10.625881185750773,3.9071363258494243,5.1385845982072755,3.2788095488702726,3.716985540968823,2.5342465607762223,0.08939129017362442,8.73636641703796,0.0784543531870444,47.13088007982449,0.7383447799588253,1.5316642105861475,0.5994477363776115,0.19279756078751598,2.5763245965220634,5.276741333833843,2.771737294115082,0.24643011111893742,3.009381532996322,1.2387980408486272,0.019423648317404202,0.008840258160521126,2.197399136363103,0.8373214124639194,1.069253904605479,1.9412376779356224,3.280403168893688,2.809707756655203,5.45932178102329,0.11780941959961962,1.0028168689871206,6.885766292693398,4.464950917707215,0.17733721099181382,1.3991922349606576,0.5026860438766491,0.83870277589342,0.632987220926169,1.500434871421007,1.508228410142154,3.6195744808518127,0.8333478643898218
35,9.915177806170396,38.632447944487645,2.085232768925435,0.12833014606428783,1.7194756787654895,4.564374666037435,10.415792604003533,45.55882210406248,11.7391136406092,92.71169186879075,12.385079645677887,5.841452547741853,27.41887811885096,70.74481759149204,29.068444106454628,7.867167502490922,17.045735690679972,19.098746924933835,35.9031612367005,13.895039851945745,4.250550572993337,0.7857519202627413,32.147914071348495,19.454395096651407,7.515239029688531,12.72241376271104,0.9289094866146781,19.641245344729924,15.971010306729863,8.811200408169281,11.49432741764067,4.011730774911396,5.592065630893875,3.646223907936232,3.775303668325866,2.8949426808369982,0.08210951447238019,9.275905944646922,0.056014238928251275,47.266102238065685,0.7720106320692374,1.7234341285128931,0.6044893757388015,0.152386548875337,2.8788444713212495,5.7581901703635126,2.615647867911795,0.37111266246484714,3.5178804159198402,1.4406629828996629,0.03439201774918617,0.008456242175692899,2.2445678109937477,0.7365173465390119,1.0466066173123234,2.0307293875791568,4.294328032209314,3.3176545829686748,5.480627342703859,0.10272966945058858,1.0387601033986666,6.824075734404342,7.21237684839267,0.212304230569019,1.4437826846405228,0.4472525254417171,0.9805210715395138,0.7462439968848096,1.7519308356861587,1.7224864914521298,4.345862821764133,0.8384497190536317
37,9.338604166483087,41.67034122755881,1.669481950804611,0.11722253184139464,1.539269914126803,4.188659806550544,9.97552922279088,40.202823069891906,13.998938631570226,93.87031225581724,11.117222285856576,5.8618694482862095,23.31884633902465,65.35508066268069,23.52597047146063,9.685066871507185,13.932893069223365,20.324315134559782,33.53743787274628,10.184732256151307,5.14040540412643,0.8369355746881462,28.846684785545094,18.820701726670958,8.545163509374728,14.695879232159,1.109035842202568,18.319425515924873,17.343991308961698,8.569894575049814,11.603149584331707,3.6635428886268233,5.133237577261884,3.207828443791289,3.771164246897349,2.4955098598247845,0.18887068145809927,8.671761231751432,0.0928032421770705,49.18979387365115,0.7288853437766857,1.6386096650211972,0.6618495445533342,0.20476021545528145,2.653339778034256,5.434035548206209,2.8503137350943577,0.25260562459150077,2.9074105911162818,1.2099919661359175,0.016346419311247817,0.008198029322005444,2.4358660386666866,0.8035962715022382,1.2072173316635044,1.9320132792935132,3.7858340868854925,3.469691514482647,6.130432204969749,0.14768289672672677,1.0958546942101492,7.431278114014857,5.64392883133075,0.1601778081137766,1.6174946277818234,0.6380630893787491,0.9310311218391082,0.6101091769114108,1.6103236701218238,1.496705168968612,3.7976889278162345,0.7684863174670175
39,9.513414523904267,43.373831399927845,1.7791658353177047,0.12327968929827177,1.5036187744971399,3.9254099152454054,10.159840427234307,46.540724438882364,12.36754460146366,103.12329303629782,12.446202279179778,4.758097791059795,20.657793363990827,65.57329653273955,28.21387968845685,10.542210534392751,13.8268784121306,19.826133140052335,35.66418175081487,10.773579502703072,4.96136515063742,0.8487401814323363,29.712641880062563,19.761615384917825,7.797407002302252,13.006351019885146,0.887712623107617,20.003168056521048,15.90156997017171,7.927941922452678,11.391980979101039,4.232035737048694,5.392932540360903,3.6056592624744788,3.9917020512907206,2.4790008806277464,0.16962657983661183,8.236102719511104,0.11019432291477398,57.51981260169232,0.7493364134294564,1.766695496586973,0.7977325708624011,0.2788110652257232,2.561983575742403,6.230546706691213,3.0404968805875336,0.22240531682280804,2.75333839482731,1.1942343518506884,0.012665135210758549,0.011285741768140772,2.600629313961103,0.9041218138514207,1.365974808087559,2.0383906026187373,3.630165115938122,3.8710839871096794,6.115186466192279,0.1566097650771326,1.17904946872577,7.836615703586735,6.111940764089676,0.1725990961804814,1.945928021559635,0.8060976667407638,1.05407231737948,0.6430812906477064,1.6225196487684301,1.6787060084010157,3.646029865780236,0.8726741674142688
41,9.762960496615896,38.50421611940421,2.1910226254774643,0.22657948631144875,2.5139943395259343,6.308214205293487,10.966035357427772,35.66225903842481,18.274162600634835,88.13342361158917,9.829402820714291,8.589724786430901,33.36584684738053,68.95227963415924,21.938399332606263,8.571370943043839,17.355123385058075,25.824110571248397,38.63374566673348,13.792333075605216,6.730059343176624,0.8937043341250502,36.671739393117306,18.71704080678518,9.235102515394912,10.872892846600601,2.1483645358325734,19.092675043615372,18.0545146805788,12.217431257720484,14.919864468236081,3.970084926547106,5.597319110356024,3.5125708705218868,4.201137055935573,3.006365800806396,0.055567934879832546,9.65087031257402,0.051529240445823965,38.436643442114615,0.9823395635356262,1.8416191365190175,0.7119806125426968,0.20549866414287096,3.3964434382311848,5.608209940781931,2.9143197732378385,0.4595709779448174,3.65320898739078,1.6875009721300527,0.04575126175037534,0.00935516551641595,2.9335227257819536,0.7280787247398234,1.007080803255365,2.216127403821218,4.985865607085431,3.5816218023533817,6.839124855231378,0.16461987514931173,1.3607026330553096,8.17272966793809,7.083520900500908,0.2670192296106299,1.5113318072441406,0.5376240658138594,1.0055015942699443,0.7225089607109826,1.97991945912309,1.509336396726841,4.869755054605855,0.8157474012982794
43,8.827311328917848,37.62345161729794,1.8487200088327778,0.1419240376785147,1.8643277930701523,4.521036744112452,9.032811582403289,37.74066510018192,13.38858388583309,83.43470706542186,11.220359341825842,7.2824223104419525,28.196504826993785,69.18653780195838,26.200107153786977,7.694211640368931,16.912151076685866,19.38575818456592,34.476681351777565,12.401519227369295,4.6524664683294334,0.8604424211422044,31.446349112054893,19.202341338573323,8.778090718832814,15.288614695506341,1.2271798389723063,19.297339408286554,18.67483310469525,10.195792410656425,12.174309885528752,3.3951377558928475,5.095265320058585,3.0925627014393333,3.662852990060499,2.5484875896067045,0.1578917320486004,8.842704409038163,0.07745649375665278,43.92080064005087,0.7458757817246194,1.625550182224069,0.5877166878780472,0.15207076866321761,2.943777955264086,4.981487938501805,2.458034918248478,0.3420891352026025,3.4070865118218103,1.4151859074191169,0.03554220232343508,0.006712069177705485,2.4433688625385437,0.6685517462565429,1.0742890205775897,1.7894302999632685,4.45346535282358,3.0815372417354983,6.105774382018581,0.1070531623445879,0.9784531630934106,7.204431020203464,5.617847488242604,0.2146110955075963,1.3224848217650198,0.4084129721698926,0.8616684387069563,0.6872900454641777,1.6340478633639566,1.4805165796277149,4.3602071568152665,0.6403339201266004
45,8.84786344645912,37.86686743450964,1.9497862118305123,0.12701586573961515,2.0110773791888645,4.637397773107182,9.493649289693447,40.10341834017467,12.63520407995605,86.21104008864057,12.172541521869888,7.206678479160828,29.189965451674183,72.70631371159698,28.508712430822985,7.496315015473771,17.742734669585115,20.33063964087225,36.97470185743493,13.936624160368003,4.571731348749749,0.8202839010539237,32.70706844193289,19.44589974045138,8.564560153290527,14.181272879626329,1.1706942761583297,20.398059957903595,18.499783997318794,10.635831089436945,12.600112357118249,3.7041534182611735,5.278856333093056,3.2850363400968634,3.7912604975171518,2.511177294869824,0.11254088121441322,8.819856499715778,0.08173886246995385,45.48592236675107,0.7629358819228005,1.7695100718453676,0.6076716240715228,0.15836440976273716,3.017238707900775,5.237432278418939,2.497783590666767,0.34926602662749007,3.6094971147982435,1.5263381336659225,0.03488875995217572,0.00730422386824496,2.6257616023568136,0.6824975519765628,1.1140316663853063,1.8664393953355614,4.628949156582026,3.194882260468696,6.265944877920734,0.09970662908634849,1.0002608337771004,7.446000251002135,4.952140408602595,0.2265053679306132,1.3609303212211044,0.4123893694499891,0.8972912403696791,0.7137859637575134,1.6859758175560748,1.5818251553575315,4.5529984774450645,0.6860246747494435
47,9.036238488557707,37.45719901928607,2.0292631013586284,0.16695349546184826,2.279141491260847,5.418067903639621,10.259434277577906,37.84816887051919,14.90673412536129,87.36407936741804,10.936192185263321,7.997058176812958,30.91805167611722,71.32719145857189,25.336721490531865,7.912971148440728,17.64205169525054,23.637388112626855,38.6063074630444,14.042492924270634,5.550013310211242,0.834340344077936,34.19895974516727,18.82383206190884,8.624197525313427,12.55483096417712,1.4455891976382702,19.69419873872821,17.75706023056328,11.273376955101263,13.756172538955617,3.700311596422026,5.420390804925845,3.3177577259352518,3.9380554851750746,2.716708158842129,0.0900829690381224,9.314564755439267,0.07772641576983727,40.00229472867795,0.8274654218133326,1.8039137897642818,0.6353201438335653,0.17133443339917157,3.1052738763020624,5.314768950694415,2.66759019705576,0.40274516112962777,3.7101821441069602,1.640717431248575,0.04067916749291523,0.008020824975573757,2.7250346617186882,0.7044006014890503,1.0600506349316272,2.0495168641374466,4.783144178821693,3.3531996398020314,6.511177451433358,0.12215362564747716,1.161792722213481,7.9768164873110985,5.555278014143036,0.24814424472797095,1.4294883487996994,0.4516587481318966,0.9339101899374854,0.7237350322467908,1.808009716177886,1.524262361256173,4.698844778292009,0.7146449127540033
49,8.771584241412862,34.67615605046055,1.6420089951005044,0.15041386660117873,2.235519785554916,4.6602829223893245,7.5489262799482955,31.311140263314105,15.624641516704397,72.64839061686217,9.62366160557888,8.774744231557612,26.90192859069575,63.51372341980423,22.6447591424152,8.93137800090947,16.387658128158193,22.56506129640127,35.04838431736601,11.022859564846076,5.692034249371743,1.0477962041825564,33.87861381365109,18.775434671679683,9.828617488232755,14.334833052089554,1.9911075159228975,18.179210078701974,18.65411838258131,11.413068019837736,12.864179999559186,3.002952545089832,4.790576644872973,2.8946086194901306,3.843993392776864,2.1322497323984715,0.11784241913173885,8.884977442318315,0.08674474404347671,35.90393867247484,0.8320314347963506,1.4589784924270857,0.5682887424458112,0.19675838175214821,3.0124202418665136,4.135573247710281,2.4702967166247753,0.3349655163414845,3.191131924008846,1.4540995437636752,0.041266106431084096,0.005315276749553306,2.636835690094484,0.6112540049374726,0.9749707545665753,1.727767284659375,4.14776325014465,2.6737528007909117,6.8125045996774345,0.1160805897783296,0.9041279221386284,7.786196715573981,3.6972565147128997,0.19902649650502346,1.1476118346992183,0.3450035019318248,0.7867036533020578,0.5585786030482337,1.4523051706271017,1.2073817010081553,4.241161494911182,0.5347757831327625
51,9.40097079954022,38.36070503235581,1.852118344044074,0.14251173242311052,1.8371249588467735,4.62854796711407,9.213470019218958,37.46825090450473,13.922446616289472,83.35464201203746,11.19177569354784,7.262268779119837,27.465519410794542,67.38568011223313,25.93011055896616,8.002055527487611,16.552346769654818,18.761223222920457,32.956970580823544,11.660207324545624,4.4735604241848455,0.8551535914120857,31.366400819698722,19.148992564229413,8.844989467483206,16.11081895196106,1.2874963028701867,18.671297767469813,18.773928088965075,9.840147624738902,12.03748195616037,3.3739004960607613,5.266937739527505,3.1266289879969578,3.678484474482698,2.7666196720362506,0.1666734271801586,9.119576267379967,0.07264998251694046,43.96926472015896,0.7441908037776567,1.6211091727115272,0.5777945495214691,0.1575112193091057,2.903095655024871,4.964734658184619,2.4906093520918744,0.341606068196667,3.3507864189086383,1.435479549358244,0.03684536741336053,0.007283364276201339,2.383968912610893,0.671834035361364,1.0297549821232803,1.8236381374036117,4.295574141704284,3.0328576212731333,6.132514758255047,0.12103423771882428,1.010508622664728,7.095959748793769,6.667860832760956,0.21822037656200827,1.3874153204539557,0.4317723208342402,0.8877826602111437,0.6846459898815658,1.6464856311397726,1.492739548117614,4.295636758548439,0.6730821521919854
53,8.930056781326115,43.21752692207758,1.6800333012539717,0.14355475482109595,1.4480250001763926,2.872444134963686,7.802549918125798,54.28300599424734,8.593543635200334,93.48552611691922,12.734320189062112,3.3138583759498212,16.18456599515652,59.386125391940986,34.039838055467705,12.365951560784291,13.527901102220413,17.166779729313845,34.318935174204775,9.938719479111139,4.949461959697662,0.826687775209916,31.413221257368352,20.901413010068794,7.581250212379096,9.716222445737664,0.7278156480432811,21.96400605556737,14.282278583354396,7.28317426317651,10.471559594497606,4.445095250782468,5.343545197650092,3.9252813786475396,4.291591580784267,2.701481510833479,0.08831401140438834,7.990150168795679,0.10401728124486619,76.1644020311308,0.6958431725611381,1.637365966493862,1.0068375162728922,0.27539268090882973,2.5882088928930997,6.5162215350513,3.294232788815554,0.18857663341944667,2.331102359688292,0.9822959577640458,0.0046427228604056445,0.011107691612223136,2.586906841430986,0.9143003380936927,1.4845713545958512,1.7078369751124474,2.815979779023477,3.2356165622846413,5.759301116757822,0.13364211174337504,0.9110960502227599,7.372714790303941,5.894120644491671,0.15682690961831833,1.8100112299888786,0.8575724171089064,0.9064249992329,0.5585165377579768,1.3730586730260446,1.5793222553242812,3.2101182523593708,0.8033577734058315
55,8.574559407688502,42.3793234479502,1.5381939931442834,0.1614779935428291,1.3817632424790414,2.6968223880489535,6.73514282058038,50.371694463525266,7.98126486022243,72.23810873965647,10.491076718181487,3.1377183400297493,15.206486842262393,45.91838883481773,24.498913727629397,13.366279020283148,11.322416267384751,16.946229785332168,27.54933735099462,8.441122599215932,5.568240710753645,0.6906273906871175,29.070133108936158,19.011876706330938,8.15618698238263,7.80956152334413,0.7493563247617925,20.708083894106494,14.84088923920198,7.018297383318348,9.878978980327545,4.149654027930001,5.035091965661878,3.7524047585873577,4.2161860638801185,2.860033461277871,0.04845025706913881,8.10930119240842,0.11076536802509777,84.18026479832211,0.7065632801743285,1.3993183056364444,0.9817081673815937,0.2515673911498094,2.608684767426747,5.707504731515339,3.3585546750085,0.16823032603764326,2.0433537099240104,0.8048233895642246,0.003010045055194359,0.012483434948198499,2.4090097423249293,0.8717403620592457,1.4129652218518263,1.5182246058872624,2.2202775487570388,2.0188869137692094,5.33715308421618,0.13646062375832005,0.7370180101813181,6.461908997269923,4.738456338794519,0.15124194295310484,1.3722204415404171,0.778642321347688,0.650053344673124,0.4791946499229995,1.1905145304020952,1.3363755924769187,2.853921010680454,0.7303980640312427
57,10.350810955409898,45.012207657948245,1.5018979567540398,0.24604998768062428,1.5858759234900723,2.8403775852869426,7.94783682315576,54.93918663652542,8.627800393959468,93.15458148418332,12.264376436226925,3.104028864226389,15.169523678646057,55.117908963445764,34.6289279212232,14.422703114703454,13.133562755094193,17.35520687420643,33.34555774978327,9.705035663685944,5.262001743578643,0.9308749083338216,32.79313228180574,21.841641757631972,7.746655892844395,9.866030617297698,0.7650339426811703,23.308472532510276,14.212761962683697,7.476459592447231,11.007220526206527,4.4856021737326515,5.619453231895706,3.9559513687590546,4.399464898911188,2.366544917694049,0.09589978021548139,7.91041866687709,0.11782224062503803,89.19770179925021,0.6912678333956592,1.726465448221345,1.2056470887018738,0.2716018548969963,2.4823891445675605,6.9236236738273575,3.497605507183795,0.2006129474950961,2.1340917884539934,0.9129629907408304,0.004302624757050736,0.010205157374003883,2.636629866783482,0.9012510058783668,1.6274131063037742,1.6530382927554652,2.675051718949744,3.283883077423918,5.994846824181642,0.1533880945460437,0.8886796459221507,6.865466424509864,6.401810611589111,0.15159921683835034,1.808066272175615,0.9551777907523477,0.8554274734420436,0.46504246746703604,1.2719933732568482,1.5363114610610435,3.029599924566442,0.8350820027656856
59,10.044584330209936,44.168095282111736,1.3609525285095374,0.2580527189233256,1.5146326071886056,2.8264624778476,7.310141628834544,50.15826359598369,8.363753316174398,73.22123018090036,9.860003799389775,3.0283918679501567,14.527543232144454,42.09902652088285,23.037621975015078,15.273848634236042,11.173872523588248,17.5845485274275,26.704390120791786,8.461304110311392,5.948868655246803,0.7849656770515442,30.258439006938733,19.59918046590516,8.312327993062974,8.157504774407732,0.7940210011452332,21.991089249906857,15.082493625280302,7.249669479118402,10.472863612218603,4.136343580185454,5.292050807280607,3.782896240043987,4.318329605833605,2.4506831399800744,0.05947981238466109,8.015188027967168,0.12540832327148768,95.25688312842156,0.7109336512765119,1.5060221155009577,1.1644998260222788,0.25777485737113764,2.4953087366653914,6.076405511366349,3.5545877195437092,0.1812988599589021,1.8911391863381468,0.7710280752479116,0.0034499392789327206,0.011425530393788649,2.4745291757030894,0.8603984763677462,1.5235236130418777,1.5263021533315118,2.1564203435221567,2.160162142028691,5.610906960682256,0.16064602683055326,0.7703186148834098,6.025950608576975,5.183573975938041,0.15222244751127353,1.4174119624227446,0.8824750497502956,0.6247708556288332,0.40184988366528646,1.1205445892941601,1.3165830126328786,2.7153995295023194,0.7842013329618372
61,9.922491734064758,45.30279343081741,1.7708400538297075,0.15368914233174347,1.6325797973723222,3.812978886174204,10.059288038881729,50.54051641632712,12.047506847851633,111.74972437974098,13.95162954686259,4.52953889492596,19.4897290124124,72.43963273552512,34.97545516975279,11.037444734339694,15.065388959691958,19.54921074904326,39.57924064428713,11.474478103626229,4.722901160558102,0.9797342723613597,32.68476246472135,21.440636032884292,7.443390460998458,13.501896191306093,0.885194501136333,21.701160540339085,15.325605108043558,8.093941224712239,11.928425386900583,4.441834074123374,5.576777956889405,3.8571592805170822,4.206448854788098,2.579819548622704,0.20358674052789483,8.022804749539457,0.11147337938654188,64.81385814406875,0.7338001427484702,1.9462264469097186,0.9444857981867623,0.30420379868235975,2.590135184490831,6.856466748567701,3.1857673864651175,0.22486384526774966,2.6253555838830587,1.21102350405934,0.01090708787169795,0.01253919433929809,2.8272216615163464,0.9056507192626683,1.514682256538517,2.044394470988626,3.907002424506083,4.605243296613031,6.446651074985619,0.17203153700610602,1.2417867266962133,8.273604240856905,7.2951556503167865,0.17404042738351508,2.295558792095969,0.9633997119920932,1.2068619863422818,0.6394099495218398,1.6658911807511854,1.810823729318486,3.6825461577594405,0.8921534706775935
63,8.331176016756665,41.05137764521592,1.7884468993474503,0.1280671716506719,1.2176335132947549,3.24746830526332,8.286621122067539,49.453052529266365,9.128304536658572,88.95176510550105,10.846585416047136,3.4377064957236914,16.852636252598653,50.58102438328936,25.299666729484745,11.210939811415876,11.589584346413782,16.893363710283147,29.230572811060917,9.179198866660489,5.073102629748862,0.6753490987562133,26.22592731916613,18.640826696095015,7.538973109337503,9.403419783268294,0.6594978730974855,19.94587414315703,14.632147969423913,6.865963885520474,9.482144753610791,4.323079714592579,5.064295207162255,3.6079965303996264,3.9622308078793362,2.5673499252453937,0.0673976878795088,7.831399087057684,0.12321209759729715,64.00846583712604,0.7800247943326324,1.4194254936715798,0.7897855876548011,0.3081340703139303,2.47359783384138,5.833208588996036,3.010763379753782,0.16483963616372765,2.398584395412594,0.9716634984985694,0.00812342724510527,0.013207214707028542,2.325949407088337,0.9675176555842816,1.3444971962959427,1.8601333889940919,2.613707438411,2.6559546447185975,5.254194806657461,0.13281086889606683,0.9991160698951795,7.013109761754697,4.505203354626931,0.16898016907401076,1.6278016212090738,0.7352953054429903,0.8487184359502183,0.6470211773470685,1.3903271763397798,1.5059142827070142,3.036592598246016,0.8239441758138368
65,10.924336682440368,45.25092106664308,1.5356129052785314,0.17213529329913535,2.1946274226735127,4.813433367487359,11.859433270803748,51.39052220793545,12.002320334449074,115.0768180901338,14.242827818031467,5.458994509288683,23.881398102849847,78.5804355870769,30.819241584532147,12.485773631414697,19.29137591010729,23.92783149177996,45.791605289714646,14.227358314285832,6.734532746720993,1.1930058124568759,39.4106434357895,21.959338773552584,7.8021746538357295,12.824326322085595,1.2099760478801744,24.13864448411759,17.18542169877419,9.087090474930807,14.30040225391437,4.463083884740757,6.0147538513971455,4.377380775033744,4.8707697734847715,1.8475673728741597,0.15789485226481734,7.770814163270553,0.07335725293363358,65.31701940127199,0.720681882546788,2.2996679670353455,1.1587230331635787,0.3439239412843966,2.9382248614609225,7.083462825649383,3.847573418358368,0.2735288422506756,2.7534293495664044,1.5161805741403391,0.009173298672652331,0.010915161227317925,3.2784094430377104,0.8467636170958678,1.4181727538859252,2.1907993806317867,3.910717699198437,5.174530969067579,7.45248509279854,0.20992832366788353,1.393138476048406,8.647646547715501,7.941504773267978,0.17691802466653708,2.7237145511931877,1.2681794008078366,1.2654538228633918,0.5806636218547468,1.7565579297252125,2.04526331849392,4.146125875470015,1.0360065232633797
67,10.737241814326545,45.33444682963996,1.4573201975883048,0.26379715474762816,1.6422258546669535,3.208188159431152,8.47497197383205,50.48298327518965,9.35682160555616,88.05215801313621,11.177196623526752,3.5224988249241056,16.911214491103905,52.162589584542715,27.02170464405895,14.630860461592931,12.894422297777542,19.47283255512536,32.79376178709532,9.858803930946106,6.037386850320928,0.9025310883786962,32.56984157418924,20.76817277413655,8.23002624831505,9.801456399647108,0.8917523411051697,22.75068093066009,15.197841568802323,7.924595776205501,11.598931121228876,4.391982380008596,5.6819599716578955,3.932998975105956,4.47098298260409,2.411985188796429,0.09686847602740659,8.059408086169185,0.11670018694038137,87.13029043508189,0.735305642567832,1.7575774511294675,1.1840580939095917,0.29717070359135955,2.562015692303338,6.594690338213899,3.5827371825544456,0.21494559263629984,2.1597903809426047,0.9866278801992981,0.004310843369163413,0.012028998674663711,2.694049477017597,0.8844165359169496,1.5695212581244335,1.7449353569245938,2.749342753349485,3.151645520936122,6.230574066109368,0.17201725628362458,0.976317992188122,6.880991540634797,6.266446651886994,0.16642455049840457,1.8386789540316753,1.009930382700643,0.8424678721489024,0.47058781802152355,1.3511782279664992,1.5192607714531092,3.0811409625362507,0.8824002894532799
69,7.210762848991995,36.605078838826955,1.6024269405160132,0.1552044710642068,2.1740557268281653,4.349012428245281,9.234241402585413,36.379885763620734,16.341641427042546,92.15732464048878,11.963426687702446,6.977774120479843,21.399587784837166,81.23577133268809,20.147368709004134,7.036815486532241,15.322751409764876,21.11383091698921,34.64744116973971,12.207345452836268,4.583504241612202,0.8262415962799643,27.982272000162588,16.369973823271792,7.033581819022495,13.264006342787777,1.309253074679253,17.022014643237412,16.933726696400154,7.535621805891264,10.643064750900031,2.604115866270607,4.644055791064741,3.35758966734328,3.5877578299628157,2.8121708595969093,0.2023799375811694,8.430337520184105,0.06223947805097701,42.29231104966053,0.6921638196902676,1.8888708650881756,0.5751039874130769,0.19889081928994265,2.9569473739445598,5.095011616813425,2.9123907494982073,0.24290689569980725,2.9055605238808218,1.1915685634169013,0.033156728896499635,0.007401479454093867,2.425189618927835,0.6380029978696515,1.1903968616992682,1.8244299896374763,4.782156568647565,4.450183213995453,5.863793740749969,0.21504662340524813,1.0814871314880115,7.211484112259307,5.622641944715037,0.16795842518060097,2.0651774660077935,0.6794408404172224,1.2248144201918696,0.5955538402653061,1.8120340955164012,1.7615616963840306,4.445093820067114,0.6671015078015904
71,12.204403911673843,49.545849130649394,1.6295637209464142,0.174125843408048,2.0658664222185092,5.1812727954520605,12.8770399322409,51.05618155090089,13.71944355683772,123.23372993525814,18.35206477575234,5.386196849762063,23.2141854104131,86.35604865495307,45.314434971039674,11.24369918561503,20.10494030957333,22.64619928121078,45.160933324115916,14.462158711115435,5.1024344759617595,1.0507198216316382,40.48491737116196,23.499736277168196,7.080569313999819,17.11733727953827,1.187170795982059,23.73505756616069,18.816020601000528,9.55676049548095,14.431534644363634,4.787838337093185,5.855036781875595,4.385282975976042,5.051217766903643,2.9494058190800088,0.2720928724429192,9.14935646030815,0.0735723754888837,70.99594180850309,0.6520938479255738,2.6168164389352304,1.1356271479950764,0.18831026931123188,3.006419896715051,7.800514316078928,3.6951957558440203,0.25563831001832543,2.927399900640055,1.531993527730259,0.010834722211426178,0.007112369422746003,3.5020577104434656,0.7131183142092923,1.360301449222305,2.136741503391538,5.004266988491041,6.890181113439167,7.287920259834211,0.22472606484210378,1.3022680587706448,9.144085842169046,9.113802324603155,0.20200128609197274,3.0566917717227753,1.1251959578252244,1.6194032295506884,0.5453053475545131,1.901629010345924,2.2797961421892423,4.194724125927223,1.1117020733378775
73,10.734882495747378,47.648142666620664,1.676736734682546,0.15358656998565146,2.1783653054600776,4.866723875153467,11.004379746544295,40.81943533810975,16.763798330355648,108.30681684738434,15.744353488844768,6.887842111635476,24.986901696718512,78.37587949064955,39.04533463219648,9.769968798459864,16.87849502756931,22.26246044453421,39.12735057678737,12.022413578656542,4.676055177592482,1.0890370043876938,35.49744893846587,21.681457326044843,8.24246144675771,17.75763775833881,1.4870426248305717,19.50693122928701,18.449122803897964,9.474049027433072,14.010224018494,4.131653377602495,5.50351240467403,3.874375457258848,4.303272408424158,2.9679558183054073,0.3241722462930358,8.950368652812992,0.07762038850813112,57.9981629654087,0.7415965995235132,2.2903000069834136,0.8932087480535853,0.22027806315048376,2.968304154489284,6.57920998347143,3.3429346966948317,0.28560132111748154,2.844537220023713,1.425786881143061,0.020100137226312015,0.012312978612057995,3.1427170804585822,0.6986286343934438,1.3716361150142573,1.989425484761619,5.081653271251467,5.78769539832684,7.180154488975556,0.25312555432006123,1.298215774411224,8.397081655758832,7.728552554879328,0.18204756016342025,2.5002623380091142,0.9603458675855887,1.4070556878316272,0.5905328574489953,1.8783742871020501,2.0108512182156733,4.368842362057893,0.928250886229874
75,9.493640632232225,48.71803608723907,1.7205959177771692,0.132348279397887,2.080481041985117,4.730406546950969,12.430693659181692,46.57039322874237,14.176992917945366,114.95565880030124,16.997982487809974,5.506639057715514,22.55160107357445,95.19549063307929,31.259334101000203,9.530667416104594,20.885644039492124,22.917313480616894,42.38718505002817,15.89452897302085,5.048344380628658,0.9706425107868396,38.537096786048295,21.24012882280172,7.017563924072989,15.601877640267029,1.175454325847647,23.29764195100479,19.765436595714796,8.988543579833948,13.471813874613241,4.315296533046101,5.260748142501931,4.325871602582053,4.7970462291311575,2.9891740084941305,0.20947079024149867,9.212233985104545,0.08501474896923736,69.3324431098079,0.6582384638862729,2.4176710401238632,1.0290182294101076,0.1933461714680569,3.355128173221451,7.220529376330172,3.6510743015109535,0.25408537464477293,3.0114369643337557,1.4907991920775996,0.01796060128809798,0.009305528011855826,3.4305478077022404,0.6579322536789513,1.363278635052469,1.991571809766923,5.615679435894618,6.342947247699177,6.974022170285241,0.24409571376563927,1.2430494642402912,8.393613525582648,5.588246700639581,0.2188709757304595,2.8179835412056455,1.0524386396421423,1.572150980325969,0.6280859175008761,1.9557483480396265,2.2291500083246634,4.538275505726256,1.0401343923574755
77,8.451837162910675,39.83148891396667,1.5729962946640506,0.1565684231314866,2.4585911969017515,4.99494841984469,9.639106079094422,33.00655030617557,19.34940110294489,92.38814782671149,12.064630523103192,8.4625625289139,25.774284043322986,74.75418905893736,22.22054734577429,8.214304997291832,15.04408961341996,22.69707456975955,34.973968908754166,11.02171915019237,4.888282990646603,1.057572113252981,30.6521344096377,17.69184094211299,8.493152407543388,16.488258391140334,1.732959605454197,15.920635019920281,18.37416049278502,9.208791206137663,13.162907166265112,2.88019047411821,5.11178488778867,3.2753008635618497,3.749711805002921,2.5766323246853355,0.31829265665707757,8.55001624248344,0.0615584931828436,41.05367706190409,0.7717396396447128,2.0171018418328805,0.6348479057642283,0.22443264338842792,2.942175262520896,5.012130054886764,3.2456647606160183,0.2738886497757798,2.792893420144125,1.3136339111112145,0.030940368412867476,0.010429984006276939,2.8403001809048343,0.6515332209172099,1.2926734486592966,1.9739826577859085,4.951667220706867,4.654954867472785,6.927855500608896,0.26664600928232157,1.2672606018714243,7.885695082057364,8.343644059468177,0.1773914820014756,2.1786052023521822,0.77387667669271,1.2072232216429195,0.5916889043844098,1.8829194644341352,1.7270453248316109,4.58554314125864,0.7222026306076256
79,8.802976970678474,42.603677890771934,1.685937910811132,0.1430099920615553,2.262909159360408,5.065586422373746,11.544962311892816,39.36426390382113,16.369684421486483,104.710570649964,14.462202978964593,6.861117890387682,24.368277135316127,82.19565539793308,24.596499332200054,8.549225132907146,16.778187738424293,22.38222445577205,38.5354264136327,13.3851476074802,4.836241281123596,0.9428271941788079,32.76938809849215,18.834337909500316,7.216937984741255,14.987231459437035,1.3729969303535283,18.742338788439906,17.972984125482462,8.35206461413027,12.992595577196173,3.4319822007362784,5.102741800591915,3.70774782645778,4.106004007333931,2.527092699703882,0.28825357247904126,8.38620496911884,0.07097412357750145,49.78429285958384,0.7168944955098819,2.2330091378581316,0.7154697191584364,0.22927246280093896,2.9778892277487956,5.961523320322222,3.3415763859267833,0.27061137795872947,2.8288803563409592,1.3783315856948783,0.027662020976855824,0.012145629390536714,2.8520156803866006,0.6570590388977452,1.365395835165379,1.9719969520288025,5.1829719989839775,5.611184719347749,6.6355502876794645,0.2728876419250577,1.2015668115294105,8.082991005166326,7.730454727210613,0.1908291887474639,2.512614687393424,0.9289297104746285,1.368473842142537,0.6381189387686759,1.9036358227426706,2.0185370539051,4.6277612795550285,0.8704345987165959
81,7.716025845030927,44.77376330752464,1.9249012235821306,0.14678241004980902,2.2586510026169377,4.497184978541942,11.691965576437072,45.357532635191255,14.196018125454264,109.71727821144665,16.59849810765156,5.721799921349097,19.660678539905692,100.07091956467242,23.821943585360547,7.499390555960868,19.174170112989156,22.227115007986747,41.25423212625403,16.684103445054824,4.8545533036812225,0.8208267687057863,33.316068207203344,19.31869234108874,6.813955723476514,13.211510255769266,1.0633575421189572,22.339811046476587,19.10386160268171,8.038898265478608,11.946436889351881,3.9655858380981304,4.784605888361435,4.218377780698089,4.139025057247788,3.113346535624845,0.21171531019040046,9.189267866299236,0.07084959983259277,60.59233489576934,0.6898631517428723,2.1968833310858074,0.7694658958276721,0.21477628577007365,3.4381343213083464,6.98327718887196,3.389661543959088,0.21307296440555126,2.9204821243528367,1.3871644367582223,0.029749926136928305,0.006859484785606475,2.8465108602720957,0.6551214798314575,1.4986460745843897,1.8502623101726512,5.690568772048404,6.074464799073047,6.197742265004361,0.2459277753465635,1.0851420066100053,7.533549797870741,5.270806359917451,0.22249862992504657,2.6880077639158193,0.8996555182655706,1.6326178629813684,0.688593338837265,2.025009091850838,2.271450793867259,4.813467425753912,0.9407913053923451
83,8.26194992974525,44.31136043950523,1.8292450883413813,0.14258623639784626,2.3204545188806645,4.9162058148324865,11.999211469526328,42.61315773818146,16.23170371815099,108.86356249407801,14.831871322653326,6.359429308031987,22.99925380356349,94.64674286008751,21.723372397905763,8.080246680426992,18.456492683336364,23.174181247121265,38.84743492846088,15.007272032672757,5.163053489567254,0.877069417905964,33.470217858037536,18.324638858964683,7.062508891766102,14.1900967527934,1.2549246506082206,20.638047701103424,19.37044615025611,8.195661594496089,12.560950592883504,3.5108381185224737,5.201119456116184,4.052720561160563,4.269628195456544,3.0717977055829144,0.22446778871212003,9.218528445886529,0.05902853575164425,55.7366687884967,0.7152958188468892,2.3116745365723292,0.7772313829216939,0.22832507019551987,3.3277382394419024,6.4058626524094615,3.4569440563833984,0.25823936104850365,3.0801875309085456,1.4689670593101083,0.022049643185746967,0.010414527917079428,2.961866126684259,0.6835562735036832,1.3506176126452407,2.0582159880873636,5.599189065338215,5.677150793093397,6.633685854387795,0.2624809566189675,1.260208797825208,7.990882836741876,5.1433456273137645,0.22172068114010055,2.748787072559183,0.9844815999605487,1.5527123617166692,0.6547192296922053,2.0268466504081513,2.1957928972858514,4.85020971018875,0.9185888523641973
85,8.445771006284252,47.76961260719847,1.8071406414576712,0.11695978101833487,2.387078573570159,4.964800741719991,13.159498243570383,48.118717291456186,14.753703562360549,116.13778408751259,17.534976898910497,5.942518633863286,19.365862982765062,103.97990663341535,24.962475613882606,8.347960605610144,21.1221653598586,22.898905211767445,43.79338924729435,17.773890729667663,5.479481555047919,0.8858094434265816,37.82486641798515,20.17914574976345,7.016342182497947,13.896980053396035,1.2469249704910212,23.973472309535662,19.850747901346864,8.846040488831264,13.379541324763274,4.263437053358957,4.945495874920475,4.4271492582032295,4.623403573040368,3.0032750981784937,0.23227614116552386,9.344202603928128,0.07940356407914277,66.98383369748862,0.6331394408124553,2.335956507208197,0.9394071276291951,0.20584417033485508,3.6368498061553396,7.342388685050797,3.7374591953719603,0.20279211568417388,2.8865604044963047,1.499365666546957,0.029707844569397544,0.006319226884622202,3.2318714230969534,0.6725395201457652,1.4828823079522842,1.8715068534293318,5.611857592079369,6.650698231847958,6.823780342450191,0.2503853003113589,1.1335991504569867,7.897208073875492,5.1374793832092305,0.23048754938362215,2.7678741110202605,1.0356582081258734,1.5775453027499873,0.6616029833750121,2.013596206514027,2.3431527293960985,4.982036976840189,1.03074197454784
87,8.526409374699645,45.28904234202626,1.8542073418120357,0.14040220728672054,2.2369301080935577,4.88682970434669,11.99525470412743,42.412947386457525,15.260372637173424,108.64145092879662,15.466715064873233,6.224802288870861,23.464552502712852,93.12396542238666,23.644892448315318,8.232627022273615,18.701083358367526,23.107616930183582,39.40738284354944,15.209693697172941,5.108202404167567,0.8941081273759253,33.8841670564206,19.066863148798337,7.088372613098768,14.646685421879475,1.2126162910702443,20.951293149081444,19.293948990280246,8.297011008844082,12.725365695902612,3.7799253569181093,5.159990230980699,4.100981758079895,4.277629815035969,3.043028792974178,0.23187479564688493,9.195088004762527,0.06704013897518799,57.97295298927328,0.7193715072413783,2.3307836764315972,0.7721221809662937,0.2172008738938568,3.3481781731511226,6.603222694205357,3.4998705017062544,0.256212878303253,2.9894710717944246,1.4647806210171366,0.02822618113698544,0.009142383046066615,2.9839005742571265,0.6701588962193301,1.4111506613079352,2.005449847137288,5.679857779396587,5.865409095857423,6.643367065669682,0.26498069809107566,1.2060802909664048,7.933498025113357,5.681062702560715,0.2218949220259128,2.7386925591714824,0.9574729081919165,1.5488448665101229,0.6677362586006125,2.0445970545217005,2.188872666199454,4.83040916567349,0.9571716907698936
89,8.213504757292831,41.21294546585727,1.9864310160279675,0.21464929124649573,2.2249505222346415,4.969332662080231,12.03891887642735,55.5545599400997,12.93611892819731,119.50782692203578,19.456398479913844,5.241184726975712,13.204394016879247,104.6053337212258,27.47469822834794,7.41727780907186,17.228104472847097,21.757567539761006,50.40286626112457,17.519013577203726,4.2922596636786245,0.7887422519735638,32.08126467237184,19.521045533170064,5.846702535183293,10.937489549748928,0.883619902114623,22.812646699457638,16.871052811903088,7.833139764987514,11.52557673234686,3.9774938535875077,4.70839267533132,4.437948453258382,3.9818430706927104,2.6703579941342386,0.2048907929501204,8.663621703137503,0.08267253985699133,60.60151064852643,0.6306238977978762,2.214402921061801,0.7901044945088146,0.23053045407913256,2.848898256077428,7.856727778970787,3.1155133911250865,0.17685843599251885,2.7018191477681395,1.30955157867061,0.015795578573642343,0.0045790402217862035,2.4409699589454377,0.6510893728346561,1.5443346527871677,1.794296613642934,5.068504374096396,7.003202242548022,5.24991370593588,0.230860684626127,0.9240382956575262,7.973829964425256,9.624399457659267,0.19141226356125304,3.050442468738083,0.8474271704208002,1.8983198673236634,0.7244305768387093,2.0357138097435965,2.546592818897669,4.629007880019889,0.9196807774689529
91,8.981921843326807,47.612234790765925,1.9334361280896983,0.14844406415896644,2.216940450408401,5.201494335845313,13.286016444693068,52.03974524342743,14.11363416236106,118.9817008842494,18.654720803370545,5.690785062963002,17.320846323227,105.73019049903462,25.674475869345645,8.184040139619192,20.300483522994227,22.968612896729667,47.31381479816519,18.199531609295608,5.261751890188202,0.8490209708896553,36.53894904530788,20.216946645842032,6.689285519557061,13.195543055908034,1.1299749020242735,24.16550637155958,19.145979416886934,8.788855900256246,12.988683061186785,4.391160478889104,4.990484111063285,4.584905615730271,4.4834483767933015,3.1086910968510204,0.2530462927801829,9.543531349107674,0.08759990209586821,67.65151234186855,0.648675934385608,2.386533013051259,0.9221171539339142,0.21890618458692107,3.448299541627883,7.932107240699462,3.5852071043265323,0.1904036613261568,2.851774997518638,1.4920654744902775,0.02610535664277982,0.00563135782312811,2.999599099654509,0.6705630805738548,1.5791689725758082,1.9005642774135507,5.664342753493637,7.1162478361267905,6.400897483526594,0.251127589203428,1.0796204542738361,8.039658659794341,7.317795969480398,0.23236471918926288,3.0661450385737776,0.9978238406813372,1.7658835402513875,0.7053139047698593,2.1358201603488585,2.5132048227205623,4.958467829112239,1.049668286175878
93,6.981402398709959,41.034113890503384,1.916274796260709,0.1754407414652233,2.315430513296505,4.225745743852307,10.86128940559293,45.10073130322389,13.924417515591266,107.73052513988891,16.245198716918324,5.547330433390404,18.165961430370775,98.43667905898377,23.634355456825148,6.940184794388253,17.657238432491,21.430060020671757,40.75405463872013,16.094449978691806,4.367957451631452,0.77828421181574,30.62253069912882,18.607502649654375,6.436952129151552,12.01940712663432,0.9529846234339236,21.291436592935842,18.057477039646702,7.380227027009551,11.011929541179578,3.6103490436696313,4.587461252712142,4.045838804864821,3.849898247172398,2.9077113856068086,0.18192447588242822,8.685901008069633,0.0639869454372755,55.421724281010704,0.6806791392623212,2.0726218071179714,0.6845407941153574,0.21949482954150348,3.195014345666805,6.665662534536436,3.1430492457265204,0.2104674101057854,2.8752991390485048,1.279113485985672,0.025893749313207443,0.006846706971119158,2.5766903106187664,0.6467293458239931,1.4462141832716477,1.7910634917154207,5.392746023803032,5.767019203619194,5.662628333049937,0.2342168154471991,1.0246625443384418,7.3367984906908745,5.530925221667197,0.20215051813144042,2.5637152928973053,0.8197414283538857,1.6324032692499546,0.685904689508799,1.9360499825832584,2.2204803987916666,4.6440854924998325,0.847863425589259
95,7.127169766114418,42.28738868402681,1.9499370355009435,0.16464944780967206,2.2409184416240775,4.217165059081492,10.985250658067159,45.760033661864576,13.635631118531036,108.25948235631863,16.581989438976763,5.451785665494933,18.280139160248833,99.80694778125795,23.920756025365257,7.01896287254512,18.153345056095635,21.53473755668026,41.240370438204565,16.453670894648546,4.410210730832616,0.7831961920815099,31.21921079623554,18.975149029397933,6.509779560172524,12.248475267043151,0.9332148418540481,21.832468644409133,18.35358315529802,7.536757865001718,11.10575674731277,3.790625686734312,4.591640766922773,4.128076476188922,3.893733507718034,3.01095984335589,0.19104546858653712,8.873494269378801,0.0661225667632814,57.62629099212923,0.6911729213991177,2.0886909379069882,0.6988697568340146,0.21675366135551194,3.2794197471700306,6.852957050820466,3.1861918463993057,0.20688549252095007,2.883553231174472,1.2931145144587959,0.02724109331443372,0.006432432911796646,2.6112998764333204,0.6434096839507418,1.4859072400775082,1.797124414019094,5.551938483501568,5.885478725898853,5.727189181448216,0.23430429723483845,1.0237687447873056,7.351315728951917,5.554538386486272,0.21063508487332175,2.6211487637076467,0.8257391433801495,1.6643533352732383,0.6913739902197444,1.9779184432490449,2.2501471655095786,4.667358361930823,0.8754401834975665
97,8.556121373003121,48.39715493636315,1.8838944593986695,0.12728897572624054,2.306917138098791,4.938617083570061,13.05977765261209,47.2465931376999,14.67692969597855,114.37535762413054,17.346126801619278,5.904829925864193,19.4626160634045,103.72375112079709,23.93735769733336,8.059144534301405,21.051302872535405,22.92715690886173,43.134304813421444,17.919260530717168,5.491802852018158,0.8464325818282975,36.789134453629096,19.96157778121563,7.037354618513257,13.84173503955342,1.213309351007305,23.897422691919854,19.914967606552764,8.758428016790086,13.048423101903326,4.316077966098258,4.948138909135565,4.445109706834401,4.520892922716783,3.2428075069866837,0.24971846835319134,9.648193940803095,0.08291189465393753,66.89060249053011,0.655948087132149,2.3493314489754873,0.9115635208147034,0.21154173257125788,3.690105441281068,7.479966390076219,3.682386422097105,0.19948003374441817,2.9170659480159387,1.5080147030893607,0.033132070259732097,0.006468090446120091,3.1604072899747297,0.6719460495387514,1.5548747810209125,1.8781686499674222,5.822303210114507,6.689773662948217,6.746135822270032,0.25460415051451457,1.1268555145621562,7.737925803574351,5.280537769950019,0.24086405473161118,2.836928223810059,1.0108666022178348,1.6218982369648187,0.688516410924907,2.093041516408257,2.3789141179382955,5.035423535312674,1.043987773301282
99,7.863205454966293,45.69662809603238,1.925345120697653,0.1442090639149211,2.264502431864177,4.565996611687269,12.052011245422243,46.57171867707275,14.084668376424034,111.4067385799345,17.060710922238048,5.662527890988984,18.811247768021637,102.24676147932385,23.97525155242483,7.541720436045742,19.790625420360225,22.226379234702737,42.31117692687053,17.34043246632504,4.983363431212251,0.8129254654142293,34.21265942303365,19.567793945416245,6.800271879094962,13.087628197677512,1.0745255593783516,23.068409545134337,19.228158180905876,8.197070454140485,12.111095069397306,4.109087703154924,4.761221604676679,4.304303847128437,4.223049349106584,3.161634149831145,0.22297974010118446,9.31788166870594,0.07529487884804209,62.94623656888093,0.6728925732905614,2.219244956122098,0.8124251298026779,0.21301356632154042,3.516712094462122,7.213648217407034,3.4508304324695853,0.20010056463359863,2.89901438770749,1.4050015502714381,0.031058758372354063,0.00633149754251914,2.9035892065154356,0.6567765404797712,1.53763072785669,1.8265843860006235,5.721954143933355,6.321684694071701,6.262903803169363,0.24389225117022503,1.0722509465101373,7.530432675246482,5.39792008157989,0.22808285540860326,2.7325358536446265,0.920455361103826,1.6473275028381686,0.6920123350929441,2.043080866275415,2.3217750417298593,4.865910031657825,0.9688962571976516
101,7.1331188356480215,42.18376869264417,1.9672094050536308,0.16893737062047534,2.2206870184626193,4.214790029571553,10.997635234013686,46.88891479625,13.328733186262363,109.14684397468156,16.984904636675346,5.342883369022549,17.489053411716707,100.81153164964536,24.385983165992833,6.967728597720598,18.119347646931097,21.419808368547603,42.212123072009284,16.70625693995409,4.340740528934546,0.7757617426971605,31.16183023243193,19.109615850753446,6.416661857038849,11.999990130360338,0.898503823735394,22.079169789416433,18.184919493064893,7.520618004964131,11.018154669661367,3.8492538996274774,4.549154074175929,4.1683435137205604,3.8733076590439457,2.994598829855832,0.19083122285248696,8.854001631314535,0.06814262267314986,58.27666997528905,0.6858442010012648,2.081322898723814,0.7011855457453804,0.2165807146614803,3.2526915179410296,6.991737152529182,3.162009422513972,0.19966279197556608,2.855123988488255,1.2806071720173966,0.026884248162789285,0.005913225766667186,2.5708628363421737,0.6402675510726324,1.5069134555325034,1.7767580713935807,5.531712943850257,6.004034237717937,5.620024779705898,0.23140026647429054,0.9965858228776925,7.348123774047192,5.916318611224956,0.2094485789046419,2.65265965246478,0.8149342265232016,1.6965731380621087,0.6973753091537717,1.9841479049245005,2.2819502984225126,4.650764544510918,0.8781717335234424
103,5.3284533528882765,32.37866304474405,1.831977809000202,0.2565437949495835,2.6574450739812434,3.748445613016767,9.378172964287426,44.41882318410569,13.248727184810717,104.73026111473457,16.00680770167641,5.332691689585832,13.481721062936787,94.8821575651426,24.284608654728146,5.67799732473962,14.568580089879594,19.520891363105495,40.55184233871428,15.299470453985098,3.5086329866366235,0.6795939481386332,25.5250878967184,17.190222248388842,5.547697457507279,9.179889230317606,0.7975068427869287,19.276712235922943,15.459883462636963,6.003268990547587,9.363082762014908,2.869935773232199,4.072180166930688,3.6641697916009788,3.2987592471774554,2.243707016281297,0.10266355370917944,7.325511423816764,0.060150523918781035,44.91493439205871,0.5990116429268446,1.8098471791596948,0.5423836725900703,0.22474433909277375,2.654477867821457,6.0525455970848565,2.6830350924802917,0.1871225004365465,2.644242366172523,1.0580977512400855,0.022996353839144425,0.0055876389868006245,2.0913111114461342,0.6308730065096191,1.3449825972267375,1.5367538862000059,4.433855787724403,5.346751151763438,4.540132607158507,0.21119293073698261,0.8220972791089063,6.763059685111692,6.041829566903917,0.14338817878178964,2.153613579750647,0.6532175320552304,1.5549781753765983,0.6893941580827893,1.6665462200080117,2.1114890858780218,4.362579449227543,0.6658925241449345
105,10.047415535611426,46.02688181070874,1.9467533282554277,0.18571978397582115,2.3122874619464575,5.905045993647381,14.31416352481846,62.461365328975376,13.822820497845179,133.00774360316294,21.618908634051966,5.551717192560009,12.992359781621243,111.96869796281503,32.248170852735406,8.795231472441552,19.672192498814884,23.589061914946278,56.99595583010138,19.20161933868557,5.114881820075516,0.9684069946204772,38.56631122424826,21.655114326069366,6.223237754010307,12.37563454037714,1.1464442584433165,25.478546175599945,18.07923860593057,9.333735908683696,13.883078078578626,4.516080989535204,5.12946774286936,4.884855184470059,4.650846813578491,2.6573080053287987,0.2812581561987634,9.282204972625767,0.09632187668034183,70.56724821921892,0.5948301504340727,2.46193759605692,1.0356216845663848,0.23306504484814877,3.0608766699123597,8.821915611527567,3.572308653362585,0.1681200821077903,2.6619007508813963,1.5033031763777533,0.011031536750531519,0.004114426471985364,2.9169285911492664,0.68133558393708,1.5914590217139846,1.941344716456963,5.226316795953855,8.126715676524318,6.105326980399596,0.24689783117591688,1.009992081446161,8.94578665635999,11.486675380346814,0.21085922477415012,3.468823518819426,1.0360737313299218,1.9736229792985394,0.703418961234718,2.172078562826305,2.7846621886845035,4.914293152689315,1.0637738732884838
107,9.87443621526605,45.890382512882965,2.057174950705351,0.19585016452089213,2.0124928711282952,5.693805201630542,13.611236646134083,61.80933850186021,12.910195471375209,128.36516345420893,21.468068541085767,5.252874552090295,12.785554214204923,110.17659845700788,29.433691377630108,8.40609020331047,18.723934382922955,23.09259656499369,56.25201655014779,18.8134485748203,4.791257628317833,0.856224711039943,35.90329079795086,20.844222400050548,6.021662700141198,11.88117139249621,0.9599217780615348,24.800132110470937,17.677137173843096,8.91715090439807,12.844440944047289,4.572539364106729,5.071611411476697,4.86243528890227,4.384079873873294,2.8627390596761013,0.2676398208343655,9.384154534571477,0.09573505896135909,69.23095753195965,0.6394589845721159,2.4401650923360068,0.9381557947333423,0.23512281701400203,2.9487571287749965,8.84769206085097,3.3714620540118885,0.1698750216179875,2.7219484583486966,1.4574961374728805,0.011575433449752509,0.004112300098889429,2.6564159915446295,0.6632519404590782,1.652795489554978,1.9292164962701341,5.372406224351403,7.972235302601232,5.672088265207099,0.24290823815028376,0.9807038506798539,8.68283176501133,11.779794491518196,0.21682056791984497,3.5465335739608075,0.9616826037530389,2.0814102279194735,0.7408951801688084,2.231460970458789,2.793520859839332,4.786968693539577,1.0591186810441489
109,4.927885429651085,30.470019053756694,1.8021031070259002,0.271786904520083,2.764937113582746,3.625312790226059,9.00533670806652,43.50564297967085,13.279877418658451,103.30251709988174,15.69187563227652,5.344168574185787,12.864483965158124,93.4309667870733,24.103437605079247,5.406731169945807,13.886682252501245,19.136545092573247,39.84408253621584,14.965401524781948,3.3514775024925902,0.6603338119591259,24.37057695765698,16.780001540479734,5.4124245957874395,8.66391252334137,0.7845484709064243,18.66815669740744,14.974959489010358,5.697345273013798,9.018593908207889,2.666549211341762,3.9691517402381273,3.5504300541898886,3.1807244295535,2.1107288052698596,0.08481722137047633,7.031337410149051,0.057982511441926246,42.13572716117017,0.5847973618586099,1.749256885596187,0.5072461380031006,0.2257843895766526,2.553094962481606,5.822732148098021,2.5900783041779234,0.1856345853059652,2.6065171627419517,1.0123587707499253,0.022770835629913166,0.0056116656138634384,2.0024597114936475,0.6278614243406682,1.3099002794325831,1.487464488132057,4.232071698776774,5.169453655118987,4.342431558759512,0.20781207612403285,0.7903177815090517,6.61968716205022,5.91167969879663,0.13101194637747046,2.03634560354511,0.6197139111859227,1.5163558312761982,0.685777763456448,1.5998444087563473,2.0642368019078616,4.303971222197283,0.6213593679361248
111,6.984457426658992,32.30007728549825,1.516468782354001,0.2739376665118487,7.055572966577919,4.391676538918413,9.53102157570737,36.854253104967384,16.983507683715565,96.0746773946412,15.00256059394923,7.125493800103983,13.016724923864912,83.9332450848833,20.372173631970462,6.706452147454398,13.710743562639896,22.452932007041884,38.864999863044886,13.474953132212594,5.368453727146388,0.7591766966762261,29.083836986999305,16.188243849465305,7.822153057065513,9.420428944693285,1.9878246704390017,16.867139246453853,16.39780256668455,8.093199981878582,11.373957113249208,2.5564008132986737,4.260688997716942,3.516790530742465,3.5572611336392197,2.1681339286955965,0.2040581421612845,7.493134549868821,0.0817547621195305,42.85908079011552,0.6578000860013989,1.8474386697050584,0.6610547960579183,0.22739378443849725,2.8519709746306376,5.391808679683172,2.869260527338784,0.209241129738415,2.4416035067396384,1.2136324122332947,0.02762620084970848,0.014341624997345625,2.4839436904915124,0.5485731936876371,1.3019181431983564,1.4884568032283008,4.253150218255684,5.2036303623479405,5.179222854302249,0.26337508406633947,0.840408925717317,6.891901565356878,7.761447667611566,0.1652661585128155,2.1810396288565657,0.7606367983987874,1.380091263796337,0.6126519833850588,1.5747863669196775,1.9791518926928329,4.357274550633951,0.6469825787559564
113,11.042315719989825,45.80124427281819,1.9061593524787679,0.23968384422681843,2.5595170095181627,5.9296577430148965,14.162159320864319,55.05417329702197,15.68309291091002,128.26206500479387,20.759730553962566,6.465714743856399,13.434858085024965,108.49260870254491,27.79720001305124,8.63052955497152,19.90724949133472,25.064316359052405,54.72965873875618,18.63023181468541,6.144715215488265,0.9253365380213294,37.79476006394955,20.66168788851494,7.070840838229312,12.828560623863643,1.670224164781551,24.28992990014412,19.608410930247192,10.119159050376762,14.116823940019396,4.2779020076727035,5.3358092701520174,4.703848636520955,4.651346436542249,2.875845799670986,0.41776427446502273,9.822766584724045,0.09708011088523402,66.8038104040307,0.6420872712371956,2.453645502673227,1.0013461166819742,0.24405746541246592,3.239485395456955,8.19637403757936,3.656661262758588,0.18589651269226393,2.817708307756158,1.6352944960900535,0.01784937847074389,0.01042051069309305,2.99905693522638,0.657033031337611,1.6734463120660803,1.8983578659015188,5.462504580984918,7.936612748229098,6.474450624440933,0.27263578710869524,1.0844529030388874,8.713925928779226,12.478953623346028,0.2436374701474485,3.4527367300982044,1.0413327083919468,1.923447166711153,0.7059376364567708,2.228928624625297,2.736522360495169,4.976815431995257,1.053458697872493
115,4.9542214319973965,29.748500493953077,1.7103628624026954,0.2701967047461872,3.6278565686285655,3.712816143240718,8.851764464999343,41.29901577611565,14.252210376817175,100.16532969786034,15.239269761925556,5.772522993123258,12.735747514213339,90.1375994537175,22.988960527074163,5.510255611384753,13.34610261692153,19.726072441587657,38.98766921324489,14.40028012223027,3.6859784324844167,0.6651672948929775,24.568638683010654,16.376681955943432,5.852489799808184,8.500434168145416,1.0138578009024775,17.850128422537825,15.0391560461183,5.97489486617732,9.272942325032721,2.5329995525900593,3.9251536984329567,3.466903850999791,3.1838927992300623,2.0557782844757115,0.08506327782991027,6.926305307204268,0.06164942209338221,40.58837699797371,0.5954839004016073,1.7225228476084362,0.5121695030871425,0.22704553527405874,2.5649400188839375,5.568869493440624,2.588306743987867,0.19099255408363847,2.532621526477782,1.0168962286504555,0.024448007302436844,0.007459819929366486,2.060023277856449,0.6047213807645305,1.2803887337583881,1.462108492542675,4.125394788427187,5.035415665326977,4.406145094057344,0.220941770227574,0.7817537492839418,6.588117980361633,5.843025770252649,0.1311636255775805,1.984686184952329,0.6289984989355296,1.4527733589519112,0.6645107949379729,1.5401920548450396,1.997753262552324,4.275004492997965,0.5965668217587219
117,5.521721416798532,29.01120891167186,1.3961656117210304,0.20094979465990193,4.3486054267890575,3.600527541210242,6.794095162024562,31.358015726065492,17.46017349636968,78.25394419499543,11.128223098054386,7.121780210414654,14.763481751004763,70.69741133765753,18.930564099634797,5.833445906676186,11.68677199066014,19.202397691120535,31.61561393651742,10.577182288477372,4.19665944020922,0.7178710242512065,23.57056624517675,14.733249828125041,7.490881046234362,10.07764864197006,1.8291664505122591,14.64413456127497,15.33776084654182,6.865282978409884,8.998794239001684,1.8759035170264406,3.679734337597364,2.9017975967202694,3.1177901490469933,2.4292485326626347,0.11988913524423483,7.28846557393324,0.06449094017830315,33.88607534905297,0.6847771098014526,1.4336393626662798,0.45016786217375043,0.19180078206843945,2.606428086224121,4.16200827742489,2.4335122038994648,0.212174909180226,2.3910420975181945,0.9321220864975767,0.03894597577968252,0.007348027181271017,1.9823640505357278,0.5339296342586171,1.011668885553746,1.3663920592259795,3.666408951966171,3.677337373749688,4.6559266036334614,0.23736655756058914,0.7719766757521646,6.244240299068893,5.046022645440144,0.1156690427404471,1.4615738581545756,0.48619380661516604,1.0190696539192594,0.5204578971803829,1.3554399942192084,1.4852744783281793,3.9099111165468945,0.4491782822537472
119,9.466197984399749,42.68189491112255,1.3334701269929605,0.1353824508733053,4.244317579035158,6.155312040669566,16.40969630266857,61.32471279258328,19.35687149441116,153.9799358929632,20.854654236403903,7.188450487583249,15.35795656526131,122.69875169276699,47.71483324664703,10.053447884470275,24.9091377125281,24.546510517827187,57.254195464656554,20.73732305745236,6.306227983456697,1.6228444216415743,52.11559702623003,26.094311756931578,7.468003260530637,15.189537034626726,2.2529291175503627,28.62585701987996,20.256573575437802,10.926478457316053,18.94029914397905,3.751653732659042,5.167011859639666,4.562994527301984,5.89054099987466,1.4396482378909068,0.34124729292130446,8.0487077197257,0.06836171943978007,71.15723811356989,0.34365650794514196,2.2432586912745442,1.4568345963683107,0.21237189764577802,3.6719045447125818,7.591626968264315,4.491849813576963,0.1494108850689835,2.3616342018611722,1.5988926563612353,0.006256266191096807,0.004728466600017871,4.231356533959153,0.7799387211302534,1.1927094858114118,1.8587608472493118,4.280886555841427,7.826696927333555,8.340924726538656,0.2349465948955372,1.14039387616872,10.12206473705886,9.217747474159342,0.13652273979125695,2.48363223836363,1.357575762690242,1.206240959872503,0.435307471233858,1.6447875447224038,2.4667596116786656,5.62572908302657,0.9383084547970031
121,8.628284599993476,48.00895059761658,1.7974969567160828,0.11062417147435834,2.2421699598118163,4.783775243919844,12.361203017803803,44.41057817164557,15.118329701231199,112.03850020454459,16.32073065491589,6.053299968913188,23.137841625847102,97.28740489746404,26.580103006589965,8.820214185176079,20.43654441194064,23.31278409981618,40.69797721965473,15.871398522602162,5.302921367113285,0.9491900774323209,37.20016304162595,20.235280348940748,7.268454316270036,15.391776550875358,1.262663603003563,22.569985151680658,20.1977494196932,8.84777939516141,13.422058677725602,4.106100305296572,5.181224413639279,4.263885202368039,4.607809266190593,3.0197337016401087,0.20690348281036922,9.295303972029318,0.07359335227512047,64.75829858896623,0.6864982435022395,2.351552023927423,0.9103086883435939,0.20596128351301668,3.505301092049525,6.86794847159159,3.6703729881045652,0.2523014164150678,3.0384986666477256,1.5082826634467934,0.024876509761438174,0.009191873725191256,3.3160957500074026,0.6688749596516098,1.381662692278483,1.9821685636569852,5.730628253910732,6.025986837078134,6.992665643320868,0.25890452648925716,1.2346966775516406,8.13213016896988,4.426682873614074,0.22403701936503756,2.6992792479976786,1.0321592198978327,1.5371283078291198,0.6559681150690455,1.9871253903135737,2.2131337575424452,4.815329777330555,1.0059732339270286
123,7.6293864555282624,45.0559875375431,1.3611171762390628,0.05184056465733314,2.792901115136967,4.826875550114126,13.67305898055676,55.4026653376549,14.293413606579177,128.25204565354915,19.60706651742337,5.71782674559343,16.80373334484684,109.44776478760839,33.091905742203465,10.053844931831662,22.60324117243478,22.116291925326074,49.35898636536879,17.94512162406364,5.311699457512011,1.0971493573179039,45.146499436993295,22.284869797986747,6.760552911370268,13.830896013533824,1.3671283632309856,25.96114400749926,19.570068778558024,9.470652978269229,15.156979230220312,4.252009495783979,4.738751840476706,4.411742369223835,5.308316111561742,1.6337329152031899,0.12387207088373825,7.594767067275246,0.06294538605269633,72.23099004149876,0.46568966595224914,2.194834723285874,1.1736732744184035,0.1614225575946968,3.4088166295807105,6.835139098775136,4.068098469583831,0.19592255856262805,2.680150747893843,1.4089371061100135,0.009422377439979732,0.004675028331665371,3.7220316727003446,0.6640856098378445,1.121375790674476,1.7207169416182042,4.39607130311135,6.626078750907837,7.198987179896471,0.20585713740032746,1.119697298434392,8.756439631178903,4.267899549963739,0.17194845145145865,2.3258128705247043,1.1798003150892753,1.3484428548480996,0.5037918033926121,1.5045479757200475,2.1744511380565696,4.580552915292062,0.9679930279058643
125,8.044450834605271,48.296702641024616,1.271201456611501,0.028158146073404708,2.5028499034132596,4.1330162725618305,12.891387824476059,55.68828518354079,12.538741278835216,127.49196837717078,17.044410174302502,4.952668819841906,18.873406314315446,101.96889196459249,32.05213298556607,11.774763198878397,27.33594749066639,20.049082749923677,45.771233548611136,15.45500744498661,5.016367889228576,1.139397728476657,48.48784104178191,23.11198499640057,7.613973553290877,13.8164650149487,1.2051925764460238,27.58927975489472,20.194132873533132,9.091635086480574,14.036921910201364,4.054854722759683,5.267043515205328,4.812319763995487,5.593782346734457,1.4526342827313081,0.0866891052176514,7.894071921093095,0.02339941343139758,81.75276449784937,0.5668654858614919,2.092474186883177,1.2380857893984643,0.19017740329632085,3.4390515530531176,6.489008870583447,4.336822001268181,0.2022657996597226,2.930322299450667,1.554579980231239,0.004741745725391083,0.007561795712370245,4.018255316830993,0.6988005230891963,0.9930052509644792,1.7722821787860599,4.009619947300145,5.709279029542706,7.715528958854453,0.2031127956490989,1.302472086616488,9.053418377395051,3.428562627470311,0.15514187538932006,2.3575407754591935,1.2623020351950693,1.2747976690774934,0.5932658467332002,1.4640537242812743,2.1788644568005364,4.728317213294111,1.058470395292682
127,6.774699069481057,41.67888670383447,1.0400416225967475,0.033762740661172665,3.449599250728321,5.135159514606252,14.466830225275675,57.02798718736849,15.593374927720753,135.57362392740905,18.161931987341845,6.244933055248272,18.480025248783548,109.15418433900763,34.11641533265896,10.77338550942395,26.82441329076927,21.19387929531284,48.73280101570852,17.297746968673437,5.825337821570471,1.4092449570712053,51.16197855845653,22.63647524333017,7.2618818919291135,13.943120492428589,1.7554756762879544,27.195204239661436,20.214711896406058,9.197502529940184,15.882032299346129,3.4427260285912094,4.837629946686857,4.511898041997273,5.678966495074857,0.6637207786242811,0.12735610646412457,6.771122058010213,0.035514385003588424,73.10327956374991,0.39747062086602575,2.0178748796262753,1.3137944502594547,0.16286332006525442,3.4697456230192807,6.188153498223095,4.632715805809368,0.18210595997685808,2.532643834921406,1.563375334562156,0.0028285815093832393,0.005385436908406221,4.118983065558687,0.7032974033800521,0.844222464828969,1.650814419969041,3.4214351688593427,6.1682506271797894,8.14702865611638,0.20016840806765715,1.2605000139262525,8.83846256718381,3.4043946563159335,0.13371614725184738,1.9900162874592022,1.4888513686688107,1.070819889582672,0.43529898427769664,1.3478555619916468,2.0859453135202295,5.051766394307875,0.9187048995281735
129,8.989577047069616,48.44100224494025,1.3666922974980296,0.05050562706684682,2.266956022409931,4.5521770980178955,13.153931533992502,55.545786258702805,12.402654809322375,127.70646477744998,16.982182784228225,4.999512522342143,18.55370173969603,97.9096439904815,31.24058039010399,12.086783493599158,24.07415319409875,22.141335994368617,47.93818487416461,16.024301166918026,5.531734041040854,1.0730364050257226,44.80678500195098,22.35689665419209,7.101273877393431,13.56318278997755,1.1704448899915363,26.49426815473041,19.267459669596434,8.974869493483286,13.898953862530199,4.223911163631087,5.592569059174567,4.696173955010021,5.356581008053093,1.8244084901497706,0.1356564981891646,7.956791459162965,0.04727876844102436,75.98915773482682,0.59924187025305,2.2175716226238964,1.179533986972438,0.22583397380105782,3.191308767444194,6.849094320254672,4.054354962457746,0.21527097346145888,2.876319877203218,1.4778543207626238,0.007845938778591993,0.006691809051641162,3.8154287614510554,0.7577195842643505,1.1730513247751833,1.9371591894131142,4.2210817427063185,6.027792052523568,7.4311403018091315,0.22126310088838055,1.3423738182567537,9.214323477229598,4.972955555916314,0.1769166268051273,2.548266046216414,1.2179559539474527,1.2996957665928044,0.5855801660367934,1.573792657853765,2.1800074627518384,4.412202571854191,1.097925359054933
131,8.996251121045965,48.184733541255056,1.3971892056274704,0.06461472156652645,2.262321298918435,4.343134742711319,12.785894665760544,55.756545299734555,12.034963537306396,125.5485868738428,16.2436220625367,4.8111392277505285,19.70246675677773,94.24891930317531,31.539524842481434,12.239904856203259,24.8055859007676,21.401788074210927,46.12789128852445,15.520523915612841,5.4221442317587005,1.1398769489699412,44.81752039329926,22.398419941829513,7.3916402581519565,13.0648645372927,1.108580757722134,26.48145220400575,18.728609106152387,8.77531372897151,13.473235950020003,4.093665187227583,5.566562373121851,4.830483263328432,5.298690765081961,1.751696076742249,0.1320439802426711,7.96202629293134,0.043161859760730066,77.77371743902611,0.6329333655036941,2.1882113600531587,1.2254814813076014,0.2580891501848626,3.23446902378222,6.936684236883613,4.06903746916666,0.23192298727715382,2.9018121804783745,1.5037172810274275,0.007734717526759306,0.008152526480149858,3.7154249645577377,0.7739344253965027,1.1571740031610824,1.9533379801022777,4.134674073105257,5.757925925069232,7.454844160059396,0.20861034209925824,1.3735488198833183,8.976578966223116,5.028297852422426,0.17441363251977512,2.596489578912678,1.2371203479008104,1.3041986157296714,0.6105126030953644,1.598391929484789,2.217412137748323,4.4983974503091355,1.0960259814770288
133,7.31285350471481,45.796496029067725,1.1931124064139775,0.0281943881738235,2.651346166852321,4.169553757800031,12.837548176911895,57.371473316234905,12.683942191469407,130.97875752565005,18.277392898614377,4.924254771527408,15.99734126845862,107.61413757486754,33.726525978643046,11.11950247573851,26.27291887280521,19.915867313593882,48.850219570339746,16.63179210264648,4.8202182567029235,1.206091072160505,48.34865015918231,23.251571895979406,6.929150704432174,13.434384662653388,1.2803889079365696,28.103815422192508,19.42322269069864,9.04515942233344,14.314951223929395,4.064213736494818,4.921226562922564,4.618147906032435,5.51187494602688,1.3354163776101666,0.09603066283705496,7.360197344791856,0.03125635507299757,78.922059203647,0.45419907214615807,2.012106382968044,1.2387784048127233,0.15629351278583092,3.2719230827077186,6.420627278358143,4.212780357484849,0.18780321761625132,2.704353080485984,1.4182813659512994,0.0027011858103555115,0.004726779706649011,3.967646625254504,0.6963991541464848,1.0024850730738402,1.6031104309177626,3.782279401394241,6.127717605091954,7.482307044273318,0.18245968184300349,1.2384309855337017,8.820467646665803,3.2946085068975988,0.15297794514544596,2.193950097082034,1.2103676280853757,1.1863987571881254,0.5280495098263943,1.3760658753882786,2.1131863186623714,4.528853740677426,1.0153277682719877
135,6.963470492377403,41.67473875642163,1.130415612567973,0.02399859432652916,3.4329722209444924,5.094729201971878,14.476120984076642,60.32889155288896,15.111125755496111,138.89890339054256,20.676020834685175,6.121839691456558,14.856668179705718,116.04902250220927,37.10308558684827,10.550122308935745,23.353754964871538,22.00980351230175,53.38089660314432,18.825614577151494,5.434993592198605,1.299732832504142,49.5530029752545,23.40982518131218,6.773512035853683,13.380349268640279,1.6102617526997307,27.302702287282926,19.27638599862454,9.87425536726617,16.762003295067245,4.02543186616945,4.55274290697403,4.394658353270782,5.664335457416664,0.8280470306195289,0.09671652647828728,6.600737556595664,0.04890477577585363,72.08038820319085,0.3514452115269101,2.0719406871170913,1.2880212300446985,0.14535883642634206,3.3684076071211306,6.5381642601048,4.370193457068032,0.17187998738123259,2.4019263819576158,1.3761593678460107,0.0029221998613650556,0.002507049023164047,3.934917692746633,0.6854274689994131,0.9458373661149386,1.6221931088826107,3.5870383255190257,6.734767186543321,7.564652727123291,0.1875777198245874,1.0923913815760902,9.228149934277704,4.171052001078133,0.14215010788677412,2.0532383849558498,1.2921115808322519,1.1661223808958763,0.39559124917452165,1.2648146674454326,2.1155413478092733,4.663479579731826,0.9251883707856052
137,6.885454418019071,42.41305047126094,1.1399545284886194,0.018627054428435548,3.1500911995953165,4.917912655370856,14.127323955198932,58.82928262709429,14.45357774472635,134.3869258168741,20.473315426830144,5.898901438369993,14.98540137235242,113.6308181228114,34.18203145967071,10.546254745730225,23.075914174947332,21.748135238571788,52.234699736225124,18.370199996416698,5.392907567392442,1.183738201325516,48.301686337969734,22.70927157815659,6.679932310474242,13.206531282859396,1.4831361609653522,26.745487755584563,19.347098673660646,9.663974717203846,16.0922620122978,4.10361592536013,4.5721848073566775,4.377921075364762,5.572750324096554,0.9032725720168246,0.08124778736998775,6.656957139902663,0.047983397898574455,72.09945102947691,0.37840579603638186,2.096859514927867,1.2347251368878478,0.14325350334246512,3.3472474562586845,6.4300668501950415,4.278112297494004,0.17929546315987702,2.5036828462980547,1.3689017810069422,0.003289559529959483,0.0026536442148213982,3.866585877505288,0.6655977933090897,0.9580049075567465,1.6153251711514232,3.686492085449106,6.6220919333120625,7.373586378726625,0.1883575877448816,1.0937888720782458,9.049913969749827,3.915825943812078,0.14405666393270591,2.077929455167153,1.245251112164319,1.210918984117117,0.4160310461369693,1.2650800203576031,2.0885000770464446,4.539808605484587,0.9265019456792282
139,9.954536630482135,47.70569572529724,1.3909839155521349,0.0953387258556807,2.3201298085990323,5.474353762502612,13.66884904599756,52.92370172510647,13.971120647287181,125.82525609607447,16.61993124097114,5.756721929237744,21.573300899497262,95.32160330391625,30.557452547829847,12.219893768941029,22.961426827992565,24.627012949427705,48.41156811687876,15.703194679417031,6.540799490173777,1.057324520024857,44.22961236960276,22.28350282009827,7.396975296615943,15.715610547855599,1.3819740595668712,25.58880405826512,20.64210493611462,9.501327583249973,15.041406767386585,4.2424372615382255,5.847388935733144,4.556059870793481,5.4100522509644655,1.8792078508812602,0.1604707052520364,8.159475454999448,0.04356777998453321,70.01279189409722,0.6373216937829301,2.4166240993325694,1.1398123247725784,0.23079197806583465,3.1323993963895833,6.895141447441095,4.108712287636943,0.24270234292112552,2.8862302653144365,1.5875508526568496,0.01080492208841389,0.007253137690215798,3.7689577400125183,0.7906105063298465,1.2293458216223658,2.233976909731555,4.434647970583909,6.115175672533115,7.842920265922331,0.25370892164434805,1.448159979921544,9.737453431578981,6.90842002779729,0.18503021531692265,2.7293658789613024,1.271258339884946,1.3671747044606992,0.5491519970094556,1.672335411160498,2.137259813892816,4.399465912534717,1.0864635507823557
141,7.207352012198312,44.83926079657014,1.2187187849271999,0.024394390559664775,2.7973053993741437,4.926453848797543,13.60517973795948,53.207212728837504,14.655315058026845,126.62457289834568,19.18416699616516,6.124762238717024,19.024647418044673,108.08444611266961,32.4422302689152,11.145656143367063,23.88268844067381,23.800601397870004,49.91337913628862,17.548087549007224,6.265471122950571,1.1082616125385505,47.69571347338278,22.91030660399528,7.252395316594069,14.781077142495434,1.5674154232986752,26.57879372679034,21.620952079984097,9.694009010488358,15.804923212943086,4.315473838465784,5.057935579256228,4.422865699186416,5.602352976704592,1.2570350016651524,0.08033838714538889,7.424789286919702,0.048283646347279954,71.70528059066592,0.49659285615619697,2.22264021871381,1.1516784302305634,0.1682485945892195,3.541778799954601,6.346098670360078,4.285468058067522,0.20315629224571555,2.730100549427025,1.4884501687342213,0.006930843070557027,0.004913135577980559,4.071140840937681,0.6801668893457692,1.052624845159165,1.7875633640339088,4.3269597315178405,6.306260174224552,7.768631259587544,0.23373845913530833,1.2137568011182742,9.266556389887823,3.843701966223266,0.15547480450452256,2.2031564956329377,1.2360788003424679,1.3060799572762003,0.47070817059570735,1.4201957973814334,2.116126726902319,4.607748483639278,0.8923126967557358
143,6.885298411644838,42.37451249605999,1.1406695889083565,0.018659686659450572,3.155234674394142,4.918066442147181,14.13996905157642,58.96219117967312,14.442759237081289,134.49458880208294,20.520972987496286,5.891281082985287,14.882901201517031,113.75727543753801,34.24026971048753,10.522894074020382,23.01475119538596,21.701545407524293,52.287245876673076,18.397237981028177,5.36659382799458,1.1832481205928513,48.265974858300865,22.700569837167446,6.662070110814406,13.169140549429713,1.4778284359254905,26.730979245445358,19.28226600387258,9.669251253696352,16.098806798355714,4.104224967446791,4.556000106565011,4.375569952453279,5.568271004138331,0.9007984146157063,0.08092217746034994,6.643376875051194,0.048302482156500924,72.11407517580895,0.37590017025315975,2.0953212725607226,1.2367321096775985,0.14252406399440928,3.342673839705871,6.440562796159667,4.27337818512555,0.1787531293648057,2.498778564932471,1.3649235759136393,0.0032274023335414383,0.002598025843592063,3.857101687895046,0.6644769262127036,0.9574349012261072,1.6114319822373049,3.6790098621358247,6.633134777276766,7.3551170426371515,0.18722931366287046,1.0885580875339542,9.043258362928956,3.9258114053878743,0.14397240336756162,2.0775290759639273,1.2432866771917284,1.2114434529392208,0.41489302380577564,1.26242748578264,2.088763167818816,4.534677228684782,0.927688836390059
145,11.174849076829725,48.67986429214276,1.4961695595506264,0.12240980003864009,2.287102049140407,5.788990714063084,14.038894418805583,51.61437089661894,14.857969247199867,124.64742663417702,17.207842003773816,5.944257887175477,23.796901325174915,92.99178787669506,32.02674563169417,12.103198834462475,21.234836174050617,24.86658035054289,47.41763944193432,14.973279294432855,6.380906168389302,1.0360008803771659,43.0106736343854,22.525772400028913,7.59721689827176,17.66799017232228,1.3861594802907704,24.663876935574148,20.92877631881445,10.02505575268544,15.69813126756999,4.451410504626926,5.823425344142942,4.334531357100605,5.399415669985345,2.2158844987836783,0.21171044977139894,8.586375600905857,0.04796281231072793,68.44131903689879,0.6448530484458616,2.5267917144938083,1.1126864849358344,0.20524384027627438,3.107244804322375,7.042343382731988,4.031851712968709,0.25531162614348935,2.9444613543736335,1.6123791001828924,0.010629262950424975,0.007446943200579403,3.732102097226239,0.7709878206787651,1.2539365750062286,2.3245165292169405,4.703750943292462,6.407406660232561,7.809427318493795,0.23455495645311014,1.3766892764644256,9.82296715001933,8.518812984380697,0.19483500153822297,2.902004527607414,1.2389651856120107,1.4540742243634721,0.5570732069331422,1.7450457933151247,2.1797071248701267,4.292863621933818,1.0811601724204674
147,8.11115704220471,41.491063148154076,1.087525491436558,0.04589041110602512,3.3721085616433295,5.730329004284223,14.874526859728661,52.873046643078354,15.783350878370491,128.2814435148214,16.305052707548843,6.752179301614593,22.201949778315615,100.10478727030348,29.00120810983033,10.825580379953854,25.37809956021753,22.674107513164255,47.08466850907428,17.06418591590182,6.718346041536168,1.3632854039703086,47.80613360993009,21.659095360410618,7.460686936898715,14.092436447521317,1.853826841852383,26.394788684941485,20.814675692216596,9.426482138444262,16.57932202249875,3.45938554782805,5.119704769145687,4.400525035447935,5.367028299767674,0.807190251895467,0.1465216224120667,7.077410871861869,0.03523693923449302,65.73575065231854,0.4631315697607972,2.1279783758726305,1.2860241963613648,0.1925302743558283,3.4220325843707493,6.126263592278036,4.605329048432992,0.19449935084869466,2.5634334107518666,1.6456215370585405,0.0063596691001670085,0.005978792395961567,4.047194553489871,0.6943988372323573,0.9156996467326642,1.8068268118744106,3.509224102112055,5.83915748382615,8.23246772623264,0.21994509454577335,1.2800498808779985,8.83111803254942,4.8348470616450845,0.12830489171879733,2.2175512411406815,1.5140447114431874,1.0511521879670713,0.4292902845892108,1.4955655561126076,2.1005014222339424,5.041127207467348,0.9856979619507921
149,9.554689231963108,42.79491015949674,1.3399100954945364,0.06621471444470207,2.7371670166905946,5.8075947956451035,13.352955014443838,47.430751826362446,13.577935423521108,112.17067262128546,14.323325863507804,6.9283227992971606,28.242042929337227,85.67547929172896,23.607631594143328,11.492054839006723,22.614224365075632,25.520688731855294,45.93335973654579,15.789984483911773,7.741799371531791,1.2182436352914583,42.42331209850592,20.34676461340021,7.6686991729695695,12.979169780751565,1.5367953775720233,24.015097700238968,19.565233465562294,9.222977017537652,15.444307039443224,3.971512883931483,5.61153979358724,4.410185975813324,5.036880347408884,1.1609099739722626,0.1369959666833469,7.42067258673421,0.0391136663275409,56.10414917896613,0.6575637565326685,2.32178030292014,1.0896236496578795,0.29195732069592534,3.353264497662975,6.120261176254046,4.324587909269545,0.25876665249082353,2.860696654595252,1.67171119482222,0.010471781536798268,0.009367720768542979,3.6187872737273388,0.7354152544660706,1.1005693379222667,2.1688352730268816,3.848043183447312,5.1073599704089165,7.761005675140031,0.2307690940697875,1.3867271102221825,8.631336481974394,6.568415247781874,0.1485926454790118,2.6278374620291065,1.3732077185546576,1.2208820891291774,0.5247697058243509,1.7009654976754742,2.11683914728351,4.651846450841818,1.0371929157238136
151,8.311157729356726,40.48521327892593,1.0649336746096312,0.08381990018483486,5.256746825956744,5.872320256054928,16.30723742102967,65.48389782256668,20.089999434035835,170.52124280417198,20.629309273532044,7.73796143358946,19.11364577996952,125.73517479284484,64.27763072303613,11.331830333979315,26.508352229198508,25.45061557157398,58.03066327949016,20.571607904924214,6.548222168217916,2.232455457089273,58.420513630064825,30.501136523292647,8.218174187076213,16.568562674414764,2.725860686744256,32.41326235885581,21.15064547335033,11.359741473636173,21.858623212021353,3.38062680704732,4.998532230081429,4.547268216283578,6.39039242137409,0.7239084129960358,0.21947872001571123,7.353836216788636,0.047493300350074506,72.9026654980021,0.2686135769397653,1.9622822952201657,1.7717676458783838,0.19342399560692716,3.809231078690577,7.2960656921848015,5.117208340077176,0.13920051907556907,1.967820815479723,1.582530081964201,0.004220915064146605,0.004769305373953578,4.904870795131502,0.8182217981931191,1.008148816187896,1.7911645873052773,3.5265171795433568,7.183678760172773,9.778405922483556,0.20765570107750603,1.223240564689728,11.092171213447582,5.572073636702088,0.11709730353572087,2.0011351674253417,1.5899755573233125,0.8700583276572904,0.3199106254226751,1.4402794248955926,2.369825057689562,5.671792000853908,0.9019677366911029
153,10.097245548606656,41.51606494044914,1.1086267510962504,0.13668001745584085,3.7486015649461657,6.147459125688511,15.067832768696656,51.903053260630045,16.99997717354775,133.8966092818201,16.55862179572251,7.739734104362264,24.208500315591525,102.92732012357173,29.857477768283008,10.856278048310298,22.904090036416896,26.456851553261693,51.60650917340034,17.934269364459468,7.746424412250933,1.4962695792133058,47.54388719950495,23.32083712148109,8.419077347384878,14.67086836523733,2.2436783339024338,26.646351709153794,21.006626694354235,10.615983231332281,19.06825586501452,3.674130204890621,5.408600625654853,4.125356695351956,5.62103500003018,1.2622325206883556,0.2047359661826813,7.3264338907228,0.04920466152087511,60.55000738999919,0.5019987393538963,2.2231877682931045,1.3739078130894151,0.24066751342523812,3.4028606259565217,6.244167545296724,4.669014124193475,0.19125659855030624,2.36731337726319,1.6777553305657442,0.007660335774736273,0.007064383559494005,4.138311731869206,0.770837538886811,1.109308394521547,2.043042839390784,3.5896896549125827,6.054872607567588,8.97041938182608,0.24143636195373705,1.3037337990639055,9.590369595326836,6.532246619199364,0.15027911545982642,2.388873532599237,1.4943198179296229,0.977004457394124,0.41962530529637676,1.7039386216438877,2.1790427344263703,5.0611581371239875,0.991764182111957
155,10.527784845988483,46.12737080996061,1.6672118378412273,0.1941721591715413,1.6904785912514617,3.2589405270816028,9.503073728276117,59.64010631647788,9.519316623295797,118.34049288765753,15.265634060490996,3.478402574815395,16.770886827507564,74.94605192185351,44.13802885777218,12.910771858305788,16.829195594378053,18.382160585880154,43.07221100698186,12.147243042575944,4.6362991311026756,1.0758069848275353,36.71233901986674,23.809251224882942,7.092882342454689,12.21258116849185,0.773374382603926,24.85392672038878,14.167910635102372,7.958753203550516,11.99416544130941,4.757461875197123,5.89920355642811,4.279799322813351,4.588322319590418,2.300623758572019,0.1504343111277409,7.886900924906523,0.09750898227096569,78.49305413081976,0.6635941771682112,2.0596770857020967,1.2261351603391688,0.29392109675622,2.547672756207752,7.822525288666032,3.4701836066066236,0.22998616051215182,2.514218897764747,1.1805137945963144,0.0060621290978732055,0.008693508501567582,2.9300476736409746,0.929944283833158,1.6540028090479975,1.9188657129549451,3.554978008383086,4.902239938081881,6.599982668533715,0.15132143723701083,1.1219037675313328,8.280256774059021,8.127886641439032,0.16462874498971247,2.4234978876143165,1.0657074239949231,1.1961899798918496,0.5683413750927189,1.53605552511877,1.8730432146996618,3.581935238191633,0.9419735276759919
157,10.821586766828156,46.74436339797827,1.7331868359013105,0.17356279449259235,1.697869935654142,3.9733157007170847,10.702262086694937,53.33207916917771,11.76200014305705,119.81770504805455,15.213101498410486,4.370523229194773,19.72980109798441,78.86608120209401,40.09769082092622,11.48587794328887,16.625077966436873,20.033554376749542,43.231453371434654,12.38761848765223,4.654521123433178,1.0479347414741413,35.4379062600913,22.74671798718426,7.098283911444797,14.416875725595435,0.8693508335456446,23.04449611827836,15.270574899561634,8.35310885594359,12.564829870626077,4.593324613318746,5.806048275215431,4.02931278761317,4.414890421824684,2.608546249692422,0.22454770915727013,8.157988601240476,0.09969437544583368,68.61089367902929,0.693079846535824,2.173467360019414,1.0561366897852138,0.28072580209051995,2.60594040585023,7.397170025504813,3.3032937439590464,0.24227116733976162,2.6970971578977463,1.281101033674227,0.0101651086817409,0.010630450671095063,2.986711303806621,0.8805047994768288,1.570565946431962,2.0754509073679706,4.171645110407652,5.337646412928898,6.7783298692233975,0.17257391445477502,1.2645566468609901,8.677089836959407,8.343816165524219,0.17570374063506433,2.578223827346386,1.0466463874261347,1.3285417442586698,0.6041039347831607,1.7347805439476391,1.9385668790208637,3.784247645640062,0.9515163705190156
159,10.19454282051215,46.372307612191335,1.5894063001340961,0.17810009963877244,1.8493111649158818,3.495159799516863,9.996195044195785,58.482446458294156,10.168847090518872,117.96947107417529,15.371528978087833,3.8662046951393254,17.241661109411535,76.88471073719968,42.448769751010225,13.07326674496408,17.609726943593376,19.054117754426642,42.69024262636584,12.474967782548788,5.016358941055716,1.0767022082445574,38.0063809084413,23.568518417775696,7.181158405405934,12.375079579716065,0.8944976045893488,24.908243156308682,15.130782296780396,8.110525159192836,12.34445920163133,4.646048679853352,5.922100753042564,4.312086026964312,4.743598473300681,2.165274287387123,0.1380468361723437,7.871835680708136,0.0912763207678326,79.08418130320747,0.6642842336505218,2.0655700338821505,1.2146968115776462,0.27805588779000107,2.692824127120315,7.563904287111077,3.6167970951821315,0.22487277353137455,2.546647328486715,1.203596503673135,0.00680640919857385,0.008445745479696138,3.0931194151330774,0.9069729110637322,1.5803088923247355,1.8976265845643538,3.560260834554983,4.926220200759418,6.763236149268691,0.17544988225679753,1.1304535925113615,8.305574176487516,7.248557014507199,0.1596611183380775,2.352432227936095,1.0996339623408122,1.1719907589269674,0.5467176101765943,1.4992810113443384,1.893850455364396,3.7090720987951435,0.9427532096253902
161,10.640801364920192,45.44088671163283,1.63750584594977,0.17801873147447644,1.9185899084546283,3.6786344574776626,10.440932579039373,59.83151163029184,10.533503425045726,120.26396502508362,15.625549882343828,4.050542630588348,17.94505801341313,78.36200247907142,41.391653778608465,13.03123588871363,18.21158787742998,19.57971242331926,45.2276708712341,13.301004267535019,5.073887010677028,1.2241995982250706,38.72117844452181,23.491137584077354,7.131599396059218,12.22468267587975,0.8958870631899076,24.84669883392779,14.58265741352132,8.073230485641469,12.580687897968575,4.571179429585592,5.990038456527993,4.472407792687756,4.68444924802218,1.970405119442578,0.14842686724340254,7.6760329419980895,0.09374910865071075,76.66390177399185,0.6634852043502284,2.1726984492833163,1.2336474094612753,0.3339997846128423,2.6710017194865907,7.92326795464083,3.563279579334971,0.25108473482398896,2.586599126374621,1.3091407643639779,0.00912852389263038,0.009289496300404243,3.002809684756128,0.8994886662222273,1.603524862565695,2.0067216598918436,3.7088986917778866,5.259533445161152,6.801089488794645,0.16969549789137223,1.2506426050724915,8.414729331055748,8.795455418007665,0.16382224403935797,2.6052345343344996,1.123038629626552,1.288557993050315,0.5839657609790143,1.579267104357157,2.0075386986430344,3.854840397272557,0.9214505066912763
163,12.168877216470737,51.757250002490984,1.6893354617479477,0.1548844609183261,1.8163044994339048,4.693631392006658,11.618363649488654,46.39587728171572,14.199346548397497,116.20619292229432,16.84628204694154,5.587138948432758,23.89899051671367,81.35400812297725,46.44316645789747,10.969410173229036,18.134251447341825,22.29360830479436,41.85700865852398,12.36032368524863,4.865886906380448,1.0830765659545594,37.937633202501026,23.659257547832887,7.896971373920029,18.827272706175776,1.1730353805967022,22.084214445732176,18.54425792740939,9.747620348498682,14.23435942337636,4.854214250093336,5.8076646253739685,4.11973070999419,4.604846704955846,3.272557041678462,0.2809313031533708,9.312088252842678,0.077021996050716,68.46570609383745,0.7069147367740333,2.3989735228881783,1.078654698463488,0.20878730327883294,2.936932066468593,7.359041330800109,3.3808636964019803,0.27550010366073174,2.9484139805628105,1.4597106548571657,0.011708827581543995,0.01250561744170618,3.350333713236531,0.7730533688327269,1.3898190226361955,2.12134180031111,4.94779959000765,6.104229261897691,7.463249641522426,0.19677707240039766,1.361791546155354,8.910463140052359,7.490656416084081,0.18171458411796224,2.679977937355377,1.0534572317495616,1.4924337850398577,0.5610369313450704,1.8840622507726794,2.1091645131945977,3.990448033506363,1.0414993317931363
165,8.522094363891757,38.95914600259929,1.4878416304125608,0.12633252802524284,2.2283519803706207,4.740282414793625,8.048093796974777,27.849261703031864,19.37683220544281,75.53532236526183,9.343994007941607,8.954653279594496,25.955986160956755,65.35734604778283,19.599913115891756,8.356389415106822,14.474335624505278,19.531347126986006,29.25250356867313,8.640192919267099,4.8985513659908575,1.0313486273626238,30.621050046211046,18.097131123024564,10.912923809546603,18.869620832439615,2.0517701321907342,15.906838385068518,20.663668586769848,10.572204406936454,12.839125370257001,2.720062218335702,4.618711071369669,2.728018430747501,3.679871606944797,2.565106189054399,0.2376190169625552,8.764717854595972,0.0809943981558634,39.021994078597224,0.7610060085431168,1.5016662433641463,0.5744783843513485,0.18205788661975753,2.994527203309183,4.024223275064196,2.654732510407926,0.2964292649242034,2.838759465214552,1.2849556873077037,0.02542512486889863,0.0077284030265297185,2.59041601344964,0.611746593880143,1.0465315882996917,1.70840242434626,4.145433144468349,2.987385090112047,6.938577630692496,0.1981541515123884,1.0639434908619778,7.092523940875806,5.391435718046359,0.15437469506050264,1.331662178793516,0.5434241727799365,0.8244647173941946,0.5398114090491765,1.5686856446366315,1.2301457075784332,4.20669220961396,0.5343937251287108
167,9.290295225343831,45.07617184072657,1.5225131794174893,0.10435668987693515,2.358686109403335,5.0757271261863,10.123882253204048,30.359489819776968,21.294747782527708,91.40302825831209,10.722968643848777,8.538425424713884,24.658740818729214,74.65738160221501,20.096150584721816,9.584662317602167,13.59576324041303,22.613029454890004,33.864478236633815,9.419671047365044,5.246713431827958,1.0709310897162807,32.291475383008446,17.85939240863965,10.605276600949955,18.39705209563798,2.0603695680619363,15.640414657018127,19.620103781370197,10.315812724458345,13.984582612246303,3.2652293773804444,5.072333512535423,3.1051937069169195,4.022219457431413,2.8420428383678766,0.27148594304080603,8.81391616915319,0.1019530803508389,46.336453605119786,0.7851683201213142,1.8428511052090801,0.7098361632796277,0.23920380961550358,2.982068520108361,4.8937327493529335,3.114650394722021,0.29681147347333925,2.7472909462104464,1.3434533283858867,0.007627502328887529,0.013540978640817544,3.0112824466956662,0.7163051731870933,1.2898833267319192,2.0140875688021453,4.472799584711793,3.921816363736694,7.419107300764489,0.24695172287792785,1.3405849623750705,7.8936560015746515,6.775772510976872,0.1503969470007527,1.7930603212817726,0.87823056142166,1.033735971699716,0.5759387676237371,1.7534319768853566,1.4342819528816337,4.310228455677783,0.6991532777127518
169,9.399964624751146,46.10101938162917,1.4920210182204623,0.11402768360200308,2.9121421332584836,5.858837078704269,10.13666227956978,26.05131942525835,24.814677487486094,86.61481158759439,10.577469184042,10.210946851209798,26.643975144863596,73.2874299786737,18.903435524929833,9.827543085150706,13.830494957686083,24.447016974946425,32.256123004944556,8.835142994769319,5.671855360239815,1.2113033017095847,34.58051803526019,17.79922747387536,11.76596114969776,20.88562652506632,2.6697531133547354,14.483327013330976,21.89615031610019,11.127284620216907,15.551785792388719,3.012551131360805,5.159423918988381,3.164511530384098,4.219129814016459,2.885177202140788,0.305412071137157,8.981245484105274,0.07825735685776128,41.47025391264613,0.8325313788051837,1.9667733620422723,0.7250974345872603,0.24365034636038438,3.252628449890069,4.556258371815279,3.3913098133216257,0.3299328439019686,2.670782996690613,1.4754661959111621,0.012545311234689877,0.013417290677782058,3.2307405839045664,0.6429037878981197,1.2316057709957378,2.01564996222078,4.687435635872581,4.1311497243326265,8.084327782467215,0.3153472276146458,1.3754421974815942,7.922847706221776,7.042566992382803,0.1596161032826993,1.859849647327163,0.944539091417794,1.076753050927902,0.5519374111603241,1.7591401886096645,1.4723952257420887,4.679973394563029,0.6950490909710493
171,10.312797679927334,49.295318248017566,1.645089400886068,0.11120395819013328,1.876402672105104,4.920952961736593,11.794008829712343,37.38746174498336,16.924286410022074,105.05581780697884,12.849273546301673,6.664020292437759,24.997135274079138,83.21477304251377,23.479384739216243,10.11159490828551,15.813232123414846,24.282370686207624,39.71130690426656,11.656268916275586,5.4521966695895285,0.985916016304319,34.537445630052304,19.778734144836996,8.96143802366834,17.935129729712923,1.3572174850053402,19.119301672357803,19.125176363724965,9.696486711315131,14.205223029841836,4.009476824049841,5.509233237277233,3.5328004471364522,4.205338213723162,3.044937641581559,0.2812915431492835,8.885109719971162,0.09751581004246121,59.04490219805877,0.7406965942971191,2.094621114901914,0.8285034046720845,0.23884129441695398,2.9669729720040685,5.800263262213249,3.230727674691494,0.2850249853489051,2.8497314365890998,1.3704195023744863,0.011392929768437681,0.015323564140592414,3.172962176391524,0.8017300246717093,1.3482797361251655,2.206617617435202,4.847109107751493,4.736134257650992,7.520414048228244,0.2057837861544332,1.4137530246029255,8.685221046771613,6.45512755632958,0.17202122099936834,2.2016153550625717,0.9926959583955073,1.191800883764258,0.5950388540797902,1.8874358618299036,1.7462700867096979,4.120157016970327,0.8674095498622058
173,9.896180366310858,47.06697850994745,1.607133622293479,0.11120059169065706,2.06947021511776,4.87920566527191,10.982054203977373,36.14204362102875,18.338050761130816,100.64328935113842,12.115106268150235,7.182814431226032,24.024862304403378,78.86737883327218,23.03521275131694,10.054191714997398,14.846505806777715,23.137712081115485,37.74397585579623,10.846695803141486,5.280188887887784,1.0283870759103104,33.46396898195525,19.07957646482332,9.479828624110512,17.49393840587701,1.6063706764397472,17.99914704269202,18.81936703726148,9.822906084697602,13.86352760857568,3.749225315997936,5.31842629276393,3.4012419496713813,4.12968083502224,2.9056097066500004,0.2780782113939683,8.747305831094206,0.1031975223043018,54.83780764266225,0.7537350707218929,1.987609669277735,0.7948260944547653,0.2479503739309209,2.9099453928607115,5.589323547462392,3.174878059442885,0.2833429029831573,2.777507615426201,1.343652707101642,0.00920835095382278,0.014191733054732925,3.0822408210651737,0.7706719773003939,1.3576471119096225,2.1096148735430087,4.60800328575706,4.414963567927319,7.3492124928973395,0.2210067352441929,1.3730990798774827,8.35271500533212,6.923292608861348,0.16566166086480294,2.0719841245502955,0.9548273109048669,1.1410969873216499,0.5921279504677863,1.8085234010342282,1.623457502356654,4.164087309434056,0.8063529509896712
175,15.178346133934921,44.74764674560903,1.3265847627897112,0.3074769714090576,2.3534279737192807,6.418610959040568,11.917332814419966,35.642426093864344,12.549014589717865,91.0041800558609,12.193522057778718,7.467593127062774,31.711889042871753,66.34555712584148,16.66922491117366,11.64269334046434,16.689260707539585,31.030414738084698,42.772555660878616,13.4758957242885,9.469574926982345,1.0114104974560314,36.85792370618406,21.4495015819115,10.7762724982469,13.781919062009758,1.6566847969578695,21.00988325509953,20.595634903616325,11.530069888763121,17.49262166544691,4.61952266087985,6.191311480461329,3.7088101392769586,4.987157796472812,2.6440238880245377,0.20308920340198985,8.478740635995607,0.05352767461064006,52.180446570999024,0.9128460436706977,2.598054964579618,1.021154654926948,0.29824712320418206,3.124108471088569,5.667406990826033,3.8344082771232855,0.3131165699925211,2.8897956756776213,1.781776164116115,0.013704800182052094,0.010380585492384999,3.4599346966595013,0.7232032691448782,1.2534688426028522,2.3767683893208496,4.06099114043646,4.103957692520679,8.202028471006068,0.2770110425819265,1.4351084813720512,8.44449303661448,8.504846474297967,0.22720451517245482,2.868525662090928,1.276206019558722,1.0184700876001742,0.5489403280406019,2.151600958664384,1.9512678956398328,3.9880394107822172,1.1447968210332984
177,10.75500972705857,38.94210786235885,1.3723613355650348,0.15888778941297563,2.7803074989166094,5.899874409236563,9.375094841891327,21.276540415519644,18.605092361332858,73.92925600118096,7.6041914120506044,8.240645215328621,26.822863372630472,48.94412785447464,11.230390466074201,10.676588439961249,10.369780851248358,29.28018420551541,32.90006064917754,8.575400148938137,9.34939509514384,0.7799406975155364,32.68813962103544,15.61833524939982,12.433830927109778,11.029736031403093,2.678699012011506,15.10240803476888,19.733790521081907,12.855511557394552,16.426317083785648,3.660355767920056,6.195709567297883,2.7821631993637834,4.7552791207647855,3.0799221004602906,0.06080406654760681,8.925446544562599,0.05869803843922081,39.26132699613665,1.0040476811173884,1.9474741534553,0.7548843945596435,0.3748037601643121,3.0892841243411024,4.071865486299601,3.6837852161849725,0.2969890897905185,2.8301613737217766,1.5747719835756278,0.004250940242855867,0.017456586774915104,3.1602393214256383,0.8445454089231308,1.2844420717964595,2.3004779375488624,3.0172118579244143,2.5413393257370687,8.12800010893997,0.2462766090927382,1.3121979710654184,7.427265316784399,6.278527275894103,0.201599461540204,1.8473658642702162,1.3018899454940651,0.7850180430319353,0.4537187283105309,1.8011425829193135,1.2262624681980383,3.847963362453536,0.8228899185713735
179,8.617230389100426,34.40019674042712,1.4857361351055434,0.13209633183371827,3.366510510695481,6.357338731888602,6.623789145730554,18.311974894233913,27.669021105984683,58.490309090026734,6.745292068381644,10.86422184333898,27.465666270220062,43.65225903070577,12.005786844542897,11.255280554657082,9.915097830726175,24.8328740711276,25.089898032117116,5.707922685170105,9.384154170412762,1.0511673397421348,34.97728847784777,15.519842910558355,13.137327081492797,9.75258128018097,5.357847732665551,13.751043819205218,23.0218537956248,14.56541193174153,15.804233336450578,2.86500180763686,5.417682788925719,2.7426788682957444,4.491529729245892,2.331497333696733,0.020678776473889417,8.910069523965443,0.05827511076334461,33.328352421664206,1.0182401450420813,1.4364312986443395,0.6882949683701346,0.3250462336121157,3.6122077062167324,3.369643839650366,3.328184413754431,0.34233356774712903,2.850601041841123,1.534172031704726,0.013857819632011874,0.008496999261199014,3.2416132398238435,0.672054494932135,0.9232698919879392,1.9324394550741761,3.0506317721482095,1.8232309338762767,8.141159495420595,0.21621071748073198,1.3492324453194346,7.374503187924259,4.179821264666456,0.20675996373508873,1.2081237346954063,0.8671913186214718,0.6753800317338317,0.4647407530853,1.403305672146014,0.9913099094511745,4.166589877339493,0.7926121763292442
181,9.680460164689132,40.715564630741945,1.0721867874263715,0.11262375592820403,4.7480432973065225,5.8192622035573205,15.234679005924097,59.748188693872244,18.35917050705871,153.8226137503838,19.355723499886103,7.7812483763953955,21.88357238291997,114.44474529390102,55.96624659604449,10.915509974812629,24.49758059850754,26.122045833076168,54.812808837656675,19.19641070440397,7.1061234383858505,2.0089751932492326,54.23537507021292,28.637277107062577,8.679888004293334,15.70955909574809,2.591986636164459,29.309879467581162,20.413003861604704,11.055453233886796,20.731053779970974,3.4309792208063064,5.22613096688488,4.349842160111681,6.006468072044502,0.9990725235995209,0.22368734679522106,7.467865072614215,0.05248110499103461,67.76450312945704,0.38868382226683257,2.0772603374867287,1.6234181316359104,0.2122725913398176,3.7436713852841965,6.919002479370787,4.889352516568466,0.15602208552005892,2.104099045480279,1.6136969048544274,0.007495716127197389,0.006352413142198814,4.637470788349898,0.793952482002063,1.0674201170224777,1.894009171402602,3.5809128328051525,6.547225755494857,9.307516112937233,0.22897082885706718,1.2312987845687722,10.211379503452273,6.486254523821916,0.12804395416767667,2.1463847119417587,1.4920940716526496,0.9143991132300596,0.37481237104495146,1.5661867213818452,2.3185014835859827,5.37596707376632,0.9033220214679861
183,10.243000297372864,41.18972446364728,1.4255042509171556,0.17162579845191836,2.319040066558906,4.797437343523402,9.097550578520961,29.025959064177652,14.641775657915757,77.15296245612751,8.853708643262637,6.567535053515301,25.190407261846243,50.0310234392561,14.591240772380788,11.883863920412562,11.05172602378358,27.155926853322466,33.12779849325181,8.95389543328921,8.785076337633368,0.7480274318522131,32.30354865287026,17.066187955647916,11.112687420334776,10.591044211575346,1.8629571856780607,17.271454000599064,18.192121748174607,10.974407687770283,14.667423207129799,4.074057198869187,6.023671521248024,3.139966814997968,4.708326360843316,3.0583692468625445,0.06308690539485141,8.638634356303346,0.06937194428599913,52.05135792240616,0.9509168772665391,1.8166316240963087,0.840185120868489,0.3607760893408235,3.012302261338901,4.689744375641928,3.7071394977065175,0.2588465091579491,2.610519171448227,1.3569654220360972,0.0026635190427177348,0.016775918544195956,3.0378411995851597,0.8841684145291304,1.3939749968491861,2.1417946169526623,2.883733112009463,2.5430846875739728,7.528635142857332,0.2123530549707346,1.2055109822091181,7.346838777624476,5.48054590087241,0.1920205763984069,1.750249050114093,1.1952281567856669,0.7974515621673157,0.4917282581763904,1.7009239827727725,1.2945028207606204,3.574563508781284,0.8461234786433918
185,14.097787550960575,45.962521301158645,1.435373476002898,0.3158819952981901,2.1881698129812523,5.990726491421258,11.785175941854177,35.40919886693528,12.830711366939656,94.74277420425368,11.016908516388026,6.875812224273016,30.34281478322539,63.40349025578123,17.382560561493683,12.368282913174136,15.751157357506482,30.63032066026379,42.363140164669055,12.804470762795605,9.261621922248457,0.9865051415655511,36.00555064981962,20.931426469580746,10.457022798792485,13.533038418491643,1.5670499977486627,21.427606220433056,20.08361665359926,11.430621438507504,16.791847224457538,4.775451342770416,6.353612353539174,3.7529280179394595,4.991433151112309,2.787986127529687,0.17976505928935368,8.566540858561622,0.0653665300094368,54.04274868226127,0.9353387993779403,2.4789193962924867,1.0249715357659421,0.3526033006617028,3.0061493215980426,5.863640860329654,3.773100256398132,0.3216996137571272,2.877137021157647,1.6856671775396885,0.008867154871609566,0.013568969651368867,3.3366505881091735,0.8089767287691622,1.371779608738581,2.4077582524793364,4.023773102375421,4.139442812678727,8.236112450069776,0.2656258905042236,1.4912666055007284,8.592681056325663,7.70678890807906,0.23350503535096448,2.7858851464079954,1.3178644213629176,1.0450970155054908,0.5698151034558864,2.120132966668513,1.8537824050920622,3.8870090848848458,1.1571866548701748
187,8.49556594345349,33.741166635156645,1.644676671370455,0.15483746926289882,3.4441594185240887,6.605982148772344,7.972130404040639,24.552033678022312,25.716452583588868,71.2043747754375,7.423074648432575,11.359663154616385,29.669282469714215,56.35146327731366,16.188351466131444,9.952664268583968,13.354704046168964,26.278292727118494,31.70672316288214,8.877959217550305,7.977063845097487,1.0824776729362742,36.5754007133185,16.607290045813944,11.569149836200044,10.992927551125772,4.05385061253058,15.377194681293112,20.30788612934809,13.891605904432145,15.736974431338398,2.631911803304969,5.406241910080115,2.88645370154876,4.254305792344047,2.423273722407225,0.057943282644400615,9.356376548106205,0.07422565047191881,27.602010410224516,0.9432839723755795,1.6286424714360415,0.6071828439352601,0.250426944454018,3.3768020630188325,3.8769016237247365,2.9986716741203345,0.41357716506887043,3.5499544288728386,1.8817972143981176,0.038453153457766974,0.010610464398584932,3.064113369357048,0.6283601771870287,0.8801880070283149,2.008218116721383,3.883512967873984,2.5171054692388206,7.743134999528369,0.17596831631711393,1.4360031738366676,8.236541905952249,4.204728294876876,0.23235872493777865,1.344445065235418,0.5939202256926316,0.79778693565265,0.5984211259512571,1.625830379287906,1.1337360318179508,4.70641011569399,0.6973443366126962
189,8.755030434134465,40.78096523947681,1.173986323857852,0.07562441051558501,7.098307902747213,5.64923021453606,15.635378273664205,75.68973050989044,21.48978075655154,201.981156891072,23.835689751260677,7.908626096210763,19.08124203442711,134.3275373286436,124.25700584044863,12.836717234292252,27.946678442892168,28.332091114295647,63.166504120535606,21.604515480007255,6.2548589767592215,3.272336660235786,70.16730063198521,42.44931567419389,9.090012042825348,19.315767069580367,3.1958395780266398,37.991401884197124,20.585173819929363,13.218145167248347,25.583286111571613,3.5614104207485604,4.897635297795493,4.968715273503413,7.192554371210753,0.6704444619143272,0.22955160906562014,8.334151546403207,0.04975486962182698,81.4601022541946,0.1813027498590698,1.827640862695818,2.203262570234777,0.17806657232621578,4.477250353069779,8.733873512431932,5.368111216941645,0.12727048139149852,1.674893821728043,1.470950468621922,0.002417262577114658,0.005265191880786373,5.858184902984147,0.8765013003473924,0.9874830147086238,1.7072601239743193,3.8823762336124807,7.498315305464986,10.501813427262654,0.18812275852699106,1.1376835574057238,12.851697276814715,6.387564904331493,0.1019562497705223,1.7502392251620302,1.5567815908256541,0.7775461256822179,0.2434557108160449,1.3288996898774337,2.569073732821172,5.986313232420594,0.8210213922872719
191,8.859418702309819,40.47689045259127,1.1772707198934602,0.06895633160279341,7.600182401508304,5.467275558554703,15.033861250135391,77.75885611012953,21.5297866794238,209.29592421969573,24.40279397552098,7.93130176446152,19.609760543086658,133.7371880204481,142.47322449870182,13.243423383831551,28.07673016523199,29.072646713702973,63.45289428060697,21.395862364603875,6.196180508789337,3.5935054165086253,73.11994141407794,45.893493953442196,9.374246389708789,19.96984884468653,3.334109187645048,39.411136544821666,20.314162199621876,13.59040937586092,26.475029308122416,3.55639096149922,4.906226281717986,5.062692003943631,7.359384649080189,0.6131940637870837,0.21889070342218137,8.566618920836474,0.049442003051678673,83.04197540696897,0.17259876258922233,1.768459401569869,2.3082771185172213,0.17233457536478464,4.640014020538575,9.009060812944199,5.432109059716959,0.1303317792124589,1.5934860419268049,1.4400999525758957,0.002253740305627133,0.005876039855367885,6.108950604806723,0.8842403359443619,0.954583637441451,1.665898043752461,3.8803083202831425,7.414626157832031,10.68578301126497,0.17791971004299995,1.1385375535502116,13.200674875312465,6.247632467604871,0.10020278013719361,1.6456457372170195,1.565234838403686,0.7302710437436692,0.2173831624647993,1.2877806802735052,2.5941261040005394,5.980751728100754,0.7869265070235547
193,9.307537185251547,40.517496662883346,1.2200004127495248,0.06565129249812965,8.445283587958906,5.296504340940873,14.362848654925493,81.46021283935822,21.78154662680294,221.71948315276768,25.58202437139383,8.01569930581677,20.424626183437468,134.56209433428313,172.11991509453043,13.964153959731316,28.34882824113339,30.63231571818186,64.94372952132223,21.421964175795996,6.189358229393201,4.09810196098942,78.1754137369933,51.660859586306074,9.88552023756228,21.20164053592051,3.5544213120605828,41.71917061067043,19.947066116040478,14.425595195070231,28.143181938958644,3.637971229349538,4.913906501381345,5.234613515264876,7.675197652671966,0.6130633422886961,0.2169080348858161,9.069623666903711,0.05084784205489018,85.93614268465124,0.1566570928215887,1.7159517436509615,2.5003702148757467,0.1679478384334527,4.958260820044681,9.606073575680687,5.52558098766758,0.12972740292672058,1.4747127300251583,1.3925319349314629,0.002061760654829767,0.006662066432973782,6.546278075269376,0.904062690286717,0.9449065153058399,1.634699319697771,4.021400631680153,7.359077802135939,10.993007542304243,0.16981315128116667,1.1081766705456377,13.89792264499224,6.631946968570166,0.09490515934664547,1.5381543699486477,1.5307119633345596,0.6837191548635878,0.18703439407763092,1.2491442229161136,2.672863428913272,6.050923206508606,0.742752852224321
195,8.844544347737903,41.35154016249314,1.1869991693920952,0.09829278823318963,5.399422314848083,5.9903547436110935,16.448419625534193,66.6723929172495,20.524515140013452,172.71836955629377,21.809886722023155,7.494291028352048,16.749741134116935,128.65613821087413,75.13733886138368,11.107649931116578,26.671995157739666,25.61903675384693,59.4932348310006,21.384427141433413,6.285233349829593,2.25212391716612,60.113174444993376,32.11934073971895,8.03200439834266,16.813458983687,2.607354055008351,32.202372938334626,20.461204997221593,11.75948580958181,21.732051598380156,3.6031163421934203,5.0164518504040965,4.649015696516678,6.475259410247124,0.9338340614753725,0.2872452283132878,7.809475745723354,0.05723005652434575,75.02065384211757,0.2404120090575803,2.066905068133645,1.7585204447187155,0.19604668115044233,4.0041852225477506,7.815908675276391,4.888324938918129,0.1362076158763332,2.066009995914658,1.543077070943139,0.0034603664548962278,0.0038425621346713304,4.961459017582853,0.8293086367950211,1.0458349872565564,1.7947119050524645,3.9612999057035374,7.689940320398683,9.276647101294316,0.21563708729379516,1.1459371211976979,11.155106920918922,7.643352817378426,0.10822519159528594,2.0756338276894755,1.4673810291882914,0.9496575993792906,0.32895564662691495,1.4304568146584584,2.443996248722356,5.826564864841721,0.8752778231167491
197,8.642516022003814,40.59635981051646,1.1355130516582586,0.07762203886329273,6.584142641934527,5.6863525871537135,15.736264413544463,72.62792094438437,21.035560749419307,192.828476101965,22.84520920226334,7.870076198351091,19.30766254168335,131.36064481192372,107.59389776124364,12.41619238801917,27.501609905686706,27.541022638293217,61.51746698082773,21.219119361993684,6.360167505459797,2.991292213866353,66.8341332785303,39.141897745238,8.892103005023836,18.549686310235387,3.075456611217899,36.4118591124583,20.759184600406265,12.68734944525442,24.553831683255858,3.494245905818535,4.932580419647449,4.8381554425928055,6.955327671660706,0.67526357487561,0.22391893572028695,8.044287701393028,0.04860801343145178,78.87189788425866,0.2097470670975146,1.8568759109811093,2.0830945825776643,0.18231891552986498,4.286534025272573,8.293954232597635,5.301702480209061,0.1313003294751688,1.7512334561599825,1.5028909855328705,0.0029967328424625834,0.005253500272060666,5.59706892338849,0.8588093952784905,0.9898112548504905,1.728459100622973,3.7581396433334535,7.355794153767776,10.315886275395446,0.19309699990283025,1.1671975967911807,12.33436387588186,6.084556562333326,0.10649570699344472,1.8106568211747422,1.571568764922465,0.7952551146633896,0.2633062740396407,1.3589756215968791,2.5053280436474243,5.8786052537947375,0.8416368781427369
199,7.432214844601478,40.670899414246215,1.1407041665702782,0.037939365402132434,4.302026558262884,5.486410316427718,15.19718448348345,64.73599068263712,16.838027078871676,153.13314116098664,21.39019157716468,6.709694243189341,15.221004975815916,121.840423491525,52.523880367788735,10.922434471432892,24.131552476612548,23.39032796636909,56.625965350009444,19.972719081786657,5.634310663980091,1.7090868794968332,53.77120384940866,26.97980774255532,7.240757075166394,14.4112886538726,1.9897575458069363,29.541401154867632,19.364569039783284,10.725220262993771,18.988143579538693,3.914058331301567,4.57510825139202,4.506031097079185,5.9793443391595575,0.7384828748990667,0.12911358410779789,6.803119658107668,0.051244733244419124,73.52799685241965,0.29933322082027053,2.0112616102741967,1.483766289962555,0.15468846648645718,3.540830707820118,7.066706908459947,4.611975813205103,0.15159372905640112,2.1390509532310045,1.3986691606137658,0.0025731644588071895,0.0024942397168366184,4.248629807421941,0.7408772403864905,0.9531589511431807,1.6575873408079143,3.523954909947214,7.012581908472908,8.191778731413908,0.19025731753678815,1.0813234080065932,10.039508842341956,4.991032876538868,0.13574499421200742,2.0149928894663587,1.3792279685042794,1.0692225209479345,0.34624221885425893,1.2886637038250488,2.233872442382971,4.999171430385905,0.9192756155444273
201,9.03146432727571,45.09116693314512,1.5345743604056583,0.11425921634294349,2.9053892850350893,5.925155840964311,15.268973233168554,59.4125291447668,15.25205408382377,133.52948109902567,20.170165274499762,6.076377348164047,14.888858102719977,111.07868145466263,31.283111857885345,9.473682455909168,21.37431435249761,23.405235143542477,52.823350385852095,19.038062723040337,5.567204251249264,1.0766389019330993,42.90653627069638,21.55966391325714,6.4866777017860136,12.958858058339171,1.4170750183822307,25.48246209180293,18.599621131425522,9.494123696719196,15.328420888385306,4.17331417335157,4.968703987813627,4.692693275110917,5.1329350751211855,1.9471204204938555,0.2109084885739612,8.255180372300442,0.08900323338394768,70.3212099493147,0.48436664619056063,2.4317436154273606,1.1558035007524288,0.20190204036331774,3.311312446759095,7.918263418364647,3.9904165924287427,0.18082323447400542,2.5456518185388854,1.5107554164025347,0.01307724841574449,0.0034308513802561048,3.410486797104802,0.7072358306871644,1.2684884836768364,1.9163047828811464,4.602322257826013,7.68644040774193,6.945098395693098,0.2435837221891022,1.069873227282074,8.84501225538186,7.216164308858319,0.189571307327213,2.8866242946872194,1.1820152154181829,1.5331081417498866,0.5808840450388665,1.8339195214521422,2.499775563884948,4.970187219954412,1.0298618377963906
203,8.792984960380746,40.33638570040176,1.1744546007295178,0.06729447605630794,7.619729668611746,5.4279359271300525,14.870666950055181,77.87700569712582,21.41452925874597,209.41243768051842,24.466657356492984,7.919159806691795,19.56062532775931,133.36505670244907,143.95439311338382,13.231615703226163,28.00911496655147,29.082042029906514,63.36060014532869,21.330367691194372,6.156380323234178,3.609216481063358,73.26606988390657,46.06984485673915,9.343434515708765,19.90459939768035,3.3286749495286325,39.36793658164459,20.127996885417975,13.541208060087566,26.390658018732946,3.548399014062198,4.901204486919381,5.066786520892308,7.358707715152818,0.5950134740630146,0.21528324709736218,8.551899914537964,0.049649310466203654,82.91717600667758,0.17261626586147355,1.7603330449238357,2.2987869349016994,0.1710596795224729,4.642591396402056,9.009103326805198,5.4241172829646525,0.1322904060345241,1.5888489869821065,1.430559465442663,0.002188429674687133,0.005968474089742392,6.10073363887968,0.8847818663113556,0.9437181233733295,1.6584278884020822,3.866581899188226,7.418307028771227,10.633564727239756,0.1760864652600315,1.13949484594664,13.164881058071897,6.199624845825016,0.10128105693553005,1.6261993544944287,1.5716823798138242,0.7279096555425394,0.21416691022908202,1.2793109162993348,2.590488044445625,5.958507781825401,0.77777382417265
205,8.450306528668428,41.68873197840239,1.332483417945622,0.08650637295916846,4.249264060561824,5.91653785679903,15.552512108774105,65.91167542041556,17.14626437189545,154.38625110843677,21.62061544482273,6.753548818182648,14.9481371487352,121.58888625194733,55.094784716172775,10.614674361660919,23.64401323994106,24.415565462767596,58.333717060469496,20.53205048585974,5.768700933749242,1.722753351204429,52.236945886693164,27.531976420666172,7.293900825492497,14.572508474585161,1.9936870724083426,29.677006673716406,19.351370526022556,10.88312073873173,18.944964230137842,4.035970147260501,4.754862955506578,4.684596521458384,5.8363557403976545,1.1690641800656822,0.19180605372026158,7.595205773749095,0.06777995200874583,73.76916510344135,0.3387495752167805,2.126160749897003,1.4847276926009385,0.18234890364032114,3.556767735460826,7.8549254357095455,4.474820497663034,0.14468592661999216,2.116960359155861,1.4548174093673547,0.004582702950110978,0.0026922922497041374,4.124205531290684,0.7642515116451916,1.1215746433571145,1.7750940901671157,3.978778743757312,7.503985034300199,8.05666305330744,0.2138487929473107,1.0484886145606271,10.155158207412759,7.1746851010767925,0.14734807709555306,2.379496412643939,1.329461924062933,1.2328094876554587,0.4123669544424079,1.5429745032794482,2.442741784775303,5.2242569462783335,0.9442739685976617
207,7.566184116306667,39.97855913274816,1.062360476736217,0.06599482220579805,5.407696858098351,5.6619893162671335,15.904013937772303,67.57046848830419,19.90492758360016,174.481240647119,21.44224278649953,7.466021207285194,17.534711817081835,127.87580779843852,72.09956333717389,11.402721992895394,27.029129774308046,24.923974452189125,58.28589193224119,20.603012011294563,6.089924547168827,2.329738875594282,60.35476866283406,31.592161854615185,7.988469165854742,16.515567086608673,2.660953883396153,32.9873699433568,20.64488563551082,11.249757969274413,21.567311070020025,3.3920357930216496,4.846136904975325,4.634395416382005,6.498787003036488,0.5624787765843254,0.20665436157518643,7.223309085166967,0.04610713062995906,75.07672395388947,0.22807667264555614,1.9014650876708685,1.7689143882045053,0.1735721755976724,3.847124258804412,7.374503211504605,5.109544315448303,0.1457394044260782,1.956288640571801,1.5178464358189212,0.0025344270825961982,0.004274485159302406,4.967865019134755,0.8151497604222231,0.9261199198523692,1.6971879026473302,3.4687149260087393,7.313238232538021,9.596871347041674,0.1903603824408432,1.214295997562456,11.0615773627337,4.971963242879698,0.11750376271349265,1.849664015068786,1.617859541915276,0.8562055252671715,0.29942910444520876,1.3359105703827543,2.3372953560324334,5.63341594280831,0.8701882113071989
209,6.712435558455216,40.32507206823025,1.0449129655671023,0.03769207010833459,3.905433951663829,5.19877081799329,14.75425000818179,60.67153176390658,16.553699153839375,146.8542245335287,20.267689471217423,6.472215763160811,15.922099344939665,117.92711935467881,42.07753515900774,10.523491694856597,25.24438738067416,22.200583342227105,53.187902066616815,18.81978938571524,5.654445187179962,1.5621007771993216,52.62325598761404,24.41852903530699,7.030088839074329,14.036978732316873,1.9234307619494926,28.304082139582995,19.75358194787405,9.748972247717129,17.419468128436726,3.619236466132332,4.671154609421263,4.4241873090178,5.876537478312505,0.6037301725336293,0.14795142033859998,6.527887162593297,0.04532224407643382,71.44820523023513,0.30617653985972254,2.0090819244367433,1.3733789731243928,0.1514997329915902,3.456835883038439,6.401641039552548,4.645504308356057,0.17619089808754781,2.334815810427166,1.447925181136532,0.0023634819099038573,0.003578321595248269,4.238921754016662,0.7220120630805913,0.8694417941196076,1.6234830895582972,3.3643201530319367,6.780091327903832,8.203433506562648,0.18487474748689645,1.1951243720420042,9.308043442771423,3.874700489639189,0.13447251350520614,1.9113808343016452,1.4638690965624679,1.0244386466053812,0.37410394875610614,1.2652578229596574,2.1073285670112774,4.999404789930926,0.8844459201743753
