phenotype,outcome,feature,total_dominance,relative_dominance,full_r2,method,runtime_sec,status,reason
meg,delta,Astro_1,0.0007657750397719321,0.0008100550188588236,0.9453370721049644,incremental,2.716930866241455,ok,
meg,delta,Astro_2,0.002464621656421695,0.0026071353056468715,0.9453370721049644,incremental,2.716930866241455,ok,
meg,delta,Chandelier_1,-0.0006677402575037128,-0.000706351498536779,0.9453370721049644,incremental,2.716930866241455,ok,
meg,delta,Endo_1,0.003325881096558625,0.0035181959902968237,0.9453370721049644,incremental,2.716930866241455,ok,
meg,delta,L2/3 IT_1,0.0028265713972923656,0.0029900143353084542,0.9453370721049644,incremental,2.716930866241455,ok,
meg,delta,L2/3 IT_2,0.02397944885275405,0.025366030340225054,0.9453370721049644,incremental,2.716930866241455,ok,
meg,delta,L2/3 IT_3,0.0003792889649384401,0.0004012208725654696,0.9453370721049644,incremental,2.716930866241455,ok,
meg,delta,L2/3 IT_4,0.0021951262494962487,0.002322056665574748,0.9453370721049644,incremental,2.716930866241455,ok,
meg,delta,L2/3 IT_5,0.006243180894537459,0.006604184982014811,0.9453370721049644,incremental,2.716930866241455,ok,
meg,delta,L2/3 IT_6,0.0020306485487081583,0.002148068248488924,0.9453370721049644,incremental,2.716930866241455,ok,
meg,delta,L2/3 IT_7,-0.00043197749346879366,-0.00045695604902801223,0.9453370721049644,incremental,2.716930866241455,ok,
meg,delta,L2/3 IT_8,-0.001386617448555505,-0.001466796859524349,0.9453370721049644,incremental,2.716930866241455,ok,
meg,delta,L4 IT_1,0.002242072000406492,0.002371716995520034,0.9453370721049644,incremental,2.716930866241455,ok,
meg,delta,L4 IT_2,-0.0004472550470441261,-0.00047311700793477995,0.9453370721049644,incremental,2.716930866241455,ok,
meg,delta,L4 IT_3,0.002262190920618634,0.0023929992670037323,0.9453370721049644,incremental,2.716930866241455,ok,
meg,delta,L5 ET_1,0.0013110370912693403,0.0013868461630834792,0.9453370721049644,incremental,2.716930866241455,ok,
meg,delta,L5 IT_1,0.0005425138023305021,0.0005738839810042535,0.9453370721049644,incremental,2.716930866241455,ok,
meg,delta,L5 IT_2,0.0076513579898246364,0.008093788147742371,0.9453370721049644,incremental,2.716930866241455,ok,
meg,delta,L5 IT_3,0.0057749160100238894,0.006108843269168522,0.9453370721049644,incremental,2.716930866241455,ok,
meg,delta,L5 IT_4,-0.00010875486984740501,-0.0001150434834902249,0.9453370721049644,incremental,2.716930866241455,ok,
meg,delta,L5 IT_5,0.0022836946626075827,0.0024157464358427437,0.9453370721049644,incremental,2.716930866241455,ok,
meg,delta,L5/6 NP_1,-0.0006247627156039659,-0.0006608888342999375,0.9453370721049644,incremental,2.716930866241455,ok,
meg,delta,L5/6 NP_2,0.0105845903592382,0.011196630991810879,0.9453370721049644,incremental,2.716930866241455,ok,
meg,delta,L6 CT_1,0.003434860820984431,0.003633477330298801,0.9453370721049644,incremental,2.716930866241455,ok,
meg,delta,L6 CT_2,-0.001292441668747868,-0.00136717548362936,0.9453370721049644,incremental,2.716930866241455,ok,
meg,delta,L6 IT Car3_1,-0.000830796407643164,-0.0008788361655946118,0.9453370721049644,incremental,2.716930866241455,ok,
meg,delta,L6 IT_1,0.0005132724776872877,0.0005429518135202224,0.9453370721049644,incremental,2.716930866241455,ok,
meg,delta,L6 IT_2,0.0023051095437808256,0.0024383996056010805,0.9453370721049644,incremental,2.716930866241455,ok,
meg,delta,L6 IT_3,0.01053897554483596,0.01114837855810417,0.9453370721049644,incremental,2.716930866241455,ok,
meg,delta,L6b_1,0.001518094912276391,0.0016058768423162304,0.9453370721049644,incremental,2.716930866241455,ok,
meg,delta,L6b_2,0.02630822880360517,0.027829469064431303,0.9453370721049644,incremental,2.716930866241455,ok,
meg,delta,L6b_3,0.0352818418907338,0.0373219700483896,0.9453370721049644,incremental,2.716930866241455,ok,
meg,delta,Lamp5_1,-0.0006452369898518606,-0.0006825470077198216,0.9453370721049644,incremental,2.716930866241455,ok,
meg,delta,Lamp5_2,0.0005487495679864507,0.0005804803219708292,0.9453370721049644,incremental,2.716930866241455,ok,
meg,delta,Lamp5_Lhx6_1,0.0005444319521177299,0.0005759130453917917,0.9453370721049644,incremental,2.716930866241455,ok,
meg,delta,Micro-PVM_1,0.0023310180581151974,0.0024658062472095407,0.9453370721049644,incremental,2.716930866241455,ok,
meg,delta,Micro-PVM_2,-0.001445008272595194,-0.0015285640595662042,0.9453370721049644,incremental,2.716930866241455,ok,
meg,delta,OPC_1,0.00040949490273867184,0.00043317343074979295,0.9453370721049644,incremental,2.716930866241455,ok,
meg,delta,Oligo_1,0.013412483712324175,0.014188043723344994,0.9453370721049644,incremental,2.716930866241455,ok,
meg,delta,Oligo_2,0.00446958973232181,0.004728038140268273,0.9453370721049644,incremental,2.716930866241455,ok,
meg,delta,Pax6_1,0.002160521125920578,0.0022854505442273473,0.9453370721049644,incremental,2.716930866241455,ok,
meg,delta,Pax6_2,0.0881277423275616,0.09322361825008005,0.9453370721049644,incremental,2.716930866241455,ok,
meg,delta,Pvalb_1,0.5405375248002848,0.5717934277100548,0.9453370721049644,incremental,2.716930866241455,ok,
meg,delta,Pvalb_2,0.0011252823190691652,0.001190350354676687,0.9453370721049644,incremental,2.716930866241455,ok,
meg,delta,Pvalb_3,-0.0010816892292991875,-0.0011442365492877692,0.9453370721049644,incremental,2.716930866241455,ok,
meg,delta,Pvalb_4,-0.0016165201140302399,-0.0017099933576398994,0.9453370721049644,incremental,2.716930866241455,ok,
meg,delta,Pvalb_5,0.007807151533385959,0.008258590257125874,0.9453370721049644,incremental,2.716930866241455,ok,
meg,delta,Sncg_1,-4.4820707571724405e-05,-4.741240864692101e-05,0.9453370721049644,incremental,2.716930866241455,ok,
meg,delta,Sncg_2,0.0014949102611415688,0.0015813515678729068,0.9453370721049644,incremental,2.716930866241455,ok,
meg,delta,Sncg_3,0.033714129870676124,0.035663607051403895,0.9453370721049644,incremental,2.716930866241455,ok,
meg,delta,Sncg_4,0.0023002519644573782,0.0024332611428592873,0.9453370721049644,incremental,2.716930866241455,ok,
meg,delta,Sst_1,0.003784707898875639,0.004003553875707318,0.9453370721049644,incremental,2.716930866241455,ok,
meg,delta,Sst_10,-0.0005387678358299564,-0.0005699214086995362,0.9453370721049644,incremental,2.716930866241455,ok,
meg,delta,Sst_2,0.006409188289339229,0.0067797915457478135,0.9453370721049644,incremental,2.716930866241455,ok,
meg,delta,Sst_3,-0.0002853057130883796,-0.00030180315731519414,0.9453370721049644,incremental,2.716930866241455,ok,
meg,delta,Sst_4,0.026815175582138195,0.028365729403195143,0.9453370721049644,incremental,2.716930866241455,ok,
meg,delta,Sst_5,0.0037710954391267926,0.003989154292584511,0.9453370721049644,incremental,2.716930866241455,ok,
meg,delta,Sst_6,0.0008932270945346543,0.0009448768284795202,0.9453370721049644,incremental,2.716930866241455,ok,
meg,delta,Sst_7,-0.0004185914595572493,-0.00044279598453192946,0.9453370721049644,incremental,2.716930866241455,ok,
meg,delta,Sst_8,0.0013628531891971551,0.0014416584617405466,0.9453370721049644,incremental,2.716930866241455,ok,
meg,delta,Sst_9,0.010602224036630581,0.011215284314432741,0.9453370721049644,incremental,2.716930866241455,ok,
meg,delta,VLMC_1,0.005212036798872166,0.00551341627517751,0.9453370721049644,incremental,2.716930866241455,ok,
meg,delta,Vip_1,0.005453234853660005,0.005768561304294762,0.9453370721049644,incremental,2.716930866241455,ok,
meg,delta,Vip_2,0.0015235130375852446,0.0016116082639104235,0.9453370721049644,incremental,2.716930866241455,ok,
meg,delta,Vip_3,-1.0209235532965266e-05,-1.0799571744533991e-05,0.9453370721049644,incremental,2.716930866241455,ok,
meg,delta,Vip_4,-0.0011976623596647862,-0.001266915680137217,0.9453370721049644,incremental,2.716930866241455,ok,
meg,delta,Vip_5,0.0032132472564299075,0.003399049239944679,0.9453370721049644,incremental,2.716930866241455,ok,
meg,delta,Vip_6,0.00225187007716221,0.002382081633747858,0.9453370721049644,incremental,2.716930866241455,ok,
meg,delta,Vip_7,0.0063392387273734085,0.006705797238288713,0.9453370721049644,incremental,2.716930866241455,ok,
meg,delta,Vip_8,0.00416773864844644,0.004408732896898049,0.9453370721049644,incremental,2.716930866241455,ok,
meg,delta,Vip_9,0.02086529734222553,0.022071806933124036,0.9453370721049644,incremental,2.716930866241455,ok,
meg,theta,Astro_1,0.010523586705433408,0.010981882293963477,0.9582680294450082,incremental,2.8185369968414307,ok,
meg,theta,Astro_2,0.0009587014564991225,0.0010004523025299772,0.9582680294450082,incremental,2.8185369968414307,ok,
meg,theta,Chandelier_1,0.0019500822481957059,0.0020350071047712174,0.9582680294450082,incremental,2.8185369968414307,ok,
meg,theta,Endo_1,0.0007545420504571076,0.0007874018826383149,0.9582680294450082,incremental,2.8185369968414307,ok,
meg,theta,L2/3 IT_1,0.013206215725736659,0.013781338122472047,0.9582680294450082,incremental,2.8185369968414307,ok,
meg,theta,L2/3 IT_2,-0.00011670554348630624,-0.00012178799657325266,0.9582680294450082,incremental,2.8185369968414307,ok,
meg,theta,L2/3 IT_3,0.00022692859892015083,0.00023681119681262777,0.9582680294450082,incremental,2.8185369968414307,ok,
meg,theta,L2/3 IT_4,-0.0007371683430065223,-0.0007692715611450189,0.9582680294450082,incremental,2.8185369968414307,ok,
meg,theta,L2/3 IT_5,-0.00033466847227658914,-0.00034924307395543206,0.9582680294450082,incremental,2.8185369968414307,ok,
meg,theta,L2/3 IT_6,0.0012686931471023177,0.001323943936475785,0.9582680294450082,incremental,2.8185369968414307,ok,
meg,theta,L2/3 IT_7,0.0055257310547848215,0.005766373170129771,0.9582680294450082,incremental,2.8185369968414307,ok,
meg,theta,L2/3 IT_8,0.006085445531453959,0.00635046286056148,0.9582680294450082,incremental,2.8185369968414307,ok,
meg,theta,L4 IT_1,0.007224329345612679,0.007538944349209617,0.9582680294450082,incremental,2.8185369968414307,ok,
meg,theta,L4 IT_2,0.006832780759504331,0.00713034406820565,0.9582680294450082,incremental,2.8185369968414307,ok,
meg,theta,L4 IT_3,0.011892837131698197,0.012410762715924133,0.9582680294450082,incremental,2.8185369968414307,ok,
meg,theta,L5 ET_1,0.0017685170619932133,0.0018455348687960195,0.9582680294450082,incremental,2.8185369968414307,ok,
meg,theta,L5 IT_1,0.0008668726783439551,0.0009046244387867289,0.9582680294450082,incremental,2.8185369968414307,ok,
meg,theta,L5 IT_2,0.002321586278173804,0.002422689901820451,0.9582680294450082,incremental,2.8185369968414307,ok,
meg,theta,L5 IT_3,-0.00037972940727704074,-0.0003962663843611326,0.9582680294450082,incremental,2.8185369968414307,ok,
meg,theta,L5 IT_4,0.006610255486710903,0.006898127959605736,0.9582680294450082,incremental,2.8185369968414307,ok,
meg,theta,L5 IT_5,-0.0005571443222375239,-0.0005814076073895529,0.9582680294450082,incremental,2.8185369968414307,ok,
meg,theta,L5/6 NP_1,-0.0001028768439397254,-0.00010735706585067613,0.9582680294450082,incremental,2.8185369968414307,ok,
meg,theta,L5/6 NP_2,-0.0013626213198074666,-0.001421962622082513,0.9582680294450082,incremental,2.8185369968414307,ok,
meg,theta,L6 CT_1,-0.0004509823925645806,-0.0004706223923861596,0.9582680294450082,incremental,2.8185369968414307,ok,
meg,theta,L6 CT_2,0.004584408390507333,0.004784056495302723,0.9582680294450082,incremental,2.8185369968414307,ok,
meg,theta,L6 IT Car3_1,0.0004883509384314699,0.000509618314945041,0.9582680294450082,incremental,2.8185369968414307,ok,
meg,theta,L6 IT_1,0.00442845792360036,0.004621314483553365,0.9582680294450082,incremental,2.8185369968414307,ok,
meg,theta,L6 IT_2,0.0007325364497912101,0.000764437951890628,0.9582680294450082,incremental,2.8185369968414307,ok,
meg,theta,L6 IT_3,0.015349998502165674,0.016018481291769485,0.9582680294450082,incremental,2.8185369968414307,ok,
meg,theta,L6b_1,7.590587353467626e-05,7.921152663168571e-05,0.9582680294450082,incremental,2.8185369968414307,ok,
meg,theta,L6b_2,-0.00026477635118871135,-0.00027630719491086387,0.9582680294450082,incremental,2.8185369968414307,ok,
meg,theta,L6b_3,0.05117682843820481,0.05340554715974867,0.9582680294450082,incremental,2.8185369968414307,ok,
meg,theta,Lamp5_1,0.5948320744228828,0.6207366375015,0.9582680294450082,incremental,2.8185369968414307,ok,
meg,theta,Lamp5_2,-0.0008868847846406069,-0.0009255080597380008,0.9582680294450082,incremental,2.8185369968414307,ok,
meg,theta,Lamp5_Lhx6_1,0.0010874319948050992,0.0011347889748913962,0.9582680294450082,incremental,2.8185369968414307,ok,
meg,theta,Micro-PVM_1,0.006421906626476681,0.006701576624857245,0.9582680294450082,incremental,2.8185369968414307,ok,
meg,theta,Micro-PVM_2,0.004232883681529076,0.004417223106128875,0.9582680294450082,incremental,2.8185369968414307,ok,
meg,theta,OPC_1,-0.0002095927019025723,-0.00021872033237293773,0.9582680294450082,incremental,2.8185369968414307,ok,
meg,theta,Oligo_1,0.001096503096937429,0.0011442551178217656,0.9582680294450082,incremental,2.8185369968414307,ok,
meg,theta,Oligo_2,0.0007258817832295206,0.0007574934787816341,0.9582680294450082,incremental,2.8185369968414307,ok,
meg,theta,Pax6_1,1.4830272101917785e-05,1.547612113336068e-05,0.9582680294450082,incremental,2.8185369968414307,ok,
meg,theta,Pax6_2,0.002327497015876201,0.0024288580484357774,0.9582680294450082,incremental,2.8185369968414307,ok,
meg,theta,Pvalb_1,0.0007994218343001513,0.0008342361528675287,0.9582680294450082,incremental,2.8185369968414307,ok,
meg,theta,Pvalb_2,0.0004099297882550479,0.00042778197295433447,0.9582680294450082,incremental,2.8185369968414307,ok,
meg,theta,Pvalb_3,0.026389722566928953,0.027538978402746942,0.9582680294450082,incremental,2.8185369968414307,ok,
meg,theta,Pvalb_4,0.0013881480737205631,0.001448601050088799,0.9582680294450082,incremental,2.8185369968414307,ok,
meg,theta,Pvalb_5,-0.0011141633327005351,-0.001162684445755553,0.9582680294450082,incremental,2.8185369968414307,ok,
meg,theta,Sncg_1,-0.001274871639478592,-0.0013303914983127927,0.9582680294450082,incremental,2.8185369968414307,ok,
meg,theta,Sncg_2,-0.0009950451618332412,-0.0010383787533948439,0.9582680294450082,incremental,2.8185369968414307,ok,
meg,theta,Sncg_3,0.0027897784772578094,0.002911271576986181,0.9582680294450082,incremental,2.8185369968414307,ok,
meg,theta,Sncg_4,-0.0011958751631618858,-0.0012479547750898989,0.9582680294450082,incremental,2.8185369968414307,ok,
meg,theta,Sst_1,0.00018194834736440235,0.00018987208356494977,0.9582680294450082,incremental,2.8185369968414307,ok,
meg,theta,Sst_10,0.002177066531851901,0.0022718764113551547,0.9582680294450082,incremental,2.8185369968414307,ok,
meg,theta,Sst_2,0.00023625143672900695,0.0002465400383500581,0.9582680294450082,incremental,2.8185369968414307,ok,
meg,theta,Sst_3,-0.00014679647617399372,-0.00015318937047186323,0.9582680294450082,incremental,2.8185369968414307,ok,
meg,theta,Sst_4,-0.000977054555261203,-0.001019604667210984,0.9582680294450082,incremental,2.8185369968414307,ok,
meg,theta,Sst_5,0.06626662650118531,0.06915249644670331,0.9582680294450082,incremental,2.8185369968414307,ok,
meg,theta,Sst_6,-0.0004889615827715632,-0.0005102555524624471,0.9582680294450082,incremental,2.8185369968414307,ok,
meg,theta,Sst_7,-0.00042547219508715095,-0.0004440012418379104,0.9582680294450082,incremental,2.8185369968414307,ok,
meg,theta,Sst_8,0.00015458589518235755,0.00016131801378356294,0.9582680294450082,incremental,2.8185369968414307,ok,
meg,theta,Sst_9,0.0026034190426073023,0.0027167963060555217,0.9582680294450082,incremental,2.8185369968414307,ok,
meg,theta,VLMC_1,0.015572650196895577,0.01625082932790177,0.9582680294450082,incremental,2.8185369968414307,ok,
meg,theta,Vip_1,0.00019127042628808155,0.0001996001331682306,0.9582680294450082,incremental,2.8185369968414307,ok,
meg,theta,Vip_2,0.0014750389427587995,0.0015392759618758074,0.9582680294450082,incremental,2.8185369968414307,ok,
meg,theta,Vip_3,0.0008965892448321577,0.0009356351430730999,0.9582680294450082,incremental,2.8185369968414307,ok,
meg,theta,Vip_4,0.0031503817964575465,0.0032875789441521135,0.9582680294450082,incremental,2.8185369968414307,ok,
meg,theta,Vip_5,0.0015180859584389417,0.0015841976480402444,0.9582680294450082,incremental,2.8185369968414307,ok,
meg,theta,Vip_6,0.060560989158199074,0.06319838218256499,0.9582680294450082,incremental,2.8185369968414307,ok,
meg,theta,Vip_7,0.006171917330415333,0.006440700452033101,0.9582680294450082,incremental,2.8185369968414307,ok,
meg,theta,Vip_8,0.006369621706718176,0.006647014729696465,0.9582680294450082,incremental,2.8185369968414307,ok,
meg,theta,Vip_9,0.005393376106722969,0.005628254247245005,0.9582680294450082,incremental,2.8185369968414307,ok,
meg,alpha,Astro_1,0.002529673026609891,0.0026156086158834243,0.967145088622325,incremental,2.802741289138794,ok,
meg,alpha,Astro_2,-0.0002942529228207036,-0.00030424899664212724,0.967145088622325,incremental,2.802741289138794,ok,
meg,alpha,Chandelier_1,0.0009045538348972926,0.000935282457139712,0.967145088622325,incremental,2.802741289138794,ok,
meg,alpha,Endo_1,0.001736282879986728,0.0017952661916114587,0.967145088622325,incremental,2.802741289138794,ok,
meg,alpha,L2/3 IT_1,0.003919935656647833,0.004053099894486036,0.967145088622325,incremental,2.802741289138794,ok,
meg,alpha,L2/3 IT_2,0.00012446791979170424,0.00012869622278597912,0.967145088622325,incremental,2.802741289138794,ok,
meg,alpha,L2/3 IT_3,0.002368695788879438,0.0024491628161536637,0.967145088622325,incremental,2.802741289138794,ok,
meg,alpha,L2/3 IT_4,0.003348011128948669,0.0034617465035342637,0.967145088622325,incremental,2.802741289138794,ok,
meg,alpha,L2/3 IT_5,0.0029645713836483623,0.0030652809165079083,0.967145088622325,incremental,2.802741289138794,ok,
meg,alpha,L2/3 IT_6,0.0002616895045636225,0.00027057936564243214,0.967145088622325,incremental,2.802741289138794,ok,
meg,alpha,L2/3 IT_7,-2.3300700779937955e-05,-2.4092249502222304e-05,0.967145088622325,incremental,2.802741289138794,ok,
meg,alpha,L2/3 IT_8,-0.0005029007101349237,-0.0005199847634560123,0.967145088622325,incremental,2.802741289138794,ok,
meg,alpha,L4 IT_1,0.0001065221780447434,0.00011014084577163257,0.967145088622325,incremental,2.802741289138794,ok,
meg,alpha,L4 IT_2,0.001953505949115364,0.002019868551365014,0.967145088622325,incremental,2.802741289138794,ok,
meg,alpha,L4 IT_3,0.0024926014900914506,0.002577277721217715,0.967145088622325,incremental,2.802741289138794,ok,
meg,alpha,L5 ET_1,0.0011452433688949881,0.001184148461660866,0.967145088622325,incremental,2.802741289138794,ok,
meg,alpha,L5 IT_1,0.001006966043112123,0.0010411737131876687,0.967145088622325,incremental,2.802741289138794,ok,
meg,alpha,L5 IT_2,0.000995890477749839,0.0010297218995016157,0.967145088622325,incremental,2.802741289138794,ok,
meg,alpha,L5 IT_3,0.0004243447899452413,0.00043876021802448514,0.967145088622325,incremental,2.802741289138794,ok,
meg,alpha,L5 IT_4,0.0011572591449989789,0.0011965724260125923,0.967145088622325,incremental,2.802741289138794,ok,
meg,alpha,L5 IT_5,0.0025752172938960927,0.002662700068677832,0.967145088622325,incremental,2.802741289138794,ok,
meg,alpha,L5/6 NP_1,0.00011413777614255327,0.00011801515355378561,0.967145088622325,incremental,2.802741289138794,ok,
meg,alpha,L5/6 NP_2,0.0003877612016706111,0.0004009338477052783,0.967145088622325,incremental,2.802741289138794,ok,
meg,alpha,L6 CT_1,-0.00011364633600219332,-0.00011750701868742342,0.967145088622325,incremental,2.802741289138794,ok,
meg,alpha,L6 CT_2,0.004725010027818333,0.0048855234684063754,0.967145088622325,incremental,2.802741289138794,ok,
meg,alpha,L6 IT Car3_1,-0.00034328324978816216,-0.0003549449341433982,0.967145088622325,incremental,2.802741289138794,ok,
meg,alpha,L6 IT_1,-0.0009700633251235047,-0.0010030173719905219,0.967145088622325,incremental,2.802741289138794,ok,
meg,alpha,L6 IT_2,-0.00023957018236397953,-0.0002477086273634926,0.967145088622325,incremental,2.802741289138794,ok,
meg,alpha,L6 IT_3,0.017236494642707934,0.017822036057962003,0.967145088622325,incremental,2.802741289138794,ok,
meg,alpha,L6b_1,0.0009554894276508907,0.0009879483842615202,0.967145088622325,incremental,2.802741289138794,ok,
meg,alpha,L6b_2,0.0015586596438728062,0.0016116089118470111,0.967145088622325,incremental,2.802741289138794,ok,
meg,alpha,L6b_3,0.0016632419782481866,0.0017197440154686978,0.967145088622325,incremental,2.802741289138794,ok,
meg,alpha,Lamp5_1,0.0012225154911283953,0.0012640455972018007,0.967145088622325,incremental,2.802741289138794,ok,
meg,alpha,Lamp5_2,0.002438891838040247,0.0025217434971565537,0.967145088622325,incremental,2.802741289138794,ok,
meg,alpha,Lamp5_Lhx6_1,-8.04099543448844e-05,-8.314156303003768e-05,0.967145088622325,incremental,2.802741289138794,ok,
meg,alpha,Micro-PVM_1,0.004516739517226975,0.004670177794792881,0.967145088622325,incremental,2.802741289138794,ok,
meg,alpha,Micro-PVM_2,0.005971986659863315,0.006174861176589613,0.967145088622325,incremental,2.802741289138794,ok,
meg,alpha,OPC_1,0.0010647355369515221,0.0011009056960297574,0.967145088622325,incremental,2.802741289138794,ok,
meg,alpha,Oligo_1,-0.0007997967396904393,-0.0008269666558817257,0.967145088622325,incremental,2.802741289138794,ok,
meg,alpha,Oligo_2,0.0005458164028717682,0.0005643583463255453,0.967145088622325,incremental,2.802741289138794,ok,
meg,alpha,Pax6_1,0.0023751946401736612,0.0024558824400970377,0.967145088622325,incremental,2.802741289138794,ok,
meg,alpha,Pax6_2,0.004551166261212103,0.004705774050608198,0.967145088622325,incremental,2.802741289138794,ok,
meg,alpha,Pvalb_1,0.22942057947535244,0.2372142320467724,0.967145088622325,incremental,2.802741289138794,ok,
meg,alpha,Pvalb_2,0.0008872736049526653,0.0009174152000467327,0.967145088622325,incremental,2.802741289138794,ok,
meg,alpha,Pvalb_3,0.0015024676838933937,0.0015535080533093778,0.967145088622325,incremental,2.802741289138794,ok,
meg,alpha,Pvalb_4,0.004595732055016621,0.004751853790172405,0.967145088622325,incremental,2.802741289138794,ok,
meg,alpha,Pvalb_5,-0.00013565954791150414,-0.0001402680420005523,0.967145088622325,incremental,2.802741289138794,ok,
meg,alpha,Sncg_1,0.0006910103977947335,0.0007144847302890834,0.967145088622325,incremental,2.802741289138794,ok,
meg,alpha,Sncg_2,-0.0002808284211809342,-0.0002903684509021987,0.967145088622325,incremental,2.802741289138794,ok,
meg,alpha,Sncg_3,0.0016283784321687866,0.0016836961189436144,0.967145088622325,incremental,2.802741289138794,ok,
meg,alpha,Sncg_4,0.0012513160147933355,0.0012938245042176716,0.967145088622325,incremental,2.802741289138794,ok,
meg,alpha,Sst_1,-0.0007345901526329968,-0.0007595449341312407,0.967145088622325,incremental,2.802741289138794,ok,
meg,alpha,Sst_10,0.0010576590317498136,0.0010935887946827332,0.967145088622325,incremental,2.802741289138794,ok,
meg,alpha,Sst_2,0.00045322420994464707,0.00046862070156428556,0.967145088622325,incremental,2.802741289138794,ok,
meg,alpha,Sst_3,-0.0001486592366727324,-0.00015370934353241034,0.967145088622325,incremental,2.802741289138794,ok,
meg,alpha,Sst_4,0.0017860249656419525,0.0018466980669736971,0.967145088622325,incremental,2.802741289138794,ok,
meg,alpha,Sst_5,0.6436185240908008,0.6654829059904755,0.967145088622325,incremental,2.802741289138794,ok,
meg,alpha,Sst_6,0.0009144697789901235,0.000945535256031506,0.967145088622325,incremental,2.802741289138794,ok,
meg,alpha,Sst_7,-0.0009107256261738916,-0.0009416639105009555,0.967145088622325,incremental,2.802741289138794,ok,
meg,alpha,Sst_8,-0.000808911326577233,-0.0008363908746406476,0.967145088622325,incremental,2.802741289138794,ok,
meg,alpha,Sst_9,0.0005670330436623461,0.0005862957381814047,0.967145088622325,incremental,2.802741289138794,ok,
meg,alpha,VLMC_1,0.0033425237398233554,0.003456072702167883,0.967145088622325,incremental,2.802741289138794,ok,
meg,alpha,Vip_1,0.0016044658467286865,0.001658971198431261,0.967145088622325,incremental,2.802741289138794,ok,
meg,alpha,Vip_2,-0.0003776682237843776,-0.00039049800100040514,0.967145088622325,incremental,2.802741289138794,ok,
meg,alpha,Vip_3,0.0017084888871028436,0.0017665280082604206,0.967145088622325,incremental,2.802741289138794,ok,
meg,alpha,Vip_4,-0.0008536779977698083,-0.0008826783156039723,0.967145088622325,incremental,2.802741289138794,ok,
meg,alpha,Vip_5,-0.0005403743607613753,-0.0005587314324587283,0.967145088622325,incremental,2.802741289138794,ok,
meg,alpha,Vip_6,0.00014689759353081477,0.0001518878555647394,0.967145088622325,incremental,2.802741289138794,ok,
meg,alpha,Vip_7,-0.0002701000984931534,-0.00027927567608072596,0.967145088622325,incremental,2.802741289138794,ok,
meg,alpha,Vip_8,0.0009035932963971094,0.0009342892881607416,0.967145088622325,incremental,2.802741289138794,ok,
meg,alpha,Vip_9,0.00015057268158558124,0.00015568779013298657,0.967145088622325,incremental,2.802741289138794,ok,
meg,beta,Astro_1,0.002567872981347752,0.002747099273292391,0.9347579850181981,incremental,2.682281494140625,ok,
meg,beta,Astro_2,-8.688847929372301e-06,-9.29529147504757e-06,0.9347579850181981,incremental,2.682281494140625,ok,
meg,beta,Chandelier_1,-0.0011844328834774709,-0.0012671011132944878,0.9347579850181981,incremental,2.682281494140625,ok,
meg,beta,Endo_1,-0.0002736928071741529,-0.0002927953668872105,0.9347579850181981,incremental,2.682281494140625,ok,
meg,beta,L2/3 IT_1,-0.0009832829458461534,-0.0010519117906513638,0.9347579850181981,incremental,2.682281494140625,ok,
meg,beta,L2/3 IT_2,0.0033701989649516095,0.003605424097966917,0.9347579850181981,incremental,2.682281494140625,ok,
meg,beta,L2/3 IT_3,0.0003927325878791965,0.0004201436031290503,0.9347579850181981,incremental,2.682281494140625,ok,
meg,beta,L2/3 IT_4,0.004521082379549957,0.004836634136334165,0.9347579850181981,incremental,2.682281494140625,ok,
meg,beta,L2/3 IT_5,-0.00160431991526655,-0.0017162944216361166,0.9347579850181981,incremental,2.682281494140625,ok,
meg,beta,L2/3 IT_6,0.000494376746950631,0.0005288820795053239,0.9347579850181981,incremental,2.682281494140625,ok,
meg,beta,L2/3 IT_7,0.006831569845849983,0.007308383512462838,0.9347579850181981,incremental,2.682281494140625,ok,
meg,beta,L2/3 IT_8,0.009526258332471782,0.01019114945809885,0.9347579850181981,incremental,2.682281494140625,ok,
meg,beta,L4 IT_1,0.0011935668637209629,0.0012768726053703904,0.9347579850181981,incremental,2.682281494140625,ok,
meg,beta,L4 IT_2,0.00014376183092335015,0.0001537957773321951,0.9347579850181981,incremental,2.682281494140625,ok,
meg,beta,L4 IT_3,-0.0020748208140450863,-0.0022196342232954484,0.9347579850181981,incremental,2.682281494140625,ok,
meg,beta,L5 ET_1,0.14893308763914226,0.15932796512697647,0.9347579850181981,incremental,2.682281494140625,ok,
meg,beta,L5 IT_1,0.005983974093199951,0.0064016292870538605,0.9347579850181981,incremental,2.682281494140625,ok,
meg,beta,L5 IT_2,2.738794530354749e-05,2.929950398125168e-05,0.9347579850181981,incremental,2.682281494140625,ok,
meg,beta,L5 IT_3,-0.0005914864463529845,-0.0006327696107794889,0.9347579850181981,incremental,2.682281494140625,ok,
meg,beta,L5 IT_4,0.003580364003769154,0.0038302577363909344,0.9347579850181981,incremental,2.682281494140625,ok,
meg,beta,L5 IT_5,0.0006239199912357885,0.0006674668751009833,0.9347579850181981,incremental,2.682281494140625,ok,
meg,beta,L5/6 NP_1,8.535768598250115e-05,9.131527876794697e-05,0.9347579850181981,incremental,2.682281494140625,ok,
meg,beta,L5/6 NP_2,0.000850485527639,0.0009098456940407335,0.9347579850181981,incremental,2.682281494140625,ok,
meg,beta,L6 CT_1,0.007479317238594074,0.008001340837380988,0.9347579850181981,incremental,2.682281494140625,ok,
meg,beta,L6 CT_2,-0.00025058655172915945,-0.0002680763959713925,0.9347579850181981,incremental,2.682281494140625,ok,
meg,beta,L6 IT Car3_1,-0.00028683222269876296,-0.00030685185609104893,0.9347579850181981,incremental,2.682281494140625,ok,
meg,beta,L6 IT_1,0.007747868511022604,0.008288635812906982,0.9347579850181981,incremental,2.682281494140625,ok,
meg,beta,L6 IT_2,0.007596964041111431,0.008127198871656102,0.9347579850181981,incremental,2.682281494140625,ok,
meg,beta,L6 IT_3,-0.0008882318831735514,-0.0009502265799379709,0.9347579850181981,incremental,2.682281494140625,ok,
meg,beta,L6b_1,-0.0016993519332637597,-0.0018179592584391523,0.9347579850181981,incremental,2.682281494140625,ok,
meg,beta,L6b_2,0.00030489533545363656,0.0003261756950358662,0.9347579850181981,incremental,2.682281494140625,ok,
meg,beta,L6b_3,0.4964932287041539,0.5311462824192811,0.9347579850181981,incremental,2.682281494140625,ok,
meg,beta,Lamp5_1,-0.00020291610223421852,-0.00021707875780303508,0.9347579850181981,incremental,2.682281494140625,ok,
meg,beta,Lamp5_2,0.0029326817620670687,0.00313737010977229,0.9347579850181981,incremental,2.682281494140625,ok,
meg,beta,Lamp5_Lhx6_1,0.002378115357500543,0.0025440973980599326,0.9347579850181981,incremental,2.682281494140625,ok,
meg,beta,Micro-PVM_1,0.0007363247188274524,0.0007877169605704064,0.9347579850181981,incremental,2.682281494140625,ok,
meg,beta,Micro-PVM_2,-0.0004901086610985539,-0.0005243160999464609,0.9347579850181981,incremental,2.682281494140625,ok,
meg,beta,OPC_1,0.011076561521860206,0.01184965702287589,0.9347579850181981,incremental,2.682281494140625,ok,
meg,beta,Oligo_1,-0.001824357525470055,-0.0019516896937066958,0.9347579850181981,incremental,2.682281494140625,ok,
meg,beta,Oligo_2,0.02458409760246072,0.026299959985880313,0.9347579850181981,incremental,2.682281494140625,ok,
meg,beta,Pax6_1,-0.0010871543415639229,-0.0011630329550410398,0.9347579850181981,incremental,2.682281494140625,ok,
meg,beta,Pax6_2,0.0001921518238017228,0.0002055631798619853,0.9347579850181981,incremental,2.682281494140625,ok,
meg,beta,Pvalb_1,-0.0015158585506879207,-0.0016216588410939434,0.9347579850181981,incremental,2.682281494140625,ok,
meg,beta,Pvalb_2,-0.0013724829660751725,-0.001468276268373843,0.9347579850181981,incremental,2.682281494140625,ok,
meg,beta,Pvalb_3,0.004397367272713448,0.004704284256665472,0.9347579850181981,incremental,2.682281494140625,ok,
meg,beta,Pvalb_4,-0.0019453463471540422,-0.0020811230054549037,0.9347579850181981,incremental,2.682281494140625,ok,
meg,beta,Pvalb_5,-0.0002556209072241966,-0.0002734621274395641,0.9347579850181981,incremental,2.682281494140625,ok,
meg,beta,Sncg_1,0.00027876969637208315,0.00029822660072452445,0.9347579850181981,incremental,2.682281494140625,ok,
meg,beta,Sncg_2,0.000949318760250617,0.0010155770535965364,0.9347579850181981,incremental,2.682281494140625,ok,
meg,beta,Sncg_3,-0.00020214254878048177,-0.0002162512137048462,0.9347579850181981,incremental,2.682281494140625,ok,
meg,beta,Sncg_4,0.002894073178119849,0.003096066815694018,0.9347579850181981,incremental,2.682281494140625,ok,
meg,beta,Sst_1,0.012832335378114235,0.01372797620751473,0.9347579850181981,incremental,2.682281494140625,ok,
meg,beta,Sst_10,0.00023624336197802798,0.0002527321143701476,0.9347579850181981,incremental,2.682281494140625,ok,
meg,beta,Sst_2,-0.00022845475573229912,-0.0002443998975070018,0.9347579850181981,incremental,2.682281494140625,ok,
meg,beta,Sst_3,0.0004606409478548068,0.0004927916693280122,0.9347579850181981,incremental,2.682281494140625,ok,
meg,beta,Sst_4,-0.0008570133730070317,-0.0009168291544365328,0.9347579850181981,incremental,2.682281494140625,ok,
meg,beta,Sst_5,-6.797049099793728e-05,-7.271453369463756e-05,0.9347579850181981,incremental,2.682281494140625,ok,
meg,beta,Sst_6,-9.678589896999767e-05,-0.00010354113098922972,0.9347579850181981,incremental,2.682281494140625,ok,
meg,beta,Sst_7,0.005062450234677107,0.005415787097639557,0.9347579850181981,incremental,2.682281494140625,ok,
meg,beta,Sst_8,0.107849695049829,0.11537713159811024,0.9347579850181981,incremental,2.682281494140625,ok,
meg,beta,Sst_9,0.033891962698934575,0.03625747331623464,0.9347579850181981,incremental,2.682281494140625,ok,
meg,beta,VLMC_1,-0.00011803753547545703,-0.00012627603868305983,0.9347579850181981,incremental,2.682281494140625,ok,
meg,beta,Vip_1,-0.0011056949018262152,-0.0011828675652390274,0.9347579850181981,incremental,2.682281494140625,ok,
meg,beta,Vip_2,-0.00016287852446295048,-0.0001742467323879341,0.9347579850181981,incremental,2.682281494140625,ok,
meg,beta,Vip_3,0.00032799255634186064,0.0003508850008224056,0.9347579850181981,incremental,2.682281494140625,ok,
meg,beta,Vip_4,0.004581501121796228,0.004901269842275842,0.9347579850181981,incremental,2.682281494140625,ok,
meg,beta,Vip_5,0.0005642856899495952,0.000603670360664113,0.9347579850181981,incremental,2.682281494140625,ok,
meg,beta,Vip_6,-0.0006849150824995709,-0.0007327191566983371,0.9347579850181981,incremental,2.682281494140625,ok,
meg,beta,Vip_7,0.010945146644136927,0.011709069962022143,0.9347579850181981,incremental,2.682281494140625,ok,
meg,beta,Vip_8,0.00461972764498797,0.004942164409430567,0.9347579850181981,incremental,2.682281494140625,ok,
meg,beta,Vip_9,0.016281736509587974,0.017418130436479766,0.9347579850181981,incremental,2.682281494140625,ok,
meg,gamma1,Astro_1,0.008485359757561706,0.009457481064953399,0.8972113926831866,incremental,2.795341968536377,ok,
meg,gamma1,Astro_2,0.005574603160306224,0.006213254987361342,0.8972113926831866,incremental,2.795341968536377,ok,
meg,gamma1,Chandelier_1,-4.105084719374652e-06,-4.575381847412847e-06,0.8972113926831866,incremental,2.795341968536377,ok,
meg,gamma1,Endo_1,-0.00222829325798779,-0.002483576642204565,0.8972113926831866,incremental,2.795341968536377,ok,
meg,gamma1,L2/3 IT_1,0.0021809608542547876,0.0024308216235779615,0.8972113926831866,incremental,2.795341968536377,ok,
meg,gamma1,L2/3 IT_2,0.0006396047203136579,0.000712880738619319,0.8972113926831866,incremental,2.795341968536377,ok,
meg,gamma1,L2/3 IT_3,0.023486301177445212,0.026176998385193752,0.8972113926831866,incremental,2.795341968536377,ok,
meg,gamma1,L2/3 IT_4,0.0018162905308971578,0.002024373013661125,0.8972113926831866,incremental,2.795341968536377,ok,
meg,gamma1,L2/3 IT_5,0.001969804261772956,0.0021954739739562263,0.8972113926831866,incremental,2.795341968536377,ok,
meg,gamma1,L2/3 IT_6,0.003082433654975514,0.0034355712378520238,0.8972113926831866,incremental,2.795341968536377,ok,
meg,gamma1,L2/3 IT_7,-0.0022244050176346564,-0.002479242947397697,0.8972113926831866,incremental,2.795341968536377,ok,
meg,gamma1,L2/3 IT_8,0.002438219107088857,0.0027175525489006066,0.8972113926831866,incremental,2.795341968536377,ok,
meg,gamma1,L4 IT_1,-0.00024106157703263076,-0.00026867868486568777,0.8972113926831866,incremental,2.795341968536377,ok,
meg,gamma1,L4 IT_2,-9.094101481710304e-05,-0.00010135963002557986,0.8972113926831866,incremental,2.795341968536377,ok,
meg,gamma1,L4 IT_3,-0.00035272300422151126,-0.0003931325517018495,0.8972113926831866,incremental,2.795341968536377,ok,
meg,gamma1,L5 ET_1,8.919865453416165e-05,9.941765704446254e-05,0.8972113926831866,incremental,2.795341968536377,ok,
meg,gamma1,L5 IT_1,0.002889853656254382,0.0032209284008443426,0.8972113926831866,incremental,2.795341968536377,ok,
meg,gamma1,L5 IT_2,0.00569437137695783,0.006346744394237271,0.8972113926831866,incremental,2.795341968536377,ok,
meg,gamma1,L5 IT_3,0.013386543304347187,0.014920166432922342,0.8972113926831866,incremental,2.795341968536377,ok,
meg,gamma1,L5 IT_4,0.0006860524947146507,0.000764649780764545,0.8972113926831866,incremental,2.795341968536377,ok,
meg,gamma1,L5 IT_5,0.00041054559923936473,0.0004575795655153167,0.8972113926831866,incremental,2.795341968536377,ok,
meg,gamma1,L5/6 NP_1,0.0015134348178427182,0.001686820776223832,0.8972113926831866,incremental,2.795341968536377,ok,
meg,gamma1,L5/6 NP_2,-0.000420294680866351,-0.00046844554615989016,0.8972113926831866,incremental,2.795341968536377,ok,
meg,gamma1,L6 CT_1,0.0015793298879881457,0.0017602650845360156,0.8972113926831866,incremental,2.795341968536377,ok,
meg,gamma1,L6 CT_2,0.014393552430267076,0.016042543092572574,0.8972113926831866,incremental,2.795341968536377,ok,
meg,gamma1,L6 IT Car3_1,-0.0006073199915628269,-0.0006768973248841447,0.8972113926831866,incremental,2.795341968536377,ok,
meg,gamma1,L6 IT_1,-0.0002567849207661954,-0.0002862033661858198,0.8972113926831866,incremental,2.795341968536377,ok,
meg,gamma1,L6 IT_2,0.0004169174116122054,0.00046468136161911474,0.8972113926831866,incremental,2.795341968536377,ok,
meg,gamma1,L6 IT_3,-0.0006149099440148076,-0.0006853568167206029,0.8972113926831866,incremental,2.795341968536377,ok,
meg,gamma1,L6b_1,-0.00010682001756145976,-0.00011905780335892242,0.8972113926831866,incremental,2.795341968536377,ok,
meg,gamma1,L6b_2,0.0014395356251535318,0.0016044553567788286,0.8972113926831866,incremental,2.795341968536377,ok,
meg,gamma1,L6b_3,0.013483326463393897,0.015028037509723174,0.8972113926831866,incremental,2.795341968536377,ok,
meg,gamma1,Lamp5_1,0.004369222860200805,0.004869780851906344,0.8972113926831866,incremental,2.795341968536377,ok,
meg,gamma1,Lamp5_2,-0.0005640024884585593,-0.0006286171721157732,0.8972113926831866,incremental,2.795341968536377,ok,
meg,gamma1,Lamp5_Lhx6_1,-5.0815532409820285e-05,-5.6637190325740445e-05,0.8972113926831866,incremental,2.795341968536377,ok,
meg,gamma1,Micro-PVM_1,0.0025045074273540857,0.0027914351598502824,0.8972113926831866,incremental,2.795341968536377,ok,
meg,gamma1,Micro-PVM_2,0.00613854825499105,0.006841808190412297,0.8972113926831866,incremental,2.795341968536377,ok,
meg,gamma1,OPC_1,0.0048425867211493445,0.00539737542416529,0.8972113926831866,incremental,2.795341968536377,ok,
meg,gamma1,Oligo_1,0.03094454604137087,0.034489693614822015,0.8972113926831866,incremental,2.795341968536377,ok,
meg,gamma1,Oligo_2,0.0021558909303392992,0.0024028795754498,0.8972113926831866,incremental,2.795341968536377,ok,
meg,gamma1,Pax6_1,0.004414527693545778,0.004920276012483255,0.8972113926831866,incremental,2.795341968536377,ok,
meg,gamma1,Pax6_2,-0.00031329019512393863,-0.0003491821411083711,0.8972113926831866,incremental,2.795341968536377,ok,
meg,gamma1,Pvalb_1,3.405522762711666e-05,3.79567489945392e-05,0.8972113926831866,incremental,2.795341968536377,ok,
meg,gamma1,Pvalb_2,0.01462402535457552,0.016299420040622906,0.8972113926831866,incremental,2.795341968536377,ok,
meg,gamma1,Pvalb_3,-0.000989406047498309,-0.0011027568927088705,0.8972113926831866,incremental,2.795341968536377,ok,
meg,gamma1,Pvalb_4,-0.0010148354977066454,-0.0011310996560929681,0.8972113926831866,incremental,2.795341968536377,ok,
meg,gamma1,Pvalb_5,0.036028273025049184,0.04015583542391675,0.8972113926831866,incremental,2.795341968536377,ok,
meg,gamma1,Sncg_1,0.01890807740624756,0.021074272529800757,0.8972113926831866,incremental,2.795341968536377,ok,
meg,gamma1,Sncg_2,0.5213950158271949,0.5811283941323114,0.8972113926831866,incremental,2.795341968536377,ok,
meg,gamma1,Sncg_3,0.02508842379206644,0.027962667434524413,0.8972113926831866,incremental,2.795341968536377,ok,
meg,gamma1,Sncg_4,0.0038434095515302857,0.0042837279852591306,0.8972113926831866,incremental,2.795341968536377,ok,
meg,gamma1,Sst_1,0.006613409285276539,0.007371071454519295,0.8972113926831866,incremental,2.795341968536377,ok,
meg,gamma1,Sst_10,0.00016039566600878352,0.00017877132113660162,0.8972113926831866,incremental,2.795341968536377,ok,
meg,gamma1,Sst_2,-0.0009263200863153243,-0.0010324435176253008,0.8972113926831866,incremental,2.795341968536377,ok,
meg,gamma1,Sst_3,-0.0028333046061734812,-0.003157900835053202,0.8972113926831866,incremental,2.795341968536377,ok,
meg,gamma1,Sst_4,-0.00012254459478111546,-0.0001365838594789077,0.8972113926831866,incremental,2.795341968536377,ok,
meg,gamma1,Sst_5,0.09213386918442834,0.10268914320057194,0.8972113926831866,incremental,2.795341968536377,ok,
meg,gamma1,Sst_6,-0.0017813555541655868,-0.0019854357275137717,0.8972113926831866,incremental,2.795341968536377,ok,
meg,gamma1,Sst_7,-0.0030929407888070637,-0.003447282116600596,0.8972113926831866,incremental,2.795341968536377,ok,
meg,gamma1,Sst_8,0.005067354008199021,0.005647893071269046,0.8972113926831866,incremental,2.795341968536377,ok,
meg,gamma1,Sst_9,-0.00018283922291395527,-0.0002037861137353139,0.8972113926831866,incremental,2.795341968536377,ok,
meg,gamma1,VLMC_1,0.0005202898812954881,0.0005798966503752445,0.8972113926831866,incremental,2.795341968536377,ok,
meg,gamma1,Vip_1,-0.00029892817212839873,-0.00033317473960560033,0.8972113926831866,incremental,2.795341968536377,ok,
meg,gamma1,Vip_2,0.007003596410448898,0.007805960186822918,0.8972113926831866,incremental,2.795341968536377,ok,
meg,gamma1,Vip_3,-0.0005547403911575488,-0.0006182939669307483,0.8972113926831866,incremental,2.795341968536377,ok,
meg,gamma1,Vip_4,0.0024711688592758962,0.002754277174173699,0.8972113926831866,incremental,2.795341968536377,ok,
meg,gamma1,Vip_5,0.011108768025944626,0.012381438885570674,0.8972113926831866,incremental,2.795341968536377,ok,
meg,gamma1,Vip_6,0.0006346495720450651,0.0007073579060862032,0.8972113926831866,incremental,2.795341968536377,ok,
meg,gamma1,Vip_7,-0.0006486067099651383,-0.0007229140370425134,0.8972113926831866,incremental,2.795341968536377,ok,
meg,gamma1,Vip_8,0.004272294482225214,0.004761747919237356,0.8972113926831866,incremental,2.795341968536377,ok,
meg,gamma1,Vip_9,0.006799836646664836,0.007578856780150048,0.8972113926831866,incremental,2.795341968536377,ok,
meg,gamma2,Astro_1,0.0012547902378018394,0.001485009812323432,0.8449710078606192,incremental,2.770490884780884,ok,
meg,gamma2,Astro_2,0.004811024200512715,0.005693715116562093,0.8449710078606192,incremental,2.770490884780884,ok,
meg,gamma2,Chandelier_1,-0.0011509729038479133,-0.0013621448465575877,0.8449710078606192,incremental,2.770490884780884,ok,
meg,gamma2,Endo_1,-0.0035133096568289446,-0.004157905566161717,0.8449710078606192,incremental,2.770490884780884,ok,
meg,gamma2,L2/3 IT_1,0.005099575655925115,0.006035207845576528,0.8449710078606192,incremental,2.770490884780884,ok,
meg,gamma2,L2/3 IT_2,0.005724760917267924,0.006775097445961415,0.8449710078606192,incremental,2.770490884780884,ok,
meg,gamma2,L2/3 IT_3,0.010963406219365646,0.012974890401416111,0.8449710078606192,incremental,2.770490884780884,ok,
meg,gamma2,L2/3 IT_4,-0.0041368551608294,-0.004895854558730361,0.8449710078606192,incremental,2.770490884780884,ok,
meg,gamma2,L2/3 IT_5,0.0012705481532601093,0.0015036588728375524,0.8449710078606192,incremental,2.770490884780884,ok,
meg,gamma2,L2/3 IT_6,0.003483755148014356,0.004122928616018282,0.8449710078606192,incremental,2.770490884780884,ok,
meg,gamma2,L2/3 IT_7,-0.0025819662485174755,-0.003055686200470655,0.8449710078606192,incremental,2.770490884780884,ok,
meg,gamma2,L2/3 IT_8,0.00014300600145655817,0.00016924367833475715,0.8449710078606192,incremental,2.770490884780884,ok,
meg,gamma2,L4 IT_1,0.014473905466429793,0.017129469924744817,0.8449710078606192,incremental,2.770490884780884,ok,
meg,gamma2,L4 IT_2,-0.001141779248894803,-0.001351264408214043,0.8449710078606192,incremental,2.770490884780884,ok,
meg,gamma2,L4 IT_3,0.0013144332798139535,0.0015555957158127414,0.8449710078606192,incremental,2.770490884780884,ok,
meg,gamma2,L5 ET_1,-0.0009912642562019958,-0.001173134044813888,0.8449710078606192,incremental,2.770490884780884,ok,
meg,gamma2,L5 IT_1,-0.004804578988359398,-0.005686087384848984,0.8449710078606192,incremental,2.770490884780884,ok,
meg,gamma2,L5 IT_2,0.000342862397653354,0.00040576823874874336,0.8449710078606192,incremental,2.770490884780884,ok,
meg,gamma2,L5 IT_3,0.007479330898971792,0.008851582870172906,0.8449710078606192,incremental,2.770490884780884,ok,
meg,gamma2,L5 IT_4,0.0057405202918409115,0.006793748233297763,0.8449710078606192,incremental,2.770490884780884,ok,
meg,gamma2,L5 IT_5,-0.0009678889815525338,-0.0011454700487335424,0.8449710078606192,incremental,2.770490884780884,ok,
meg,gamma2,L5/6 NP_1,-6.518032122004858e-05,-7.713912147717178e-05,0.8449710078606192,incremental,2.770490884780884,ok,
meg,gamma2,L5/6 NP_2,0.0004486383399147087,0.0005309511636980486,0.8449710078606192,incremental,2.770490884780884,ok,
meg,gamma2,L6 CT_1,-0.0007562530366455045,-0.0008950047156768851,0.8449710078606192,incremental,2.770490884780884,ok,
meg,gamma2,L6 CT_2,0.0017269198313071277,0.00204376222999593,0.8449710078606192,incremental,2.770490884780884,ok,
meg,gamma2,L6 IT Car3_1,-0.0030215886367223055,-0.0035759672327369684,0.8449710078606192,incremental,2.770490884780884,ok,
meg,gamma2,L6 IT_1,-0.003180199510642745,-0.0037636788494018122,0.8449710078606192,incremental,2.770490884780884,ok,
meg,gamma2,L6 IT_2,-0.00021723659924366423,-0.0002570935537701882,0.8449710078606192,incremental,2.770490884780884,ok,
meg,gamma2,L6 IT_3,0.004304391949639941,0.0050941297507215355,0.8449710078606192,incremental,2.770490884780884,ok,
meg,gamma2,L6b_1,-0.0010646401794998095,-0.001259972436445329,0.8449710078606192,incremental,2.770490884780884,ok,
meg,gamma2,L6b_2,-5.45748082998454e-05,-6.458778797396052e-05,0.8449710078606192,incremental,2.770490884780884,ok,
meg,gamma2,L6b_3,0.02060587693165028,0.024386489879483875,0.8449710078606192,incremental,2.770490884780884,ok,
meg,gamma2,Lamp5_1,0.06935344538650301,0.08207789940876066,0.8449710078606192,incremental,2.770490884780884,ok,
meg,gamma2,Lamp5_2,0.0022644111884244644,0.0026798685012373665,0.8449710078606192,incremental,2.770490884780884,ok,
meg,gamma2,Lamp5_Lhx6_1,-0.0006192365565610425,-0.0007328494715207882,0.8449710078606192,incremental,2.770490884780884,ok,
meg,gamma2,Micro-PVM_1,0.008107689342273017,0.00959522784432671,0.8449710078606192,incremental,2.770490884780884,ok,
meg,gamma2,Micro-PVM_2,0.004767201964001377,0.005641852702226374,0.8449710078606192,incremental,2.770490884780884,ok,
meg,gamma2,OPC_1,0.0007070640535883355,0.0008367909040791232,0.8449710078606192,incremental,2.770490884780884,ok,
meg,gamma2,Oligo_1,0.007279677040169075,0.008615298007206753,0.8449710078606192,incremental,2.770490884780884,ok,
meg,gamma2,Oligo_2,0.0020886815785168267,0.002471897330306227,0.8449710078606192,incremental,2.770490884780884,ok,
meg,gamma2,Pax6_1,0.002551067337737134,0.0030191181874940037,0.8449710078606192,incremental,2.770490884780884,ok,
meg,gamma2,Pax6_2,-0.0022709345147640114,-0.00268758867894626,0.8449710078606192,incremental,2.770490884780884,ok,
meg,gamma2,Pvalb_1,0.5814105099446687,0.6880833833775446,0.8449710078606192,incremental,2.770490884780884,ok,
meg,gamma2,Pvalb_2,-0.0011305839043956878,-0.0013380150252234233,0.8449710078606192,incremental,2.770490884780884,ok,
meg,gamma2,Pvalb_3,0.00038950660689052174,0.000460970380364544,0.8449710078606192,incremental,2.770490884780884,ok,
meg,gamma2,Pvalb_4,9.406240997644755e-05,0.0001113202809343767,0.8449710078606192,incremental,2.770490884780884,ok,
meg,gamma2,Pvalb_5,0.002077528255295835,0.0024586976783451137,0.8449710078606192,incremental,2.770490884780884,ok,
meg,gamma2,Sncg_1,0.03423509665695257,0.04051629740957901,0.8449710078606192,incremental,2.770490884780884,ok,
meg,gamma2,Sncg_2,0.0001702152980949112,0.00020144513422523107,0.8449710078606192,incremental,2.770490884780884,ok,
meg,gamma2,Sncg_3,0.0001352700895943526,0.00016008843893572483,0.8449710078606192,incremental,2.770490884780884,ok,
meg,gamma2,Sncg_4,0.008855071884652621,0.010479734573465146,0.8449710078606192,incremental,2.770490884780884,ok,
meg,gamma2,Sst_1,0.003237871147456328,0.0038319316489382155,0.8449710078606192,incremental,2.770490884780884,ok,
meg,gamma2,Sst_10,0.03986416056228015,0.047178140068038735,0.8449710078606192,incremental,2.770490884780884,ok,
meg,gamma2,Sst_2,-0.0013412300690663903,-0.0015873089805320643,0.8449710078606192,incremental,2.770490884780884,ok,
meg,gamma2,Sst_3,-0.00094641066645762,-0.0011200510522293963,0.8449710078606192,incremental,2.770490884780884,ok,
meg,gamma2,Sst_4,0.0049809715603932325,0.005894843153263385,0.8449710078606192,incremental,2.770490884780884,ok,
meg,gamma2,Sst_5,0.0005320468251565069,0.0006296628170753402,0.8449710078606192,incremental,2.770490884780884,ok,
meg,gamma2,Sst_6,6.388293076320384e-05,7.560369547465177e-05,0.8449710078606192,incremental,2.770490884780884,ok,
meg,gamma2,Sst_7,0.0008697266385901958,0.0010292976096212525,0.8449710078606192,incremental,2.770490884780884,ok,
meg,gamma2,Sst_8,-0.000816683411318575,-0.0009665224057643522,0.8449710078606192,incremental,2.770490884780884,ok,
meg,gamma2,Sst_9,0.004748550292208664,0.005619778960501274,0.8449710078606192,incremental,2.770490884780884,ok,
meg,gamma2,VLMC_1,0.0010413301645737505,0.0012323856734567649,0.8449710078606192,incremental,2.770490884780884,ok,
meg,gamma2,Vip_1,0.006603923305262049,0.00781556200606517,0.8449710078606192,incremental,2.770490884780884,ok,
meg,gamma2,Vip_2,0.0037963276746143526,0.004492849623593914,0.8449710078606192,incremental,2.770490884780884,ok,
meg,gamma2,Vip_3,-0.0001330903631657776,-0.00015750879252383925,0.8449710078606192,incremental,2.770490884780884,ok,
meg,gamma2,Vip_4,-0.0005408492447385171,-0.0006400802390935193,0.8449710078606192,incremental,2.770490884780884,ok,
meg,gamma2,Vip_5,0.002533872057279396,0.002998768044947368,0.8449710078606192,incremental,2.770490884780884,ok,
meg,gamma2,Vip_6,-0.003861090455531846,-0.004569494597581206,0.8449710078606192,incremental,2.770490884780884,ok,
meg,gamma2,Vip_7,-0.0012866023155903017,-0.0015226585333949483,0.8449710078606192,incremental,2.770490884780884,ok,
meg,gamma2,Vip_8,0.004659671509992136,0.0055145933607709825,0.8449710078606192,incremental,2.770490884780884,ok,
meg,gamma2,Vip_9,-0.001040571727219941,-0.0012314880836616668,0.8449710078606192,incremental,2.770490884780884,ok,
enigma,22q,Astro_1,0.004238421729548025,0.004723686808181989,0.8972698448607079,incremental,2.8259365558624268,ok,
enigma,22q,Astro_2,0.0010110285819957543,0.0011267831943607848,0.8972698448607079,incremental,2.8259365558624268,ok,
enigma,22q,Chandelier_1,0.0003689489694512771,0.00041119064857077936,0.8972698448607079,incremental,2.8259365558624268,ok,
enigma,22q,Endo_1,-0.002810856223008029,-0.003132676573394023,0.8972698448607079,incremental,2.8259365558624268,ok,
enigma,22q,L2/3 IT_1,0.002568473041078878,0.002862542473471409,0.8972698448607079,incremental,2.8259365558624268,ok,
enigma,22q,L2/3 IT_2,0.0009330793234975099,0.001039909374913141,0.8972698448607079,incremental,2.8259365558624268,ok,
enigma,22q,L2/3 IT_3,0.0022537210358070103,0.0025117539040408494,0.8972698448607079,incremental,2.8259365558624268,ok,
enigma,22q,L2/3 IT_4,0.0252120027396604,0.02809857356074895,0.8972698448607079,incremental,2.8259365558624268,ok,
enigma,22q,L2/3 IT_5,-0.0021175059479682234,-0.002359943288071767,0.8972698448607079,incremental,2.8259365558624268,ok,
enigma,22q,L2/3 IT_6,0.001283338100253939,0.0014302699545788973,0.8972698448607079,incremental,2.8259365558624268,ok,
enigma,22q,L2/3 IT_7,0.04833494343379674,0.05386890433312205,0.8972698448607079,incremental,2.8259365558624268,ok,
enigma,22q,L2/3 IT_8,0.004691018856983975,0.0052281026536807424,0.8972698448607079,incremental,2.8259365558624268,ok,
enigma,22q,L4 IT_1,0.0013313146775912887,0.0014837394627899947,0.8972698448607079,incremental,2.8259365558624268,ok,
enigma,22q,L4 IT_2,0.046440296530919856,0.05175733565205152,0.8972698448607079,incremental,2.8259365558624268,ok,
enigma,22q,L4 IT_3,0.0017564127894076353,0.0019575078773323767,0.8972698448607079,incremental,2.8259365558624268,ok,
enigma,22q,L5 ET_1,0.009932260461598341,0.011069424118605283,0.8972698448607079,incremental,2.8259365558624268,ok,
enigma,22q,L5 IT_1,0.003295978223649465,0.0036733411275636173,0.8972698448607079,incremental,2.8259365558624268,ok,
enigma,22q,L5 IT_2,-0.0015512316023862383,-0.0017288351004675201,0.8972698448607079,incremental,2.8259365558624268,ok,
enigma,22q,L5 IT_3,0.006694725642719335,0.007461217693946489,0.8972698448607079,incremental,2.8259365558624268,ok,
enigma,22q,L5 IT_4,0.07510022171789399,0.08369859095125674,0.8972698448607079,incremental,2.8259365558624268,ok,
enigma,22q,L5 IT_5,0.03137872488965421,0.03497133562370575,0.8972698448607079,incremental,2.8259365558624268,ok,
enigma,22q,L5/6 NP_1,0.0011146585850291268,0.0012422779963168898,0.8972698448607079,incremental,2.8259365558624268,ok,
enigma,22q,L5/6 NP_2,0.005483444125815473,0.00611125421992391,0.8972698448607079,incremental,2.8259365558624268,ok,
enigma,22q,L6 CT_1,0.0013595933532418725,0.0015152558185580567,0.8972698448607079,incremental,2.8259365558624268,ok,
enigma,22q,L6 CT_2,-0.0007426771947524058,-0.0008277077392116069,0.8972698448607079,incremental,2.8259365558624268,ok,
enigma,22q,L6 IT Car3_1,0.06838427754098375,0.07621372537221477,0.8972698448607079,incremental,2.8259365558624268,ok,
enigma,22q,L6 IT_1,0.007022259110223361,0.007826251099872297,0.8972698448607079,incremental,2.8259365558624268,ok,
enigma,22q,L6 IT_2,0.0029630609854417456,0.0033023075526423503,0.8972698448607079,incremental,2.8259365558624268,ok,
enigma,22q,L6 IT_3,0.006071467838918987,0.006766601902086123,0.8972698448607079,incremental,2.8259365558624268,ok,
enigma,22q,L6b_1,0.0015163921493637211,0.0016900068112721716,0.8972698448607079,incremental,2.8259365558624268,ok,
enigma,22q,L6b_2,-0.0024797074849628453,-0.002763613977629879,0.8972698448607079,incremental,2.8259365558624268,ok,
enigma,22q,L6b_3,0.029951014242831198,0.03338016363124383,0.8972698448607079,incremental,2.8259365558624268,ok,
enigma,22q,Lamp5_1,0.041139129746471936,0.04584922805787413,0.8972698448607079,incremental,2.8259365558624268,ok,
enigma,22q,Lamp5_2,0.045804303264318835,0.051048526289691025,0.8972698448607079,incremental,2.8259365558624268,ok,
enigma,22q,Lamp5_Lhx6_1,0.004143097360906678,0.004617448568718869,0.8972698448607079,incremental,2.8259365558624268,ok,
enigma,22q,Micro-PVM_1,0.004441687277731199,0.004950224621023262,0.8972698448607079,incremental,2.8259365558624268,ok,
enigma,22q,Micro-PVM_2,0.010868644595382726,0.012113016677909167,0.8972698448607079,incremental,2.8259365558624268,ok,
enigma,22q,OPC_1,0.009135300384513823,0.010181218545165736,0.8972698448607079,incremental,2.8259365558624268,ok,
enigma,22q,Oligo_1,0.002903260004176178,0.00323565984169108,0.8972698448607079,incremental,2.8259365558624268,ok,
enigma,22q,Oligo_2,0.010585229500059135,0.011797152841687647,0.8972698448607079,incremental,2.8259365558624268,ok,
enigma,22q,Pax6_1,0.006653257238703469,0.007415001492373033,0.8972698448607079,incremental,2.8259365558624268,ok,
enigma,22q,Pax6_2,0.005718880022557937,0.006373645626579299,0.8972698448607079,incremental,2.8259365558624268,ok,
enigma,22q,Pvalb_1,0.001343751928220227,0.001497600678231676,0.8972698448607079,incremental,2.8259365558624268,ok,
enigma,22q,Pvalb_2,0.04325418552336413,0.04820644065005763,0.8972698448607079,incremental,2.8259365558624268,ok,
enigma,22q,Pvalb_3,0.0017967637354028287,0.002002478680961086,0.8972698448607079,incremental,2.8259365558624268,ok,
enigma,22q,Pvalb_4,0.0011683860697720982,0.0013021568444144898,0.8972698448607079,incremental,2.8259365558624268,ok,
enigma,22q,Pvalb_5,0.008967315154553845,0.009994000362227631,0.8972698448607079,incremental,2.8259365558624268,ok,
enigma,22q,Sncg_1,0.008460334721177909,0.009428974761200507,0.8972698448607079,incremental,2.8259365558624268,ok,
enigma,22q,Sncg_2,0.001469118473072628,0.001637320680603831,0.8972698448607079,incremental,2.8259365558624268,ok,
enigma,22q,Sncg_3,0.000940166755330818,0.0010478082604868655,0.8972698448607079,incremental,2.8259365558624268,ok,
enigma,22q,Sncg_4,-0.0029515344861053006,-0.003289461362165243,0.8972698448607079,incremental,2.8259365558624268,ok,
enigma,22q,Sst_1,0.003205300748543194,0.00357228181343906,0.8972698448607079,incremental,2.8259365558624268,ok,
enigma,22q,Sst_10,0.00040686848997473213,0.0004534516481359009,0.8972698448607079,incremental,2.8259365558624268,ok,
enigma,22q,Sst_2,-0.0017642064430761772,-0.00196619384144137,0.8972698448607079,incremental,2.8259365558624268,ok,
enigma,22q,Sst_3,0.00023622875820439315,0.0002632750443553191,0.8972698448607079,incremental,2.8259365558624268,ok,
enigma,22q,Sst_4,0.0054032197709139584,0.006021844823897713,0.8972698448607079,incremental,2.8259365558624268,ok,
enigma,22q,Sst_5,0.0038381195957818415,0.004277553311041753,0.8972698448607079,incremental,2.8259365558624268,ok,
enigma,22q,Sst_6,0.05490893781874562,0.06119556801473661,0.8972698448607079,incremental,2.8259365558624268,ok,
enigma,22q,Sst_7,0.23208772901716446,0.25865990074947154,0.8972698448607079,incremental,2.8259365558624268,ok,
enigma,22q,Sst_8,0.0013515002783890395,0.0015062361519558771,0.8972698448607079,incremental,2.8259365558624268,ok,
enigma,22q,Sst_9,-0.0011923462275755803,-0.0013288602468978325,0.8972698448607079,incremental,2.8259365558624268,ok,
enigma,22q,VLMC_1,-0.0004521611076933052,-0.0005039299050148048,0.8972698448607079,incremental,2.8259365558624268,ok,
enigma,22q,Vip_1,0.012633149814465505,0.014079543502798397,0.8972698448607079,incremental,2.8259365558624268,ok,
enigma,22q,Vip_2,-0.001988672808211689,-0.0022163597936587405,0.8972698448607079,incremental,2.8259365558624268,ok,
enigma,22q,Vip_3,0.0006452125505717055,0.0007190841799345972,0.8972698448607079,incremental,2.8259365558624268,ok,
enigma,22q,Vip_4,-0.002051904752567113,-0.0022868312852814647,0.8972698448607079,incremental,2.8259365558624268,ok,
enigma,22q,Vip_5,-0.0017121362046940147,-0.0019081619810368269,0.8972698448607079,incremental,2.8259365558624268,ok,
enigma,22q,Vip_6,0.0008934632228232431,0.0009957575504634776,0.8972698448607079,incremental,2.8259365558624268,ok,
enigma,22q,Vip_7,-0.0008115172403369009,-0.0009044294143896931,0.8972698448607079,incremental,2.8259365558624268,ok,
enigma,22q,Vip_8,0.006235474563064836,0.006949386072405933,0.8972698448607079,incremental,2.8259365558624268,ok,
enigma,22q,Vip_9,-0.0014327924776700307,-0.0015968356519241514,0.8972698448607079,incremental,2.8259365558624268,ok,
enigma,adhd,Astro_1,-0.0006964750421967203,-0.0007612673933910422,0.9148888396418683,incremental,3.001380205154419,ok,
enigma,adhd,Astro_2,0.0032241781632640354,0.0035241201155389924,0.9148888396418683,incremental,3.001380205154419,ok,
enigma,adhd,Chandelier_1,0.004727679629984105,0.005167490765145575,0.9148888396418683,incremental,3.001380205154419,ok,
enigma,adhd,Endo_1,0.018838602581759623,0.020591138251433872,0.9148888396418683,incremental,3.001380205154419,ok,
enigma,adhd,L2/3 IT_1,0.0031330366364156204,0.0034244997869271663,0.9148888396418683,incremental,3.001380205154419,ok,
enigma,adhd,L2/3 IT_2,0.00118611981277561,0.0012964633094004236,0.9148888396418683,incremental,3.001380205154419,ok,
enigma,adhd,L2/3 IT_3,-0.002218462464935511,-0.002424843728341822,0.9148888396418683,incremental,3.001380205154419,ok,
enigma,adhd,L2/3 IT_4,0.0013870594620001286,0.0015160961658938705,0.9148888396418683,incremental,3.001380205154419,ok,
enigma,adhd,L2/3 IT_5,-8.399014546434103e-05,-9.180366163086964e-05,0.9148888396418683,incremental,3.001380205154419,ok,
enigma,adhd,L2/3 IT_6,0.00578016219691635,0.006317884694253113,0.9148888396418683,incremental,3.001380205154419,ok,
enigma,adhd,L2/3 IT_7,-8.95603840288528e-05,-9.7892093714807e-05,0.9148888396418683,incremental,3.001380205154419,ok,
enigma,adhd,L2/3 IT_8,-0.0023453173819728557,-0.002563499826810573,0.9148888396418683,incremental,3.001380205154419,ok,
enigma,adhd,L4 IT_1,-0.0012804466944156268,-0.0013995653230581056,0.9148888396418683,incremental,3.001380205154419,ok,
enigma,adhd,L4 IT_2,-0.00020305000255982364,-0.000221939533811897,0.9148888396418683,incremental,3.001380205154419,ok,
enigma,adhd,L4 IT_3,0.005435515278394809,0.005941175630170035,0.9148888396418683,incremental,3.001380205154419,ok,
enigma,adhd,L5 ET_1,-0.001048429749012203,-0.001145964081737634,0.9148888396418683,incremental,3.001380205154419,ok,
enigma,adhd,L5 IT_1,0.7297234168700618,0.7976088298942534,0.9148888396418683,incremental,3.001380205154419,ok,
enigma,adhd,L5 IT_2,0.023400382193348723,0.025577295491448736,0.9148888396418683,incremental,3.001380205154419,ok,
enigma,adhd,L5 IT_3,0.0005041312463442971,0.0005510300535982475,0.9148888396418683,incremental,3.001380205154419,ok,
enigma,adhd,L5 IT_4,0.004145021210506639,0.004530628236900562,0.9148888396418683,incremental,3.001380205154419,ok,
enigma,adhd,L5 IT_5,0.0013935423598295804,0.0015231821609880828,0.9148888396418683,incremental,3.001380205154419,ok,
enigma,adhd,L5/6 NP_1,0.0005607495472149671,0.0006129154963071487,0.9148888396418683,incremental,3.001380205154419,ok,
enigma,adhd,L5/6 NP_2,-6.399501326037615e-05,-6.994840300536063e-05,0.9148888396418683,incremental,3.001380205154419,ok,
enigma,adhd,L6 CT_1,0.002801406141538343,0.003062018050886869,0.9148888396418683,incremental,3.001380205154419,ok,
enigma,adhd,L6 CT_2,0.0003961788848785286,0.00043303499585109397,0.9148888396418683,incremental,3.001380205154419,ok,
enigma,adhd,L6 IT Car3_1,0.0002590765249300686,0.0002831781454799292,0.9148888396418683,incremental,3.001380205154419,ok,
enigma,adhd,L6 IT_1,-0.0024864014376992927,-0.0027177087859904274,0.9148888396418683,incremental,3.001380205154419,ok,
enigma,adhd,L6 IT_2,0.0016049567039764234,0.0017542641624141804,0.9148888396418683,incremental,3.001380205154419,ok,
enigma,adhd,L6 IT_3,0.003448345841389977,0.0037691418803838797,0.9148888396418683,incremental,3.001380205154419,ok,
enigma,adhd,L6b_1,-0.000662566439250778,-0.0007242043082634372,0.9148888396418683,incremental,3.001380205154419,ok,
enigma,adhd,L6b_2,-7.818145731730564e-05,-8.545459724692853e-05,0.9148888396418683,incremental,3.001380205154419,ok,
enigma,adhd,L6b_3,0.001010735671111318,0.001104763362844134,0.9148888396418683,incremental,3.001380205154419,ok,
enigma,adhd,Lamp5_1,0.0011639933973386363,0.0012722784964720737,0.9148888396418683,incremental,3.001380205154419,ok,
enigma,adhd,Lamp5_2,0.0014700674276620918,0.001606826276553496,0.9148888396418683,incremental,3.001380205154419,ok,
enigma,adhd,Lamp5_Lhx6_1,-0.001092832827223722,-0.0011944979322859699,0.9148888396418683,incremental,3.001380205154419,ok,
enigma,adhd,Micro-PVM_1,-0.0006672518003918437,-0.0007293255436945086,0.9148888396418683,incremental,3.001380205154419,ok,
enigma,adhd,Micro-PVM_2,0.009679544123114225,0.010580022078860713,0.9148888396418683,incremental,3.001380205154419,ok,
enigma,adhd,OPC_1,0.022960302641269026,0.02509627579483514,0.9148888396418683,incremental,3.001380205154419,ok,
enigma,adhd,Oligo_1,-0.0006736217027287772,-0.0007362880314426671,0.9148888396418683,incremental,3.001380205154419,ok,
enigma,adhd,Oligo_2,0.007372366616513304,0.008058210240491298,0.9148888396418683,incremental,3.001380205154419,ok,
enigma,adhd,Pax6_1,0.04220075652913424,0.04612664916281377,0.9148888396418683,incremental,3.001380205154419,ok,
enigma,adhd,Pax6_2,0.0023832933659029276,0.0026050086771589255,0.9148888396418683,incremental,3.001380205154419,ok,
enigma,adhd,Pvalb_1,0.0014030409919633113,0.0015335644410227251,0.9148888396418683,incremental,3.001380205154419,ok,
enigma,adhd,Pvalb_2,0.003441333076858344,0.0037614767256374535,0.9148888396418683,incremental,3.001380205154419,ok,
enigma,adhd,Pvalb_3,-0.002087391927242388,-0.002281579834397689,0.9148888396418683,incremental,3.001380205154419,ok,
enigma,adhd,Pvalb_4,0.002588660141355059,0.0028294805108436843,0.9148888396418683,incremental,3.001380205154419,ok,
enigma,adhd,Pvalb_5,0.0012672990490515401,0.0013851945658749343,0.9148888396418683,incremental,3.001380205154419,ok,
enigma,adhd,Sncg_1,-0.0012077063178889125,-0.001320057984707374,0.9148888396418683,incremental,3.001380205154419,ok,
enigma,adhd,Sncg_2,0.0035871352122293088,0.0039208426825203015,0.9148888396418683,incremental,3.001380205154419,ok,
enigma,adhd,Sncg_3,-0.0018199570035289936,-0.0019892657169601202,0.9148888396418683,incremental,3.001380205154419,ok,
enigma,adhd,Sncg_4,0.0005713989466169522,0.0006245555982961005,0.9148888396418683,incremental,3.001380205154419,ok,
enigma,adhd,Sst_1,1.277064301574704e-05,1.3958682697174541e-05,0.9148888396418683,incremental,3.001380205154419,ok,
enigma,adhd,Sst_10,0.00010393107017292458,0.00011359966989389468,0.9148888396418683,incremental,3.001380205154419,ok,
enigma,adhd,Sst_2,0.009156939803446784,0.01000880042107766,0.9148888396418683,incremental,3.001380205154419,ok,
enigma,adhd,Sst_3,0.0009977850843031488,0.001090607996370062,0.9148888396418683,incremental,3.001380205154419,ok,
enigma,adhd,Sst_4,0.0008143032320315768,0.0008900570175829607,0.9148888396418683,incremental,3.001380205154419,ok,
enigma,adhd,Sst_5,-0.0005153189754694143,-0.0005632585655664299,0.9148888396418683,incremental,3.001380205154419,ok,
enigma,adhd,Sst_6,0.002112847650147409,0.0023094036768166065,0.9148888396418683,incremental,3.001380205154419,ok,
enigma,adhd,Sst_7,9.909425971432739e-05,0.00010831289597227755,0.9148888396418683,incremental,3.001380205154419,ok,
enigma,adhd,Sst_8,0.00014932179233395626,0.00016321304388455327,0.9148888396418683,incremental,3.001380205154419,ok,
enigma,adhd,Sst_9,0.002547715025878916,0.0027847263137193968,0.9148888396418683,incremental,3.001380205154419,ok,
enigma,adhd,VLMC_1,-0.00024540843857201455,-0.0002682385312166222,0.9148888396418683,incremental,3.001380205154419,ok,
enigma,adhd,Vip_1,0.0013243121078101439,0.0014475114903888691,0.9148888396418683,incremental,3.001380205154419,ok,
enigma,adhd,Vip_2,5.013517588814409e-05,5.4799199329799914e-05,0.9148888396418683,incremental,3.001380205154419,ok,
enigma,adhd,Vip_3,0.0014544547554845577,0.0015897611736677229,0.9148888396418683,incremental,3.001380205154419,ok,
enigma,adhd,Vip_4,0.0011749543689393294,0.0012842591558983967,0.9148888396418683,incremental,3.001380205154419,ok,
enigma,adhd,Vip_5,0.0019688433889765156,0.0021520028485069466,0.9148888396418683,incremental,3.001380205154419,ok,
enigma,adhd,Vip_6,0.00014156219739747122,0.00015473158187489258,0.9148888396418683,incremental,3.001380205154419,ok,
enigma,adhd,Vip_7,0.0008220544006912744,0.0008985292694280392,0.9148888396418683,incremental,3.001380205154419,ok,
enigma,adhd,Vip_8,-0.000910267516502028,-0.0009949487599590248,0.9148888396418683,incremental,3.001380205154419,ok,
enigma,adhd,Vip_9,-0.0006150410683520846,-0.0006722577013758758,0.9148888396418683,incremental,3.001380205154419,ok,
enigma,asd,Astro_1,-0.0009076328232821007,-0.0009412654118316694,0.9642687512716304,incremental,3.0125012397766113,ok,
enigma,asd,Astro_2,0.008798590983103205,0.009124625236999596,0.9642687512716304,incremental,3.0125012397766113,ok,
enigma,asd,Chandelier_1,-0.00030334197006964825,-0.000314582391755012,0.9642687512716304,incremental,3.0125012397766113,ok,
enigma,asd,Endo_1,0.00016379213918671365,0.0001698615027923622,0.9642687512716304,incremental,3.0125012397766113,ok,
enigma,asd,L2/3 IT_1,3.70193685588216e-05,3.839113163213292e-05,0.9642687512716304,incremental,3.0125012397766113,ok,
enigma,asd,L2/3 IT_2,-8.041891965382408e-05,-8.339886525179993e-05,0.9642687512716304,incremental,3.0125012397766113,ok,
enigma,asd,L2/3 IT_3,0.16036684008654578,0.16630927827440414,0.9642687512716304,incremental,3.0125012397766113,ok,
enigma,asd,L2/3 IT_4,0.0023199642562387046,0.002405931181715937,0.9642687512716304,incremental,3.0125012397766113,ok,
enigma,asd,L2/3 IT_5,-9.572428712711911e-05,-9.927137740477706e-05,0.9642687512716304,incremental,3.0125012397766113,ok,
enigma,asd,L2/3 IT_6,0.0004307886267653771,0.00044675162002011804,0.9642687512716304,incremental,3.0125012397766113,ok,
enigma,asd,L2/3 IT_7,0.0004967783766630651,0.0005151866385879851,0.9642687512716304,incremental,3.0125012397766113,ok,
enigma,asd,L2/3 IT_8,0.003068459097236076,0.003182161708745142,0.9642687512716304,incremental,3.0125012397766113,ok,
enigma,asd,L4 IT_1,0.00012621764838482985,0.00013089467870692708,0.9642687512716304,incremental,3.0125012397766113,ok,
enigma,asd,L4 IT_2,-0.00022074228667556817,-0.00022892195395159706,0.9642687512716304,incremental,3.0125012397766113,ok,
enigma,asd,L4 IT_3,0.001443238885306064,0.001496718506539584,0.9642687512716304,incremental,3.0125012397766113,ok,
enigma,asd,L5 ET_1,0.00022429112574151588,0.00023260229624337794,0.9642687512716304,incremental,3.0125012397766113,ok,
enigma,asd,L5 IT_1,0.00045945023738469537,0.00047647529465078583,0.9642687512716304,incremental,3.0125012397766113,ok,
enigma,asd,L5 IT_2,-0.0003111750542995617,-0.00032270573311558555,0.9642687512716304,incremental,3.0125012397766113,ok,
enigma,asd,L5 IT_3,0.00025360268319873924,0.0002630000016741188,0.9642687512716304,incremental,3.0125012397766113,ok,
enigma,asd,L5 IT_4,0.00032131026917736616,0.0003332165112201738,0.9642687512716304,incremental,3.0125012397766113,ok,
enigma,asd,L5 IT_5,-0.0010249978595702203,-0.0010629794424204906,0.9642687512716304,incremental,3.0125012397766113,ok,
enigma,asd,L5/6 NP_1,0.00010287187298552158,0.00010668381905963374,0.9642687512716304,incremental,3.0125012397766113,ok,
enigma,asd,L5/6 NP_2,0.0015295811858928587,0.0015862602452643229,0.9642687512716304,incremental,3.0125012397766113,ok,
enigma,asd,L6 CT_1,-0.0003872530682988984,-0.00040160283923772086,0.9642687512716304,incremental,3.0125012397766113,ok,
enigma,asd,L6 CT_2,0.0021903231951654334,0.0022714862348042933,0.9642687512716304,incremental,3.0125012397766113,ok,
enigma,asd,L6 IT Car3_1,0.0006463878772210441,0.00067033996110381,0.9642687512716304,incremental,3.0125012397766113,ok,
enigma,asd,L6 IT_1,0.0007852592063652963,0.0008143572062557612,0.9642687512716304,incremental,3.0125012397766113,ok,
enigma,asd,L6 IT_2,-0.0005329642551087366,-0.0005527133948973141,0.9642687512716304,incremental,3.0125012397766113,ok,
enigma,asd,L6 IT_3,0.010683538120267122,0.011079419618418823,0.9642687512716304,incremental,3.0125012397766113,ok,
enigma,asd,L6b_1,0.010214251171818067,0.01059274311061933,0.9642687512716304,incremental,3.0125012397766113,ok,
enigma,asd,L6b_2,0.0004125569111421701,0.0004278443230666868,0.9642687512716304,incremental,3.0125012397766113,ok,
enigma,asd,L6b_3,0.012933423260533705,0.013412674882886893,0.9642687512716304,incremental,3.0125012397766113,ok,
enigma,asd,Lamp5_1,0.001660339439111147,0.0017218637821889103,0.9642687512716304,incremental,3.0125012397766113,ok,
enigma,asd,Lamp5_2,0.0014892945611544306,0.001544480788359492,0.9642687512716304,incremental,3.0125012397766113,ok,
enigma,asd,Lamp5_Lhx6_1,0.0007070298242359829,0.0007332290124548646,0.9642687512716304,incremental,3.0125012397766113,ok,
enigma,asd,Micro-PVM_1,-0.0002490201862416219,-0.00025824769900842094,0.9642687512716304,incremental,3.0125012397766113,ok,
enigma,asd,Micro-PVM_2,3.101551934769908e-05,3.216480810645096e-05,0.9642687512716304,incremental,3.0125012397766113,ok,
enigma,asd,OPC_1,-0.0005574639999567088,-0.0005781209846544883,0.9642687512716304,incremental,3.0125012397766113,ok,
enigma,asd,Oligo_1,6.663952163454834e-05,6.910886777847712e-05,0.9642687512716304,incremental,3.0125012397766113,ok,
enigma,asd,Oligo_2,-0.000142037292890973,-0.00014730052457228462,0.9642687512716304,incremental,3.0125012397766113,ok,
enigma,asd,Pax6_1,-0.0004486900842823882,-0.000465316421060703,0.9642687512716304,incremental,3.0125012397766113,ok,
enigma,asd,Pax6_2,0.0006426521450958456,0.0006664658003781076,0.9642687512716304,incremental,3.0125012397766113,ok,
enigma,asd,Pvalb_1,-0.00042071271087051887,-0.00043630233823890234,0.9642687512716304,incremental,3.0125012397766113,ok,
enigma,asd,Pvalb_2,9.871727928001395e-05,0.00010237527572041554,0.9642687512716304,incremental,3.0125012397766113,ok,
enigma,asd,Pvalb_3,-0.0003249747630043043,-0.0003370167938925154,0.9642687512716304,incremental,3.0125012397766113,ok,
enigma,asd,Pvalb_4,0.0001186130388891593,0.0001230082782758834,0.9642687512716304,incremental,3.0125012397766113,ok,
enigma,asd,Pvalb_5,0.00043132986041605204,0.00044731290923535097,0.9642687512716304,incremental,3.0125012397766113,ok,
enigma,asd,Sncg_1,0.0001372269177021268,0.0001423118995831387,0.9642687512716304,incremental,3.0125012397766113,ok,
enigma,asd,Sncg_2,0.0011311161093000566,0.001173029933624206,0.9642687512716304,incremental,3.0125012397766113,ok,
enigma,asd,Sncg_3,0.0004659792913758176,0.000483246284566732,0.9642687512716304,incremental,3.0125012397766113,ok,
enigma,asd,Sncg_4,0.00015767580979664242,0.00016351853110318807,0.9642687512716304,incremental,3.0125012397766113,ok,
enigma,asd,Sst_1,0.00014400051909335687,0.00014933649867161623,0.9642687512716304,incremental,3.0125012397766113,ok,
enigma,asd,Sst_10,0.003025861506506966,0.0031379856523574036,0.9642687512716304,incremental,3.0125012397766113,ok,
enigma,asd,Sst_2,0.0003425960483620649,0.0003552910409159957,0.9642687512716304,incremental,3.0125012397766113,ok,
enigma,asd,Sst_3,0.003970283502210403,0.004117403469701355,0.9642687512716304,incremental,3.0125012397766113,ok,
enigma,asd,Sst_4,0.0003351717512912744,0.0003475916344372524,0.9642687512716304,incremental,3.0125012397766113,ok,
enigma,asd,Sst_5,0.6448658162795383,0.6687614997676954,0.9642687512716304,incremental,3.0125012397766113,ok,
enigma,asd,Sst_6,-0.0009633298709110782,-0.0009990263291646505,0.9642687512716304,incremental,3.0125012397766113,ok,
enigma,asd,Sst_7,0.05830483841455192,0.060465340536714846,0.9642687512716304,incremental,3.0125012397766113,ok,
enigma,asd,Sst_8,0.0006612279991239367,0.00068572998788143,0.9642687512716304,incremental,3.0125012397766113,ok,
enigma,asd,Sst_9,0.000705219468356888,0.0007313515733314795,0.9642687512716304,incremental,3.0125012397766113,ok,
enigma,asd,VLMC_1,0.015234071948985739,0.015798574753040365,0.9642687512716304,incremental,3.0125012397766113,ok,
enigma,asd,Vip_1,0.0016228027722433591,0.0016829361836140457,0.9642687512716304,incremental,3.0125012397766113,ok,
enigma,asd,Vip_2,-0.0003829620391267996,-0.00039715280477747313,0.9642687512716304,incremental,3.0125012397766113,ok,
enigma,asd,Vip_3,0.015948581094305858,0.01653956023491755,0.9642687512716304,incremental,3.0125012397766113,ok,
enigma,asd,Vip_4,0.00021825489938753773,0.00022634239583074102,0.9642687512716304,incremental,3.0125012397766113,ok,
enigma,asd,Vip_5,0.00016065948716259548,0.00016661276946984503,0.9642687512716304,incremental,3.0125012397766113,ok,
enigma,asd,Vip_6,0.00011928091342927605,0.00012370090109419622,0.9642687512716304,incremental,3.0125012397766113,ok,
enigma,asd,Vip_7,-0.0003426914446362783,-0.00035538997212587633,0.9642687512716304,incremental,3.0125012397766113,ok,
enigma,asd,Vip_8,0.001026391406827587,0.0010644246279618958,0.9642687512716304,incremental,3.0125012397766113,ok,
enigma,asd,Vip_9,0.0001336602740379389,0.00013861309293874169,0.9642687512716304,incremental,3.0125012397766113,ok,
enigma,epilepsy_gge,Astro_1,0.0014687655898469876,0.0018951568945815148,0.7750100237327938,incremental,2.949000597000122,ok,
enigma,epilepsy_gge,Astro_2,0.0031085009370491745,0.004010917074436338,0.7750100237327938,incremental,2.949000597000122,ok,
enigma,epilepsy_gge,Chandelier_1,0.021527885161998217,0.02777755706734001,0.7750100237327938,incremental,2.949000597000122,ok,
enigma,epilepsy_gge,Endo_1,-0.00033743295471122536,-0.0004353917296269251,0.7750100237327938,incremental,2.949000597000122,ok,
enigma,epilepsy_gge,L2/3 IT_1,0.0010648913739701449,0.0013740356141990955,0.7750100237327938,incremental,2.949000597000122,ok,
enigma,epilepsy_gge,L2/3 IT_2,-0.00032706858049558196,-0.00042201851650933993,0.7750100237327938,incremental,2.949000597000122,ok,
enigma,epilepsy_gge,L2/3 IT_3,0.004266057516512212,0.005504519149268517,0.7750100237327938,incremental,2.949000597000122,ok,
enigma,epilepsy_gge,L2/3 IT_4,0.029268823682125245,0.037765735649654616,0.7750100237327938,incremental,2.949000597000122,ok,
enigma,epilepsy_gge,L2/3 IT_5,0.0028119909530733844,0.003628328495068467,0.7750100237327938,incremental,2.949000597000122,ok,
enigma,epilepsy_gge,L2/3 IT_6,0.0017769916613622483,0.002292862810733033,0.7750100237327938,incremental,2.949000597000122,ok,
enigma,epilepsy_gge,L2/3 IT_7,0.036016771568458616,0.046472652566460736,0.7750100237327938,incremental,2.949000597000122,ok,
enigma,epilepsy_gge,L2/3 IT_8,-0.005080987085920197,-0.006556027574260133,0.7750100237327938,incremental,2.949000597000122,ok,
enigma,epilepsy_gge,L4 IT_1,0.006770025185326323,0.008735403385776693,0.7750100237327938,incremental,2.949000597000122,ok,
enigma,epilepsy_gge,L4 IT_2,0.00871363796097302,0.011243258402006536,0.7750100237327938,incremental,2.949000597000122,ok,
enigma,epilepsy_gge,L4 IT_3,-0.0018768504788745366,-0.0024217112313396775,0.7750100237327938,incremental,2.949000597000122,ok,
enigma,epilepsy_gge,L5 ET_1,0.0006550123904613958,0.0008451663467609929,0.7750100237327938,incremental,2.949000597000122,ok,
enigma,epilepsy_gge,L5 IT_1,0.00671709133755416,0.008667102530108776,0.7750100237327938,incremental,2.949000597000122,ok,
enigma,epilepsy_gge,L5 IT_2,-0.0007727202226314178,-0.0009970454561473317,0.7750100237327938,incremental,2.949000597000122,ok,
enigma,epilepsy_gge,L5 IT_3,0.0007020580862593384,0.000905869685243442,0.7750100237327938,incremental,2.949000597000122,ok,
enigma,epilepsy_gge,L5 IT_4,0.00010454915571167511,0.0001349003916208977,0.7750100237327938,incremental,2.949000597000122,ok,
enigma,epilepsy_gge,L5 IT_5,-0.006092364006511253,-0.007861013173955753,0.7750100237327938,incremental,2.949000597000122,ok,
enigma,epilepsy_gge,L5/6 NP_1,0.0004134549458414405,0.0005334833527056297,0.7750100237327938,incremental,2.949000597000122,ok,
enigma,epilepsy_gge,L5/6 NP_2,-0.006601568381803813,-0.008518042579640088,0.7750100237327938,incremental,2.949000597000122,ok,
enigma,epilepsy_gge,L6 CT_1,-0.001388805656166725,-0.0017919841210280324,0.7750100237327938,incremental,2.949000597000122,ok,
enigma,epilepsy_gge,L6 CT_2,-0.0006378509537585675,-0.0008230228438677385,0.7750100237327938,incremental,2.949000597000122,ok,
enigma,epilepsy_gge,L6 IT Car3_1,0.0037037420341832217,0.004778960169243165,0.7750100237327938,incremental,2.949000597000122,ok,
enigma,epilepsy_gge,L6 IT_1,0.006850957717029149,0.00883983110828926,0.7750100237327938,incremental,2.949000597000122,ok,
enigma,epilepsy_gge,L6 IT_2,-0.003983250627286883,-0.005139611753796128,0.7750100237327938,incremental,2.949000597000122,ok,
enigma,epilepsy_gge,L6 IT_3,-0.001290984509240256,-0.0016657649187842747,0.7750100237327938,incremental,2.949000597000122,ok,
enigma,epilepsy_gge,L6b_1,-0.0008898587540510094,-0.0011481899934210566,0.7750100237327938,incremental,2.949000597000122,ok,
enigma,epilepsy_gge,L6b_2,-0.0018443982102801515,-0.0023798378779628,0.7750100237327938,incremental,2.949000597000122,ok,
enigma,epilepsy_gge,L6b_3,0.039201291836394425,0.050581657831447815,0.7750100237327938,incremental,2.949000597000122,ok,
enigma,epilepsy_gge,Lamp5_1,0.006183144540157781,0.00797814783140094,0.7750100237327938,incremental,2.949000597000122,ok,
enigma,epilepsy_gge,Lamp5_2,0.0009364845278684308,0.0012083515040978486,0.7750100237327938,incremental,2.949000597000122,ok,
enigma,epilepsy_gge,Lamp5_Lhx6_1,-0.002177014671099542,-0.0028090148571421935,0.7750100237327938,incremental,2.949000597000122,ok,
enigma,epilepsy_gge,Micro-PVM_1,0.008431725544522761,0.010879505150026076,0.7750100237327938,incremental,2.949000597000122,ok,
enigma,epilepsy_gge,Micro-PVM_2,-0.0009065110041687197,-0.0011696764898633937,0.7750100237327938,incremental,2.949000597000122,ok,
enigma,epilepsy_gge,OPC_1,-0.0018137033870044839,-0.002340232166635574,0.7750100237327938,incremental,2.949000597000122,ok,
enigma,epilepsy_gge,Oligo_1,0.03550941934798035,0.04581801300704623,0.7750100237327938,incremental,2.949000597000122,ok,
enigma,epilepsy_gge,Oligo_2,0.3771800599417754,0.48667765369679744,0.7750100237327938,incremental,2.949000597000122,ok,
enigma,epilepsy_gge,Pax6_1,0.00288525340264556,0.0037228594654155484,0.7750100237327938,incremental,2.949000597000122,ok,
enigma,epilepsy_gge,Pax6_2,0.003104631603898844,0.004005924451074264,0.7750100237327938,incremental,2.949000597000122,ok,
enigma,epilepsy_gge,Pvalb_1,-0.0043692735471831945,-0.005637699401794605,0.7750100237327938,incremental,2.949000597000122,ok,
enigma,epilepsy_gge,Pvalb_2,0.006523800808046931,0.008417698621013181,0.7750100237327938,incremental,2.949000597000122,ok,
enigma,epilepsy_gge,Pvalb_3,0.00025841105382062857,0.00033342930530886,0.7750100237327938,incremental,2.949000597000122,ok,
enigma,epilepsy_gge,Pvalb_4,-7.610396471902092e-06,-9.819739408333107e-06,0.7750100237327938,incremental,2.949000597000122,ok,
enigma,epilepsy_gge,Pvalb_5,0.005552844700841275,0.0071648682349891414,0.7750100237327938,incremental,2.949000597000122,ok,
enigma,epilepsy_gge,Sncg_1,0.005847151981800858,0.007544614653676822,0.7750100237327938,incremental,2.949000597000122,ok,
enigma,epilepsy_gge,Sncg_2,0.0024958692875474142,0.0032204348474439014,0.7750100237327938,incremental,2.949000597000122,ok,
enigma,epilepsy_gge,Sncg_3,0.0025069702397571003,0.003234758471487135,0.7750100237327938,incremental,2.949000597000122,ok,
enigma,epilepsy_gge,Sncg_4,0.006332743607303515,0.008171176389180359,0.7750100237327938,incremental,2.949000597000122,ok,
enigma,epilepsy_gge,Sst_1,-0.0054089629139209006,-0.006979216717570856,0.7750100237327938,incremental,2.949000597000122,ok,
enigma,epilepsy_gge,Sst_10,0.0009216688794190242,0.0011892347856094247,0.7750100237327938,incremental,2.949000597000122,ok,
enigma,epilepsy_gge,Sst_2,0.03048948022103204,0.03934075597394355,0.7750100237327938,incremental,2.949000597000122,ok,
enigma,epilepsy_gge,Sst_3,-0.0011254898188204354,-0.0014522261446369101,0.7750100237327938,incremental,2.949000597000122,ok,
enigma,epilepsy_gge,Sst_4,0.001240753610117662,0.0016009516936847338,0.7750100237327938,incremental,2.949000597000122,ok,
enigma,epilepsy_gge,Sst_5,0.002932701041422292,0.0037840814332917865,0.7750100237327938,incremental,2.949000597000122,ok,
enigma,epilepsy_gge,Sst_6,0.006405460641038974,0.008265003606259721,0.7750100237327938,incremental,2.949000597000122,ok,
enigma,epilepsy_gge,Sst_7,0.0666731694678111,0.0860287834042241,0.7750100237327938,incremental,2.949000597000122,ok,
enigma,epilepsy_gge,Sst_8,0.024416919931046555,0.03150529565210496,0.7750100237327938,incremental,2.949000597000122,ok,
enigma,epilepsy_gge,Sst_9,-0.002317241286883598,-0.0029899500857069315,0.7750100237327938,incremental,2.949000597000122,ok,
enigma,epilepsy_gge,VLMC_1,0.0014582514704065686,0.0018815904643180992,0.7750100237327938,incremental,2.949000597000122,ok,
enigma,epilepsy_gge,Vip_1,-1.1124759726865996e-05,-1.4354343022925294e-05,0.7750100237327938,incremental,2.949000597000122,ok,
enigma,epilepsy_gge,Vip_2,-0.0003870830724796992,-0.000499455569123267,0.7750100237327938,incremental,2.949000597000122,ok,
enigma,epilepsy_gge,Vip_3,0.0014347094718307751,0.0018512140848457347,0.7750100237327938,incremental,2.949000597000122,ok,
enigma,epilepsy_gge,Vip_4,0.0047774756268013086,0.006164404950262264,0.7750100237327938,incremental,2.949000597000122,ok,
enigma,epilepsy_gge,Vip_5,0.021594806455425886,0.027863906006551593,0.7750100237327938,incremental,2.949000597000122,ok,
enigma,epilepsy_gge,Vip_6,-0.0045845988406802984,-0.005915534896695693,0.7750100237327938,incremental,2.949000597000122,ok,
enigma,epilepsy_gge,Vip_7,0.007145163371535701,0.00921944639776581,0.7750100237327938,incremental,2.949000597000122,ok,
enigma,epilepsy_gge,Vip_8,0.007468081834806073,0.009636109993566871,0.7750100237327938,incremental,2.949000597000122,ok,
enigma,epilepsy_gge,Vip_9,0.013393126148173895,0.017281229581608028,0.7750100237327938,incremental,2.949000597000122,ok,
enigma,epilepsy_rtle,Astro_1,0.0013525656976686173,0.0014933417037343972,0.9057308814762612,incremental,3.0575804710388184,ok,
enigma,epilepsy_rtle,Astro_2,0.0004164903250831742,0.00045983893626805767,0.9057308814762612,incremental,3.0575804710388184,ok,
enigma,epilepsy_rtle,Chandelier_1,0.002030800215167994,0.0022421673553384524,0.9057308814762612,incremental,3.0575804710388184,ok,
enigma,epilepsy_rtle,Endo_1,-0.0005480182307949777,-0.0006050563605623742,0.9057308814762612,incremental,3.0575804710388184,ok,
enigma,epilepsy_rtle,L2/3 IT_1,0.0040437114610506475,0.004464583844662286,0.9057308814762612,incremental,3.0575804710388184,ok,
enigma,epilepsy_rtle,L2/3 IT_2,0.0013838521710992646,0.001527884495716551,0.9057308814762612,incremental,3.0575804710388184,ok,
enigma,epilepsy_rtle,L2/3 IT_3,0.00043472256827614686,0.0004799688043843526,0.9057308814762612,incremental,3.0575804710388184,ok,
enigma,epilepsy_rtle,L2/3 IT_4,-0.001588058925645064,-0.0017533452354596415,0.9057308814762612,incremental,3.0575804710388184,ok,
enigma,epilepsy_rtle,L2/3 IT_5,0.003576376748910204,0.003948608601134397,0.9057308814762612,incremental,3.0575804710388184,ok,
enigma,epilepsy_rtle,L2/3 IT_6,-0.0008244141527635751,-0.0009102197679512185,0.9057308814762612,incremental,3.0575804710388184,ok,
enigma,epilepsy_rtle,L2/3 IT_7,0.00294920921846753,0.0032561650251568984,0.9057308814762612,incremental,3.0575804710388184,ok,
enigma,epilepsy_rtle,L2/3 IT_8,-0.0018615092382332499,-0.002055256452335107,0.9057308814762612,incremental,3.0575804710388184,ok,
enigma,epilepsy_rtle,L4 IT_1,0.0003115040682225567,0.0003439256346375566,0.9057308814762612,incremental,3.0575804710388184,ok,
enigma,epilepsy_rtle,L4 IT_2,0.0017076546748772126,0.0018853885958861052,0.9057308814762612,incremental,3.0575804710388184,ok,
enigma,epilepsy_rtle,L4 IT_3,-0.0025912695166752098,-0.0028609707029660617,0.9057308814762612,incremental,3.0575804710388184,ok,
enigma,epilepsy_rtle,L5 ET_1,0.020225856137322307,0.022330977723047214,0.9057308814762612,incremental,3.0575804710388184,ok,
enigma,epilepsy_rtle,L5 IT_1,-0.001387648630601701,-0.0015320760934417479,0.9057308814762612,incremental,3.0575804710388184,ok,
enigma,epilepsy_rtle,L5 IT_2,0.021725335516362132,0.023986523989280077,0.9057308814762612,incremental,3.0575804710388184,ok,
enigma,epilepsy_rtle,L5 IT_3,-0.0019015328369006435,-0.0020994457358032366,0.9057308814762612,incremental,3.0575804710388184,ok,
enigma,epilepsy_rtle,L5 IT_4,0.0020362990048538032,0.0022482384629911437,0.9057308814762612,incremental,3.0575804710388184,ok,
enigma,epilepsy_rtle,L5 IT_5,-0.0009606179559544792,-0.0010605997604815648,0.9057308814762612,incremental,3.0575804710388184,ok,
enigma,epilepsy_rtle,L5/6 NP_1,0.002831175419660492,0.0031258461840739343,0.9057308814762612,incremental,3.0575804710388184,ok,
enigma,epilepsy_rtle,L5/6 NP_2,-0.001139601203540952,-0.0012582117126044138,0.9057308814762612,incremental,3.0575804710388184,ok,
enigma,epilepsy_rtle,L6 CT_1,0.0014781448303595734,0.001631991202453347,0.9057308814762612,incremental,3.0575804710388184,ok,
enigma,epilepsy_rtle,L6 CT_2,-0.002324850120178912,-0.0025668221849625044,0.9057308814762612,incremental,3.0575804710388184,ok,
enigma,epilepsy_rtle,L6 IT Car3_1,0.006050190619577234,0.006679898790373536,0.9057308814762612,incremental,3.0575804710388184,ok,
enigma,epilepsy_rtle,L6 IT_1,-0.002171421258843509,-0.002397424337905189,0.9057308814762612,incremental,3.0575804710388184,ok,
enigma,epilepsy_rtle,L6 IT_2,-0.0015901877966180145,-0.0017556956808474377,0.9057308814762612,incremental,3.0575804710388184,ok,
enigma,epilepsy_rtle,L6 IT_3,0.002713566989198113,0.0029959969839774467,0.9057308814762612,incremental,3.0575804710388184,ok,
enigma,epilepsy_rtle,L6b_1,0.016347019598736856,0.018048429100808245,0.9057308814762612,incremental,3.0575804710388184,ok,
enigma,epilepsy_rtle,L6b_2,0.0047185950914611086,0.005209709846450433,0.9057308814762612,incremental,3.0575804710388184,ok,
enigma,epilepsy_rtle,L6b_3,-2.581676253243792e-05,-2.8503789658092348e-05,0.9057308814762612,incremental,3.0575804710388184,ok,
enigma,epilepsy_rtle,Lamp5_1,0.0027526934567548844,0.0030391957622867374,0.9057308814762612,incremental,3.0575804710388184,ok,
enigma,epilepsy_rtle,Lamp5_2,0.0023587956142618882,0.0026043007503699775,0.9057308814762612,incremental,3.0575804710388184,ok,
enigma,epilepsy_rtle,Lamp5_Lhx6_1,0.0013915910567340317,0.0015364288501081705,0.9057308814762612,incremental,3.0575804710388184,ok,
enigma,epilepsy_rtle,Micro-PVM_1,-0.00013148101693161163,-0.00014516565529631628,0.9057308814762612,incremental,3.0575804710388184,ok,
enigma,epilepsy_rtle,Micro-PVM_2,-0.0010781656840475051,-0.0011903819402626422,0.9057308814762612,incremental,3.0575804710388184,ok,
enigma,epilepsy_rtle,OPC_1,0.02465152231219303,0.027217270401571413,0.9057308814762612,incremental,3.0575804710388184,ok,
enigma,epilepsy_rtle,Oligo_1,0.008092518348968958,0.008934793451868251,0.9057308814762612,incremental,3.0575804710388184,ok,
enigma,epilepsy_rtle,Oligo_2,0.5434092752942878,0.5999677016737894,0.9057308814762612,incremental,3.0575804710388184,ok,
enigma,epilepsy_rtle,Pax6_1,0.003307109688612364,0.0036513160324422944,0.9057308814762612,incremental,3.0575804710388184,ok,
enigma,epilepsy_rtle,Pax6_2,0.0041574878467763865,0.0045902021580627225,0.9057308814762612,incremental,3.0575804710388184,ok,
enigma,epilepsy_rtle,Pvalb_1,-0.0009017529782919809,-0.000995608073804664,0.9057308814762612,incremental,3.0575804710388184,ok,
enigma,epilepsy_rtle,Pvalb_2,-6.3921847510362e-05,-7.057487915855872e-05,0.9057308814762612,incremental,3.0575804710388184,ok,
enigma,epilepsy_rtle,Pvalb_3,0.0018653320130945783,0.0020594771043405875,0.9057308814762612,incremental,3.0575804710388184,ok,
enigma,epilepsy_rtle,Pvalb_4,0.002302204207454861,0.0025418192694307514,0.9057308814762612,incremental,3.0575804710388184,ok,
enigma,epilepsy_rtle,Pvalb_5,0.01984579293744293,0.021911357273251015,0.9057308814762612,incremental,3.0575804710388184,ok,
enigma,epilepsy_rtle,Sncg_1,0.0011699371183444551,0.00129170501113704,0.9057308814762612,incremental,3.0575804710388184,ok,
enigma,epilepsy_rtle,Sncg_2,0.0026163266111427497,0.002888635757763243,0.9057308814762612,incremental,3.0575804710388184,ok,
enigma,epilepsy_rtle,Sncg_3,-4.735045114234726e-05,-5.2278719993703e-05,0.9057308814762612,incremental,3.0575804710388184,ok,
enigma,epilepsy_rtle,Sncg_4,0.00017592930796006545,0.00019424015627392128,0.9057308814762612,incremental,3.0575804710388184,ok,
enigma,epilepsy_rtle,Sst_1,-0.0014223785296085811,-0.0015704207051991314,0.9057308814762612,incremental,3.0575804710388184,ok,
enigma,epilepsy_rtle,Sst_10,-0.002466371078862717,-0.00272307274633581,0.9057308814762612,incremental,3.0575804710388184,ok,
enigma,epilepsy_rtle,Sst_2,-0.0004155646606595065,-0.00045881692802852525,0.9057308814762612,incremental,3.0575804710388184,ok,
enigma,epilepsy_rtle,Sst_3,0.0006793039798739242,0.0007500064243881348,0.9057308814762612,incremental,3.0575804710388184,ok,
enigma,epilepsy_rtle,Sst_4,0.16193997970607843,0.17879480872080963,0.9057308814762612,incremental,3.0575804710388184,ok,
enigma,epilepsy_rtle,Sst_5,0.0021824595460059326,0.002409611497897385,0.9057308814762612,incremental,3.0575804710388184,ok,
enigma,epilepsy_rtle,Sst_6,-0.002618211258858749,-0.002890716560962674,0.9057308814762612,incremental,3.0575804710388184,ok,
enigma,epilepsy_rtle,Sst_7,0.0021694144868192877,0.002395208699612112,0.9057308814762612,incremental,3.0575804710388184,ok,
enigma,epilepsy_rtle,Sst_8,0.04326661460820491,0.04776983482961755,0.9057308814762612,incremental,3.0575804710388184,ok,
enigma,epilepsy_rtle,Sst_9,0.000180864388956814,0.00019968888403365583,0.9057308814762612,incremental,3.0575804710388184,ok,
enigma,epilepsy_rtle,VLMC_1,0.001339276738705042,0.001478669620408812,0.9057308814762612,incremental,3.0575804710388184,ok,
enigma,epilepsy_rtle,Vip_1,0.0014967241412638943,0.0016525042613368404,0.9057308814762612,incremental,3.0575804710388184,ok,
enigma,epilepsy_rtle,Vip_2,-0.0010754812462232533,-0.0011874181042279511,0.9057308814762612,incremental,3.0575804710388184,ok,
enigma,epilepsy_rtle,Vip_3,0.003790719419063615,0.004185260209837472,0.9057308814762612,incremental,3.0575804710388184,ok,
enigma,epilepsy_rtle,Vip_4,0.0008827003502281938,0.0009745724345729168,0.9057308814762612,incremental,3.0575804710388184,ok,
enigma,epilepsy_rtle,Vip_5,-5.615695472416249e-06,-6.200181077256814e-06,0.9057308814762612,incremental,3.0575804710388184,ok,
enigma,epilepsy_rtle,Vip_6,0.00027576347352853414,0.0003044651332623925,0.9057308814762612,incremental,3.0575804710388184,ok,
enigma,epilepsy_rtle,Vip_7,0.0019428922508709645,0.0021451098671872843,0.9057308814762612,incremental,3.0575804710388184,ok,
enigma,epilepsy_rtle,Vip_8,0.0008127518259757327,0.0008973436178426633,0.9057308814762612,incremental,3.0575804710388184,ok,
enigma,epilepsy_rtle,Vip_9,-0.0005169285328062712,-0.0005707308245510227,0.9057308814762612,incremental,3.0575804710388184,ok,
enigma,epilepsy_ltle,Astro_1,-0.0024626398448557296,-0.002792436108555387,0.8818965767240879,incremental,3.066824197769165,ok,
enigma,epilepsy_ltle,Astro_2,0.001147834476209475,0.0013015522528426696,0.8818965767240879,incremental,3.066824197769165,ok,
enigma,epilepsy_ltle,Chandelier_1,0.004508867266523997,0.005112693920723371,0.8818965767240879,incremental,3.066824197769165,ok,
enigma,epilepsy_ltle,Endo_1,7.706058949541461e-05,8.738052911109548e-05,0.8818965767240879,incremental,3.066824197769165,ok,
enigma,epilepsy_ltle,L2/3 IT_1,-0.0004275195468944615,-0.00048477288400702813,0.8818965767240879,incremental,3.066824197769165,ok,
enigma,epilepsy_ltle,L2/3 IT_2,-0.0010903626587627224,-0.0012363838204395884,0.8818965767240879,incremental,3.066824197769165,ok,
enigma,epilepsy_ltle,L2/3 IT_3,0.03056406258988964,0.034657196089164524,0.8818965767240879,incremental,3.066824197769165,ok,
enigma,epilepsy_ltle,L2/3 IT_4,-0.002130803455691943,-0.0024161602527215512,0.8818965767240879,incremental,3.066824197769165,ok,
enigma,epilepsy_ltle,L2/3 IT_5,0.005787526653311059,0.0065625911315015314,0.8818965767240879,incremental,3.066824197769165,ok,
enigma,epilepsy_ltle,L2/3 IT_6,0.002976295785333427,0.0033748807557335576,0.8818965767240879,incremental,3.066824197769165,ok,
enigma,epilepsy_ltle,L2/3 IT_7,0.005283627297232862,0.005991209668666068,0.8818965767240879,incremental,3.066824197769165,ok,
enigma,epilepsy_ltle,L2/3 IT_8,0.0007841968375664754,0.0008892163301953954,0.8818965767240879,incremental,3.066824197769165,ok,
enigma,epilepsy_ltle,L4 IT_1,0.0028568974156139015,0.0032394925788534006,0.8818965767240879,incremental,3.066824197769165,ok,
enigma,epilepsy_ltle,L4 IT_2,0.0031509248814567403,0.003572896147483908,0.8818965767240879,incremental,3.066824197769165,ok,
enigma,epilepsy_ltle,L4 IT_3,0.0174615360503676,0.019799981665912115,0.8818965767240879,incremental,3.066824197769165,ok,
enigma,epilepsy_ltle,L5 ET_1,0.0031793173675991326,0.0036050909500171704,0.8818965767240879,incremental,3.066824197769165,ok,
enigma,epilepsy_ltle,L5 IT_1,0.018126453877170157,0.020553945162711793,0.8818965767240879,incremental,3.066824197769165,ok,
enigma,epilepsy_ltle,L5 IT_2,-0.001472553667239529,-0.0016697577767106303,0.8818965767240879,incremental,3.066824197769165,ok,
enigma,epilepsy_ltle,L5 IT_3,0.010388095396112962,0.011779267172915905,0.8818965767240879,incremental,3.066824197769165,ok,
enigma,epilepsy_ltle,L5 IT_4,-0.0023464140606467287,-0.002660645389239143,0.8818965767240879,incremental,3.066824197769165,ok,
enigma,epilepsy_ltle,L5 IT_5,-0.000947106936158848,-0.0010739433184750438,0.8818965767240879,incremental,3.066824197769165,ok,
enigma,epilepsy_ltle,L5/6 NP_1,0.000866071797476442,0.0009820559692992243,0.8818965767240879,incremental,3.066824197769165,ok,
enigma,epilepsy_ltle,L5/6 NP_2,0.00030362921553417355,0.00034429118283012413,0.8818965767240879,incremental,3.066824197769165,ok,
enigma,epilepsy_ltle,L6 CT_1,2.9416010634553125e-05,3.335539723243112e-05,0.8818965767240879,incremental,3.066824197769165,ok,
enigma,epilepsy_ltle,L6 CT_2,0.012142993031525995,0.013769180368782719,0.8818965767240879,incremental,3.066824197769165,ok,
enigma,epilepsy_ltle,L6 IT Car3_1,0.0005564219394775805,0.0006309378607007155,0.8818965767240879,incremental,3.066824197769165,ok,
enigma,epilepsy_ltle,L6 IT_1,0.0014901066544255048,0.0016896614566309885,0.8818965767240879,incremental,3.066824197769165,ok,
enigma,epilepsy_ltle,L6 IT_2,-0.000707794183411159,-0.0008025818470010922,0.8818965767240879,incremental,3.066824197769165,ok,
enigma,epilepsy_ltle,L6 IT_3,0.0010395611609347322,0.0011787789956009451,0.8818965767240879,incremental,3.066824197769165,ok,
enigma,epilepsy_ltle,L6b_1,0.00045357718716310114,0.0005143201585473534,0.8818965767240879,incremental,3.066824197769165,ok,
enigma,epilepsy_ltle,L6b_2,0.006507596360540879,0.007379092438156566,0.8818965767240879,incremental,3.066824197769165,ok,
enigma,epilepsy_ltle,L6b_3,-0.0026078688096475844,-0.0029571141089296776,0.8818965767240879,incremental,3.066824197769165,ok,
enigma,epilepsy_ltle,Lamp5_1,-0.0003588979310344964,-0.0004069614742894982,0.8818965767240879,incremental,3.066824197769165,ok,
enigma,epilepsy_ltle,Lamp5_2,0.00225527501057321,0.002557301014763776,0.8818965767240879,incremental,3.066824197769165,ok,
enigma,epilepsy_ltle,Lamp5_Lhx6_1,0.016273230577192876,0.0184525385478213,0.8818965767240879,incremental,3.066824197769165,ok,
enigma,epilepsy_ltle,Micro-PVM_1,0.0005470242549299176,0.0006202816400103351,0.8818965767240879,incremental,3.066824197769165,ok,
enigma,epilepsy_ltle,Micro-PVM_2,0.0009268929067354215,0.0010510222300425271,0.8818965767240879,incremental,3.066824197769165,ok,
enigma,epilepsy_ltle,OPC_1,0.008456059151770945,0.009588492999011296,0.8818965767240879,incremental,3.066824197769165,ok,
enigma,epilepsy_ltle,Oligo_1,-0.0033047221015880535,-0.0037472898623371977,0.8818965767240879,incremental,3.066824197769165,ok,
enigma,epilepsy_ltle,Oligo_2,0.4619713849101892,0.5238385056740305,0.8818965767240879,incremental,3.066824197769165,ok,
enigma,epilepsy_ltle,Pax6_1,0.003089993978148242,0.003503805389092676,0.8818965767240879,incremental,3.066824197769165,ok,
enigma,epilepsy_ltle,Pax6_2,0.006468833439395638,0.007335138393920188,0.8818965767240879,incremental,3.066824197769165,ok,
enigma,epilepsy_ltle,Pvalb_1,-0.00010861811594331527,-0.0001231642335508212,0.8818965767240879,incremental,3.066824197769165,ok,
enigma,epilepsy_ltle,Pvalb_2,-0.0010661009037878921,-0.0012088729358130106,0.8818965767240879,incremental,3.066824197769165,ok,
enigma,epilepsy_ltle,Pvalb_3,0.0048479783663532006,0.005497218715103312,0.8818965767240879,incremental,3.066824197769165,ok,
enigma,epilepsy_ltle,Pvalb_4,0.0016261598469264893,0.00184393486701928,0.8818965767240879,incremental,3.066824197769165,ok,
enigma,epilepsy_ltle,Pvalb_5,0.012684152584289898,0.01438281190681874,0.8818965767240879,incremental,3.066824197769165,ok,
enigma,epilepsy_ltle,Sncg_1,-0.003101761485879484,-0.0035171487992405573,0.8818965767240879,incremental,3.066824197769165,ok,
enigma,epilepsy_ltle,Sncg_2,-0.0003340582523713165,-0.0003787952705431928,0.8818965767240879,incremental,3.066824197769165,ok,
enigma,epilepsy_ltle,Sncg_3,0.0015041970937486049,0.0017056388849315278,0.8818965767240879,incremental,3.066824197769165,ok,
enigma,epilepsy_ltle,Sncg_4,0.04139852805894917,0.04694261113103425,0.8818965767240879,incremental,3.066824197769165,ok,
enigma,epilepsy_ltle,Sst_1,0.0005709493350661843,0.0006474107623674479,0.8818965767240879,incremental,3.066824197769165,ok,
enigma,epilepsy_ltle,Sst_10,0.0031180845315322836,0.003535657824089518,0.8818965767240879,incremental,3.066824197769165,ok,
enigma,epilepsy_ltle,Sst_2,0.0013484281610426363,0.001529009406127345,0.8818965767240879,incremental,3.066824197769165,ok,
enigma,epilepsy_ltle,Sst_3,0.001741345687330531,0.001974546373452283,0.8818965767240879,incremental,3.066824197769165,ok,
enigma,epilepsy_ltle,Sst_4,0.08507512087831304,0.09646836502567559,0.8818965767240879,incremental,3.066824197769165,ok,
enigma,epilepsy_ltle,Sst_5,-0.0005263695191973783,-0.0005968608259628831,0.8818965767240879,incremental,3.066824197769165,ok,
enigma,epilepsy_ltle,Sst_6,-0.00047104870039527125,-0.0005341314535373739,0.8818965767240879,incremental,3.066824197769165,ok,
enigma,epilepsy_ltle,Sst_7,0.029049108285537528,0.0329393593900137,0.8818965767240879,incremental,3.066824197769165,ok,
enigma,epilepsy_ltle,Sst_8,0.0017734621167933007,0.0020109638290932495,0.8818965767240879,incremental,3.066824197769165,ok,
enigma,epilepsy_ltle,Sst_9,-0.0017935674727799222,-0.0020337616905627943,0.8818965767240879,incremental,3.066824197769165,ok,
enigma,epilepsy_ltle,VLMC_1,-0.0021985591309945374,-0.002492989755285538,0.8818965767240879,incremental,3.066824197769165,ok,
enigma,epilepsy_ltle,Vip_1,-0.0004698160256728645,-0.0005327336992485595,0.8818965767240879,incremental,3.066824197769165,ok,
enigma,epilepsy_ltle,Vip_2,-0.0015036600326440164,-0.001705029900705074,0.8818965767240879,incremental,3.066824197769165,ok,
enigma,epilepsy_ltle,Vip_3,0.0025874243933522445,0.0029339317802587997,0.8818965767240879,incremental,3.066824197769165,ok,
enigma,epilepsy_ltle,Vip_4,0.0021318319723391266,0.0024173265081242016,0.8818965767240879,incremental,3.066824197769165,ok,
enigma,epilepsy_ltle,Vip_5,0.0015563833258376292,0.0017648138873823554,0.8818965767240879,incremental,3.066824197769165,ok,
enigma,epilepsy_ltle,Vip_6,0.001526935884953673,0.001731422850767447,0.8818965767240879,incremental,3.066824197769165,ok,
enigma,epilepsy_ltle,Vip_7,0.04877871351051999,0.055311149626767406,0.8818965767240879,incremental,3.066824197769165,ok,
enigma,epilepsy_ltle,Vip_8,0.036860905955014345,0.04179731153049563,0.8818965767240879,incremental,3.066824197769165,ok,
enigma,epilepsy_ltle,Vip_9,0.0034763455012540856,0.003941897035327423,0.8818965767240879,incremental,3.066824197769165,ok,
enigma,depression,Astro_1,-0.004502034348834116,-0.005498803578557285,0.8187297990402688,incremental,2.8884286880493164,ok,
enigma,depression,Astro_2,-0.00304880851924183,-0.0037238274737473875,0.8187297990402688,incremental,2.8884286880493164,ok,
enigma,depression,Chandelier_1,0.018474031715708383,0.022564259585230693,0.8187297990402688,incremental,2.8884286880493164,ok,
enigma,depression,Endo_1,0.0028827163572276993,0.0035209618125624305,0.8187297990402688,incremental,2.8884286880493164,ok,
enigma,depression,L2/3 IT_1,-0.0001217566572337958,-0.00014871409026094,0.8187297990402688,incremental,2.8884286880493164,ok,
enigma,depression,L2/3 IT_2,0.001850624089913988,0.002260360001655401,0.8187297990402688,incremental,2.8884286880493164,ok,
enigma,depression,L2/3 IT_3,0.019112124983930556,0.023343629371172476,0.8187297990402688,incremental,2.8884286880493164,ok,
enigma,depression,L2/3 IT_4,0.0012996248968037971,0.0015873672832322008,0.8187297990402688,incremental,2.8884286880493164,ok,
enigma,depression,L2/3 IT_5,0.002035688161999283,0.0024863980331307797,0.8187297990402688,incremental,2.8884286880493164,ok,
enigma,depression,L2/3 IT_6,0.016250646423319637,0.0198486074922019,0.8187297990402688,incremental,2.8884286880493164,ok,
enigma,depression,L2/3 IT_7,0.002319498141140075,0.00283304472838174,0.8187297990402688,incremental,2.8884286880493164,ok,
enigma,depression,L2/3 IT_8,0.0021802761359586142,0.002662998389107587,0.8187297990402688,incremental,2.8884286880493164,ok,
enigma,depression,L4 IT_1,0.055488254214212884,0.06777358571687181,0.8187297990402688,incremental,2.8884286880493164,ok,
enigma,depression,L4 IT_2,0.003661008343478711,0.004471570898934199,0.8187297990402688,incremental,2.8884286880493164,ok,
enigma,depression,L4 IT_3,-0.0003318562359623245,-0.0004053305942343041,0.8187297990402688,incremental,2.8884286880493164,ok,
enigma,depression,L5 ET_1,0.0004227667959633141,0.0005163691323546421,0.8187297990402688,incremental,2.8884286880493164,ok,
enigma,depression,L5 IT_1,0.00437796646223898,0.0053472665430901855,0.8187297990402688,incremental,2.8884286880493164,ok,
enigma,depression,L5 IT_2,0.09607610545941236,0.11734775694256477,0.8187297990402688,incremental,2.8884286880493164,ok,
enigma,depression,L5 IT_3,0.006713035083935837,0.00819932912153068,0.8187297990402688,incremental,2.8884286880493164,ok,
enigma,depression,L5 IT_4,-0.002459113633494603,-0.0030035716745344123,0.8187297990402688,incremental,2.8884286880493164,ok,
enigma,depression,L5 IT_5,0.0027620232604846917,0.003373546759532131,0.8187297990402688,incremental,2.8884286880493164,ok,
enigma,depression,L5/6 NP_1,0.010695390583697173,0.013063394780835534,0.8187297990402688,incremental,2.8884286880493164,ok,
enigma,depression,L5/6 NP_2,-0.0008713010871878035,-0.0010642107911659742,0.8187297990402688,incremental,2.8884286880493164,ok,
enigma,depression,L6 CT_1,-0.0002054947813545649,-0.00025099218520621816,0.8187297990402688,incremental,2.8884286880493164,ok,
enigma,depression,L6 CT_2,0.0005596376084069377,0.0006835437149874793,0.8187297990402688,incremental,2.8884286880493164,ok,
enigma,depression,L6 IT Car3_1,0.018336453456796797,0.022396220924523758,0.8187297990402688,incremental,2.8884286880493164,ok,
enigma,depression,L6 IT_1,0.006200529143088329,0.0075733522223775315,0.8187297990402688,incremental,2.8884286880493164,ok,
enigma,depression,L6 IT_2,0.0007605696062632505,0.0009289628973500235,0.8187297990402688,incremental,2.8884286880493164,ok,
enigma,depression,L6 IT_3,-0.00426163905556054,-0.005205183762159527,0.8187297990402688,incremental,2.8884286880493164,ok,
enigma,depression,L6b_1,0.0011016116040476476,0.0013455130194833247,0.8187297990402688,incremental,2.8884286880493164,ok,
enigma,depression,L6b_2,-0.004758828432840589,-0.005812452946526415,0.8187297990402688,incremental,2.8884286880493164,ok,
enigma,depression,L6b_3,0.032877414287953544,0.04015661128554634,0.8187297990402688,incremental,2.8884286880493164,ok,
enigma,depression,Lamp5_1,0.03892273162006532,0.04754038715299152,0.8187297990402688,incremental,2.8884286880493164,ok,
enigma,depression,Lamp5_2,-0.0022013214046529006,-0.002688703168289872,0.8187297990402688,incremental,2.8884286880493164,ok,
enigma,depression,Lamp5_Lhx6_1,-0.0011084786280496361,-0.0013539004313132571,0.8187297990402688,incremental,2.8884286880493164,ok,
enigma,depression,Micro-PVM_1,-0.004003823722649957,-0.004890287036508649,0.8187297990402688,incremental,2.8884286880493164,ok,
enigma,depression,Micro-PVM_2,-0.0035568441380250393,-0.004344344302838913,0.8187297990402688,incremental,2.8884286880493164,ok,
enigma,depression,OPC_1,0.0007158844363099881,0.0008743842439216967,0.8187297990402688,incremental,2.8884286880493164,ok,
enigma,depression,Oligo_1,-0.002881550745681194,-0.0035195381297456188,0.8187297990402688,incremental,2.8884286880493164,ok,
enigma,depression,Oligo_2,-0.00023056493548190282,-0.00028161297628616377,0.8187297990402688,incremental,2.8884286880493164,ok,
enigma,depression,Pax6_1,0.0028862554908336557,0.003525284525147346,0.8187297990402688,incremental,2.8884286880493164,ok,
enigma,depression,Pax6_2,-0.0009029788800192229,-0.00110290217978839,0.8187297990402688,incremental,2.8884286880493164,ok,
enigma,depression,Pvalb_1,0.39822453275275904,0.48639310944778813,0.8187297990402688,incremental,2.8884286880493164,ok,
enigma,depression,Pvalb_2,-0.005040026591409452,-0.006155909553209705,0.8187297990402688,incremental,2.8884286880493164,ok,
enigma,depression,Pvalb_3,-0.0013064823169618434,-0.0015957429648869844,0.8187297990402688,incremental,2.8884286880493164,ok,
enigma,depression,Pvalb_4,-0.0025080653511692086,-0.0030633615071898107,0.8187297990402688,incremental,2.8884286880493164,ok,
enigma,depression,Pvalb_5,-0.0011702412192243772,-0.0014293375184293489,0.8187297990402688,incremental,2.8884286880493164,ok,
enigma,depression,Sncg_1,0.006898825196889891,0.008426253942359041,0.8187297990402688,incremental,2.8884286880493164,ok,
enigma,depression,Sncg_2,0.020960337397427087,0.025601043741167364,0.8187297990402688,incremental,2.8884286880493164,ok,
enigma,depression,Sncg_3,0.004313078122020975,0.005268011653022584,0.8187297990402688,incremental,2.8884286880493164,ok,
enigma,depression,Sncg_4,0.00013038233313555914,0.00015924952687491756,0.8187297990402688,incremental,2.8884286880493164,ok,
enigma,depression,Sst_1,5.122503214682883e-05,6.256646845745181e-05,0.8187297990402688,incremental,2.8884286880493164,ok,
enigma,depression,Sst_10,0.0007538474940506079,0.000920752481385535,0.8187297990402688,incremental,2.8884286880493164,ok,
enigma,depression,Sst_2,0.005350079518078532,0.006534609494304471,0.8187297990402688,incremental,2.8884286880493164,ok,
enigma,depression,Sst_3,0.0007782699766311074,0.0009505822037299862,0.8187297990402688,incremental,2.8884286880493164,ok,
enigma,depression,Sst_4,-0.00020892558634399983,-0.0002551825847659466,0.8187297990402688,incremental,2.8884286880493164,ok,
enigma,depression,Sst_5,0.0024088752940037983,0.0029422103566128037,0.8187297990402688,incremental,2.8884286880493164,ok,
enigma,depression,Sst_6,-0.003656864415934602,-0.004466509488504328,0.8187297990402688,incremental,2.8884286880493164,ok,
enigma,depression,Sst_7,0.0010677997157758634,0.0013042150377665005,0.8187297990402688,incremental,2.8884286880493164,ok,
enigma,depression,Sst_8,0.00040231028832948823,0.0004913834683934606,0.8187297990402688,incremental,2.8884286880493164,ok,
enigma,depression,Sst_9,-0.0007443853064550421,-0.0009091953258909413,0.8187297990402688,incremental,2.8884286880493164,ok,
enigma,depression,VLMC_1,-0.00486370627582855,-0.005940551182490099,0.8187297990402688,incremental,2.8884286880493164,ok,
enigma,depression,Vip_1,0.03162748679113214,0.03862994461445828,0.8187297990402688,incremental,2.8884286880493164,ok,
enigma,depression,Vip_2,0.0032272893351631415,0.003941824688616725,0.8187297990402688,incremental,2.8884286880493164,ok,
enigma,depression,Vip_3,0.004185799159635684,0.005112552596158538,0.8187297990402688,incremental,2.8884286880493164,ok,
enigma,depression,Vip_4,-3.0475599434254264e-05,-3.722302458024413e-05,0.8187297990402688,incremental,2.8884286880493164,ok,
enigma,depression,Vip_5,0.0007568724280715422,0.0009244471484472203,0.8187297990402688,incremental,2.8884286880493164,ok,
enigma,depression,Vip_6,-0.0007902864063571435,-0.0009652591212430925,0.8187297990402688,incremental,2.8884286880493164,ok,
enigma,depression,Vip_7,0.029169933565946105,0.03562827882915667,0.8187297990402688,incremental,2.8884286880493164,ok,
enigma,depression,Vip_8,0.017301120652445268,0.021131661108128693,0.8187297990402688,incremental,2.8884286880493164,ok,
enigma,depression,Vip_9,-0.0020752801011768574,-0.0025347557931927503,0.8187297990402688,incremental,2.8884286880493164,ok,
enigma,ocd,Astro_1,0.003310146456556695,0.003930165852029013,0.8422409081916422,incremental,3.052659034729004,ok,
enigma,ocd,Astro_2,0.0035314542858482234,0.004192926574215606,0.8422409081916422,incremental,3.052659034729004,ok,
enigma,ocd,Chandelier_1,0.005261186400692397,0.006246652649523496,0.8422409081916422,incremental,3.052659034729004,ok,
enigma,ocd,Endo_1,0.1458274840370335,0.17314224780429702,0.8422409081916422,incremental,3.052659034729004,ok,
enigma,ocd,L2/3 IT_1,0.001495769053789564,0.0017759396857142673,0.8422409081916422,incremental,3.052659034729004,ok,
enigma,ocd,L2/3 IT_2,0.0009345126931090686,0.0011095550976211084,0.8422409081916422,incremental,3.052659034729004,ok,
enigma,ocd,L2/3 IT_3,0.06622787502696226,0.0786329355209767,0.8422409081916422,incremental,3.052659034729004,ok,
enigma,ocd,L2/3 IT_4,0.0008525743105837202,0.0010122689390785645,0.8422409081916422,incremental,3.052659034729004,ok,
enigma,ocd,L2/3 IT_5,-0.0034958310474715315,-0.004150630791583559,0.8422409081916422,incremental,3.052659034729004,ok,
enigma,ocd,L2/3 IT_6,0.00024989610118675287,0.0002967038275584352,0.8422409081916422,incremental,3.052659034729004,ok,
enigma,ocd,L2/3 IT_7,0.0017114281180140578,0.0020319935797094317,0.8422409081916422,incremental,3.052659034729004,ok,
enigma,ocd,L2/3 IT_8,0.005476972328325114,0.006502857169553312,0.8422409081916422,incremental,3.052659034729004,ok,
enigma,ocd,L4 IT_1,0.0029495210785693837,0.0035019921852314662,0.8422409081916422,incremental,3.052659034729004,ok,
enigma,ocd,L4 IT_2,0.010147916811351076,0.012048710425547313,0.8422409081916422,incremental,3.052659034729004,ok,
enigma,ocd,L4 IT_3,0.024653528318748674,0.02927134989403655,0.8422409081916422,incremental,3.052659034729004,ok,
enigma,ocd,L5 ET_1,0.000936299123722284,0.0011116761423196507,0.8422409081916422,incremental,3.052659034729004,ok,
enigma,ocd,L5 IT_1,0.009435367797343552,0.011202694746330991,0.8422409081916422,incremental,3.052659034729004,ok,
enigma,ocd,L5 IT_2,0.0008782871358330446,0.0010427980014872426,0.8422409081916422,incremental,3.052659034729004,ok,
enigma,ocd,L5 IT_3,0.017832473140398042,0.021172651395769616,0.8422409081916422,incremental,3.052659034729004,ok,
enigma,ocd,L5 IT_4,1.2780741966089693e-05,1.5174686769289033e-05,0.8422409081916422,incremental,3.052659034729004,ok,
enigma,ocd,L5 IT_5,0.0024729139482886353,0.002936112369082353,0.8422409081916422,incremental,3.052659034729004,ok,
enigma,ocd,L5/6 NP_1,0.00037078569663751004,0.0004402371020348753,0.8422409081916422,incremental,3.052659034729004,ok,
enigma,ocd,L5/6 NP_2,-0.0018424842185351675,-0.002187597634613981,0.8422409081916422,incremental,3.052659034729004,ok,
enigma,ocd,L6 CT_1,-0.004435624946902195,-0.005266456311681454,0.8422409081916422,incremental,3.052659034729004,ok,
enigma,ocd,L6 CT_2,0.001817558119849294,0.0021580026595380353,0.8422409081916422,incremental,3.052659034729004,ok,
enigma,ocd,L6 IT Car3_1,0.15162996803878925,0.18003158783197884,0.8422409081916422,incremental,3.052659034729004,ok,
enigma,ocd,L6 IT_1,0.0031790661206478887,0.003774533022236589,0.8422409081916422,incremental,3.052659034729004,ok,
enigma,ocd,L6 IT_2,0.0005614296315447076,0.0006665903141063777,0.8422409081916422,incremental,3.052659034729004,ok,
enigma,ocd,L6 IT_3,0.041329968364202996,0.04907143308075798,0.8422409081916422,incremental,3.052659034729004,ok,
enigma,ocd,L6b_1,-0.003162074896220335,-0.0037543591927986014,0.8422409081916422,incremental,3.052659034729004,ok,
enigma,ocd,L6b_2,0.0010326576742611948,0.0012260834925228133,0.8422409081916422,incremental,3.052659034729004,ok,
enigma,ocd,L6b_3,0.024084566069322855,0.028595816036808663,0.8422409081916422,incremental,3.052659034729004,ok,
enigma,ocd,Lamp5_1,0.03413636095504591,0.04053040005898,0.8422409081916422,incremental,3.052659034729004,ok,
enigma,ocd,Lamp5_2,0.01657416266806999,0.01967864836161429,0.8422409081916422,incremental,3.052659034729004,ok,
enigma,ocd,Lamp5_Lhx6_1,0.011098531962534519,0.013177384112538472,0.8422409081916422,incremental,3.052659034729004,ok,
enigma,ocd,Micro-PVM_1,-0.0029130456201317267,-0.003458684554264012,0.8422409081916422,incremental,3.052659034729004,ok,
enigma,ocd,Micro-PVM_2,0.00047159923791406655,0.0005599339017225218,0.8422409081916422,incremental,3.052659034729004,ok,
enigma,ocd,OPC_1,0.0023263786791920538,0.0027621297618836546,0.8422409081916422,incremental,3.052659034729004,ok,
enigma,ocd,Oligo_1,0.04631472471536202,0.05498987791367602,0.8422409081916422,incremental,3.052659034729004,ok,
enigma,ocd,Oligo_2,0.0017646630082982506,0.002095199830755219,0.8422409081916422,incremental,3.052659034729004,ok,
enigma,ocd,Pax6_1,0.0031538685449379322,0.0037446157201144947,0.8422409081916422,incremental,3.052659034729004,ok,
enigma,ocd,Pax6_2,0.004782057442799581,0.005677778645384295,0.8422409081916422,incremental,3.052659034729004,ok,
enigma,ocd,Pvalb_1,-0.0006414420534333054,-0.0007615897627325324,0.8422409081916422,incremental,3.052659034729004,ok,
enigma,ocd,Pvalb_2,0.0011805218728272449,0.0014016439493088962,0.8422409081916422,incremental,3.052659034729004,ok,
enigma,ocd,Pvalb_3,0.0037801808754386323,0.0044882418304223425,0.8422409081916422,incremental,3.052659034729004,ok,
enigma,ocd,Pvalb_4,-0.0012359931766483534,-0.0014675055137159372,0.8422409081916422,incremental,3.052659034729004,ok,
enigma,ocd,Pvalb_5,-0.003492629531948399,-0.004146829604189318,0.8422409081916422,incremental,3.052659034729004,ok,
enigma,ocd,Sncg_1,0.006417007654366036,0.007618969337578079,0.8422409081916422,incremental,3.052659034729004,ok,
enigma,ocd,Sncg_2,-0.0004931866592682299,-0.0005855648359887204,0.8422409081916422,incremental,3.052659034729004,ok,
enigma,ocd,Sncg_3,0.013147477094374804,0.01561011459607617,0.8422409081916422,incremental,3.052659034729004,ok,
enigma,ocd,Sncg_4,-0.004207191642201735,-0.004995235450193114,0.8422409081916422,incremental,3.052659034729004,ok,
enigma,ocd,Sst_1,0.001666887661822658,0.001979110306339308,0.8422409081916422,incremental,3.052659034729004,ok,
enigma,ocd,Sst_10,0.0011647182252795263,0.0013828801402917703,0.8422409081916422,incremental,3.052659034729004,ok,
enigma,ocd,Sst_2,0.0021448296137847045,0.0025465749679504683,0.8422409081916422,incremental,3.052659034729004,ok,
enigma,ocd,Sst_3,0.022879542614719472,0.02716508114506532,0.8422409081916422,incremental,3.052659034729004,ok,
enigma,ocd,Sst_4,0.002776586606697884,0.00329666557358207,0.8422409081916422,incremental,3.052659034729004,ok,
enigma,ocd,Sst_5,-0.0014184833101896777,-0.0016841776460790458,0.8422409081916422,incremental,3.052659034729004,ok,
enigma,ocd,Sst_6,0.0012573366019654753,0.0014928467493523633,0.8422409081916422,incremental,3.052659034729004,ok,
enigma,ocd,Sst_7,0.002634529507110628,0.003127999936226288,0.8422409081916422,incremental,3.052659034729004,ok,
enigma,ocd,Sst_8,0.02423869870364126,0.028778819062213044,0.8422409081916422,incremental,3.052659034729004,ok,
enigma,ocd,Sst_9,0.016974020447587668,0.02015340300203683,0.8422409081916422,incremental,3.052659034729004,ok,
enigma,ocd,VLMC_1,-0.0009477646076632151,-0.0011252892117270112,0.8422409081916422,incremental,3.052659034729004,ok,
enigma,ocd,Vip_1,0.03113490893702897,0.03696674981494081,0.8422409081916422,incremental,3.052659034729004,ok,
enigma,ocd,Vip_2,0.0013470642690512902,0.001599381193610678,0.8422409081916422,incremental,3.052659034729004,ok,
enigma,ocd,Vip_3,0.08222690395396415,0.09762872255933497,0.8422409081916422,incremental,3.052659034729004,ok,
enigma,ocd,Vip_4,0.0007675016443589033,0.0009112614180743013,0.8422409081916422,incremental,3.052659034729004,ok,
enigma,ocd,Vip_5,-0.0023907855749222273,-0.0028386006327517773,0.8422409081916422,incremental,3.052659034729004,ok,
enigma,ocd,Vip_6,0.003869884036946436,0.004594747178993458,0.8422409081916422,incremental,3.052659034729004,ok,
enigma,ocd,Vip_7,-0.0009802072281368535,-0.0011638086188919935,0.8422409081916422,incremental,3.052659034729004,ok,
enigma,ocd,Vip_8,0.00368678123620636,0.004377347621504364,0.8422409081916422,incremental,3.052659034729004,ok,
enigma,ocd,Vip_9,0.001775537310410913,0.0021081109848049675,0.8422409081916422,incremental,3.052659034729004,ok,
enigma,schizophrenia,Astro_1,-0.00072937912372395,-0.00090262230068497,0.8080668106365735,incremental,2.9526538848876953,ok,
enigma,schizophrenia,Astro_2,-0.001617277144651208,-0.0020014151346930834,0.8080668106365735,incremental,2.9526538848876953,ok,
enigma,schizophrenia,Chandelier_1,-0.005328608888569897,-0.006594267724437489,0.8080668106365735,incremental,2.9526538848876953,ok,
enigma,schizophrenia,Endo_1,0.020816763479503564,0.02576119103704392,0.8080668106365735,incremental,2.9526538848876953,ok,
enigma,schizophrenia,L2/3 IT_1,0.07070016514387067,0.08749296990452432,0.8080668106365735,incremental,2.9526538848876953,ok,
enigma,schizophrenia,L2/3 IT_2,0.046916014956736474,0.05805957420745605,0.8080668106365735,incremental,2.9526538848876953,ok,
enigma,schizophrenia,L2/3 IT_3,0.0026903388967491892,0.003329352055221538,0.8080668106365735,incremental,2.9526538848876953,ok,
enigma,schizophrenia,L2/3 IT_4,0.0076668589375537,0.009487902283121803,0.8080668106365735,incremental,2.9526538848876953,ok,
enigma,schizophrenia,L2/3 IT_5,-0.0033288143136553927,-0.004119479070094516,0.8080668106365735,incremental,2.9526538848876953,ok,
enigma,schizophrenia,L2/3 IT_6,0.004716296389258301,0.005836517880919931,0.8080668106365735,incremental,2.9526538848876953,ok,
enigma,schizophrenia,L2/3 IT_7,-0.0022642752056073467,-0.0028020891042704887,0.8080668106365735,incremental,2.9526538848876953,ok,
enigma,schizophrenia,L2/3 IT_8,-0.004008341967559392,-0.004960409108253966,0.8080668106365735,incremental,2.9526538848876953,ok,
enigma,schizophrenia,L4 IT_1,0.014856663053169461,0.01838543899787912,0.8080668106365735,incremental,2.9526538848876953,ok,
enigma,schizophrenia,L4 IT_2,0.0007271925193992335,0.0008999163309607662,0.8080668106365735,incremental,2.9526538848876953,ok,
enigma,schizophrenia,L4 IT_3,-0.004274632223617791,-0.005289949008362749,0.8080668106365735,incremental,2.9526538848876953,ok,
enigma,schizophrenia,L5 ET_1,0.007016748345381574,0.008683376489443943,0.8080668106365735,incremental,2.9526538848876953,ok,
enigma,schizophrenia,L5 IT_1,0.0025219907437392663,0.003121017607136357,0.8080668106365735,incremental,2.9526538848876953,ok,
enigma,schizophrenia,L5 IT_2,0.0016827686465289426,0.002082462272152104,0.8080668106365735,incremental,2.9526538848876953,ok,
enigma,schizophrenia,L5 IT_3,-2.8163475007669803e-05,-3.4852904038322485e-05,0.8080668106365735,incremental,2.9526538848876953,ok,
enigma,schizophrenia,L5 IT_4,-0.0012869967389290693,-0.0015926860526733026,0.8080668106365735,incremental,2.9526538848876953,ok,
enigma,schizophrenia,L5 IT_5,0.01740183206978907,0.021535140214557717,0.8080668106365735,incremental,2.9526538848876953,ok,
enigma,schizophrenia,L5/6 NP_1,0.0021382079934119114,0.0026460782267836097,0.8080668106365735,incremental,2.9526538848876953,ok,
enigma,schizophrenia,L5/6 NP_2,-0.003573409529819882,-0.004422170893276566,0.8080668106365735,incremental,2.9526538848876953,ok,
enigma,schizophrenia,L6 CT_1,0.00019148260883039558,0.00023696383307656292,0.8080668106365735,incremental,2.9526538848876953,ok,
enigma,schizophrenia,L6 CT_2,0.00043027192437239403,0.0005324707297821541,0.8080668106365735,incremental,2.9526538848876953,ok,
enigma,schizophrenia,L6 IT Car3_1,0.05371721268462348,0.0664762021871762,0.8080668106365735,incremental,2.9526538848876953,ok,
enigma,schizophrenia,L6 IT_1,0.00036598857928760165,0.00045291871225262376,0.8080668106365735,incremental,2.9526538848876953,ok,
enigma,schizophrenia,L6 IT_2,0.001771230963902859,0.0021919362861933787,0.8080668106365735,incremental,2.9526538848876953,ok,
enigma,schizophrenia,L6 IT_3,0.06047879024829028,0.07484379936437026,0.8080668106365735,incremental,2.9526538848876953,ok,
enigma,schizophrenia,L6b_1,-0.0008238723345256327,-0.0010195596746222111,0.8080668106365735,incremental,2.9526538848876953,ok,
enigma,schizophrenia,L6b_2,0.00012146599769302657,0.00015031677590784714,0.8080668106365735,incremental,2.9526538848876953,ok,
enigma,schizophrenia,L6b_3,0.008432904448981815,0.010435900024576677,0.8080668106365735,incremental,2.9526538848876953,ok,
enigma,schizophrenia,Lamp5_1,0.001930185569893883,0.0023886460184812373,0.8080668106365735,incremental,2.9526538848876953,ok,
enigma,schizophrenia,Lamp5_2,-0.0010050687175451323,-0.0012437940827607632,0.8080668106365735,incremental,2.9526538848876953,ok,
enigma,schizophrenia,Lamp5_Lhx6_1,0.013609663388661764,0.01684225018218535,0.8080668106365735,incremental,2.9526538848876953,ok,
enigma,schizophrenia,Micro-PVM_1,0.0013716582806932998,0.0016974565254236143,0.8080668106365735,incremental,2.9526538848876953,ok,
enigma,schizophrenia,Micro-PVM_2,-0.0016102626100346074,-0.0019927344977404594,0.8080668106365735,incremental,2.9526538848876953,ok,
enigma,schizophrenia,OPC_1,-0.002277957193763114,-0.002819020857902331,0.8080668106365735,incremental,2.9526538848876953,ok,
enigma,schizophrenia,Oligo_1,-0.0025830675384144186,-0.0031966014497978785,0.8080668106365735,incremental,2.9526538848876953,ok,
enigma,schizophrenia,Oligo_2,-0.0005908417476903072,-0.0007311793281360706,0.8080668106365735,incremental,2.9526538848876953,ok,
enigma,schizophrenia,Pax6_1,-0.0012048612781245804,-0.0014910416592601086,0.8080668106365735,incremental,2.9526538848876953,ok,
enigma,schizophrenia,Pax6_2,0.005884986433722927,0.007282796863154041,0.8080668106365735,incremental,2.9526538848876953,ok,
enigma,schizophrenia,Pvalb_1,0.004081154625855565,0.005050516333718174,0.8080668106365735,incremental,2.9526538848876953,ok,
enigma,schizophrenia,Pvalb_2,0.007901820188546016,0.009778671867888217,0.8080668106365735,incremental,2.9526538848876953,ok,
enigma,schizophrenia,Pvalb_3,-0.0006545784779545816,-0.0008100548981078954,0.8080668106365735,incremental,2.9526538848876953,ok,
enigma,schizophrenia,Pvalb_4,-0.0005426866111249984,-0.000671586314376016,0.8080668106365735,incremental,2.9526538848876953,ok,
enigma,schizophrenia,Pvalb_5,0.0010405865335610942,0.0012877481414455666,0.8080668106365735,incremental,2.9526538848876953,ok,
enigma,schizophrenia,Sncg_1,-0.005256491224234661,-0.006505020568897932,0.8080668106365735,incremental,2.9526538848876953,ok,
enigma,schizophrenia,Sncg_2,-0.0038222291453016144,-0.004730090501168541,0.8080668106365735,incremental,2.9526538848876953,ok,
enigma,schizophrenia,Sncg_3,0.01516010884917307,0.01876095967514164,0.8080668106365735,incremental,2.9526538848876953,ok,
enigma,schizophrenia,Sncg_4,0.0010454459277999817,0.001293761745982869,0.8080668106365735,incremental,2.9526538848876953,ok,
enigma,schizophrenia,Sst_1,-0.001691825000089242,-0.0020936697038162816,0.8080668106365735,incremental,2.9526538848876953,ok,
enigma,schizophrenia,Sst_10,0.005116652789711407,0.006331967508578461,0.8080668106365735,incremental,2.9526538848876953,ok,
enigma,schizophrenia,Sst_2,0.0034180813719578707,0.004229948968285428,0.8080668106365735,incremental,2.9526538848876953,ok,
enigma,schizophrenia,Sst_3,-0.0005772425800560921,-0.0007143500666750014,0.8080668106365735,incremental,2.9526538848876953,ok,
enigma,schizophrenia,Sst_4,-0.004739373600223473,-0.0058650764241757695,0.8080668106365735,incremental,2.9526538848876953,ok,
enigma,schizophrenia,Sst_5,-0.0010494336708384289,-0.0012986966634747849,0.8080668106365735,incremental,2.9526538848876953,ok,
enigma,schizophrenia,Sst_6,-0.0015521366043623752,-0.0019208023197235923,0.8080668106365735,incremental,2.9526538848876953,ok,
enigma,schizophrenia,Sst_7,0.019256163350162114,0.023829914923733375,0.8080668106365735,incremental,2.9526538848876953,ok,
enigma,schizophrenia,Sst_8,0.06465115329183513,0.08000718807013578,0.8080668106365735,incremental,2.9526538848876953,ok,
enigma,schizophrenia,Sst_9,0.1521832726714093,0.18833006215355308,0.8080668106365735,incremental,2.9526538848876953,ok,
enigma,schizophrenia,VLMC_1,-4.661136648786979e-05,-5.76825651967448e-05,0.8080668106365735,incremental,2.9526538848876953,ok,
enigma,schizophrenia,Vip_1,0.002056255186341005,0.002544659871281116,0.8080668106365735,incremental,2.9526538848876953,ok,
enigma,schizophrenia,Vip_2,-0.0045058523706220655,-0.005576088896749113,0.8080668106365735,incremental,2.9526538848876953,ok,
enigma,schizophrenia,Vip_3,-0.0024460505298777857,-0.003027039964617347,0.8080668106365735,incremental,2.9526538848876953,ok,
enigma,schizophrenia,Vip_4,-0.002897650892202064,-0.003585905093564444,0.8080668106365735,incremental,2.9526538848876953,ok,
enigma,schizophrenia,Vip_5,0.009621276078446317,0.011906535390145441,0.8080668106365735,incremental,2.9526538848876953,ok,
enigma,schizophrenia,Vip_6,0.2481286263648086,0.3070644940476388,0.8080668106365735,incremental,2.9526538848876953,ok,
enigma,schizophrenia,Vip_7,-0.0015355277952008306,-0.0019002485623573412,0.8080668106365735,incremental,2.9526538848876953,ok,
enigma,schizophrenia,Vip_8,-0.0008716852576047263,-0.0010787291918573365,0.8080668106365735,incremental,2.9526538848876953,ok,
enigma,schizophrenia,Vip_9,-0.005026263739658865,-0.006220109121545666,0.8080668106365735,incremental,2.9526538848876953,ok,
enigma,bipolar,Astro_1,0.0020900895360891347,0.0026504644068356285,0.7885748364319589,incremental,2.9358651638031006,ok,
enigma,bipolar,Astro_2,0.010924088731082637,0.01385295120563387,0.7885748364319589,incremental,2.9358651638031006,ok,
enigma,bipolar,Chandelier_1,0.06776441555308121,0.08593276430134754,0.7885748364319589,incremental,2.9358651638031006,ok,
enigma,bipolar,Endo_1,0.1605944244135732,0.20365146970731401,0.7885748364319589,incremental,2.9358651638031006,ok,
enigma,bipolar,L2/3 IT_1,0.037770958972051294,0.0478977482250796,0.7885748364319589,incremental,2.9358651638031006,ok,
enigma,bipolar,L2/3 IT_2,0.0671418632242271,0.08514329918010305,0.7885748364319589,incremental,2.9358651638031006,ok,
enigma,bipolar,L2/3 IT_3,-0.0045028430780275075,-0.005710102415138413,0.7885748364319589,incremental,2.9358651638031006,ok,
enigma,bipolar,L2/3 IT_4,0.000902227864525651,0.0011441245939420722,0.7885748364319589,incremental,2.9358651638031006,ok,
enigma,bipolar,L2/3 IT_5,5.1546464458929186e-05,6.536661084971965e-05,0.7885748364319589,incremental,2.9358651638031006,ok,
enigma,bipolar,L2/3 IT_6,0.0009022895851317214,0.0011442028624883394,0.7885748364319589,incremental,2.9358651638031006,ok,
enigma,bipolar,L2/3 IT_7,-0.0023475242396476803,-0.002976920047651347,0.7885748364319589,incremental,2.9358651638031006,ok,
enigma,bipolar,L2/3 IT_8,0.007311504530478463,0.009271795386675804,0.7885748364319589,incremental,2.9358651638031006,ok,
enigma,bipolar,L4 IT_1,0.08452259591246214,0.10718398813598848,0.7885748364319589,incremental,2.9358651638031006,ok,
enigma,bipolar,L4 IT_2,-0.00034103578695376946,-0.0004324710492879077,0.7885748364319589,incremental,2.9358651638031006,ok,
enigma,bipolar,L4 IT_3,0.0137898280885973,0.017487025265720785,0.7885748364319589,incremental,2.9358651638031006,ok,
enigma,bipolar,L5 ET_1,0.00553722870540907,0.007021817650767558,0.7885748364319589,incremental,2.9358651638031006,ok,
enigma,bipolar,L5 IT_1,0.00939459064340209,0.011913378679326764,0.7885748364319589,incremental,2.9358651638031006,ok,
enigma,bipolar,L5 IT_2,-0.0004372156985110731,-0.0005544378013497488,0.7885748364319589,incremental,2.9358651638031006,ok,
enigma,bipolar,L5 IT_3,0.001863450972095504,0.0023630616727855595,0.7885748364319589,incremental,2.9358651638031006,ok,
enigma,bipolar,L5 IT_4,0.0026636124705859965,0.003377754840159451,0.7885748364319589,incremental,2.9358651638031006,ok,
enigma,bipolar,L5 IT_5,0.0017880796912287389,0.002267482562998345,0.7885748364319589,incremental,2.9358651638031006,ok,
enigma,bipolar,L5/6 NP_1,-0.0006035551167434816,-0.0007653745578217655,0.7885748364319589,incremental,2.9358651638031006,ok,
enigma,bipolar,L5/6 NP_2,2.3305044328125746e-05,2.9553370525457528e-05,0.7885748364319589,incremental,2.9358651638031006,ok,
enigma,bipolar,L6 CT_1,-0.0027930399797811978,-0.0035418832186159817,0.7885748364319589,incremental,2.9358651638031006,ok,
enigma,bipolar,L6 CT_2,0.0012045390546071566,0.0015274885768068616,0.7885748364319589,incremental,2.9358651638031006,ok,
enigma,bipolar,L6 IT Car3_1,0.006137496102484041,0.007783023016882186,0.7885748364319589,incremental,2.9358651638031006,ok,
enigma,bipolar,L6 IT_1,0.021006045211832136,0.02663798569439213,0.7885748364319589,incremental,2.9358651638031006,ok,
enigma,bipolar,L6 IT_2,0.0014399863253823364,0.0018260617240816353,0.7885748364319589,incremental,2.9358651638031006,ok,
enigma,bipolar,L6 IT_3,0.008226168073025009,0.010431689794015882,0.7885748364319589,incremental,2.9358651638031006,ok,
enigma,bipolar,L6b_1,0.001956405711449616,0.002480938550235392,0.7885748364319589,incremental,2.9358651638031006,ok,
enigma,bipolar,L6b_2,0.005433618287170261,0.006890428195446347,0.7885748364319589,incremental,2.9358651638031006,ok,
enigma,bipolar,L6b_3,-0.0029945689776309514,-0.0037974442491474727,0.7885748364319589,incremental,2.9358651638031006,ok,
enigma,bipolar,Lamp5_1,0.01370915997589317,0.017384729188066154,0.7885748364319589,incremental,2.9358651638031006,ok,
enigma,bipolar,Lamp5_2,-0.0016350447499875465,-0.002073417352987809,0.7885748364319589,incremental,2.9358651638031006,ok,
enigma,bipolar,Lamp5_Lhx6_1,0.0019847127174098533,0.002516834960636106,0.7885748364319589,incremental,2.9358651638031006,ok,
enigma,bipolar,Micro-PVM_1,-0.005920551626433346,-0.007507913457170266,0.7885748364319589,incremental,2.9358651638031006,ok,
enigma,bipolar,Micro-PVM_2,0.004514810289902638,0.00572527816171597,0.7885748364319589,incremental,2.9358651638031006,ok,
enigma,bipolar,OPC_1,-0.0020211821683334685,-0.0025630822528888335,0.7885748364319589,incremental,2.9358651638031006,ok,
enigma,bipolar,Oligo_1,0.0014833377221741273,0.0018810360838874105,0.7885748364319589,incremental,2.9358651638031006,ok,
enigma,bipolar,Oligo_2,-0.0018077399821488926,-0.002292413983596433,0.7885748364319589,incremental,2.9358651638031006,ok,
enigma,bipolar,Pax6_1,0.0007332305074442269,0.0009298172774087659,0.7885748364319589,incremental,2.9358651638031006,ok,
enigma,bipolar,Pax6_2,-0.0023325124916770967,-0.002957883492999785,0.7885748364319589,incremental,2.9358651638031006,ok,
enigma,bipolar,Pvalb_1,0.0020582892094994643,0.0026101380799982716,0.7885748364319589,incremental,2.9358651638031006,ok,
enigma,bipolar,Pvalb_2,0.0009823346173933878,0.0012457088053153306,0.7885748364319589,incremental,2.9358651638031006,ok,
enigma,bipolar,Pvalb_3,-0.00023368334917694966,-0.0002963362998422442,0.7885748364319589,incremental,2.9358651638031006,ok,
enigma,bipolar,Pvalb_4,0.003427421556360777,0.0043463491326564884,0.7885748364319589,incremental,2.9358651638031006,ok,
enigma,bipolar,Pvalb_5,0.0013362615053770233,0.0016945271946834696,0.7885748364319589,incremental,2.9358651638031006,ok,
enigma,bipolar,Sncg_1,0.004126936695260541,0.0052334115984902195,0.7885748364319589,incremental,2.9358651638031006,ok,
enigma,bipolar,Sncg_2,-0.0034487013200792394,-0.00437333422365273,0.7885748364319589,incremental,2.9358651638031006,ok,
enigma,bipolar,Sncg_3,0.003250583758796388,0.004122099271521531,0.7885748364319589,incremental,2.9358651638031006,ok,
enigma,bipolar,Sncg_4,0.007611530307726988,0.009652261213617534,0.7885748364319589,incremental,2.9358651638031006,ok,
enigma,bipolar,Sst_1,-0.005545548906255027,-0.007032368584504683,0.7885748364319589,incremental,2.9358651638031006,ok,
enigma,bipolar,Sst_10,-0.004239971806765941,-0.005376752605942152,0.7885748364319589,incremental,2.9358651638031006,ok,
enigma,bipolar,Sst_2,-0.003659143711791213,-0.004640198422191141,0.7885748364319589,incremental,2.9358651638031006,ok,
enigma,bipolar,Sst_3,-0.00016958951663348376,-0.00021505824025633432,0.7885748364319589,incremental,2.9358651638031006,ok,
enigma,bipolar,Sst_4,0.00042332374629261427,0.0005368212714065473,0.7885748364319589,incremental,2.9358651638031006,ok,
enigma,bipolar,Sst_5,0.0019460926077606855,0.002467860395553722,0.7885748364319589,incremental,2.9358651638031006,ok,
enigma,bipolar,Sst_6,-0.005140079962012711,-0.006518189174371678,0.7885748364319589,incremental,2.9358651638031006,ok,
enigma,bipolar,Sst_7,-0.002434748865088654,-0.0030875305077005624,0.7885748364319589,incremental,2.9358651638031006,ok,
enigma,bipolar,Sst_8,0.057364906945089555,0.07274503863786326,0.7885748364319589,incremental,2.9358651638031006,ok,
enigma,bipolar,Sst_9,0.011933314203655399,0.0151327605857292,0.7885748364319589,incremental,2.9358651638031006,ok,
enigma,bipolar,VLMC_1,-0.0006032961272786075,-0.0007650461305718599,0.7885748364319589,incremental,2.9358651638031006,ok,
enigma,bipolar,Vip_1,0.20311022870486584,0.25756620592139695,0.7885748364319589,incremental,2.9358651638031006,ok,
enigma,bipolar,Vip_2,-0.0010444626079276764,-0.001324493960083136,0.7885748364319589,incremental,2.9358651638031006,ok,
enigma,bipolar,Vip_3,0.0005899937488302864,0.0007481772452945793,0.7885748364319589,incremental,2.9358651638031006,ok,
enigma,bipolar,Vip_4,-0.002124378555213413,-0.002693946670712352,0.7885748364319589,incremental,2.9358651638031006,ok,
enigma,bipolar,Vip_5,0.001643765693127408,0.002084476472220323,0.7885748364319589,incremental,2.9358651638031006,ok,
enigma,bipolar,Vip_6,-0.0005423922898324385,-0.0006878133371419569,0.7885748364319589,incremental,2.9358651638031006,ok,
enigma,bipolar,Vip_7,0.009204184098159596,0.011671922147307532,0.7885748364319589,incremental,2.9358651638031006,ok,
enigma,bipolar,Vip_8,-0.0015265383936607924,-0.001935819307356896,0.7885748364319589,incremental,2.9358651638031006,ok,
enigma,bipolar,Vip_9,-0.0048505920402277525,-0.006151086512188345,0.7885748364319589,incremental,2.9358651638031006,ok,
enigma,obesity,Astro_1,5.592064950321607e-06,6.520484366365756e-06,0.8576149617299655,incremental,2.8963730335235596,ok,
enigma,obesity,Astro_2,-0.00038347163741292434,-0.00044713729881693323,0.8576149617299655,incremental,2.8963730335235596,ok,
enigma,obesity,Chandelier_1,0.0013519220928565057,0.001576374192597378,0.8576149617299655,incremental,2.8963730335235596,ok,
enigma,obesity,Endo_1,0.0027468621487066747,0.003202908381129165,0.8576149617299655,incremental,2.8963730335235596,ok,
enigma,obesity,L2/3 IT_1,0.011272655655929942,0.013144191926398931,0.8576149617299655,incremental,2.8963730335235596,ok,
enigma,obesity,L2/3 IT_2,0.00029037274885701514,0.00033858172001953,0.8576149617299655,incremental,2.8963730335235596,ok,
enigma,obesity,L2/3 IT_3,0.0012624732278992967,0.0014720746304992842,0.8576149617299655,incremental,2.8963730335235596,ok,
enigma,obesity,L2/3 IT_4,-0.001910795973266266,-0.0022280347924572615,0.8576149617299655,incremental,2.8963730335235596,ok,
enigma,obesity,L2/3 IT_5,0.00042721984551896686,0.0004981487783948949,0.8576149617299655,incremental,2.8963730335235596,ok,
enigma,obesity,L2/3 IT_6,0.0009088630648655949,0.001059756540431912,0.8576149617299655,incremental,2.8963730335235596,ok,
enigma,obesity,L2/3 IT_7,0.007365987538222596,0.008588921447177248,0.8576149617299655,incremental,2.8963730335235596,ok,
enigma,obesity,L2/3 IT_8,0.00021370195714331963,0.000249181703537732,0.8576149617299655,incremental,2.8963730335235596,ok,
enigma,obesity,L4 IT_1,0.003933469705294512,0.00458652178520765,0.8576149617299655,incremental,2.8963730335235596,ok,
enigma,obesity,L4 IT_2,-0.0019621818672892477,-0.0022879520004305542,0.8576149617299655,incremental,2.8963730335235596,ok,
enigma,obesity,L4 IT_3,0.00020811133428388917,0.00024266290068458078,0.8576149617299655,incremental,2.8963730335235596,ok,
enigma,obesity,L5 ET_1,-0.0020918147844437573,-0.002439107149231849,0.8576149617299655,incremental,2.8963730335235596,ok,
enigma,obesity,L5 IT_1,-0.0002552581652494057,-0.0002976372575572883,0.8576149617299655,incremental,2.8963730335235596,ok,
enigma,obesity,L5 IT_2,0.0014987948667910533,0.0017476314356360005,0.8576149617299655,incremental,2.8963730335235596,ok,
enigma,obesity,L5 IT_3,-0.0006982443326927212,-0.0008141699525440126,0.8576149617299655,incremental,2.8963730335235596,ok,
enigma,obesity,L5 IT_4,0.0050160154477149055,0.005848796571361919,0.8576149617299655,incremental,2.8963730335235596,ok,
enigma,obesity,L5 IT_5,-0.004013198939697538,-0.0046794880205939795,0.8576149617299655,incremental,2.8963730335235596,ok,
enigma,obesity,L5/6 NP_1,0.48640043986918435,0.5671547974023519,0.8576149617299655,incremental,2.8963730335235596,ok,
enigma,obesity,L5/6 NP_2,0.0021812288833965576,0.0025433661733193433,0.8576149617299655,incremental,2.8963730335235596,ok,
enigma,obesity,L6 CT_1,-0.0009782977616745736,-0.0011407190934509454,0.8576149617299655,incremental,2.8963730335235596,ok,
enigma,obesity,L6 CT_2,-0.002900352420352581,-0.0033818817881885385,0.8576149617299655,incremental,2.8963730335235596,ok,
enigma,obesity,L6 IT Car3_1,0.0032236466688327914,0.0037588507811595418,0.8576149617299655,incremental,2.8963730335235596,ok,
enigma,obesity,L6 IT_1,0.0004610163892136976,0.0005375563741142571,0.8576149617299655,incremental,2.8963730335235596,ok,
enigma,obesity,L6 IT_2,0.0007770678289064081,0.0009060800750711262,0.8576149617299655,incremental,2.8963730335235596,ok,
enigma,obesity,L6 IT_3,0.014788026824147371,0.017243200601721347,0.8576149617299655,incremental,2.8963730335235596,ok,
enigma,obesity,L6b_1,0.0015816678703564069,0.0018442633826792093,0.8576149617299655,incremental,2.8963730335235596,ok,
enigma,obesity,L6b_2,-0.0014140956619211886,-0.0016488700932510555,0.8576149617299655,incremental,2.8963730335235596,ok,
enigma,obesity,L6b_3,0.001071546114622235,0.0012494489513810852,0.8576149617299655,incremental,2.8963730335235596,ok,
enigma,obesity,Lamp5_1,-0.00046906748700326073,-0.0005469441508542087,0.8576149617299655,incremental,2.8963730335235596,ok,
enigma,obesity,Lamp5_2,-0.000697947336977478,-0.0008138236482833638,0.8576149617299655,incremental,2.8963730335235596,ok,
enigma,obesity,Lamp5_Lhx6_1,-0.001795380547716996,-0.002093457586252211,0.8576149617299655,incremental,2.8963730335235596,ok,
enigma,obesity,Micro-PVM_1,-0.0012793255512518753,-0.0014917248512913565,0.8576149617299655,incremental,2.8963730335235596,ok,
enigma,obesity,Micro-PVM_2,-6.427674323761234e-05,-7.494825312743431e-05,0.8576149617299655,incremental,2.8963730335235596,ok,
enigma,obesity,OPC_1,-0.002068892870176864,-0.002412379637131715,0.8576149617299655,incremental,2.8963730335235596,ok,
enigma,obesity,Oligo_1,0.0004784966848592198,0.000557938825943527,0.8576149617299655,incremental,2.8963730335235596,ok,
enigma,obesity,Oligo_2,-0.0019230736246823588,-0.002242350833995677,0.8576149617299655,incremental,2.8963730335235596,ok,
enigma,obesity,Pax6_1,0.004952428024665112,0.0057746520824160565,0.8576149617299655,incremental,2.8963730335235596,ok,
enigma,obesity,Pax6_2,0.02003948019710422,0.023366523546511992,0.8576149617299655,incremental,2.8963730335235596,ok,
enigma,obesity,Pvalb_1,0.000841493898337986,0.000981202446189301,0.8576149617299655,incremental,2.8963730335235596,ok,
enigma,obesity,Pvalb_2,0.0007703942311274581,0.0008982984970008366,0.8576149617299655,incremental,2.8963730335235596,ok,
enigma,obesity,Pvalb_3,-0.0031843798243381682,-0.003713064681048351,0.8576149617299655,incremental,2.8963730335235596,ok,
enigma,obesity,Pvalb_4,0.004776649789509646,0.005569690365329301,0.8576149617299655,incremental,2.8963730335235596,ok,
enigma,obesity,Pvalb_5,-0.001475027495703607,-0.0017199181002255464,0.8576149617299655,incremental,2.8963730335235596,ok,
enigma,obesity,Sncg_1,0.004776320858002392,0.005569306823154861,0.8576149617299655,incremental,2.8963730335235596,ok,
enigma,obesity,Sncg_2,0.030445943774798145,0.03550071434549502,0.8576149617299655,incremental,2.8963730335235596,ok,
enigma,obesity,Sncg_3,0.00047727379994166874,0.0005565129122501788,0.8576149617299655,incremental,2.8963730335235596,ok,
enigma,obesity,Sncg_4,0.001787463233638431,0.0020842258045881013,0.8576149617299655,incremental,2.8963730335235596,ok,
enigma,obesity,Sst_1,0.00267801499679976,0.003122630919821777,0.8576149617299655,incremental,2.8963730335235596,ok,
enigma,obesity,Sst_10,0.0011452530195459332,0.0013353930034473154,0.8576149617299655,incremental,2.8963730335235596,ok,
enigma,obesity,Sst_2,0.004915334829929008,0.005731400511033393,0.8576149617299655,incremental,2.8963730335235596,ok,
enigma,obesity,Sst_3,0.0009979741346687332,0.0011636622251268072,0.8576149617299655,incremental,2.8963730335235596,ok,
enigma,obesity,Sst_4,0.059779070440240334,0.06970385675135035,0.8576149617299655,incremental,2.8963730335235596,ok,
enigma,obesity,Sst_5,0.0016033156005818006,0.0018695051650540484,0.8576149617299655,incremental,2.8963730335235596,ok,
enigma,obesity,Sst_6,0.0016429183402805192,0.0019156829271803442,0.8576149617299655,incremental,2.8963730335235596,ok,
enigma,obesity,Sst_7,0.001803157738083816,0.0021025259802446993,0.8576149617299655,incremental,2.8963730335235596,ok,
enigma,obesity,Sst_8,4.6035091647800286e-05,5.367804166445408e-05,0.8576149617299655,incremental,2.8963730335235596,ok,
enigma,obesity,Sst_9,-0.00013741044602821884,-0.00016022393750108666,0.8576149617299655,incremental,2.8963730335235596,ok,
enigma,obesity,VLMC_1,-0.0035548733986985326,-0.004145069241245168,0.8576149617299655,incremental,2.8963730335235596,ok,
enigma,obesity,Vip_1,0.15377604006218348,0.1793066200151047,0.8576149617299655,incremental,2.8963730335235596,ok,
enigma,obesity,Vip_2,0.009628916491526085,0.011227551898235086,0.8576149617299655,incremental,2.8963730335235596,ok,
enigma,obesity,Vip_3,0.0005399407703619019,0.0006295841309400003,0.8576149617299655,incremental,2.8963730335235596,ok,
enigma,obesity,Vip_4,0.03535618364759352,0.041226174012022436,0.8576149617299655,incremental,2.8963730335235596,ok,
enigma,obesity,Vip_5,0.0008835331601446672,0.0010302212526264933,0.8576149617299655,incremental,2.8963730335235596,ok,
enigma,obesity,Vip_6,0.003801238323853373,0.004432336763558303,0.8576149617299655,incremental,2.8963730335235596,ok,
enigma,obesity,Vip_7,0.002312325901764889,0.002696228499909221,0.8576149617299655,incremental,2.8963730335235596,ok,
enigma,obesity,Vip_8,-0.002583122135346061,-0.00301198352479233,0.8576149617299655,incremental,2.8963730335235596,ok,
enigma,obesity,Vip_9,-0.00378642845375754,-0.0044150680931680855,0.8576149617299655,incremental,2.8963730335235596,ok,
enigma,schizotypy,Astro_1,0.001581616792819318,0.0022170521318113133,0.7133872813027407,incremental,2.9883711338043213,ok,
enigma,schizotypy,Astro_2,0.009047684038051229,0.012682710044295923,0.7133872813027407,incremental,2.9883711338043213,ok,
enigma,schizotypy,Chandelier_1,0.002731680125162339,0.003829168527050168,0.7133872813027407,incremental,2.9883711338043213,ok,
enigma,schizotypy,Endo_1,0.0040253647428849515,0.005642607947164543,0.7133872813027407,incremental,2.9883711338043213,ok,
enigma,schizotypy,L2/3 IT_1,-0.007942595140688513,-0.011133637154540058,0.7133872813027407,incremental,2.9883711338043213,ok,
enigma,schizotypy,L2/3 IT_2,0.008425632503668568,0.011810741128272198,0.7133872813027407,incremental,2.9883711338043213,ok,
enigma,schizotypy,L2/3 IT_3,0.00037911420415859265,0.0005314283196446668,0.7133872813027407,incremental,2.9883711338043213,ok,
enigma,schizotypy,L2/3 IT_4,-0.0023353665496123055,-0.003273630762448713,0.7133872813027407,incremental,2.9883711338043213,ok,
enigma,schizotypy,L2/3 IT_5,0.00012378170621551998,0.00017351263396437068,0.7133872813027407,incremental,2.9883711338043213,ok,
enigma,schizotypy,L2/3 IT_6,0.015548534720763785,0.021795362951201037,0.7133872813027407,incremental,2.9883711338043213,ok,
enigma,schizotypy,L2/3 IT_7,0.0030470870329186717,0.004271294306444997,0.7133872813027407,incremental,2.9883711338043213,ok,
enigma,schizotypy,L2/3 IT_8,0.4014602627307554,0.5627522010171463,0.7133872813027407,incremental,2.9883711338043213,ok,
enigma,schizotypy,L4 IT_1,-0.0012849711157927324,-0.0018012251542334804,0.7133872813027407,incremental,2.9883711338043213,ok,
enigma,schizotypy,L4 IT_2,-0.001008094760374223,-0.0014131100831140514,0.7133872813027407,incremental,2.9883711338043213,ok,
enigma,schizotypy,L4 IT_3,-0.0009795322271345386,-0.0013730721766524651,0.7133872813027407,incremental,2.9883711338043213,ok,
enigma,schizotypy,L5 ET_1,-0.002856280419556989,-0.004003828627756075,0.7133872813027407,incremental,2.9883711338043213,ok,
enigma,schizotypy,L5 IT_1,0.0008570509111316404,0.001201382381764013,0.7133872813027407,incremental,2.9883711338043213,ok,
enigma,schizotypy,L5 IT_2,0.024148665691749782,0.033850709600052147,0.7133872813027407,incremental,2.9883711338043213,ok,
enigma,schizotypy,L5 IT_3,-0.007484139877627416,-0.010490991462534032,0.7133872813027407,incremental,2.9883711338043213,ok,
enigma,schizotypy,L5 IT_4,0.002765427262409359,0.003876474020337619,0.7133872813027407,incremental,2.9883711338043213,ok,
enigma,schizotypy,L5 IT_5,0.008352499006122338,0.011708225286648728,0.7133872813027407,incremental,2.9883711338043213,ok,
enigma,schizotypy,L5/6 NP_1,0.0006377374069973518,0.0008939567941732265,0.7133872813027407,incremental,2.9883711338043213,ok,
enigma,schizotypy,L5/6 NP_2,0.00017207933315199764,0.00024121446745974746,0.7133872813027407,incremental,2.9883711338043213,ok,
enigma,schizotypy,L6 CT_1,-0.0008604737937768503,-0.001206180452510325,0.7133872813027407,incremental,2.9883711338043213,ok,
enigma,schizotypy,L6 CT_2,-0.0051938308847852,-0.007280520722629887,0.7133872813027407,incremental,2.9883711338043213,ok,
enigma,schizotypy,L6 IT Car3_1,0.003134791680537319,0.004394235449239815,0.7133872813027407,incremental,2.9883711338043213,ok,
enigma,schizotypy,L6 IT_1,0.00858904333663224,0.012039804411633886,0.7133872813027407,incremental,2.9883711338043213,ok,
enigma,schizotypy,L6 IT_2,-0.0023584719227597306,-0.0033060190230092767,0.7133872813027407,incremental,2.9883711338043213,ok,
enigma,schizotypy,L6 IT_3,0.023849107728744046,0.033430800287317125,0.7133872813027407,incremental,2.9883711338043213,ok,
enigma,schizotypy,L6b_1,-0.003227729434246318,-0.004524512167292992,0.7133872813027407,incremental,2.9883711338043213,ok,
enigma,schizotypy,L6b_2,-0.001002182573064947,-0.0014048225968296315,0.7133872813027407,incremental,2.9883711338043213,ok,
enigma,schizotypy,L6b_3,0.002028187429846451,0.0028430383930348594,0.7133872813027407,incremental,2.9883711338043213,ok,
enigma,schizotypy,Lamp5_1,0.008355305312993333,0.011712159064197819,0.7133872813027407,incremental,2.9883711338043213,ok,
enigma,schizotypy,Lamp5_2,-0.002720150058515003,-0.0038130061045490533,0.7133872813027407,incremental,2.9883711338043213,ok,
enigma,schizotypy,Lamp5_Lhx6_1,-0.001481004251303153,-0.002076017179054049,0.7133872813027407,incremental,2.9883711338043213,ok,
enigma,schizotypy,Micro-PVM_1,0.0161358122381281,0.022618586931718136,0.7133872813027407,incremental,2.9883711338043213,ok,
enigma,schizotypy,Micro-PVM_2,0.02293978712096123,0.03215614817111697,0.7133872813027407,incremental,2.9883711338043213,ok,
enigma,schizotypy,OPC_1,0.0017888124823625118,0.0025074914134940855,0.7133872813027407,incremental,2.9883711338043213,ok,
enigma,schizotypy,Oligo_1,0.013014888120046253,0.018243790520458013,0.7133872813027407,incremental,2.9883711338043213,ok,
enigma,schizotypy,Oligo_2,0.003450014349591024,0.004836102969611171,0.7133872813027407,incremental,2.9883711338043213,ok,
enigma,schizotypy,Pax6_1,0.007261030930405643,0.010178245562699167,0.7133872813027407,incremental,2.9883711338043213,ok,
enigma,schizotypy,Pax6_2,-0.004551746987223715,-0.006380471178167931,0.7133872813027407,incremental,2.9883711338043213,ok,
enigma,schizotypy,Pvalb_1,-0.00018710574519420486,-0.00026227793808227803,0.7133872813027407,incremental,2.9883711338043213,ok,
enigma,schizotypy,Pvalb_2,0.011904085554689692,0.016686708421477937,0.7133872813027407,incremental,2.9883711338043213,ok,
enigma,schizotypy,Pvalb_3,-0.002065270653595075,-0.0028950202894332715,0.7133872813027407,incremental,2.9883711338043213,ok,
enigma,schizotypy,Pvalb_4,0.0013481095711548319,0.0018897303140770934,0.7133872813027407,incremental,2.9883711338043213,ok,
enigma,schizotypy,Pvalb_5,-0.0022386234360580737,-0.0031380198312059163,0.7133872813027407,incremental,2.9883711338043213,ok,
enigma,schizotypy,Sncg_1,0.025458849067127476,0.035687276370607854,0.7133872813027407,incremental,2.9883711338043213,ok,
enigma,schizotypy,Sncg_2,-0.00353867499506777,-0.004960384194971455,0.7133872813027407,incremental,2.9883711338043213,ok,
enigma,schizotypy,Sncg_3,0.0064665119105257185,0.009064518081562938,0.7133872813027407,incremental,2.9883711338043213,ok,
enigma,schizotypy,Sncg_4,0.00362361688180568,0.0050794526013814975,0.7133872813027407,incremental,2.9883711338043213,ok,
enigma,schizotypy,Sst_1,9.23148917638672e-05,0.00012940361313323087,0.7133872813027407,incremental,2.9883711338043213,ok,
enigma,schizotypy,Sst_10,0.044371023931346176,0.062197666112463836,0.7133872813027407,incremental,2.9883711338043213,ok,
enigma,schizotypy,Sst_2,0.011800575841912853,0.016541612320818817,0.7133872813027407,incremental,2.9883711338043213,ok,
enigma,schizotypy,Sst_3,0.0024315242195377396,0.0034084210403884,0.7133872813027407,incremental,2.9883711338043213,ok,
enigma,schizotypy,Sst_4,-0.002093183336100979,-0.0029341472590856204,0.7133872813027407,incremental,2.9883711338043213,ok,
enigma,schizotypy,Sst_5,-0.0011104410359872308,-0.0015565753204338278,0.7133872813027407,incremental,2.9883711338043213,ok,
enigma,schizotypy,Sst_6,0.0050300569543383356,0.007050948462597733,0.7133872813027407,incremental,2.9883711338043213,ok,
enigma,schizotypy,Sst_7,-0.000237604020226434,-0.0003330645589763491,0.7133872813027407,incremental,2.9883711338043213,ok,
enigma,schizotypy,Sst_8,0.0012281376692254709,0.0017215581233558399,0.7133872813027407,incremental,2.9883711338043213,ok,
enigma,schizotypy,Sst_9,0.007711722268620491,0.010810008070984745,0.7133872813027407,incremental,2.9883711338043213,ok,
enigma,schizotypy,VLMC_1,0.02190838340444279,0.030710364452300225,0.7133872813027407,incremental,2.9883711338043213,ok,
enigma,schizotypy,Vip_1,0.01042501382251837,0.01461340017652249,0.7133872813027407,incremental,2.9883711338043213,ok,
enigma,schizotypy,Vip_2,-0.008351688860105955,-0.011707089653819806,0.7133872813027407,incremental,2.9883711338043213,ok,
enigma,schizotypy,Vip_3,-0.0017496195532541448,-0.002452552209872743,0.7133872813027407,incremental,2.9883711338043213,ok,
enigma,schizotypy,Vip_4,0.009436677473221411,0.013227986705886843,0.7133872813027407,incremental,2.9883711338043213,ok,
enigma,schizotypy,Vip_5,0.002061205887319506,0.002889322449869681,0.7133872813027407,incremental,2.9883711338043213,ok,
enigma,schizotypy,Vip_6,-0.0023605694504221786,-0.003308959259984931,0.7133872813027407,incremental,2.9883711338043213,ok,
enigma,schizotypy,Vip_7,0.012397785588090793,0.017378758933647903,0.7133872813027407,incremental,2.9883711338043213,ok,
enigma,schizotypy,Vip_8,0.011828160576510038,0.0165802795851788,0.7133872813027407,incremental,2.9883711338043213,ok,
enigma,schizotypy,Vip_9,-0.0007681220681459155,-0.0010767252070197017,0.7133872813027407,incremental,2.9883711338043213,ok,
enigma,parkinson,Astro_1,-0.0004389552376957706,-0.0005073578547175311,0.8651787562058277,incremental,2.9715707302093506,ok,
enigma,parkinson,Astro_2,-0.0015489685335615677,-0.0017903450847018545,0.8651787562058277,incremental,2.9715707302093506,ok,
enigma,parkinson,Chandelier_1,0.009094830043789526,0.010512082016061254,0.8651787562058277,incremental,2.9715707302093506,ok,
enigma,parkinson,Endo_1,0.0030950749026763535,0.003577381992421493,0.8651787562058277,incremental,2.9715707302093506,ok,
enigma,parkinson,L2/3 IT_1,-0.0007443716298561887,-0.0008603674379622668,0.8651787562058277,incremental,2.9715707302093506,ok,
enigma,parkinson,L2/3 IT_2,0.00420461107775294,0.004859817751642361,0.8651787562058277,incremental,2.9715707302093506,ok,
enigma,parkinson,L2/3 IT_3,0.0025020925567168506,0.0028919949071444812,0.8651787562058277,incremental,2.9715707302093506,ok,
enigma,parkinson,L2/3 IT_4,0.001098896450920761,0.0012701380414608002,0.8651787562058277,incremental,2.9715707302093506,ok,
enigma,parkinson,L2/3 IT_5,-0.003367398010260425,-0.0038921413477925417,0.8651787562058277,incremental,2.9715707302093506,ok,
enigma,parkinson,L2/3 IT_6,0.10892370149884101,0.1258973370734589,0.8651787562058277,incremental,2.9715707302093506,ok,
enigma,parkinson,L2/3 IT_7,0.005131935412119981,0.005931647506725285,0.8651787562058277,incremental,2.9715707302093506,ok,
enigma,parkinson,L2/3 IT_8,-0.0005300036822933896,-0.0006125944245530003,0.8651787562058277,incremental,2.9715707302093506,ok,
enigma,parkinson,L4 IT_1,-0.0030125679488950396,-0.003482017938242515,0.8651787562058277,incremental,2.9715707302093506,ok,
enigma,parkinson,L4 IT_2,-0.0009480300677308096,-0.00109576207336426,0.8651787562058277,incremental,2.9715707302093506,ok,
enigma,parkinson,L4 IT_3,-0.0002497625071246068,-0.0002886831251149997,0.8651787562058277,incremental,2.9715707302093506,ok,
enigma,parkinson,L5 ET_1,0.0005571476414809595,0.0006439682406492341,0.8651787562058277,incremental,2.9715707302093506,ok,
enigma,parkinson,L5 IT_1,0.001414001038150925,0.0016343455361200886,0.8651787562058277,incremental,2.9715707302093506,ok,
enigma,parkinson,L5 IT_2,0.002963742104863387,0.0034255835382050307,0.8651787562058277,incremental,2.9715707302093506,ok,
enigma,parkinson,L5 IT_3,-0.0027838937481492465,-0.0032177093209706047,0.8651787562058277,incremental,2.9715707302093506,ok,
enigma,parkinson,L5 IT_4,0.5648792663043597,0.6529046884849468,0.8651787562058277,incremental,2.9715707302093506,ok,
enigma,parkinson,L5 IT_5,0.0015549934200933535,0.0017973088323535043,0.8651787562058277,incremental,2.9715707302093506,ok,
enigma,parkinson,L5/6 NP_1,0.0026913583023585597,0.0031107540297929835,0.8651787562058277,incremental,2.9715707302093506,ok,
enigma,parkinson,L5/6 NP_2,0.009957534529441037,0.011509222178673235,0.8651787562058277,incremental,2.9715707302093506,ok,
enigma,parkinson,L6 CT_1,-0.0014920187660171225,-0.0017245208060357971,0.8651787562058277,incremental,2.9715707302093506,ok,
enigma,parkinson,L6 CT_2,-0.0010586019595159035,-0.00122356443905109,0.8651787562058277,incremental,2.9715707302093506,ok,
enigma,parkinson,L6 IT Car3_1,0.0015324835097405565,0.0017712911912691203,0.8651787562058277,incremental,2.9715707302093506,ok,
enigma,parkinson,L6 IT_1,-0.003560132425865281,-0.004114909665001435,0.8651787562058277,incremental,2.9715707302093506,ok,
enigma,parkinson,L6 IT_2,0.0018452300606939254,0.0021327731956642514,0.8651787562058277,incremental,2.9715707302093506,ok,
enigma,parkinson,L6 IT_3,1.1702577082939314e-05,1.3526195597150385e-05,0.8651787562058277,incremental,2.9715707302093506,ok,
enigma,parkinson,L6b_1,0.001292844541337712,0.001494309161042486,0.8651787562058277,incremental,2.9715707302093506,ok,
enigma,parkinson,L6b_2,-0.0014511032587167794,-0.0016772294145090624,0.8651787562058277,incremental,2.9715707302093506,ok,
enigma,parkinson,L6b_3,0.0006054234018130211,0.0006997668371656015,0.8651787562058277,incremental,2.9715707302093506,ok,
enigma,parkinson,Lamp5_1,-0.0004159177196091379,-0.0004807303885189135,0.8651787562058277,incremental,2.9715707302093506,ok,
enigma,parkinson,Lamp5_2,-0.0003138231271057057,-0.00036272634395457414,0.8651787562058277,incremental,2.9715707302093506,ok,
enigma,parkinson,Lamp5_Lhx6_1,-0.0037745580582748683,-0.004362749352316383,0.8651787562058277,incremental,2.9715707302093506,ok,
enigma,parkinson,Micro-PVM_1,0.011904757348211836,0.013759881715564998,0.8651787562058277,incremental,2.9715707302093506,ok,
enigma,parkinson,Micro-PVM_2,-0.002533491305870106,-0.002928286539281812,0.8651787562058277,incremental,2.9715707302093506,ok,
enigma,parkinson,OPC_1,0.003155038644205077,0.0036466899141643825,0.8651787562058277,incremental,2.9715707302093506,ok,
enigma,parkinson,Oligo_1,-0.0004617616344957387,-0.0005337181838823198,0.8651787562058277,incremental,2.9715707302093506,ok,
enigma,parkinson,Oligo_2,0.0004052085401641259,0.00046835239221676634,0.8651787562058277,incremental,2.9715707302093506,ok,
enigma,parkinson,Pax6_1,0.0012385902175755525,0.0014316003585285553,0.8651787562058277,incremental,2.9715707302093506,ok,
enigma,parkinson,Pax6_2,0.0024311592553662997,0.0028100080335166275,0.8651787562058277,incremental,2.9715707302093506,ok,
enigma,parkinson,Pvalb_1,0.00423700110308789,0.004897255131030863,0.8651787562058277,incremental,2.9715707302093506,ok,
enigma,parkinson,Pvalb_2,0.0039020521939724384,0.004510110963755717,0.8651787562058277,incremental,2.9715707302093506,ok,
enigma,parkinson,Pvalb_3,-0.003180859933726188,-0.003676534948310098,0.8651787562058277,incremental,2.9715707302093506,ok,
enigma,parkinson,Pvalb_4,5.2137985604994164e-05,6.026267430980521e-05,0.8651787562058277,incremental,2.9715707302093506,ok,
enigma,parkinson,Pvalb_5,0.004732904083955436,0.005470434924582763,0.8651787562058277,incremental,2.9715707302093506,ok,
enigma,parkinson,Sncg_1,0.08406712041011699,0.09716734236377535,0.8651787562058277,incremental,2.9715707302093506,ok,
enigma,parkinson,Sncg_2,0.006689675109488813,0.0077321305701331,0.8651787562058277,incremental,2.9715707302093506,ok,
enigma,parkinson,Sncg_3,0.0033805349361888393,0.0039073254075422574,0.8651787562058277,incremental,2.9715707302093506,ok,
enigma,parkinson,Sncg_4,0.004722662839986902,0.005458597782379403,0.8651787562058277,incremental,2.9715707302093506,ok,
enigma,parkinson,Sst_1,0.009169468883026388,0.010598351863421104,0.8651787562058277,incremental,2.9715707302093506,ok,
enigma,parkinson,Sst_10,0.003069178945979689,0.0035474506556764387,0.8651787562058277,incremental,2.9715707302093506,ok,
enigma,parkinson,Sst_2,0.0024744147817128415,0.0028600040904427537,0.8651787562058277,incremental,2.9715707302093506,ok,
enigma,parkinson,Sst_3,0.0013577729700288144,0.0015693554196628905,0.8651787562058277,incremental,2.9715707302093506,ok,
enigma,parkinson,Sst_4,-0.0027116050513068535,-0.003134155839884905,0.8651787562058277,incremental,2.9715707302093506,ok,
enigma,parkinson,Sst_5,-0.0009686562745402361,-0.001119602472428011,0.8651787562058277,incremental,2.9715707302093506,ok,
enigma,parkinson,Sst_6,0.0016245748693847206,0.0018777331941310762,0.8651787562058277,incremental,2.9715707302093506,ok,
enigma,parkinson,Sst_7,0.0022122039408160044,0.0025569328013986935,0.8651787562058277,incremental,2.9715707302093506,ok,
enigma,parkinson,Sst_8,-0.0014353861443848759,-0.0016590630942900713,0.8651787562058277,incremental,2.9715707302093506,ok,
enigma,parkinson,Sst_9,0.0005725710253429162,0.0006617950582303715,0.8651787562058277,incremental,2.9715707302093506,ok,
enigma,parkinson,VLMC_1,0.005110038926259386,0.005906338880382423,0.8651787562058277,incremental,2.9715707302093506,ok,
enigma,parkinson,Vip_1,-0.0005808381705527665,-0.000671350476865597,0.8651787562058277,incremental,2.9715707302093506,ok,
enigma,parkinson,Vip_2,0.00878733044212432,0.010156664595719449,0.8651787562058277,incremental,2.9715707302093506,ok,
enigma,parkinson,Vip_3,0.002909257345150462,0.0033626083907894104,0.8651787562058277,incremental,2.9715707302093506,ok,
enigma,parkinson,Vip_4,-0.0022047484504438275,-0.002548315518185601,0.8651787562058277,incremental,2.9715707302093506,ok,
enigma,parkinson,Vip_5,0.005595950571940622,0.006467970383925301,0.8651787562058277,incremental,2.9715707302093506,ok,
enigma,parkinson,Vip_6,0.0025870014199793623,0.0029901351615756844,0.8651787562058277,incremental,2.9715707302093506,ok,
enigma,parkinson,Vip_7,0.00032854425430250966,0.00037974147185873384,0.8651787562058277,incremental,2.9715707302093506,ok,
enigma,parkinson,Vip_8,0.0056204187828331476,0.006496251488514402,0.8651787562058277,incremental,2.9715707302093506,ok,
enigma,parkinson,Vip_9,-0.0007482293492196979,-0.0008648263076881335,0.8651787562058277,incremental,2.9715707302093506,ok,
