phenotype,outcome,feature,mean_abs_shap,relative_shap,total_mean_abs_shap
meg,delta,Astro_1,0.004103641509560573,0.021255785105688305,0.1930599829249492
meg,delta,Astro_2,0.0019569834318476633,0.010136660131211282,0.1930599829249492
meg,delta,Chandelier_1,0.005671327485015975,0.029375986670529576,0.1930599829249492
meg,delta,Endo_1,0.0018644974865237862,0.009657607227949448,0.1930599829249492
meg,delta,L2/3 IT_1,0.002213029996593247,0.01146291408019832,0.1930599829249492
meg,delta,L2/3 IT_2,0.0025682759697895825,0.013302994908002156,0.1930599829249492
meg,delta,L2/3 IT_3,0.002619738716097179,0.01356955841602651,0.1930599829249492
meg,delta,L2/3 IT_4,0.001171310432483314,0.006067080369206565,0.1930599829249492
meg,delta,L2/3 IT_5,0.0008043921080291626,0.0041665398278931,0.1930599829249492
meg,delta,L2/3 IT_6,0.0016458629283664747,0.008525137645983803,0.1930599829249492
meg,delta,L2/3 IT_7,0.0010940517276613012,0.0056669005719668306,0.1930599829249492
meg,delta,L2/3 IT_8,0.0006042270847273628,0.0031297375850398374,0.1930599829249492
meg,delta,L4 IT_1,0.0033929946148047547,0.017574820858260197,0.1930599829249492
meg,delta,L4 IT_2,0.002766252605985431,0.014328461880475736,0.1930599829249492
meg,delta,L4 IT_3,0.001674126629748639,0.008671536195045893,0.1930599829249492
meg,delta,L5 ET_1,0.004357612218327587,0.02257128666597666,0.1930599829249492
meg,delta,L5 IT_1,0.0049595653790360985,0.025689245921896187,0.1930599829249492
meg,delta,L5 IT_2,0.0017728896040692934,0.009183102459708041,0.1930599829249492
meg,delta,L5 IT_3,0.0012833184055392208,0.006647252248220194,0.1930599829249492
meg,delta,L5 IT_4,0.0018467352060016406,0.009565603280507628,0.1930599829249492
meg,delta,L5 IT_5,0.001421129813441763,0.0073610791418862705,0.1930599829249492
meg,delta,L5/6 NP_1,0.004133631972874387,0.02141112782798344,0.1930599829249492
meg,delta,L5/6 NP_2,0.0030870163544224932,0.015989933841559237,0.1930599829249492
meg,delta,L6 CT_1,0.0014819889945307343,0.007676313713892991,0.1930599829249492
meg,delta,L6 CT_2,0.0034564910206156766,0.017903715561600173,0.1930599829249492
meg,delta,L6 IT Car3_1,0.002173358182053406,0.011257424501577237,0.1930599829249492
meg,delta,L6 IT_1,0.00038334338292338654,0.001985618029772689,0.1930599829249492
meg,delta,L6 IT_2,0.001172511591692867,0.00607330205840054,0.1930599829249492
meg,delta,L6 IT_3,0.005866350804398411,0.030386156237664833,0.1930599829249492
meg,delta,L6b_1,0.0054863191398175195,0.028417692039008884,0.1930599829249492
meg,delta,L6b_2,0.00353416141743386,0.0183060278152399,0.1930599829249492
meg,delta,L6b_3,0.009235095418408988,0.047835368461619884,0.1930599829249492
meg,delta,Lamp5_1,0.0034728680906966993,0.017988544482813687,0.1930599829249492
meg,delta,Lamp5_2,0.003544430071028645,0.018359216743567823,0.1930599829249492
meg,delta,Lamp5_Lhx6_1,0.0028181211603675793,0.014597127367731642,0.1930599829249492
meg,delta,Micro-PVM_1,0.0015135651274859807,0.007839869788418915,0.1930599829249492
meg,delta,Micro-PVM_2,0.0020396008311882514,0.010564596558475471,0.1930599829249492
meg,delta,OPC_1,0.0015448340260656658,0.008001834469581456,0.1930599829249492
meg,delta,Oligo_1,0.0039016905549587684,0.02020973220781608,0.1930599829249492
meg,delta,Oligo_2,0.001633939818844798,0.008463379070534682,0.1930599829249492
meg,delta,Pax6_1,0.0007422754605226538,0.0038447919101454,0.1930599829249492
meg,delta,Pax6_2,0.0013441877421262562,0.006962539423039317,0.1930599829249492
meg,delta,Pvalb_1,0.0029495588254550256,0.015277939947822576,0.1930599829249492
meg,delta,Pvalb_2,0.003145857719762558,0.016294716658011358,0.1930599829249492
meg,delta,Pvalb_3,0.000533338694795512,0.0027625543456245094,0.1930599829249492
meg,delta,Pvalb_4,0.0008568909579672963,0.004438470080567691,0.1930599829249492
meg,delta,Pvalb_5,0.006107601112324871,0.0316357694628988,0.1930599829249492
meg,delta,Sncg_1,0.0019966222149241032,0.010341978615528404,0.1930599829249492
meg,delta,Sncg_2,0.0012917655704991484,0.006691006343874556,0.1930599829249492
meg,delta,Sncg_3,0.0028235655336550126,0.014625327791273323,0.1930599829249492
meg,delta,Sncg_4,0.0028965385549294316,0.015003308873467796,0.1930599829249492
meg,delta,Sst_1,0.000747635367225122,0.0038725548189640128,0.1930599829249492
meg,delta,Sst_10,0.004966021896417219,0.025722688985980735,0.1930599829249492
meg,delta,Sst_2,0.004151220470424158,0.021502231625276366,0.1930599829249492
meg,delta,Sst_3,0.00368457708726101,0.01908514147488227,0.1930599829249492
meg,delta,Sst_4,0.0063899748525414165,0.033098391265400026,0.1930599829249492
meg,delta,Sst_5,0.0014330460740171044,0.007422802241592406,0.1930599829249492
meg,delta,Sst_6,0.0021192845671782826,0.010977337380176505,0.1930599829249492
meg,delta,Sst_7,0.0026720601910735393,0.013840569912990644,0.1930599829249492
meg,delta,Sst_8,0.0005047418715176409,0.002614430312644625,0.1930599829249492
meg,delta,Sst_9,0.006055272884388456,0.0313647229873754,0.1930599829249492
meg,delta,VLMC_1,0.0037222701071840227,0.019280381417163137,0.1930599829249492
meg,delta,Vip_1,0.001999399496031081,0.010356364202147136,0.1930599829249492
meg,delta,Vip_2,0.002307347611334288,0.011951454549911849,0.1930599829249492
meg,delta,Vip_3,0.0025440229339617464,0.01317737055301988,0.1930599829249492
meg,delta,Vip_4,0.004456007425415233,0.02308094799297417,0.1930599829249492
meg,delta,Vip_5,0.0017082804430705897,0.00884844397678556,0.1930599829249492
meg,delta,Vip_6,0.0016435157047783944,0.00851297964434867,0.1930599829249492
meg,delta,Vip_7,0.0024012734304226795,0.012437965621058606,0.1930599829249492
meg,delta,Vip_8,0.003080756923090782,0.01595751163144154,0.1930599829249492
meg,delta,Vip_9,0.0015137898871963918,0.007841033984680647,0.1930599829249492
meg,theta,Astro_1,0.00173566361096526,0.01630400994214347,0.10645624095694549
meg,theta,Astro_2,0.0009124959922362331,0.008571559394110839,0.10645624095694549
meg,theta,Chandelier_1,0.001056059143347338,0.009920124305107149,0.10645624095694549
meg,theta,Endo_1,0.0020803134400428102,0.01954148879711204,0.10645624095694549
meg,theta,L2/3 IT_1,0.0006201682621915857,0.005825569798603002,0.10645624095694549
meg,theta,L2/3 IT_2,0.0018518931987533654,0.017395816178614965,0.10645624095694549
meg,theta,L2/3 IT_3,0.001152619530384727,0.010827167294502586,0.10645624095694549
meg,theta,L2/3 IT_4,0.0006766004364359346,0.006355667176991293,0.10645624095694549
meg,theta,L2/3 IT_5,0.0012376925948233567,0.011626303762913454,0.10645624095694549
meg,theta,L2/3 IT_6,0.0019797757221802752,0.018597084627297367,0.10645624095694549
meg,theta,L2/3 IT_7,0.0008244432082880311,0.007744432838103535,0.10645624095694549
meg,theta,L2/3 IT_8,0.00018714465780090913,0.0017579491452886897,0.10645624095694549
meg,theta,L4 IT_1,0.003176078148829475,0.029834588562205465,0.10645624095694549
meg,theta,L4 IT_2,0.002491520315722444,0.02340417333287298,0.10645624095694549
meg,theta,L4 IT_3,0.0022959770555385415,0.021567331655709246,0.10645624095694549
meg,theta,L5 ET_1,0.001469502821755553,0.013803820316648884,0.10645624095694549
meg,theta,L5 IT_1,0.0013153499591506614,0.01235578062241211,0.10645624095694549
meg,theta,L5 IT_2,0.0011461679335646536,0.01076656401974782,0.10645624095694549
meg,theta,L5 IT_3,0.0008899627474311361,0.008359892660413091,0.10645624095694549
meg,theta,L5 IT_4,0.0029540885807316127,0.02774932267171021,0.10645624095694549
meg,theta,L5 IT_5,0.0024999827487685905,0.02348366546006136,0.10645624095694549
meg,theta,L5/6 NP_1,0.0023689999924357053,0.022253274877457013,0.10645624095694549
meg,theta,L5/6 NP_2,0.001640399586284239,0.015409144372735013,0.10645624095694549
meg,theta,L6 CT_1,0.0004095608583638728,0.0038472226210721936,0.10645624095694549
meg,theta,L6 CT_2,0.0006712871819895461,0.006305756956616919,0.10645624095694549
meg,theta,L6 IT Car3_1,0.0008165847662655473,0.007670614319322076,0.10645624095694549
meg,theta,L6 IT_1,0.001176581352145402,0.011052253410124177,0.10645624095694549
meg,theta,L6 IT_2,0.0016467547200092758,0.015468841518415807,0.10645624095694549
meg,theta,L6 IT_3,0.002841196935274569,0.02668887150001516,0.10645624095694549
meg,theta,L6b_1,0.0021526500992589508,0.020220985448185753,0.10645624095694549
meg,theta,L6b_2,0.0007257703161805301,0.006817545966835859,0.10645624095694549
meg,theta,L6b_3,0.004431616631545761,0.04162852822633534,0.10645624095694549
meg,theta,Lamp5_1,0.0012050957273533078,0.01132010407769977,0.10645624095694549
meg,theta,Lamp5_2,0.0003308097291555213,0.0031074714472523217,0.10645624095694549
meg,theta,Lamp5_Lhx6_1,0.002463028887732518,0.02313653822070094,0.10645624095694549
meg,theta,Micro-PVM_1,0.0011340768907841844,0.010652986434518607,0.10645624095694549
meg,theta,Micro-PVM_2,0.0011741894765042794,0.011029785252131543,0.10645624095694549
meg,theta,OPC_1,0.0016563297683451128,0.015558785031823438,0.10645624095694549
meg,theta,Oligo_1,0.0014472291343752138,0.01359459174366792,0.10645624095694549
meg,theta,Oligo_2,0.0011047794538911213,0.010377780052725435,0.10645624095694549
meg,theta,Pax6_1,0.00031695478339865816,0.0029773245847262765,0.10645624095694549
meg,theta,Pax6_2,0.0006070762647657276,0.005702589714878715,0.10645624095694549
meg,theta,Pvalb_1,0.0003868704492122524,0.0036340795592126524,0.10645624095694549
meg,theta,Pvalb_2,0.0009416265114478929,0.008845197829488631,0.10645624095694549
meg,theta,Pvalb_3,0.0011928327227367366,0.011204911163631624,0.10645624095694549
meg,theta,Pvalb_4,0.0007283499098680408,0.006841777460117254,0.10645624095694549
meg,theta,Pvalb_5,0.0016604795400135318,0.015597766040650317,0.10645624095694549
meg,theta,Sncg_1,0.0009495117902274364,0.008919268440179578,0.10645624095694549
meg,theta,Sncg_2,0.00042439045105398146,0.003986524859783649,0.10645624095694549
meg,theta,Sncg_3,0.002403169799666349,0.02257425002107929,0.10645624095694549
meg,theta,Sncg_4,0.0019905596808260516,0.018698384077182488,0.10645624095694549
meg,theta,Sst_1,0.0006117889659809066,0.005746858619856161,0.10645624095694549
meg,theta,Sst_10,0.0034409590185817047,0.032322755224593595,0.10645624095694549
meg,theta,Sst_2,0.0025763089006457375,0.02420063753413653,0.10645624095694549
meg,theta,Sst_3,0.0016591297990037259,0.015585087206627315,0.10645624095694549
meg,theta,Sst_4,0.0022207796554297686,0.020860962546366137,0.10645624095694549
meg,theta,Sst_5,0.0006056274340445184,0.0056889800785794664,0.10645624095694549
meg,theta,Sst_6,0.000543748193588531,0.0051077155148512255,0.10645624095694549
meg,theta,Sst_7,0.001226033015615407,0.011516779144129807,0.10645624095694549
meg,theta,Sst_8,0.0005775544477844305,0.005425275611770033,0.10645624095694549
meg,theta,Sst_9,0.001499866710817998,0.014089044449959443,0.10645624095694549
meg,theta,VLMC_1,0.0027111773012585406,0.025467528036754863,0.10645624095694549
meg,theta,Vip_1,0.001584980388161566,0.01488856241695201,0.10645624095694549
meg,theta,Vip_2,0.0010747431731472567,0.010095633318312631,0.10645624095694549
meg,theta,Vip_3,0.0008369417399292622,0.007861838182580107,0.10645624095694549
meg,theta,Vip_4,0.003422388116886787,0.032148308883749865,0.10645624095694549
meg,theta,Vip_5,0.0008469597336612963,0.0079559425173,0.10645624095694549
meg,theta,Vip_6,0.0030478976291089064,0.028630520876099498,0.10645624095694549
meg,theta,Vip_7,0.0005047970421896821,0.0047418266665440415,0.10645624095694549
meg,theta,Vip_8,0.0019328891417719502,0.018156654080559505,0.10645624095694549
meg,theta,Vip_9,0.0019794070292836834,0.01859362129914227,0.10645624095694549
meg,alpha,Astro_1,0.0006211402304407767,0.004408167467403176,0.14090667721539318
meg,alpha,Astro_2,0.0012778002639604528,0.009068415274651449,0.14090667721539318
meg,alpha,Chandelier_1,0.0018086196562436651,0.012835585168749438,0.14090667721539318
meg,alpha,Endo_1,0.0008711272446433677,0.006182299248400717,0.14090667721539318
meg,alpha,L2/3 IT_1,0.0029565270176828327,0.020982164054322405,0.14090667721539318
meg,alpha,L2/3 IT_2,0.00035600688187724155,0.0025265437303091127,0.14090667721539318
meg,alpha,L2/3 IT_3,0.0015188515231811385,0.010779130934010936,0.14090667721539318
meg,alpha,L2/3 IT_4,0.0028243484804927692,0.02004410675425555,0.14090667721539318
meg,alpha,L2/3 IT_5,0.0021188127892778612,0.015036993499172473,0.14090667721539318
meg,alpha,L2/3 IT_6,0.001249091048852937,0.008864668967699435,0.14090667721539318
meg,alpha,L2/3 IT_7,0.0012334297274267827,0.00875352220208368,0.14090667721539318
meg,alpha,L2/3 IT_8,0.0015286080315782815,0.010848371857081096,0.14090667721539318
meg,alpha,L4 IT_1,0.00185300502968565,0.01315058353730891,0.14090667721539318
meg,alpha,L4 IT_2,0.0009408782843143409,0.006677315106054859,0.14090667721539318
meg,alpha,L4 IT_3,0.0012301675578409953,0.008730370924583885,0.14090667721539318
meg,alpha,L5 ET_1,0.0010855445968837331,0.0077039968462555165,0.14090667721539318
meg,alpha,L5 IT_1,0.0018168927435606183,0.012894298407046206,0.14090667721539318
meg,alpha,L5 IT_2,0.0008782927679676499,0.006233152220494643,0.14090667721539318
meg,alpha,L5 IT_3,0.0009015579361103844,0.006398262693628367,0.14090667721539318
meg,alpha,L5 IT_4,0.0013721048309485917,0.00973768495620091,0.14090667721539318
meg,alpha,L5 IT_5,0.0018448864837235582,0.013092967062898107,0.14090667721539318
meg,alpha,L5/6 NP_1,0.001281620273891886,0.009095525486934673,0.14090667721539318
meg,alpha,L5/6 NP_2,0.0006523305697827449,0.004629522054413201,0.14090667721539318
meg,alpha,L6 CT_1,0.0013686049108837188,0.009712846388334301,0.14090667721539318
meg,alpha,L6 CT_2,0.0013072355537949898,0.009277314458254662,0.14090667721539318
meg,alpha,L6 IT Car3_1,0.0022867757243081356,0.01622900894052393,0.14090667721539318
meg,alpha,L6 IT_1,0.000565051981852066,0.0040101150138422085,0.14090667721539318
meg,alpha,L6 IT_2,0.0012819000531712524,0.009097511051315975,0.14090667721539318
meg,alpha,L6 IT_3,0.0031423209008820036,0.02230072387611965,0.14090667721539318
meg,alpha,L6b_1,0.0010915645958884752,0.007746720151663817,0.14090667721539318
meg,alpha,L6b_2,0.002189445615251793,0.015538267302300771,0.14090667721539318
meg,alpha,L6b_3,0.0032066732922911025,0.022757426089817647,0.14090667721539318
meg,alpha,Lamp5_1,0.002162262986892008,0.015345355022365073,0.14090667721539318
meg,alpha,Lamp5_2,0.001317836116846218,0.009352545549220095,0.14090667721539318
meg,alpha,Lamp5_Lhx6_1,0.0017135820135403027,0.012161112925265293,0.14090667721539318
meg,alpha,Micro-PVM_1,0.005011258808462709,0.0355643813869969,0.14090667721539318
meg,alpha,Micro-PVM_2,0.002172740108314486,0.015419710060958897,0.14090667721539318
meg,alpha,OPC_1,0.0016705628104436087,0.011855810125235925,0.14090667721539318
meg,alpha,Oligo_1,0.0014207381655872331,0.010082830662562997,0.14090667721539318
meg,alpha,Oligo_2,0.001401490236370099,0.009946230115324832,0.14090667721539318
meg,alpha,Pax6_1,0.0021252411803942997,0.01508261512082644,0.14090667721539318
meg,alpha,Pax6_2,0.0013593895491118516,0.00964744592645427,0.14090667721539318
meg,alpha,Pvalb_1,0.0029247098491321593,0.020756360925759255,0.14090667721539318
meg,alpha,Pvalb_2,0.0009034110962639664,0.006411414378063798,0.14090667721539318
meg,alpha,Pvalb_3,0.0028233649839241037,0.02003712698162801,0.14090667721539318
meg,alpha,Pvalb_4,0.0032606875017053187,0.02314075930355633,0.14090667721539318
meg,alpha,Pvalb_5,0.0009789318411373852,0.00694737723210212,0.14090667721539318
meg,alpha,Sncg_1,0.0015513984471949769,0.011010113061026013,0.14090667721539318
meg,alpha,Sncg_2,0.004608527447752912,0.0327062389010012,0.14090667721539318
meg,alpha,Sncg_3,0.001906256187380687,0.013528501452537554,0.14090667721539318
meg,alpha,Sncg_4,0.0029460989407751833,0.02090815707953789,0.14090667721539318
meg,alpha,Sst_1,0.002032359211007886,0.014423441466163986,0.14090667721539318
meg,alpha,Sst_10,0.003951104913536573,0.02804057970579225,0.14090667721539318
meg,alpha,Sst_2,0.0012107554924396708,0.008592605519956178,0.14090667721539318
meg,alpha,Sst_3,0.004414563213714743,0.031329694950981916,0.14090667721539318
meg,alpha,Sst_4,0.0015384672585695498,0.010918341763306316,0.14090667721539318
meg,alpha,Sst_5,0.005343767037652909,0.037924157628699905,0.14090667721539318
meg,alpha,Sst_6,0.0015801735309065156,0.011214326830594593,0.14090667721539318
meg,alpha,Sst_7,0.001319331451042308,0.0093631577801352,0.14090667721539318
meg,alpha,Sst_8,0.001619614215765122,0.011494233259715169,0.14090667721539318
meg,alpha,Sst_9,0.002280076364968104,0.016181464285633017,0.14090667721539318
meg,alpha,VLMC_1,0.002216519811863213,0.015730410053421316,0.14090667721539318
meg,alpha,Vip_1,0.001381735531520761,0.009806033034251517,0.14090667721539318
meg,alpha,Vip_2,0.005336634878550699,0.03787354143901212,0.14090667721539318
meg,alpha,Vip_3,0.0055326751740748,0.039264818980987146,0.14090667721539318
meg,alpha,Vip_4,0.0031037125870752805,0.022026724697587426,0.14090667721539318
meg,alpha,Vip_5,0.00172194806229943,0.012220485901226815,0.14090667721539318
meg,alpha,Vip_6,0.0007223653596133315,0.005126551657371831,0.14090667721539318
meg,alpha,Vip_7,0.0017627378959444496,0.012509967098648477,0.14090667721539318
meg,alpha,Vip_8,0.0010423639222063572,0.007397548099249944,0.14090667721539318
meg,alpha,Vip_9,0.0018760664327201774,0.013314247910710286,0.14090667721539318
meg,beta,Astro_1,0.0006768594315657361,0.007570747923909218,0.08940456588551084
meg,beta,Astro_2,0.0010544424106545005,0.011794055484870784,0.08940456588551084
meg,beta,Chandelier_1,0.0021324950749601387,0.023852194279327485,0.08940456588551084
meg,beta,Endo_1,0.0002181123482750254,0.0024396108421837694,0.08940456588551084
meg,beta,L2/3 IT_1,0.001115032393176593,0.01247176116938451,0.08940456588551084
meg,beta,L2/3 IT_2,0.0014017001008999298,0.015678171321752296,0.08940456588551084
meg,beta,L2/3 IT_3,0.0011036816209934516,0.012344801521734332,0.08940456588551084
meg,beta,L2/3 IT_4,0.00042201527391194296,0.004720287713855294,0.08940456588551084
meg,beta,L2/3 IT_5,0.0015584497827476173,0.017431433924116668,0.08940456588551084
meg,beta,L2/3 IT_6,0.0005126638536531326,0.005734202147009321,0.08940456588551084
meg,beta,L2/3 IT_7,0.0013724415237766022,0.015350910886745037,0.08940456588551084
meg,beta,L2/3 IT_8,0.00040885714482468105,0.004573112578481203,0.08940456588551084
meg,beta,L4 IT_1,0.0015201391373391143,0.017002925099885446,0.08940456588551084
meg,beta,L4 IT_2,0.0010323349749528808,0.011546781360975032,0.08940456588551084
meg,beta,L4 IT_3,0.0020453847318540456,0.022877855415945,0.08940456588551084
meg,beta,L5 ET_1,0.0023696839657245164,0.02650517836817274,0.08940456588551084
meg,beta,L5 IT_1,0.0016829024969978656,0.01882345135653303,0.08940456588551084
meg,beta,L5 IT_2,0.0015375212067107224,0.017197345476512152,0.08940456588551084
meg,beta,L5 IT_3,0.00037566536858786933,0.00420185887451136,0.08940456588551084
meg,beta,L5 IT_4,0.0010043878649444186,0.011234189831318141,0.08940456588551084
meg,beta,L5 IT_5,0.0024467346671556488,0.02736699902205077,0.08940456588551084
meg,beta,L5/6 NP_1,0.0009217133240526112,0.01030946590840711,0.08940456588551084
meg,beta,L5/6 NP_2,0.00044246585621449716,0.004949029748448278,0.08940456588551084
meg,beta,L6 CT_1,0.0003619953578228011,0.004048958285713986,0.08940456588551084
meg,beta,L6 CT_2,0.0011380482366203292,0.012729195934776802,0.08940456588551084
meg,beta,L6 IT Car3_1,0.0008086632014721673,0.009044987730355074,0.08940456588551084
meg,beta,L6 IT_1,0.0014290092217488122,0.01598362687179494,0.08940456588551084
meg,beta,L6 IT_2,0.0020509043472710033,0.022939592927472385,0.08940456588551084
meg,beta,L6 IT_3,0.001954324247929557,0.021859333788748707,0.08940456588551084
meg,beta,L6b_1,0.0009781491710715436,0.01094070712589932,0.08940456588551084
meg,beta,L6b_2,0.0011522978184187137,0.0128885790899574,0.08940456588551084
meg,beta,L6b_3,0.0029979731607322055,0.033532662801263775,0.08940456588551084
meg,beta,Lamp5_1,0.0010187129383932264,0.011394417368993924,0.08940456588551084
meg,beta,Lamp5_2,0.0017570297959409445,0.01965257342886661,0.08940456588551084
meg,beta,Lamp5_Lhx6_1,0.000443227976075255,0.004957554143742963,0.08940456588551084
meg,beta,Micro-PVM_1,0.0013336160117010667,0.014916643221654481,0.08940456588551084
meg,beta,Micro-PVM_2,0.0006354910518314519,0.007108038001607716,0.08940456588551084
meg,beta,OPC_1,0.0006460374371613993,0.007226000492958023,0.08940456588551084
meg,beta,Oligo_1,0.0005679899772419844,0.006353030984674066,0.08940456588551084
meg,beta,Oligo_2,0.0011176495087664039,0.01250103389795144,0.08940456588551084
meg,beta,Pax6_1,0.0008212642241351363,0.009185931568493112,0.08940456588551084
meg,beta,Pax6_2,0.0004940027840913855,0.00552547601119156,0.08940456588551084
meg,beta,Pvalb_1,0.0009049658023505127,0.010122143017945956,0.08940456588551084
meg,beta,Pvalb_2,0.0021562585515814523,0.024117991404853985,0.08940456588551084
meg,beta,Pvalb_3,0.0012966360629144704,0.014503018386945794,0.08940456588551084
meg,beta,Pvalb_4,0.000835673095916073,0.009347096399821618,0.08940456588551084
meg,beta,Pvalb_5,0.0007684487987125225,0.008595185168692369,0.08940456588551084
meg,beta,Sncg_1,0.003274189482139238,0.03662217303680083,0.08940456588551084
meg,beta,Sncg_2,0.0012267150230006454,0.013720943789062684,0.08940456588551084
meg,beta,Sncg_3,0.0015929141512006128,0.017816921713377114,0.08940456588551084
meg,beta,Sncg_4,0.002606925779518701,0.029158754406984788,0.08940456588551084
meg,beta,Sst_1,0.0012149253450682265,0.013589074931855587,0.08940456588551084
meg,beta,Sst_10,0.0013394105208066405,0.014981455449622727,0.08940456588551084
meg,beta,Sst_2,0.0007534092033773462,0.008426965624352368,0.08940456588551084
meg,beta,Sst_3,0.0003213718985429209,0.003594580381436686,0.08940456588551084
meg,beta,Sst_4,0.0007740205979258683,0.008657506361778648,0.08940456588551084
meg,beta,Sst_5,0.0023295986275133603,0.026056819407820668,0.08940456588551084
meg,beta,Sst_6,0.0010772934403600319,0.012049646790294646,0.08940456588551084
meg,beta,Sst_7,0.0020199850740503012,0.022593757422154945,0.08940456588551084
meg,beta,Sst_8,0.0024367054290380234,0.027254820879712174,0.08940456588551084
meg,beta,Sst_9,0.0009350286999643554,0.010458399866979154,0.08940456588551084
meg,beta,VLMC_1,0.0012969492742216776,0.014506521690206707,0.08940456588551084
meg,beta,Vip_1,0.0013582046623897592,0.015191670010780442,0.08940456588551084
meg,beta,Vip_2,0.0009436948944671304,0.010555332215086213,0.08940456588551084
meg,beta,Vip_3,0.00018094157370830276,0.002023851599928485,0.08940456588551084
meg,beta,Vip_4,0.00285782896697952,0.03196513442768887,0.08940456588551084
meg,beta,Vip_5,0.0009646023733508128,0.010789184688688691,0.08940456588551084
meg,beta,Vip_6,0.0008130003870466146,0.009093499632756137,0.08940456588551084
meg,beta,Vip_7,0.0005063897870472593,0.005664026015133599,0.08940456588551084
meg,beta,Vip_8,0.001670374042678484,0.018683319203378512,0.08940456588551084
meg,beta,Vip_9,0.0018860333172410523,0.021095492143614426,0.08940456588551084
meg,gamma1,Astro_1,0.0001491928777757793,0.010818137182067967,0.013790995183817774
meg,gamma1,Astro_2,0.00022151955215474322,0.01606262268981663,0.013790995183817774
meg,gamma1,Chandelier_1,0.00020618192150087585,0.014950474476476346,0.013790995183817774
meg,gamma1,Endo_1,0.00011364497954638698,0.008240520573869604,0.013790995183817774
meg,gamma1,L2/3 IT_1,0.00023505668145921431,0.01704421459990267,0.013790995183817774
meg,gamma1,L2/3 IT_2,0.0001244269042528168,0.009022329613951151,0.013790995183817774
meg,gamma1,L2/3 IT_3,0.00014011165619521492,0.010159647967945102,0.013790995183817774
meg,gamma1,L2/3 IT_4,7.9714842508256e-05,0.005780209582104173,0.013790995183817774
meg,gamma1,L2/3 IT_5,5.0949413365919615e-05,0.0036943971545797642,0.013790995183817774
meg,gamma1,L2/3 IT_6,0.00012527048575954053,0.009083498622821054,0.013790995183817774
meg,gamma1,L2/3 IT_7,0.0002554540268758317,0.01852324821167214,0.013790995183817774
meg,gamma1,L2/3 IT_8,8.880136162632714e-05,0.006439082926410259,0.013790995183817774
meg,gamma1,L4 IT_1,0.0003517813216581362,0.02550804470375808,0.013790995183817774
meg,gamma1,L4 IT_2,0.00011204738254123177,0.008124677084414266,0.013790995183817774
meg,gamma1,L4 IT_3,0.00023075408380484163,0.01673222858315594,0.013790995183817774
meg,gamma1,L5 ET_1,0.0001139375901630125,0.00826173808665424,0.013790995183817774
meg,gamma1,L5 IT_1,0.00012370123186202458,0.008969710322803567,0.013790995183817774
meg,gamma1,L5 IT_2,0.0001785458485057441,0.012946552886571098,0.013790995183817774
meg,gamma1,L5 IT_3,4.918657444702216e-05,0.0035665717949591655,0.013790995183817774
meg,gamma1,L5 IT_4,4.1990255012569475e-05,0.0030447588772883087,0.013790995183817774
meg,gamma1,L5 IT_5,4.5426907305209535e-05,0.003293954257812594,0.013790995183817774
meg,gamma1,L5/6 NP_1,7.93733660701018e-05,0.005755448755666145,0.013790995183817774
meg,gamma1,L5/6 NP_2,0.00014578502593091172,0.010571030153210011,0.013790995183817774
meg,gamma1,L6 CT_1,5.2859493701140004e-05,0.0038328991487985467,0.013790995183817774
meg,gamma1,L6 CT_2,0.00025018162743110933,0.018140940816560515,0.013790995183817774
meg,gamma1,L6 IT Car3_1,0.00014555543934521265,0.010554382581179206,0.013790995183817774
meg,gamma1,L6 IT_1,4.903864120112276e-05,0.0035558449950489615,0.013790995183817774
meg,gamma1,L6 IT_2,0.00014813165656241478,0.010741186882309342,0.013790995183817774
meg,gamma1,L6 IT_3,0.00016627005619825687,0.012056421888491167,0.013790995183817774
meg,gamma1,L6b_1,0.0001045130128416675,0.007578351775824134,0.013790995183817774
meg,gamma1,L6b_2,0.00013250765357199565,0.009608273500630244,0.013790995183817774
meg,gamma1,L6b_3,0.0004395199264876215,0.031870065983588346,0.013790995183817774
meg,gamma1,Lamp5_1,0.00017224331339401924,0.012489549238341259,0.013790995183817774
meg,gamma1,Lamp5_2,0.0001279099748326247,0.00927489083476101,0.013790995183817774
meg,gamma1,Lamp5_Lhx6_1,0.00015550320547504857,0.011275705879262042,0.013790995183817774
meg,gamma1,Micro-PVM_1,0.00010559973191131637,0.007657150952762722,0.013790995183817774
meg,gamma1,Micro-PVM_2,0.0003237233375561702,0.023473529882457225,0.013790995183817774
meg,gamma1,OPC_1,0.00011128240605792434,0.008069207810941888,0.013790995183817774
meg,gamma1,Oligo_1,0.00025896052632042,0.01877750828484676,0.013790995183817774
meg,gamma1,Oligo_2,0.0002004430469744575,0.014534342467877555,0.013790995183817774
meg,gamma1,Pax6_1,0.0001136297524138429,0.008239416437993903,0.013790995183817774
meg,gamma1,Pax6_2,9.941350859789033e-05,0.007208581199023347,0.013790995183817774
meg,gamma1,Pvalb_1,0.0001569350696867891,0.01137953190433532,0.013790995183817774
meg,gamma1,Pvalb_2,0.00038711327916129165,0.02807000321597725,0.013790995183817774
meg,gamma1,Pvalb_3,3.2806700734221195e-05,0.0023788494083963043,0.013790995183817774
meg,gamma1,Pvalb_4,6.519893787971232e-05,0.004727645613002328,0.013790995183817774
meg,gamma1,Pvalb_5,0.00033267835002294595,0.024122867537022103,0.013790995183817774
meg,gamma1,Sncg_1,0.00039333839530045423,0.028521393130641788,0.013790995183817774
meg,gamma1,Sncg_2,0.00021134174604487581,0.015324618943588804,0.013790995183817774
meg,gamma1,Sncg_3,0.0002362090731177963,0.01712777576740523,0.013790995183817774
meg,gamma1,Sncg_4,0.0003944416157513229,0.028601388840607894,0.013790995183817774
meg,gamma1,Sst_1,0.00023033823945966083,0.016702075259219698,0.013790995183817774
meg,gamma1,Sst_10,0.000841277899640129,0.061001971824867045,0.013790995183817774
meg,gamma1,Sst_2,0.00015968715069129122,0.01157908827918863,0.013790995183817774
meg,gamma1,Sst_3,0.00020280362114732681,0.014705510258265822,0.013790995183817774
meg,gamma1,Sst_4,0.0003431787741242592,0.02488426466328855,0.013790995183817774
meg,gamma1,Sst_5,0.0002996271580427643,0.021726289803533836,0.013790995183817774
meg,gamma1,Sst_6,0.0001246276986637354,0.009036889434199237,0.013790995183817774
meg,gamma1,Sst_7,0.0002141508518147695,0.015528310245953253,0.013790995183817774
meg,gamma1,Sst_8,0.00014748252573520097,0.010694117702851176,0.013790995183817774
meg,gamma1,Sst_9,9.543565825867311e-05,0.006920142961884029,0.013790995183817774
meg,gamma1,VLMC_1,0.00020721787503923635,0.01502559258974899,0.013790995183817774
meg,gamma1,Vip_1,0.00015764302199989464,0.011430866293454406,0.013790995183817774
meg,gamma1,Vip_2,0.0002812291268188022,0.020392228629649137,0.013790995183817774
meg,gamma1,Vip_3,0.00023258375535248915,0.01686490004908426,0.013790995183817774
meg,gamma1,Vip_4,0.0004042768769859021,0.02931455428686371,0.013790995183817774
meg,gamma1,Vip_5,0.00025018364777096367,0.018141087313591906,0.013790995183817774
meg,gamma1,Vip_6,0.00035146443457447895,0.02548506687805127,0.013790995183817774
meg,gamma1,Vip_7,0.0001372459497693,0.009951852490699374,0.013790995183817774
meg,gamma1,Vip_8,0.000341472850524806,0.024760566295134893,0.013790995183817774
meg,gamma1,Vip_9,0.0001388642985087157,0.010069200710885446,0.013790995183817774
meg,gamma2,Astro_1,0.00029308109465567766,0.024055835750357576,0.012183367798864406
meg,gamma2,Astro_2,0.00012171749476091899,0.00999046378393535,0.012183367798864406
meg,gamma2,Chandelier_1,0.00028127631670169716,0.02308691006832401,0.012183367798864406
meg,gamma2,Endo_1,0.00012604866183215388,0.010345962127475352,0.012183367798864406
meg,gamma2,L2/3 IT_1,0.00014400143836873863,0.011819510068649557,0.012183367798864406
meg,gamma2,L2/3 IT_2,0.0001169365096227438,0.009598044773272238,0.012183367798864406
meg,gamma2,L2/3 IT_3,0.00011631207273492189,0.00954679154853744,0.012183367798864406
meg,gamma2,L2/3 IT_4,1.6026383286629098e-05,0.0013154312954520584,0.012183367798864406
meg,gamma2,L2/3 IT_5,0.00011344947772461021,0.009311832294448558,0.012183367798864406
meg,gamma2,L2/3 IT_6,4.381360819885554e-05,0.003596182018155878,0.012183367798864406
meg,gamma2,L2/3 IT_7,6.104745842473945e-05,0.005010721126750323,0.012183367798864406
meg,gamma2,L2/3 IT_8,0.00010613677261350395,0.008711611958673432,0.012183367798864406
meg,gamma2,L4 IT_1,0.00017960655697502688,0.014741946556991225,0.012183367798864406
meg,gamma2,L4 IT_2,0.00011019617577220622,0.009044804161824406,0.012183367798864406
meg,gamma2,L4 IT_3,0.00010241625894811179,0.008406235503918535,0.012183367798864406
meg,gamma2,L5 ET_1,0.00041192148235975955,0.03381014914432397,0.012183367798864406
meg,gamma2,L5 IT_1,0.00019468065791334357,0.01597921536370998,0.012183367798864406
meg,gamma2,L5 IT_2,0.0001188718512165769,0.009756895891106298,0.012183367798864406
meg,gamma2,L5 IT_3,7.636441181616791e-05,0.006267923046966187,0.012183367798864406
meg,gamma2,L5 IT_4,6.676531648545113e-05,0.005480037834175394,0.012183367798864406
meg,gamma2,L5 IT_5,0.00013921419235709968,0.011426577171057384,0.012183367798864406
meg,gamma2,L5/6 NP_1,5.915813767692167e-05,0.004855647359052536,0.012183367798864406
meg,gamma2,L5/6 NP_2,0.0001711252412605925,0.014045807701589936,0.012183367798864406
meg,gamma2,L6 CT_1,5.796403317010045e-05,0.004757636322487383,0.012183367798864406
meg,gamma2,L6 CT_2,0.00020842908174171162,0.017107673771544433,0.012183367798864406
meg,gamma2,L6 IT Car3_1,0.00021713739632200593,0.017822444492092325,0.012183367798864406
meg,gamma2,L6 IT_1,2.9378404126404608e-05,0.0024113532983173116,0.012183367798864406
meg,gamma2,L6 IT_2,4.555063748209135e-05,0.003738755837801848,0.012183367798864406
meg,gamma2,L6 IT_3,0.00014062504953815273,0.011542379074467422,0.012183367798864406
meg,gamma2,L6b_1,7.747423807567275e-05,0.0063590165999005644,0.012183367798864406
meg,gamma2,L6b_2,0.00013415756616365663,0.011011533787575654,0.012183367798864406
meg,gamma2,L6b_3,0.0002556877088033053,0.02098661987592114,0.012183367798864406
meg,gamma2,Lamp5_1,0.00030844473359657596,0.025316869578978454,0.012183367798864406
meg,gamma2,Lamp5_2,0.00025470725687068527,0.02090614525274581,0.012183367798864406
meg,gamma2,Lamp5_Lhx6_1,0.00017529883464934318,0.014388372537327694,0.012183367798864406
meg,gamma2,Micro-PVM_1,0.00019466291245175498,0.01597775883199547,0.012183367798864406
meg,gamma2,Micro-PVM_2,0.00027990969967694546,0.022974739357621253,0.012183367798864406
meg,gamma2,OPC_1,0.00012743204282191645,0.010459508809525902,0.012183367798864406
meg,gamma2,Oligo_1,0.00027283309999743036,0.02239389834581377,0.012183367798864406
meg,gamma2,Oligo_2,0.00015684430417020113,0.012873641078521849,0.012183367798864406
meg,gamma2,Pax6_1,4.626984546669072e-05,0.0037977877899248403,0.012183367798864406
meg,gamma2,Pax6_2,0.00016501279950019402,0.013544103914812013,0.012183367798864406
meg,gamma2,Pvalb_1,0.0002701345854264457,0.022172406668345395,0.012183367798864406
meg,gamma2,Pvalb_2,0.0002717520899458059,0.02230517000160953,0.012183367798864406
meg,gamma2,Pvalb_3,6.795844384788888e-05,0.005577968667598066,0.012183367798864406
meg,gamma2,Pvalb_4,8.717749653666321e-05,0.0071554514298410084,0.012183367798864406
meg,gamma2,Pvalb_5,0.000395763305488906,0.032483900348620726,0.012183367798864406
meg,gamma2,Sncg_1,0.0002798951707532773,0.0229735468364803,0.012183367798864406
meg,gamma2,Sncg_2,8.312897365793025e-05,0.006823152270399206,0.012183367798864406
meg,gamma2,Sncg_3,0.00018321745940873578,0.0150383262192752,0.012183367798864406
meg,gamma2,Sncg_4,0.0001311477380879732,0.010764489774346079,0.012183367798864406
meg,gamma2,Sst_1,0.00022264366431462926,0.018274394074796096,0.012183367798864406
meg,gamma2,Sst_10,0.00049643494011209,0.04074693863862191,0.012183367798864406
meg,gamma2,Sst_2,6.875828137355032e-05,0.005643618620785559,0.012183367798864406
meg,gamma2,Sst_3,0.00018813169031297553,0.015441681923984188,0.012183367798864406
meg,gamma2,Sst_4,0.0004821511158460231,0.03957453503874058,0.012183367798864406
meg,gamma2,Sst_5,0.0001950037508789656,0.016005734547153837,0.012183367798864406
meg,gamma2,Sst_6,0.00016308735352068735,0.013386065020206358,0.012183367798864406
meg,gamma2,Sst_7,0.00012922144362990056,0.01060638123737388,0.012183367798864406
meg,gamma2,Sst_8,6.3891443698013e-05,0.005244152910163989,0.012183367798864406
meg,gamma2,Sst_9,0.00021949070940923286,0.01801560233859896,0.012183367798864406
meg,gamma2,VLMC_1,6.597852316240036e-05,0.00541545853754412,0.012183367798864406
meg,gamma2,Vip_1,9.984660963470832e-05,0.008195320972253246,0.012183367798864406
meg,gamma2,Vip_2,0.00031270128564233924,0.025666243587547745,0.012183367798864406
meg,gamma2,Vip_3,0.00021516117132879028,0.017660237701175297,0.012183367798864406
meg,gamma2,Vip_4,0.0002148089168643613,0.017631324967828956,0.012183367798864406
meg,gamma2,Vip_5,0.0001359776510814675,0.011160924739885288,0.012183367798864406
meg,gamma2,Vip_6,0.0002915958650982732,0.023933929428400943,0.012183367798864406
meg,gamma2,Vip_7,0.00013356774456154427,0.010963121754724825,0.012183367798864406
meg,gamma2,Vip_8,0.00026995295233776936,0.0221574983858676,0.012183367798864406
meg,gamma2,Vip_9,0.00012680020657177186,0.010407648251708425,0.012183367798864406
enigma,22q,Astro_1,0.002320275593386525,0.006917142992065977,0.33543843116267813
enigma,22q,Astro_2,0.004841030473988215,0.014431949425736647,0.33543843116267813
enigma,22q,Chandelier_1,0.00453873703109707,0.013530760370435645,0.33543843116267813
enigma,22q,Endo_1,0.004840679860401118,0.014430904185971241,0.33543843116267813
enigma,22q,L2/3 IT_1,0.008255941603113227,0.024612390340894866,0.33543843116267813
enigma,22q,L2/3 IT_2,0.0017858729790578576,0.005323996337771327,0.33543843116267813
enigma,22q,L2/3 IT_3,0.00302004502609619,0.009003276743300632,0.33543843116267813
enigma,22q,L2/3 IT_4,0.006457339188677661,0.019250445353848063,0.33543843116267813
enigma,22q,L2/3 IT_5,0.0013940953887191427,0.004156039556609558,0.33543843116267813
enigma,22q,L2/3 IT_6,0.0027243536516988963,0.008121769596452895,0.33543843116267813
enigma,22q,L2/3 IT_7,0.007048817763765291,0.021013745322302723,0.33543843116267813
enigma,22q,L2/3 IT_8,0.0010447487201045529,0.003114576694397546,0.33543843116267813
enigma,22q,L4 IT_1,0.00689666689037634,0.02056015724397319,0.33543843116267813
enigma,22q,L4 IT_2,0.0027086342362056624,0.008074907299134283,0.33543843116267813
enigma,22q,L4 IT_3,0.002915265933528953,0.008690912139745644,0.33543843116267813
enigma,22q,L5 ET_1,0.0049467167786232166,0.014747018585429168,0.33543843116267813
enigma,22q,L5 IT_1,0.005125199861653262,0.015279107536630726,0.33543843116267813
enigma,22q,L5 IT_2,0.004357104594529863,0.01298928265144667,0.33543843116267813
enigma,22q,L5 IT_3,0.0016293372800946762,0.004857336335753651,0.33543843116267813
enigma,22q,L5 IT_4,0.0027988701450708986,0.008343916155848959,0.33543843116267813
enigma,22q,L5 IT_5,0.005231539092009258,0.015596123180865075,0.33543843116267813
enigma,22q,L5/6 NP_1,0.015083516159105042,0.04496657138188785,0.33543843116267813
enigma,22q,L5/6 NP_2,0.007558426603954974,0.02253297744613333,0.33543843116267813
enigma,22q,L6 CT_1,0.0021116818728650665,0.006295289020836615,0.33543843116267813
enigma,22q,L6 CT_2,0.0026372374453031227,0.007862061112562673,0.33543843116267813
enigma,22q,L6 IT Car3_1,0.006377576542354606,0.019012659104828876,0.33543843116267813
enigma,22q,L6 IT_1,0.0047651193630146495,0.014205645269977136,0.33543843116267813
enigma,22q,L6 IT_2,0.0064721030426092676,0.019294458956822635,0.33543843116267813
enigma,22q,L6 IT_3,0.005151774602373645,0.015358331436612225,0.33543843116267813
enigma,22q,L6b_1,0.0025064699838601447,0.007472220684947629,0.33543843116267813
enigma,22q,L6b_2,0.0028517464574073317,0.008501549591448916,0.33543843116267813
enigma,22q,L6b_3,0.005760508651319722,0.017173072958137105,0.33543843116267813
enigma,22q,Lamp5_1,0.004124272868792512,0.012295170993070727,0.33543843116267813
enigma,22q,Lamp5_2,0.0038164336142788467,0.01137744891380077,0.33543843116267813
enigma,22q,Lamp5_Lhx6_1,0.0034604907377978724,0.01031632161467996,0.33543843116267813
enigma,22q,Micro-PVM_1,0.0026501468893464883,0.007900546398815114,0.33543843116267813
enigma,22q,Micro-PVM_2,0.0035316917483230463,0.01052858414607322,0.33543843116267813
enigma,22q,OPC_1,0.005284728983576948,0.01575469145040809,0.33543843116267813
enigma,22q,Oligo_1,0.006467233607511379,0.019279942328298556,0.33543843116267813
enigma,22q,Oligo_2,0.002372015144304982,0.007071387545199381,0.33543843116267813
enigma,22q,Pax6_1,0.0016072142064634668,0.004791383625581094,0.33543843116267813
enigma,22q,Pax6_2,0.009739143929474265,0.029034073095670593,0.33543843116267813
enigma,22q,Pvalb_1,0.0027585107733944215,0.00822359788600556,0.33543843116267813
enigma,22q,Pvalb_2,0.0028358748405636854,0.008454233555571235,0.33543843116267813
enigma,22q,Pvalb_3,0.003084382779289473,0.009195078717124201,0.33543843116267813
enigma,22q,Pvalb_4,0.0017957355058017134,0.005353398236384049,0.33543843116267813
enigma,22q,Pvalb_5,0.0074479120654715935,0.022203514485970056,0.33543843116267813
enigma,22q,Sncg_1,0.008606085159330631,0.025656228862926334,0.33543843116267813
enigma,22q,Sncg_2,0.005886738976520825,0.017549387397611346,0.33543843116267813
enigma,22q,Sncg_3,0.0031599061650321174,0.009420226996887106,0.33543843116267813
enigma,22q,Sncg_4,0.002988912318663943,0.008910464755943261,0.33543843116267813
enigma,22q,Sst_1,0.0027352260465683463,0.008154182086672828,0.33543843116267813
enigma,22q,Sst_10,0.005423948736191439,0.016169729620399333,0.33543843116267813
enigma,22q,Sst_2,0.004741001576259515,0.014133745974861967,0.33543843116267813
enigma,22q,Sst_3,0.01166796151048537,0.03478421202377595,0.33543843116267813
enigma,22q,Sst_4,0.005935712106605717,0.0176953847716008,0.33543843116267813
enigma,22q,Sst_5,0.0048275361217946615,0.014391720427089177,0.33543843116267813
enigma,22q,Sst_6,0.005294412760354558,0.01578356046444457,0.33543843116267813
enigma,22q,Sst_7,0.00941121871675611,0.02805647129977166,0.33543843116267813
enigma,22q,Sst_8,0.004285776054474554,0.012776639932459243,0.33543843116267813
enigma,22q,Sst_9,0.0019364963779246905,0.005773030750270664,0.33543843116267813
enigma,22q,VLMC_1,0.005969530991273798,0.01779620471805374,0.33543843116267813
enigma,22q,Vip_1,0.006490461963925394,0.01934919007767987,0.33543843116267813
enigma,22q,Vip_2,0.009330528785091712,0.027815920652713374,0.33543843116267813
enigma,22q,Vip_3,0.006354322776134974,0.018943335604420675,0.33543843116267813
enigma,22q,Vip_4,0.005007946343037946,0.014929554510732952,0.33543843116267813
enigma,22q,Vip_5,0.008489684630470055,0.02530921874706956,0.33543843116267813
enigma,22q,Vip_6,0.0017927873881772003,0.005344609387669564,0.33543843116267813
enigma,22q,Vip_7,0.003986797465418708,0.011885333029968843,0.33543843116267813
enigma,22q,Vip_8,0.001637618662300735,0.004882024568933595,0.33543843116267813
enigma,22q,Vip_9,0.002344599019129042,0.006989655332581668,0.33543843116267813
enigma,adhd,Astro_1,0.0017861314578022116,0.01412604651769464,0.12644241653635066
enigma,adhd,Astro_2,0.00286613340430162,0.022667499426330888,0.12644241653635066
enigma,adhd,Chandelier_1,0.0037940722222648566,0.03000632482513577,0.12644241653635066
enigma,adhd,Endo_1,0.0028910571664387827,0.02286461494199329,0.12644241653635066
enigma,adhd,L2/3 IT_1,0.0015151799873555783,0.01198316220822925,0.12644241653635066
enigma,adhd,L2/3 IT_2,0.0006442067412284581,0.005094862617112799,0.12644241653635066
enigma,adhd,L2/3 IT_3,0.002720779293827257,0.0215179317855339,0.12644241653635066
enigma,adhd,L2/3 IT_4,0.0005945829392511343,0.00470240094691799,0.12644241653635066
enigma,adhd,L2/3 IT_5,0.0014080180605283022,0.011135646558317036,0.12644241653635066
enigma,adhd,L2/3 IT_6,0.0009850013917130848,0.007790118369257115,0.12644241653635066
enigma,adhd,L2/3 IT_7,0.0015940188704567683,0.012606678313511251,0.12644241653635066
enigma,adhd,L2/3 IT_8,0.0005030729086582483,0.003978672050400278,0.12644241653635066
enigma,adhd,L4 IT_1,0.0034049310503955718,0.02692870908091744,0.12644241653635066
enigma,adhd,L4 IT_2,0.0016911425932968844,0.013374804433690188,0.12644241653635066
enigma,adhd,L4 IT_3,0.0012100601556353121,0.009570049266556326,0.12644241653635066
enigma,adhd,L5 ET_1,0.0023051831685447425,0.01823109073435045,0.12644241653635066
enigma,adhd,L5 IT_1,0.0035054417117717468,0.027723621612087544,0.12644241653635066
enigma,adhd,L5 IT_2,0.0058410935123632875,0.046195680787894815,0.12644241653635066
enigma,adhd,L5 IT_3,0.0030788396638746648,0.02434973759766396,0.12644241653635066
enigma,adhd,L5 IT_4,0.002450705178889571,0.01938198625130692,0.12644241653635066
enigma,adhd,L5 IT_5,0.003309892109519812,0.026177070955997257,0.12644241653635066
enigma,adhd,L5/6 NP_1,0.0024976545522822696,0.01975329656535174,0.12644241653635066
enigma,adhd,L5/6 NP_2,0.0016997892195069664,0.013443188338766822,0.12644241653635066
enigma,adhd,L6 CT_1,0.0002858044997251195,0.0022603530330579705,0.12644241653635066
enigma,adhd,L6 CT_2,0.00196017603883246,0.015502519585814252,0.12644241653635066
enigma,adhd,L6 IT Car3_1,0.0010382011507632494,0.008210861348610647,0.12644241653635066
enigma,adhd,L6 IT_1,0.0009384033594240655,0.007421586720104213,0.12644241653635066
enigma,adhd,L6 IT_2,0.0007001708877235502,0.005537468413712732,0.12644241653635066
enigma,adhd,L6 IT_3,0.0016313453361261948,0.012901883567348641,0.12644241653635066
enigma,adhd,L6b_1,0.0006393414893795761,0.005056384612799402,0.12644241653635066
enigma,adhd,L6b_2,0.00022951117949753625,0.0018151438875067258,0.12644241653635066
enigma,adhd,L6b_3,0.00052995790867931,0.004191298483503386,0.12644241653635066
enigma,adhd,Lamp5_1,0.0032567463408290386,0.025756754972274382,0.12644241653635066
enigma,adhd,Lamp5_2,0.0015237820159494143,0.012051193402423985,0.12644241653635066
enigma,adhd,Lamp5_Lhx6_1,0.0002077223334785303,0.001642821603451502,0.12644241653635066
enigma,adhd,Micro-PVM_1,0.0017280100435269378,0.013666379454478047,0.12644241653635066
enigma,adhd,Micro-PVM_2,0.004185840634877554,0.033104718729210426,0.12644241653635066
enigma,adhd,OPC_1,0.005085043676113844,0.040216280386036085,0.12644241653635066
enigma,adhd,Oligo_1,0.0005981446633775203,0.004730569691425986,0.12644241653635066
enigma,adhd,Oligo_2,0.0018614347510922521,0.01472160056793214,0.12644241653635066
enigma,adhd,Pax6_1,0.0025399243105334634,0.020087597027246516,0.12644241653635066
enigma,adhd,Pax6_2,0.0013472971840781064,0.010655421028676518,0.12644241653635066
enigma,adhd,Pvalb_1,0.0011206766912634394,0.00886313882605414,0.12644241653635066
enigma,adhd,Pvalb_2,0.001272158597669006,0.010061169602079504,0.12644241653635066
enigma,adhd,Pvalb_3,0.00113007049923344,0.008937431996236471,0.12644241653635066
enigma,adhd,Pvalb_4,0.0013454776497971554,0.010641030807967411,0.12644241653635066
enigma,adhd,Pvalb_5,0.0007525891129647442,0.005952030446589765,0.12644241653635066
enigma,adhd,Sncg_1,0.0013539679313892504,0.010708178224354017,0.12644241653635066
enigma,adhd,Sncg_2,0.0003161438440574199,0.0025002989717974296,0.12644241653635066
enigma,adhd,Sncg_3,0.0010612627737613893,0.008393249692885213,0.12644241653635066
enigma,adhd,Sncg_4,0.0011942121015331036,0.009444711151892467,0.12644241653635066
enigma,adhd,Sst_1,0.001681079941252321,0.013295221550665561,0.12644241653635066
enigma,adhd,Sst_10,0.0010835523148843053,0.008569531843555023,0.12644241653635066
enigma,adhd,Sst_2,0.0016137785389301752,0.012762952363111736,0.12644241653635066
enigma,adhd,Sst_3,0.0009343901386046052,0.007389847206344553,0.12644241653635066
enigma,adhd,Sst_4,0.0009514099153439095,0.007524452168868432,0.12644241653635066
enigma,adhd,Sst_5,0.0019320511979439043,0.015280087575583965,0.12644241653635066
enigma,adhd,Sst_6,0.0002921032536280416,0.002310168230168754,0.12644241653635066
enigma,adhd,Sst_7,0.0032749287458805035,0.02590055485802109,0.12644241653635066
enigma,adhd,Sst_8,0.0016021828427317285,0.012671245034858381,0.12644241653635066
enigma,adhd,Sst_9,0.0007310011471357333,0.005781296871414818,0.12644241653635066
enigma,adhd,VLMC_1,0.0005800442927695939,0.004587418594636225,0.12644241653635066
enigma,adhd,Vip_1,0.004071916430221435,0.03220372199269703,0.12644241653635066
enigma,adhd,Vip_2,0.004051296183339165,0.03204064185355447,0.12644241653635066
enigma,adhd,Vip_3,0.00024181790932831357,0.0019124745947796233,0.12644241653635066
enigma,adhd,Vip_4,0.0016825528970292151,0.013306870772637452,0.12644241653635066
enigma,adhd,Vip_5,0.0005778789281874669,0.004570293292530784,0.12644241653635066
enigma,adhd,Vip_6,0.0013983802064198075,0.011059423291058268,0.12644241653635066
enigma,adhd,Vip_7,0.0031081212022008482,0.02458131762538168,0.12644241653635066
enigma,adhd,Vip_8,0.0030378150029098305,0.024025284284538293,0.12644241653635066
enigma,adhd,Vip_9,0.0014657110820259843,0.011591925575106438,0.12644241653635066
enigma,asd,Astro_1,0.010592907201664507,0.034386215464891345,0.3080567913174384
enigma,asd,Astro_2,0.00669680620263178,0.02173886890787948,0.3080567913174384
enigma,asd,Chandelier_1,0.004508744892332216,0.014636083408679543,0.3080567913174384
enigma,asd,Endo_1,0.0016947207846051905,0.005501325834621378,0.3080567913174384
enigma,asd,L2/3 IT_1,0.0011724993032955274,0.0038061141203256923,0.3080567913174384
enigma,asd,L2/3 IT_2,0.003064303866895333,0.009947204389783143,0.3080567913174384
enigma,asd,L2/3 IT_3,0.007761738011965814,0.02519580230246474,0.3080567913174384
enigma,asd,L2/3 IT_4,0.005118071747487945,0.01661405264139756,0.3080567913174384
enigma,asd,L2/3 IT_5,0.003626305019742754,0.011771547071676186,0.3080567913174384
enigma,asd,L2/3 IT_6,0.0024637654234656585,0.007997763701066604,0.3080567913174384
enigma,asd,L2/3 IT_7,0.005469256601439446,0.017754053004478732,0.3080567913174384
enigma,asd,L2/3 IT_8,0.000964854093162473,0.0031320656461952014,0.3080567913174384
enigma,asd,L4 IT_1,0.0038097938820714798,0.012367180303925395,0.3080567913174384
enigma,asd,L4 IT_2,0.002280270799962567,0.0074021117671541695,0.3080567913174384
enigma,asd,L4 IT_3,0.007033294588827452,0.022831162263129475,0.3080567913174384
enigma,asd,L5 ET_1,0.003201665838528199,0.010393102599153638,0.3080567913174384
enigma,asd,L5 IT_1,0.0043261810892734455,0.014043453061924267,0.3080567913174384
enigma,asd,L5 IT_2,0.0037174939175644217,0.0120675603406312,0.3080567913174384
enigma,asd,L5 IT_3,0.001924677661533786,0.006247801430712475,0.3080567913174384
enigma,asd,L5 IT_4,0.0010968977127415892,0.003560699662067461,0.3080567913174384
enigma,asd,L5 IT_5,0.00680449414911351,0.02208844064113422,0.3080567913174384
enigma,asd,L5/6 NP_1,0.007974592866174036,0.025886762087178217,0.3080567913174384
enigma,asd,L5/6 NP_2,0.00313097316554951,0.010163623246738246,0.3080567913174384
enigma,asd,L6 CT_1,0.0011065569100581988,0.0035920549108035818,0.3080567913174384
enigma,asd,L6 CT_2,0.0023783437823155684,0.007720471839443378,0.3080567913174384
enigma,asd,L6 IT Car3_1,0.004417220929870075,0.014338982468068142,0.3080567913174384
enigma,asd,L6 IT_1,0.0017363575064196382,0.005636485074696508,0.3080567913174384
enigma,asd,L6 IT_2,0.0026007861804922144,0.008442554275040226,0.3080567913174384
enigma,asd,L6 IT_3,0.011455915939528442,0.037187675332642306,0.3080567913174384
enigma,asd,L6b_1,0.004435710010567169,0.014399000884211553,0.3080567913174384
enigma,asd,L6b_2,0.0020735774414691274,0.00673115315069422,0.3080567913174384
enigma,asd,L6b_3,0.0041783842787130945,0.013563681751159516,0.3080567913174384
enigma,asd,Lamp5_1,0.004504208391353366,0.014621357224720249,0.3080567913174384
enigma,asd,Lamp5_2,0.004331350565830436,0.014060233982529466,0.3080567913174384
enigma,asd,Lamp5_Lhx6_1,0.00857167717219154,0.02782499011151103,0.3080567913174384
enigma,asd,Micro-PVM_1,0.002316137363943959,0.007518540182278551,0.3080567913174384
enigma,asd,Micro-PVM_2,0.00945592371940176,0.030695391193820053,0.3080567913174384
enigma,asd,OPC_1,0.005839832632877824,0.018957000129434392,0.3080567913174384
enigma,asd,Oligo_1,0.004552224845514945,0.014777226062918009,0.3080567913174384
enigma,asd,Oligo_2,0.0017587542782223446,0.00570918846067584,0.3080567913174384
enigma,asd,Pax6_1,0.0030255522214073472,0.009821410553775632,0.3080567913174384
enigma,asd,Pax6_2,0.004228320219478803,0.013725781539812614,0.3080567913174384
enigma,asd,Pvalb_1,0.006012625414495167,0.01951791222904556,0.3080567913174384
enigma,asd,Pvalb_2,0.0022152753630255637,0.007191126524273974,0.3080567913174384
enigma,asd,Pvalb_3,0.004380805099657183,0.01422077104978661,0.3080567913174384
enigma,asd,Pvalb_4,0.0019099303825971267,0.0061999294819279965,0.3080567913174384
enigma,asd,Pvalb_5,0.0012030758444402366,0.0039053703029728764,0.3080567913174384
enigma,asd,Sncg_1,0.0018169754621033386,0.0058981834301813155,0.3080567913174384
enigma,asd,Sncg_2,0.0036726209724859695,0.0119218958192079,0.3080567913174384
enigma,asd,Sncg_3,0.0037767253787541442,0.012259834826567423,0.3080567913174384
enigma,asd,Sncg_4,0.002185674290258589,0.007095036862882701,0.3080567913174384
enigma,asd,Sst_1,0.0016241528897636688,0.005272251531342004,0.3080567913174384
enigma,asd,Sst_10,0.013552100893305344,0.04399221596559618,0.3080567913174384
enigma,asd,Sst_2,0.0030177830541279808,0.009796190634921901,0.3080567913174384
enigma,asd,Sst_3,0.009694964365327083,0.031471354109304045,0.3080567913174384
enigma,asd,Sst_4,0.0012237342202452038,0.003972430586619341,0.3080567913174384
enigma,asd,Sst_5,0.014152906803504691,0.045942524892823314,0.3080567913174384
enigma,asd,Sst_6,0.003638045863003083,0.011809659665169477,0.3080567913174384
enigma,asd,Sst_7,0.004596966012781984,0.014922462813179863,0.3080567913174384
enigma,asd,Sst_8,0.004250005904156894,0.013796176626982579,0.3080567913174384
enigma,asd,Sst_9,0.005936952585883313,0.019272266521031037,0.3080567913174384
enigma,asd,VLMC_1,0.006496028642405287,0.021087113887748792,0.3080567913174384
enigma,asd,Vip_1,0.0034221397004998303,0.011108794861702862,0.3080567913174384
enigma,asd,Vip_2,0.005539726950432926,0.01798281065884534,0.3080567913174384
enigma,asd,Vip_3,0.0019932534729892163,0.006470409123151776,0.3080567913174384
enigma,asd,Vip_4,0.0068769872356585935,0.02232376441450425,0.3080567913174384
enigma,asd,Vip_5,0.0038312872668865325,0.012436951155991775,0.3080567913174384
enigma,asd,Vip_6,0.00384719967776028,0.012488605303286163,0.3080567913174384
enigma,asd,Vip_7,0.0019807144841468877,0.006429705625628789,0.3080567913174384
enigma,asd,Vip_8,0.0018052430569585208,0.005860098228116324,0.3080567913174384
enigma,asd,Vip_9,0.0020017468200992793,0.006497979841764212,0.3080567913174384
enigma,epilepsy_gge,Astro_1,0.0028618967034768016,0.01969719946292681,0.14529459930907113
enigma,epilepsy_gge,Astro_2,0.003063443039559001,0.021084355881958387,0.14529459930907113
enigma,epilepsy_gge,Chandelier_1,0.0008846493474155627,0.006088659534644738,0.14529459930907113
enigma,epilepsy_gge,Endo_1,0.003069568827909211,0.021126517038528147,0.14529459930907113
enigma,epilepsy_gge,L2/3 IT_1,0.0014815065830236724,0.010196570210240279,0.14529459930907113
enigma,epilepsy_gge,L2/3 IT_2,0.0027763011554499304,0.019108082259438795,0.14529459930907113
enigma,epilepsy_gge,L2/3 IT_3,0.0022807092527661905,0.015697137151771613,0.14529459930907113
enigma,epilepsy_gge,L2/3 IT_4,0.0022194349936784153,0.01527541287998755,0.14529459930907113
enigma,epilepsy_gge,L2/3 IT_5,0.0027604074956006923,0.018998693060357633,0.14529459930907113
enigma,epilepsy_gge,L2/3 IT_6,0.0014740689777787332,0.010145380384325843,0.14529459930907113
enigma,epilepsy_gge,L2/3 IT_7,0.0004620447262804512,0.0031800543755765363,0.14529459930907113
enigma,epilepsy_gge,L2/3 IT_8,0.0015563121063012207,0.01071142433168234,0.14529459930907113
enigma,epilepsy_gge,L4 IT_1,0.001224824675526591,0.008429939456463486,0.14529459930907113
enigma,epilepsy_gge,L4 IT_2,0.0021944597861821465,0.01510351930916637,0.14529459930907113
enigma,epilepsy_gge,L4 IT_3,0.0004900372095862786,0.0033727145531670445,0.14529459930907113
enigma,epilepsy_gge,L5 ET_1,0.004796378927196893,0.033011405448003066,0.14529459930907113
enigma,epilepsy_gge,L5 IT_1,0.0010388821527811478,0.007150177348101112,0.14529459930907113
enigma,epilepsy_gge,L5 IT_2,0.002538433792747901,0.01747094389481151,0.14529459930907113
enigma,epilepsy_gge,L5 IT_3,0.0016262443471408358,0.01119273775401303,0.14529459930907113
enigma,epilepsy_gge,L5 IT_4,0.0009446133596963678,0.006501365943320325,0.14529459930907113
enigma,epilepsy_gge,L5 IT_5,0.0013793050733133597,0.009493161341663482,0.14529459930907113
enigma,epilepsy_gge,L5/6 NP_1,0.000727272517398356,0.0050055027568595275,0.14529459930907113
enigma,epilepsy_gge,L5/6 NP_2,0.0005067675364953077,0.0034878621704121995,0.14529459930907113
enigma,epilepsy_gge,L6 CT_1,0.00115888396674736,0.007976098026067566,0.14529459930907113
enigma,epilepsy_gge,L6 CT_2,0.0014160787109375342,0.009746258413399435,0.14529459930907113
enigma,epilepsy_gge,L6 IT Car3_1,0.0007184091278109123,0.0049444998728597625,0.14529459930907113
enigma,epilepsy_gge,L6 IT_1,0.0013994527928442497,0.009631829396957345,0.14529459930907113
enigma,epilepsy_gge,L6 IT_2,0.0014983046262242766,0.010312183889485654,0.14529459930907113
enigma,epilepsy_gge,L6 IT_3,0.0008326506969085231,0.005730775272226781,0.14529459930907113
enigma,epilepsy_gge,L6b_1,0.00219811882576876,0.015128702898948878,0.14529459930907113
enigma,epilepsy_gge,L6b_2,0.0018761520444194634,0.012912744543439684,0.14529459930907113
enigma,epilepsy_gge,L6b_3,0.0055181607510332315,0.03797911813153483,0.14529459930907113
enigma,epilepsy_gge,Lamp5_1,0.0017505729683136558,0.01204843797799966,0.14529459930907113
enigma,epilepsy_gge,Lamp5_2,0.00984886343726696,0.06778547505620926,0.14529459930907113
enigma,epilepsy_gge,Lamp5_Lhx6_1,0.0009826626789493755,0.006763242980966226,0.14529459930907113
enigma,epilepsy_gge,Micro-PVM_1,0.002023153300441171,0.013924490724789521,0.14529459930907113
enigma,epilepsy_gge,Micro-PVM_2,0.0014524744656999938,0.00999675468053899,0.14529459930907113
enigma,epilepsy_gge,OPC_1,0.0011316235297161143,0.007788476206943668,0.14529459930907113
enigma,epilepsy_gge,Oligo_1,0.004977392676055946,0.03425724493357128,0.14529459930907113
enigma,epilepsy_gge,Oligo_2,0.002245382504800542,0.01545399839689951,0.14529459930907113
enigma,epilepsy_gge,Pax6_1,0.0004331319736815388,0.002981060381743296,0.14529459930907113
enigma,epilepsy_gge,Pax6_2,0.0021996352518699755,0.015139139805127268,0.14529459930907113
enigma,epilepsy_gge,Pvalb_1,0.002693404198550979,0.018537538293639952,0.14529459930907113
enigma,epilepsy_gge,Pvalb_2,0.0020269628830578237,0.013950710437254876,0.14529459930907113
enigma,epilepsy_gge,Pvalb_3,0.000419330318217159,0.0028860695456763555,0.14529459930907113
enigma,epilepsy_gge,Pvalb_4,0.0013308934440949165,0.009159964998174749,0.14529459930907113
enigma,epilepsy_gge,Pvalb_5,0.0025873435127566177,0.017807568382172366,0.14529459930907113
enigma,epilepsy_gge,Sncg_1,0.006680878925615272,0.04598160535481216,0.14529459930907113
enigma,epilepsy_gge,Sncg_2,0.0013876519173428472,0.009550609065592519,0.14529459930907113
enigma,epilepsy_gge,Sncg_3,0.005429816012656988,0.03737107943776125,0.14529459930907113
enigma,epilepsy_gge,Sncg_4,0.0023693278297842683,0.016307060558694454,0.14529459930907113
enigma,epilepsy_gge,Sst_1,0.0019291954275171917,0.01327781924924409,0.14529459930907113
enigma,epilepsy_gge,Sst_10,0.0007323521445988214,0.005040463637887597,0.14529459930907113
enigma,epilepsy_gge,Sst_2,0.005659730412035909,0.03895348098931408,0.14529459930907113
enigma,epilepsy_gge,Sst_3,0.00021708436767462486,0.0014940979823540607,0.14529459930907113
enigma,epilepsy_gge,Sst_4,0.0018666121103211063,0.012847085295651239,0.14529459930907113
enigma,epilepsy_gge,Sst_5,0.004560232885266183,0.031386114191110724,0.14529459930907113
enigma,epilepsy_gge,Sst_6,0.0011642353170347648,0.008012929059793887,0.14529459930907113
enigma,epilepsy_gge,Sst_7,0.0019863053128407735,0.013670881934265834,0.14529459930907113
enigma,epilepsy_gge,Sst_8,0.0030349575135099685,0.020888302304024373,0.14529459930907113
enigma,epilepsy_gge,Sst_9,0.001455204071970387,0.010015541382063847,0.14529459930907113
enigma,epilepsy_gge,VLMC_1,0.0008725329635364937,0.006005267695328709,0.14529459930907113
enigma,epilepsy_gge,Vip_1,0.0004690471733891681,0.0032282491959072027,0.14529459930907113
enigma,epilepsy_gge,Vip_2,0.0023253521369732454,0.016004394850401487,0.14529459930907113
enigma,epilepsy_gge,Vip_3,0.001976860077704797,0.013605874458551718,0.14529459930907113
enigma,epilepsy_gge,Vip_4,0.0010768286604362532,0.007411346777904799,0.14529459930907113
enigma,epilepsy_gge,Vip_5,0.0007471545634765869,0.0051423422964761226,0.14529459930907113
enigma,epilepsy_gge,Vip_6,0.000694185995889496,0.004777782513531844,0.14529459930907113
enigma,epilepsy_gge,Vip_7,0.001481011639324588,0.01019316372643814,0.14529459930907113
enigma,epilepsy_gge,Vip_8,0.0007116033898620705,0.004897658916752615,0.14529459930907113
enigma,epilepsy_gge,Vip_9,0.001389837186837171,0.009565649332090486,0.14529459930907113
enigma,epilepsy_rtle,Astro_1,0.021817247485975955,0.030331749336501436,0.7192874780789821
enigma,epilepsy_rtle,Astro_2,0.006968405984929437,0.00968792895371976,0.7192874780789821
enigma,epilepsy_rtle,Chandelier_1,0.008062808409899763,0.011209438028079251,0.7192874780789821
enigma,epilepsy_rtle,Endo_1,0.004842785978617041,0.006732754463557163,0.7192874780789821
enigma,epilepsy_rtle,L2/3 IT_1,0.002227015667964528,0.0030961413007109077,0.7192874780789821
enigma,epilepsy_rtle,L2/3 IT_2,0.005896487208477748,0.008197678102537853,0.7192874780789821
enigma,epilepsy_rtle,L2/3 IT_3,0.0074715357617819115,0.010387412529043766,0.7192874780789821
enigma,epilepsy_rtle,L2/3 IT_4,0.010408822467073801,0.014471018590331765,0.7192874780789821
enigma,epilepsy_rtle,L2/3 IT_5,0.004123136721581818,0.0057322514950400305,0.7192874780789821
enigma,epilepsy_rtle,L2/3 IT_6,0.002732333172839317,0.003798666397108182,0.7192874780789821
enigma,epilepsy_rtle,L2/3 IT_7,0.009137468259860353,0.012703499697039081,0.7192874780789821
enigma,epilepsy_rtle,L2/3 IT_8,0.0069731407177921504,0.009694511485749038,0.7192874780789821
enigma,epilepsy_rtle,L4 IT_1,0.006869388462930886,0.009550268386816801,0.7192874780789821
enigma,epilepsy_rtle,L4 IT_2,0.013866876824510902,0.019278629542593313,0.7192874780789821
enigma,epilepsy_rtle,L4 IT_3,0.002526979148826001,0.0035131699436432057,0.7192874780789821
enigma,epilepsy_rtle,L5 ET_1,0.02843415055757786,0.03953099619295141,0.7192874780789821
enigma,epilepsy_rtle,L5 IT_1,0.007293138378927367,0.010139392942589968,0.7192874780789821
enigma,epilepsy_rtle,L5 IT_2,0.01449394167292086,0.020150415674731567,0.7192874780789821
enigma,epilepsy_rtle,L5 IT_3,0.0047326334688873916,0.006579613316120762,0.7192874780789821
enigma,epilepsy_rtle,L5 IT_4,0.0117590994601535,0.016348261047945397,0.7192874780789821
enigma,epilepsy_rtle,L5 IT_5,0.0155589094793097,0.02163100283750698,0.7192874780789821
enigma,epilepsy_rtle,L5/6 NP_1,0.02211074817325857,0.03073979298556714,0.7192874780789821
enigma,epilepsy_rtle,L5/6 NP_2,0.008058117657691346,0.011202916640801742,0.7192874780789821
enigma,epilepsy_rtle,L6 CT_1,0.010983032255806078,0.015269322198043429,0.7192874780789821
enigma,epilepsy_rtle,L6 CT_2,0.018613973597828244,0.02587835068051097,0.7192874780789821
enigma,epilepsy_rtle,L6 IT Car3_1,0.006329254483785554,0.008799339174775073,0.7192874780789821
enigma,epilepsy_rtle,L6 IT_1,0.004276547970779664,0.0059455337415314675,0.7192874780789821
enigma,epilepsy_rtle,L6 IT_2,0.017976316390087222,0.024991838364956654,0.7192874780789821
enigma,epilepsy_rtle,L6 IT_3,0.010119858378842043,0.014069282014848064,0.7192874780789821
enigma,epilepsy_rtle,L6b_1,0.013183444380807255,0.018328477531704832,0.7192874780789821
enigma,epilepsy_rtle,L6b_2,0.022896581677699767,0.031832309577875875,0.7192874780789821
enigma,epilepsy_rtle,L6b_3,0.007535687986951747,0.010476601104022393,0.7192874780789821
enigma,epilepsy_rtle,Lamp5_1,0.0068971203576096195,0.009588823061441192,0.7192874780789821
enigma,epilepsy_rtle,Lamp5_2,0.016738863682118847,0.023271451529816314,0.7192874780789821
enigma,epilepsy_rtle,Lamp5_Lhx6_1,0.006230747962304176,0.00866238903385998,0.7192874780789821
enigma,epilepsy_rtle,Micro-PVM_1,0.014617950807364208,0.020322821198562654,0.7192874780789821
enigma,epilepsy_rtle,Micro-PVM_2,0.004846644653034841,0.00673811904244307,0.7192874780789821
enigma,epilepsy_rtle,OPC_1,0.01653769850586558,0.022991778683584478,0.7192874780789821
enigma,epilepsy_rtle,Oligo_1,0.010699796182646127,0.01487554907979536,0.7192874780789821
enigma,epilepsy_rtle,Oligo_2,0.005758439366945564,0.008005755059610884,0.7192874780789821
enigma,epilepsy_rtle,Pax6_1,0.0057599426541915105,0.00800784502682394,0.7192874780789821
enigma,epilepsy_rtle,Pax6_2,0.020464594220121625,0.02845120323069838,0.7192874780789821
enigma,epilepsy_rtle,Pvalb_1,0.006095184031845952,0.00847391928485187,0.7192874780789821
enigma,epilepsy_rtle,Pvalb_2,0.018933044173136484,0.026321943242639798,0.7192874780789821
enigma,epilepsy_rtle,Pvalb_3,0.014085708109399046,0.019582862956294023,0.7192874780789821
enigma,epilepsy_rtle,Pvalb_4,0.01027056418581034,0.014278802980471976,0.7192874780789821
enigma,epilepsy_rtle,Pvalb_5,0.012827249515722791,0.017833272379467562,0.7192874780789821
enigma,epilepsy_rtle,Sncg_1,0.022835597859799474,0.031747525927723695,0.7192874780789821
enigma,epilepsy_rtle,Sncg_2,0.005548754951891787,0.007714238216284506,0.7192874780789821
enigma,epilepsy_rtle,Sncg_3,0.010793091891029038,0.01500525481112837,0.7192874780789821
enigma,epilepsy_rtle,Sncg_4,0.01096489493563126,0.015244106521797739,0.7192874780789821
enigma,epilepsy_rtle,Sst_1,0.010098141374459536,0.014039089629961136,0.7192874780789821
enigma,epilepsy_rtle,Sst_10,0.008087152813113868,0.011243283192851372,0.7192874780789821
enigma,epilepsy_rtle,Sst_2,0.006194841790430152,0.00861246995008847,0.7192874780789821
enigma,epilepsy_rtle,Sst_3,0.002623118071370649,0.0036468284952996433,0.7192874780789821
enigma,epilepsy_rtle,Sst_4,0.013552197184317518,0.01884114154261616,0.7192874780789821
enigma,epilepsy_rtle,Sst_5,0.012251447088031709,0.01703275458200932,0.7192874780789821
enigma,epilepsy_rtle,Sst_6,0.0044699664827350626,0.006214436673738721,0.7192874780789821
enigma,epilepsy_rtle,Sst_7,0.009795593775590878,0.01361846837894662,0.7192874780789821
enigma,epilepsy_rtle,Sst_8,0.009008083583094522,0.012523620746398397,0.7192874780789821
enigma,epilepsy_rtle,Sst_9,0.005897245743503152,0.00819873266701801,0.7192874780789821
enigma,epilepsy_rtle,VLMC_1,0.004411595785438873,0.006133285952955868,0.7192874780789821
enigma,epilepsy_rtle,Vip_1,0.005611725760951347,0.007801784310132458,0.7192874780789821
enigma,epilepsy_rtle,Vip_2,0.009467986941746937,0.013163008157785969,0.7192874780789821
enigma,epilepsy_rtle,Vip_3,0.013130535404487685,0.018254920048873524,0.7192874780789821
enigma,epilepsy_rtle,Vip_4,0.009856629634925321,0.013703324380468366,0.7192874780789821
enigma,epilepsy_rtle,Vip_5,0.010735347219163477,0.01492497443141179,0.7192874780789821
enigma,epilepsy_rtle,Vip_6,0.009142097246024725,0.012709935213165031,0.7192874780789821
enigma,epilepsy_rtle,Vip_7,0.005975951646507597,0.008308154706749116,0.7192874780789821
enigma,epilepsy_rtle,Vip_8,0.004420129436791099,0.006145149987312503,0.7192874780789821
enigma,epilepsy_rtle,Vip_9,0.005371934805453879,0.007468411405966403,0.7192874780789821
enigma,epilepsy_ltle,Astro_1,0.012373138561562878,0.024573490249338782,0.5035157169786173
enigma,epilepsy_ltle,Astro_2,0.0017853068739885744,0.003545682515535837,0.5035157169786173
enigma,epilepsy_ltle,Chandelier_1,0.0031030733507711626,0.006162813286924547,0.5035157169786173
enigma,epilepsy_ltle,Endo_1,0.004601290795015756,0.009138326053903812,0.5035157169786173
enigma,epilepsy_ltle,L2/3 IT_1,0.0055221833389540965,0.010967251175574736,0.5035157169786173
enigma,epilepsy_ltle,L2/3 IT_2,0.006771309421642846,0.013448059699654622,0.5035157169786173
enigma,epilepsy_ltle,L2/3 IT_3,0.0022686642458412125,0.004505647330046612,0.5035157169786173
enigma,epilepsy_ltle,L2/3 IT_4,0.008317246903058477,0.016518346146107858,0.5035157169786173
enigma,epilepsy_ltle,L2/3 IT_5,0.003807636429720331,0.007562100449551665,0.5035157169786173
enigma,epilepsy_ltle,L2/3 IT_6,0.001704101332123634,0.0033844054409050387,0.5035157169786173
enigma,epilepsy_ltle,L2/3 IT_7,0.007665073547016481,0.015223106823777643,0.5035157169786173
enigma,epilepsy_ltle,L2/3 IT_8,0.002620519926241313,0.005204445140195291,0.5035157169786173
enigma,epilepsy_ltle,L4 IT_1,0.007462661556733719,0.014821109461118637,0.5035157169786173
enigma,epilepsy_ltle,L4 IT_2,0.007835868637449457,0.015562311906506428,0.5035157169786173
enigma,epilepsy_ltle,L4 IT_3,0.0063044867702832935,0.012520933424112013,0.5035157169786173
enigma,epilepsy_ltle,L5 ET_1,0.015004126016466855,0.029798724271210848,0.5035157169786173
enigma,epilepsy_ltle,L5 IT_1,0.004664819806675963,0.009264496915146072,0.5035157169786173
enigma,epilepsy_ltle,L5 IT_2,0.011072000272649919,0.02198938364642967,0.5035157169786173
enigma,epilepsy_ltle,L5 IT_3,0.004112541741869023,0.008167653169888378,0.5035157169786173
enigma,epilepsy_ltle,L5 IT_4,0.0061841325239293515,0.012281905639485672,0.5035157169786173
enigma,epilepsy_ltle,L5 IT_5,0.007276931689663479,0.01445224338443542,0.5035157169786173
enigma,epilepsy_ltle,L5/6 NP_1,0.008699312732466345,0.017277142379322742,0.5035157169786173
enigma,epilepsy_ltle,L5/6 NP_2,0.00959133520759882,0.01904873052454514,0.5035157169786173
enigma,epilepsy_ltle,L6 CT_1,0.003411413922402894,0.0067751885539409406,0.5035157169786173
enigma,epilepsy_ltle,L6 CT_2,0.008678752233617047,0.017236308502333417,0.5035157169786173
enigma,epilepsy_ltle,L6 IT Car3_1,0.0066047821229658415,0.01311733060210775,0.5035157169786173
enigma,epilepsy_ltle,L6 IT_1,0.00607906254951596,0.012073232958831588,0.5035157169786173
enigma,epilepsy_ltle,L6 IT_2,0.010820174978764488,0.0214892497173509,0.5035157169786173
enigma,epilepsy_ltle,L6 IT_3,0.005569292914343357,0.011060812456386276,0.5035157169786173
enigma,epilepsy_ltle,L6b_1,0.012858822416005708,0.025538075540453845,0.5035157169786173
enigma,epilepsy_ltle,L6b_2,0.01425043421442056,0.02830186572910043,0.5035157169786173
enigma,epilepsy_ltle,L6b_3,0.00584748901993522,0.011613319749030881,0.5035157169786173
enigma,epilepsy_ltle,Lamp5_1,0.006260994748558712,0.01243455673266421,0.5035157169786173
enigma,epilepsy_ltle,Lamp5_2,0.004468653425856513,0.008874903553499765,0.5035157169786173
enigma,epilepsy_ltle,Lamp5_Lhx6_1,0.004087630325647963,0.008118178217307865,0.5035157169786173
enigma,epilepsy_ltle,Micro-PVM_1,0.008216388209409821,0.01631803721781091,0.5035157169786173
enigma,epilepsy_ltle,Micro-PVM_2,0.0052877672277145595,0.010501692498188917,0.5035157169786173
enigma,epilepsy_ltle,OPC_1,0.009604766559804457,0.01907540566447172,0.5035157169786173
enigma,epilepsy_ltle,Oligo_1,0.009154600844529064,0.018181360652378267,0.5035157169786173
enigma,epilepsy_ltle,Oligo_2,0.0028122803851660908,0.005585288185324946,0.5035157169786173
enigma,epilepsy_ltle,Pax6_1,0.0037926952015694937,0.007532426642663385,0.5035157169786173
enigma,epilepsy_ltle,Pax6_2,0.013369879106280624,0.02655305217979601,0.5035157169786173
enigma,epilepsy_ltle,Pvalb_1,0.001653898893395271,0.003284701624250404,0.5035157169786173
enigma,epilepsy_ltle,Pvalb_2,0.009958409732413992,0.01977775349728933,0.5035157169786173
enigma,epilepsy_ltle,Pvalb_3,0.010181727698989947,0.020221270867344807,0.5035157169786173
enigma,epilepsy_ltle,Pvalb_4,0.0058512813151124455,0.011620851381211068,0.5035157169786173
enigma,epilepsy_ltle,Pvalb_5,0.016078333686886312,0.031932138649743695,0.5035157169786173
enigma,epilepsy_ltle,Sncg_1,0.003797456705546978,0.007541883157757007,0.5035157169786173
enigma,epilepsy_ltle,Sncg_2,0.00313039353110331,0.006217072130116344,0.5035157169786173
enigma,epilepsy_ltle,Sncg_3,0.002699313861156127,0.005360932678236056,0.5035157169786173
enigma,epilepsy_ltle,Sncg_4,0.003509599043739115,0.006970187673184702,0.5035157169786173
enigma,epilepsy_ltle,Sst_1,0.009968577088825396,0.01979794622627188,0.5035157169786173
enigma,epilepsy_ltle,Sst_10,0.002243170420608303,0.004455015692595676,0.5035157169786173
enigma,epilepsy_ltle,Sst_2,0.006295999531297245,0.012504077467684322,0.5035157169786173
enigma,epilepsy_ltle,Sst_3,0.00966047737932589,0.01918604931995825,0.5035157169786173
enigma,epilepsy_ltle,Sst_4,0.025522390403523054,0.050688368888804534,0.5035157169786173
enigma,epilepsy_ltle,Sst_5,0.0045692658820543075,0.009074723445521264,0.5035157169786173
enigma,epilepsy_ltle,Sst_6,0.011050768156530496,0.021947215913817812,0.5035157169786173
enigma,epilepsy_ltle,Sst_7,0.003635848815561961,0.007220924179644553,0.5035157169786173
enigma,epilepsy_ltle,Sst_8,0.0034134229207276037,0.006779178495579237,0.5035157169786173
enigma,epilepsy_ltle,Sst_9,0.0040577146639418134,0.008058764656425077,0.5035157169786173
enigma,epilepsy_ltle,VLMC_1,0.006437600856195655,0.01278530270082719,0.5035157169786173
enigma,epilepsy_ltle,Vip_1,0.005903760278321017,0.011725076455898856,0.5035157169786173
enigma,epilepsy_ltle,Vip_2,0.004137858600163718,0.008217933344748877,0.5035157169786173
enigma,epilepsy_ltle,Vip_3,0.006749290280144144,0.0134043289068388,0.5035157169786173
enigma,epilepsy_ltle,Vip_4,0.005775102327769978,0.011469557221418826,0.5035157169786173
enigma,epilepsy_ltle,Vip_5,0.008364642701877088,0.016612475876760582,0.5035157169786173
enigma,epilepsy_ltle,Vip_6,0.011211739929476315,0.02226691154102036,0.5035157169786173
enigma,epilepsy_ltle,Vip_7,0.01784617219688219,0.03544312837734132,0.5035157169786173
enigma,epilepsy_ltle,Vip_8,0.003247262158345203,0.006449177352060897,0.5035157169786173
enigma,epilepsy_ltle,Vip_9,0.006640595830471097,0.013188457890288859,0.5035157169786173
enigma,depression,Astro_1,0.0024790479048083444,0.0169761801070361,0.1460309615695498
enigma,depression,Astro_2,0.0008984922829563656,0.0061527519458840435,0.1460309615695498
enigma,depression,Chandelier_1,0.0031963451757422174,0.021888133457368914,0.1460309615695498
enigma,depression,Endo_1,0.0007928253031496149,0.005429158957992741,0.1460309615695498
enigma,depression,L2/3 IT_1,0.0008853832594989866,0.006062983150852618,0.1460309615695498
enigma,depression,L2/3 IT_2,0.002614113518437725,0.017901090907990136,0.1460309615695498
enigma,depression,L2/3 IT_3,0.003142795641466078,0.021521433589747792,0.1460309615695498
enigma,depression,L2/3 IT_4,0.00039347071652407454,0.002694433511188497,0.1460309615695498
enigma,depression,L2/3 IT_5,0.0014202813596078893,0.009725891991277859,0.1460309615695498
enigma,depression,L2/3 IT_6,0.0010348285324361865,0.007086363886903061,0.1460309615695498
enigma,depression,L2/3 IT_7,0.001417239209041331,0.009705059761359894,0.1460309615695498
enigma,depression,L2/3 IT_8,0.0016526778212712864,0.011317311092854576,0.1460309615695498
enigma,depression,L4 IT_1,0.003793949266157666,0.025980444320711612,0.1460309615695498
enigma,depression,L4 IT_2,0.0039325950059943314,0.026929871335000174,0.1460309615695498
enigma,depression,L4 IT_3,0.003121694709748065,0.02137693730285617,0.1460309615695498
enigma,depression,L5 ET_1,0.0035802070816059986,0.024516767150785775,0.1460309615695498
enigma,depression,L5 IT_1,0.002305964945213649,0.015790931734126757,0.1460309615695498
enigma,depression,L5 IT_2,0.00450730306303899,0.030865393301490435,0.1460309615695498
enigma,depression,L5 IT_3,0.0022960356845265996,0.015722937518514335,0.1460309615695498
enigma,depression,L5 IT_4,0.002335277422112619,0.01599165955639073,0.1460309615695498
enigma,depression,L5 IT_5,0.0016922528359301415,0.011588315366424375,0.1460309615695498
enigma,depression,L5/6 NP_1,0.0033632153869963856,0.023030837781579595,0.1460309615695498
enigma,depression,L5/6 NP_2,0.0005109833260111252,0.0034991437467715397,0.1460309615695498
enigma,depression,L6 CT_1,0.0010549640029629316,0.0072242488279479445,0.1460309615695498
enigma,depression,L6 CT_2,0.0016747263594793034,0.011468296459047046,0.1460309615695498
enigma,depression,L6 IT Car3_1,0.001211613602299189,0.008296963803269466,0.1460309615695498
enigma,depression,L6 IT_1,0.0005843142119360787,0.004001303597920834,0.1460309615695498
enigma,depression,L6 IT_2,0.0012854389611409141,0.008802509737147086,0.1460309615695498
enigma,depression,L6 IT_3,0.0014826613339839483,0.010153061501809018,0.1460309615695498
enigma,depression,L6b_1,0.0027970517143469146,0.019153826587759402,0.1460309615695498
enigma,depression,L6b_2,0.0031027045537920456,0.021246895318937746,0.1460309615695498
enigma,depression,L6b_3,0.0032581700269858926,0.022311501560812033,0.1460309615695498
enigma,depression,Lamp5_1,0.0034121755959761555,0.023366110578892867,0.1460309615695498
enigma,depression,Lamp5_2,0.0021557751957360792,0.014762452924815902,0.1460309615695498
enigma,depression,Lamp5_Lhx6_1,0.0010936122304542268,0.007488906590082095,0.1460309615695498
enigma,depression,Micro-PVM_1,0.0008001136029788473,0.005479068235798606,0.1460309615695498
enigma,depression,Micro-PVM_2,0.0021427898302585685,0.014673530922673731,0.1460309615695498
enigma,depression,OPC_1,0.002169453722416081,0.014856121599821422,0.1460309615695498
enigma,depression,Oligo_1,0.002585591110947785,0.01770577337269913,0.1460309615695498
enigma,depression,Oligo_2,0.000927472187671582,0.0063512023594383925,0.1460309615695498
enigma,depression,Pax6_1,0.0010490753193257752,0.007183923929899857,0.1460309615695498
enigma,depression,Pax6_2,0.0014203757635450236,0.009726538456494,0.1460309615695498
enigma,depression,Pvalb_1,0.001127085310940283,0.007718125655178191,0.1460309615695498
enigma,depression,Pvalb_2,0.0013343452657346966,0.009137413404616879,0.1460309615695498
enigma,depression,Pvalb_3,0.0015355211599204182,0.010515038341297913,0.1460309615695498
enigma,depression,Pvalb_4,0.0014950059925234955,0.010237596030698412,0.1460309615695498
enigma,depression,Pvalb_5,0.0033485198678501597,0.02293020488162278,0.1460309615695498
enigma,depression,Sncg_1,0.0030455065139603594,0.020855210985581872,0.1460309615695498
enigma,depression,Sncg_2,0.0016279355335276384,0.011147879299228646,0.1460309615695498
enigma,depression,Sncg_3,0.002255233937677441,0.015443532751123782,0.1460309615695498
enigma,depression,Sncg_4,0.0016458408357257022,0.011270492353375634,0.1460309615695498
enigma,depression,Sst_1,0.0016981497822541956,0.011628696846219299,0.1460309615695498
enigma,depression,Sst_10,0.0029952464660823125,0.02051103706973657,0.1460309615695498
enigma,depression,Sst_2,0.002296882868915736,0.01572873892103905,0.1460309615695498
enigma,depression,Sst_3,0.001103232463707205,0.0075547846282020895,0.1460309615695498
enigma,depression,Sst_4,0.0028890712150502016,0.01978396351019185,0.1460309615695498
enigma,depression,Sst_5,0.0021686172293800773,0.014850393410216883,0.1460309615695498
enigma,depression,Sst_6,0.001796511795672539,0.012302266425992947,0.1460309615695498
enigma,depression,Sst_7,0.0032850180176279002,0.02249535291913662,0.1460309615695498
enigma,depression,Sst_8,0.001819475603637226,0.012459519433970643,0.1460309615695498
enigma,depression,Sst_9,0.0008991723896483497,0.006157409223249571,0.1460309615695498
enigma,depression,VLMC_1,0.000960459186096884,0.006577092801237554,0.1460309615695498
enigma,depression,Vip_1,0.0031753285690567256,0.021744214616736736,0.1460309615695498
enigma,depression,Vip_2,0.0035404615098873025,0.024244594925858207,0.1460309615695498
enigma,depression,Vip_3,0.002785954223319331,0.01907783249097125,0.1460309615695498
enigma,depression,Vip_4,0.0033903001208782503,0.023216310325146768,0.1460309615695498
enigma,depression,Vip_5,0.0016691043898326367,0.011429797981832067,0.1460309615695498
enigma,depression,Vip_6,0.001381888875495948,0.009462985524736131,0.1460309615695498
enigma,depression,Vip_7,0.002658644563680964,0.01820603339939481,0.1460309615695498
enigma,depression,Vip_8,0.0018568816730903503,0.01271567106819315,0.1460309615695498
enigma,depression,Vip_9,0.0006705074298624731,0.004591542934839418,0.1460309615695498
enigma,ocd,Astro_1,0.0037735389695112754,0.038055858144962915,0.09915789982023418
enigma,ocd,Astro_2,0.0004764119226627525,0.004804578591584246,0.09915789982023418
enigma,ocd,Chandelier_1,0.0009351516228518847,0.009430934141881226,0.09915789982023418
enigma,ocd,Endo_1,0.0017381935020169066,0.017529551404054752,0.09915789982023418
enigma,ocd,L2/3 IT_1,0.0003745698235987191,0.003777508643061078,0.09915789982023418
enigma,ocd,L2/3 IT_2,0.0012757881094310202,0.012866227620229232,0.09915789982023418
enigma,ocd,L2/3 IT_3,0.0019704836047233095,0.019872179708279907,0.09915789982023418
enigma,ocd,L2/3 IT_4,0.0015466957021966683,0.015598310422071377,0.09915789982023418
enigma,ocd,L2/3 IT_5,0.0006626617653571493,0.00668289431864234,0.09915789982023418
enigma,ocd,L2/3 IT_6,0.0005621092475575855,0.005668829700675865,0.09915789982023418
enigma,ocd,L2/3 IT_7,0.0011659554691216567,0.01175857366115505,0.09915789982023418
enigma,ocd,L2/3 IT_8,0.0010962774511028323,0.011055876063231482,0.09915789982023418
enigma,ocd,L4 IT_1,0.002616037161214186,0.02638253902066164,0.09915789982023418
enigma,ocd,L4 IT_2,0.0030753942356332603,0.03101512074387133,0.09915789982023418
enigma,ocd,L4 IT_3,0.0032474704018176574,0.032750496003899614,0.09915789982023418
enigma,ocd,L5 ET_1,0.0003404084250180492,0.0034329934945696115,0.09915789982023418
enigma,ocd,L5 IT_1,0.0003165948208132429,0.0031928350780644358,0.09915789982023418
enigma,ocd,L5 IT_2,0.0009333872905728906,0.009413140982867241,0.09915789982023418
enigma,ocd,L5 IT_3,0.0022445528016360565,0.022636147051372225,0.09915789982023418
enigma,ocd,L5 IT_4,0.002327849563431696,0.023476188661235388,0.09915789982023418
enigma,ocd,L5 IT_5,0.001176192851788816,0.011861816899320834,0.09915789982023418
enigma,ocd,L5/6 NP_1,0.0035817578651522633,0.03612176005790483,0.09915789982023418
enigma,ocd,L5/6 NP_2,0.0006582697618774628,0.006638601292190097,0.09915789982023418
enigma,ocd,L6 CT_1,0.0014535318556501235,0.014658760000819577,0.09915789982023418
enigma,ocd,L6 CT_2,0.0008832687923141344,0.008907699678143994,0.09915789982023418
enigma,ocd,L6 IT Car3_1,0.0028045114636626174,0.028283288257889547,0.09915789982023418
enigma,ocd,L6 IT_1,0.0014850618252680507,0.014976737385123689,0.09915789982023418
enigma,ocd,L6 IT_2,0.001373707640997853,0.013853738769057046,0.09915789982023418
enigma,ocd,L6 IT_3,0.0011402112903291654,0.011498945544392153,0.09915789982023418
enigma,ocd,L6b_1,0.00427229970158206,0.04308582280713305,0.09915789982023418
enigma,ocd,L6b_2,0.0014461094771137978,0.014583905868674968,0.09915789982023418
enigma,ocd,L6b_3,0.0008993255070215885,0.009069630444493057,0.09915789982023418
enigma,ocd,Lamp5_1,0.0016502984553170945,0.016643136435008823,0.09915789982023418
enigma,ocd,Lamp5_2,0.001035552466519667,0.010443469137578001,0.09915789982023418
enigma,ocd,Lamp5_Lhx6_1,0.002072408519367413,0.020900084845731245,0.09915789982023418
enigma,ocd,Micro-PVM_1,0.0014618360310734461,0.014742506988587343,0.09915789982023418
enigma,ocd,Micro-PVM_2,0.00042089024244980697,0.004244646601156835,0.09915789982023418
enigma,ocd,OPC_1,0.00018884366026624026,0.0019044741831825767,0.09915789982023418
enigma,ocd,Oligo_1,0.0012066559767414293,0.012169035235004028,0.09915789982023418
enigma,ocd,Oligo_2,0.00033771139408366043,0.0034057941394070044,0.09915789982023418
enigma,ocd,Pax6_1,0.0009373523729584082,0.009453128542030011,0.09915789982023418
enigma,ocd,Pax6_2,0.001392121726725539,0.014039443445750173,0.09915789982023418
enigma,ocd,Pvalb_1,0.0010008024620295106,0.010093017942532973,0.09915789982023418
enigma,ocd,Pvalb_2,0.0008456960205251285,0.008528781086109244,0.09915789982023418
enigma,ocd,Pvalb_3,0.0014089288290034666,0.014208941814598218,0.09915789982023418
enigma,ocd,Pvalb_4,0.0009782219854268007,0.009865295525623714,0.09915789982023418
enigma,ocd,Pvalb_5,0.002479122140071055,0.025001761277371918,0.09915789982023418
enigma,ocd,Sncg_1,0.0009288554418127743,0.009367437627226066,0.09915789982023418
enigma,ocd,Sncg_2,0.0012818064197966132,0.012926921829934195,0.09915789982023418
enigma,ocd,Sncg_3,0.0013859199441919586,0.013976898932959727,0.09915789982023418
enigma,ocd,Sncg_4,0.0021252556269249078,0.02143304397105865,0.09915789982023418
enigma,ocd,Sst_1,0.0012932320470388217,0.013042148425726586,0.09915789982023418
enigma,ocd,Sst_10,0.002575148147969958,0.02597017638169534,0.09915789982023418
enigma,ocd,Sst_2,0.00044502211911963554,0.00448801477165639,0.09915789982023418
enigma,ocd,Sst_3,0.0003066335712538369,0.0030923766216281357,0.09915789982023418
enigma,ocd,Sst_4,0.001756529864834507,0.017714472251015436,0.09915789982023418
enigma,ocd,Sst_5,0.000949939771753198,0.009580071516998318,0.09915789982023418
enigma,ocd,Sst_6,0.001791708890187959,0.018069250089364466,0.09915789982023418
enigma,ocd,Sst_7,0.0006975863696144675,0.007035106339274422,0.09915789982023418
enigma,ocd,Sst_8,0.0018156424823160679,0.01831061857509781,0.09915789982023418
enigma,ocd,Sst_9,0.0014616656212761289,0.01474078841853265,0.09915789982023418
enigma,ocd,VLMC_1,0.0014230854719096708,0.014351710499008326,0.09915789982023418
enigma,ocd,Vip_1,0.0011354927112812794,0.011451359027771285,0.09915789982023418
enigma,ocd,Vip_2,0.000622206025511342,0.006274901209478567,0.09915789982023418
enigma,ocd,Vip_3,0.001353121434455009,0.01364612841647631,0.09915789982023418
enigma,ocd,Vip_4,0.0009517008410292273,0.009597831768871561,0.09915789982023418
enigma,ocd,Vip_5,0.001260286097003826,0.012709890984869888,0.09915789982023418
enigma,ocd,Vip_6,0.001244913270375113,0.012554857178621644,0.09915789982023418
enigma,ocd,Vip_7,0.0010780763279948198,0.01087231909862241,0.09915789982023418
enigma,ocd,Vip_8,0.0011826991637538533,0.011927432568640501,0.09915789982023418
enigma,ocd,Vip_9,0.0008211499532437914,0.008281235834285262,0.09915789982023418
enigma,schizophrenia,Astro_1,0.00421566756822988,0.007657392731493431,0.5505356347848823
enigma,schizophrenia,Astro_2,0.005189103134484642,0.009425553600199277,0.5505356347848823
enigma,schizophrenia,Chandelier_1,0.003301829449280644,0.005997485431748317,0.5505356347848823
enigma,schizophrenia,Endo_1,0.010557468020407329,0.01917672054876626,0.5505356347848823
enigma,schizophrenia,L2/3 IT_1,0.00864174961880549,0.01569698503200831,0.5505356347848823
enigma,schizophrenia,L2/3 IT_2,0.01233279319539542,0.022401444005008625,0.5505356347848823
enigma,schizophrenia,L2/3 IT_3,0.0051869500314444,0.009421642676175106,0.5505356347848823
enigma,schizophrenia,L2/3 IT_4,0.008349869455018318,0.015166810152590698,0.5505356347848823
enigma,schizophrenia,L2/3 IT_5,0.006325754628386626,0.011490181976791325,0.5505356347848823
enigma,schizophrenia,L2/3 IT_6,0.012493858662444459,0.02269400538863636,0.5505356347848823
enigma,schizophrenia,L2/3 IT_7,0.01322336589602698,0.024019091700020312,0.5505356347848823
enigma,schizophrenia,L2/3 IT_8,0.00498741202611532,0.009059199279741654,0.5505356347848823
enigma,schizophrenia,L4 IT_1,0.020228560906872268,0.03674341791658305,0.5505356347848823
enigma,schizophrenia,L4 IT_2,0.0020741613979052454,0.0037675334108312687,0.5505356347848823
enigma,schizophrenia,L4 IT_3,0.004873775343656614,0.008852788149782539,0.5505356347848823
enigma,schizophrenia,L5 ET_1,0.010738488635482277,0.019505528719640938,0.5505356347848823
enigma,schizophrenia,L5 IT_1,0.010178768423969413,0.018488845736473882,0.5505356347848823
enigma,schizophrenia,L5 IT_2,0.007616647612280449,0.013834976577413735,0.5505356347848823
enigma,schizophrenia,L5 IT_3,0.0054048643185553085,0.009817464986925359,0.5505356347848823
enigma,schizophrenia,L5 IT_4,0.007812098234309983,0.014189995598309456,0.5505356347848823
enigma,schizophrenia,L5 IT_5,0.007548833114347753,0.013711797452125698,0.5505356347848823
enigma,schizophrenia,L5/6 NP_1,0.004011480302956119,0.007286504359565344,0.5505356347848823
enigma,schizophrenia,L5/6 NP_2,0.0025536842554015433,0.0046385448898314755,0.5505356347848823
enigma,schizophrenia,L6 CT_1,0.0039852444055287865,0.007238849138414066,0.5505356347848823
enigma,schizophrenia,L6 CT_2,0.004127142021559783,0.007496593791194702,0.5505356347848823
enigma,schizophrenia,L6 IT Car3_1,0.01621110398498617,0.029446057549609005,0.5505356347848823
enigma,schizophrenia,L6 IT_1,0.010418530243323634,0.018924352185475873,0.5505356347848823
enigma,schizophrenia,L6 IT_2,0.0019556772856032683,0.0035523173470277444,0.5505356347848823
enigma,schizophrenia,L6 IT_3,0.010653917992249072,0.019351913516755387,0.5505356347848823
enigma,schizophrenia,L6b_1,0.005567162230657157,0.010112264999580789,0.5505356347848823
enigma,schizophrenia,L6b_2,0.0022789100593753123,0.004139441510022833,0.5505356347848823
enigma,schizophrenia,L6b_3,0.010233800245439318,0.01858880624401016,0.5505356347848823
enigma,schizophrenia,Lamp5_1,0.017054307282833876,0.030977662852828262,0.5505356347848823
enigma,schizophrenia,Lamp5_2,0.003848327616666785,0.0069901517240941,0.5505356347848823
enigma,schizophrenia,Lamp5_Lhx6_1,0.007548533357772429,0.013711252970431173,0.5505356347848823
enigma,schizophrenia,Micro-PVM_1,0.0056164608826151366,0.010201811704359022,0.5505356347848823
enigma,schizophrenia,Micro-PVM_2,0.009931746709747495,0.0180401523211631,0.5505356347848823
enigma,schizophrenia,OPC_1,0.008009334356103112,0.014548257823914886,0.5505356347848823
enigma,schizophrenia,Oligo_1,0.003582380434060687,0.006507081844866365,0.5505356347848823
enigma,schizophrenia,Oligo_2,0.002042905674165238,0.0037107601126737024,0.5505356347848823
enigma,schizophrenia,Pax6_1,0.004711740818929038,0.008558466557337593,0.5505356347848823
enigma,schizophrenia,Pax6_2,0.014459145627931947,0.026263777881665645,0.5505356347848823
enigma,schizophrenia,Pvalb_1,0.009587309747854933,0.017414512598446244,0.5505356347848823
enigma,schizophrenia,Pvalb_2,0.002175907680265934,0.003952346665291073,0.5505356347848823
enigma,schizophrenia,Pvalb_3,0.0028314310723358935,0.005143047776448211,0.5505356347848823
enigma,schizophrenia,Pvalb_4,0.0012774371397400706,0.002320353232428305,0.5505356347848823
enigma,schizophrenia,Pvalb_5,0.0027533352319236565,0.0050011934885913455,0.5505356347848823
enigma,schizophrenia,Sncg_1,0.007685632034655795,0.013960280768489942,0.5505356347848823
enigma,schizophrenia,Sncg_2,0.01694096433834138,0.030771785272284753,0.5505356347848823
enigma,schizophrenia,Sncg_3,0.004772363631717648,0.008668582613335127,0.5505356347848823
enigma,schizophrenia,Sncg_4,0.0036537093701754743,0.0066366446408199055,0.5505356347848823
enigma,schizophrenia,Sst_1,0.010010171045364497,0.018182603291930225,0.5505356347848823
enigma,schizophrenia,Sst_10,0.017796056011442716,0.03232498477304996,0.5505356347848823
enigma,schizophrenia,Sst_2,0.003301699793328293,0.00599724992301072,0.5505356347848823
enigma,schizophrenia,Sst_3,0.012830899912979067,0.02330621144622663,0.5505356347848823
enigma,schizophrenia,Sst_4,0.014212128668441622,0.025815093102910414,0.5505356347848823
enigma,schizophrenia,Sst_5,0.00806568249093682,0.014650609299956442,0.5505356347848823
enigma,schizophrenia,Sst_6,0.0014870261325724422,0.002701053371692255,0.5505356347848823
enigma,schizophrenia,Sst_7,0.01116016418791978,0.020271465610542234,0.5505356347848823
enigma,schizophrenia,Sst_8,0.022639509959453883,0.04112269675022962,0.5505356347848823
enigma,schizophrenia,Sst_9,0.013160320344948215,0.023904574951066543,0.5505356347848823
enigma,schizophrenia,VLMC_1,0.00409064077063353,0.007430292450064412,0.5505356347848823
enigma,schizophrenia,Vip_1,0.012862406213046016,0.023363439894443717,0.5505356347848823
enigma,schizophrenia,Vip_2,0.008907151203046998,0.016179063879357056,0.5505356347848823
enigma,schizophrenia,Vip_3,0.006164208429144409,0.01119674738503172,0.5505356347848823
enigma,schizophrenia,Vip_4,0.004621299025099028,0.008394186921078716,0.5505356347848823
enigma,schizophrenia,Vip_5,0.0032100571533366915,0.005830789054356122,0.5505356347848823
enigma,schizophrenia,Vip_6,0.009079878507370211,0.016492807974034424,0.5505356347848823
enigma,schizophrenia,Vip_7,0.007465958116817397,0.013561262241879517,0.5505356347848823
enigma,schizophrenia,Vip_8,0.003788449429200291,0.006881388215098191,0.5505356347848823
enigma,schizophrenia,Vip_9,0.003920281681464908,0.00712085001181936,0.5505356347848823
enigma,bipolar,Astro_1,0.008746885314934633,0.022035831225596474,0.3969392043978985
enigma,bipolar,Astro_2,0.0048286407490219065,0.012164685915432018,0.3969392043978985
enigma,bipolar,Chandelier_1,0.005806957855431161,0.01462933817343517,0.3969392043978985
enigma,bipolar,Endo_1,0.010523578694091975,0.026511814850978952,0.3969392043978985
enigma,bipolar,L2/3 IT_1,0.0072289230555171525,0.01821166308448273,0.3969392043978985
enigma,bipolar,L2/3 IT_2,0.0101465551563026,0.0255619879414368,0.3969392043978985
enigma,bipolar,L2/3 IT_3,0.005128017709945101,0.012918899552196137,0.3969392043978985
enigma,bipolar,L2/3 IT_4,0.00816906976618666,0.020580153523958415,0.3969392043978985
enigma,bipolar,L2/3 IT_5,0.0013217285552435494,0.0033298009886638122,0.3969392043978985
enigma,bipolar,L2/3 IT_6,0.0034299516549834985,0.008640999974256153,0.3969392043978985
enigma,bipolar,L2/3 IT_7,0.0030277727377687183,0.007627799683736022,0.3969392043978985
enigma,bipolar,L2/3 IT_8,0.003752471355193602,0.009453516593014738,0.3969392043978985
enigma,bipolar,L4 IT_1,0.017675330470192166,0.044529062068845486,0.3969392043978985
enigma,bipolar,L4 IT_2,0.002810102520963953,0.007079428007688199,0.3969392043978985
enigma,bipolar,L4 IT_3,0.004113983550880094,0.010364266127656587,0.3969392043978985
enigma,bipolar,L5 ET_1,0.006840899896858489,0.01723412507775638,0.3969392043978985
enigma,bipolar,L5 IT_1,0.012651368963439557,0.0318723089663817,0.3969392043978985
enigma,bipolar,L5 IT_2,0.0026244427517756828,0.0066116995315607515,0.3969392043978985
enigma,bipolar,L5 IT_3,0.0014948977401138103,0.0037660622169618193,0.3969392043978985
enigma,bipolar,L5 IT_4,0.0046734710494984845,0.011773770385284793,0.3969392043978985
enigma,bipolar,L5 IT_5,0.0033845734504074306,0.00852667968522121,0.3969392043978985
enigma,bipolar,L5/6 NP_1,0.0053106649187865595,0.013379038552873855,0.3969392043978985
enigma,bipolar,L5/6 NP_2,0.004922451632343204,0.012401021561500528,0.3969392043978985
enigma,bipolar,L6 CT_1,0.0016812520179311289,0.004235540353040598,0.3969392043978985
enigma,bipolar,L6 CT_2,0.0052344966120722765,0.013187149452804187,0.3969392043978985
enigma,bipolar,L6 IT Car3_1,0.007010322753125133,0.017660948264757108,0.3969392043978985
enigma,bipolar,L6 IT_1,0.012748967364858518,0.0321181864215124,0.3969392043978985
enigma,bipolar,L6 IT_2,0.0038574714289831926,0.009718040914689795,0.3969392043978985
enigma,bipolar,L6 IT_3,0.006120051365768006,0.01541810760428986,0.3969392043978985
enigma,bipolar,L6b_1,0.005527707049516966,0.013925827905816781,0.3969392043978985
enigma,bipolar,L6b_2,0.005435989321732359,0.013694765499361541,0.3969392043978985
enigma,bipolar,L6b_3,0.002963941878664626,0.007466992037635873,0.3969392043978985
enigma,bipolar,Lamp5_1,0.009842002433999228,0.02479473512556709,0.3969392043978985
enigma,bipolar,Lamp5_2,0.0028845966513515206,0.007267099393034387,0.3969392043978985
enigma,bipolar,Lamp5_Lhx6_1,0.003053112847976056,0.007691638452813456,0.3969392043978985
enigma,bipolar,Micro-PVM_1,0.006864959004748069,0.01729473664653824,0.3969392043978985
enigma,bipolar,Micro-PVM_2,0.006142152248550321,0.015473785860651157,0.3969392043978985
enigma,bipolar,OPC_1,0.009624007582705266,0.02424554560516023,0.3969392043978985
enigma,bipolar,Oligo_1,0.004902419171224187,0.01235055423326218,0.3969392043978985
enigma,bipolar,Oligo_2,0.0006976692642193003,0.0017576224683514632,0.3969392043978985
enigma,bipolar,Pax6_1,0.0030978416445411497,0.007804322702868678,0.3969392043978985
enigma,bipolar,Pax6_2,0.004134358714949367,0.01041559681972108,0.3969392043978985
enigma,bipolar,Pvalb_1,0.004130797196491545,0.010406624366462842,0.3969392043978985
enigma,bipolar,Pvalb_2,0.002901675594661213,0.0073101259903582735,0.3969392043978985
enigma,bipolar,Pvalb_3,0.005738589545927396,0.014457099430710144,0.3969392043978985
enigma,bipolar,Pvalb_4,0.0014102711809342425,0.003552864431905706,0.3969392043978985
enigma,bipolar,Pvalb_5,0.005634980623320299,0.014196079804885438,0.3969392043978985
enigma,bipolar,Sncg_1,0.0024837466030600596,0.006257246892071438,0.3969392043978985
enigma,bipolar,Sncg_2,0.005492757384999768,0.01383778000293903,0.3969392043978985
enigma,bipolar,Sncg_3,0.006915308499645011,0.017421580995343033,0.3969392043978985
enigma,bipolar,Sncg_4,0.005256237595566813,0.013241921022993418,0.3969392043978985
enigma,bipolar,Sst_1,0.00839590514426897,0.02115161478444637,0.3969392043978985
enigma,bipolar,Sst_10,0.011083133393692343,0.02792148840652793,0.3969392043978985
enigma,bipolar,Sst_2,0.003745513681365478,0.009435988282001272,0.3969392043978985
enigma,bipolar,Sst_3,0.008261495063831234,0.02081299849522995,0.3969392043978985
enigma,bipolar,Sst_4,0.006751226972347373,0.01700821409814645,0.3969392043978985
enigma,bipolar,Sst_5,0.0023802903845290915,0.0059966119701873755,0.3969392043978985
enigma,bipolar,Sst_6,0.0030699696774819604,0.007734105483832661,0.3969392043978985
enigma,bipolar,Sst_7,0.006250008072918494,0.01574550461045763,0.3969392043978985
enigma,bipolar,Sst_8,0.013921837762747547,0.03507297240610193,0.3969392043978985
enigma,bipolar,Sst_9,0.007671007850767435,0.019325397355001217,0.3969392043978985
enigma,bipolar,VLMC_1,0.003655555292108705,0.009209358137485244,0.3969392043978985
enigma,bipolar,Vip_1,0.003607598553390219,0.009088541805444598,0.3969392043978985
enigma,bipolar,Vip_2,0.005486261584647275,0.013821415279372997,0.3969392043978985
enigma,bipolar,Vip_3,0.006470493712862227,0.016300969118626277,0.3969392043978985
enigma,bipolar,Vip_4,0.0035898114380414447,0.009043731126248135,0.3969392043978985
enigma,bipolar,Vip_5,0.0023646038334747582,0.005957093195320762,0.3969392043978985
enigma,bipolar,Vip_6,0.006872516428732945,0.017313775894617404,0.3969392043978985
enigma,bipolar,Vip_7,0.003706510749218312,0.009337729073248315,0.3969392043978985
enigma,bipolar,Vip_8,0.003357548828791743,0.008458597164481843,0.3969392043978985
enigma,bipolar,Vip_9,0.00589749284127796,0.014857420924757574,0.3969392043978985
enigma,obesity,Astro_1,0.0027654589664328475,0.012043972744309865,0.2296135191554115
enigma,obesity,Astro_2,0.0026463458433719314,0.01152521791010389,0.2296135191554115
enigma,obesity,Chandelier_1,0.00415338969974199,0.01808861131095165,0.2296135191554115
enigma,obesity,Endo_1,0.0029226536546331575,0.01272857828834978,0.2296135191554115
enigma,obesity,L2/3 IT_1,0.007986851671809117,0.034783891215060814,0.2296135191554115
enigma,obesity,L2/3 IT_2,0.005638478680733596,0.024556388062312876,0.2296135191554115
enigma,obesity,L2/3 IT_3,0.002755733146723129,0.01200161539642594,0.2296135191554115
enigma,obesity,L2/3 IT_4,0.002404151548525625,0.010470426817065594,0.2296135191554115
enigma,obesity,L2/3 IT_5,0.0013681770914063516,0.005958608606492004,0.2296135191554115
enigma,obesity,L2/3 IT_6,0.0031480185705490276,0.013710075008337484,0.2296135191554115
enigma,obesity,L2/3 IT_7,0.0025538059349624748,0.011122193259160659,0.2296135191554115
enigma,obesity,L2/3 IT_8,0.0018645850485659915,0.008120536871803122,0.2296135191554115
enigma,obesity,L4 IT_1,0.006589682596112005,0.02869901833459487,0.2296135191554115
enigma,obesity,L4 IT_2,0.001268757383697018,0.005525621437117006,0.2296135191554115
enigma,obesity,L4 IT_3,0.0018192161118863472,0.00792294860763416,0.2296135191554115
enigma,obesity,L5 ET_1,0.00388310850562698,0.016911497719778158,0.2296135191554115
enigma,obesity,L5 IT_1,0.00477881834720982,0.020812443295097648,0.2296135191554115
enigma,obesity,L5 IT_2,0.003518452315771281,0.015323367407603964,0.2296135191554115
enigma,obesity,L5 IT_3,0.0035657864187606716,0.015529514254547034,0.2296135191554115
enigma,obesity,L5 IT_4,0.002072799610975379,0.009027341328157712,0.2296135191554115
enigma,obesity,L5 IT_5,0.0024134964098843133,0.01051112503637368,0.2296135191554115
enigma,obesity,L5/6 NP_1,0.006507707112912419,0.028342003279466073,0.2296135191554115
enigma,obesity,L5/6 NP_2,0.0033144632751468182,0.014434965708197078,0.2296135191554115
enigma,obesity,L6 CT_1,0.0013097644714063577,0.0057042132197793515,0.2296135191554115
enigma,obesity,L6 CT_2,0.0010305595973415624,0.004488235715093234,0.2296135191554115
enigma,obesity,L6 IT Car3_1,0.0018532336554369774,0.008071099917172714,0.2296135191554115
enigma,obesity,L6 IT_1,0.004042734567256934,0.01760669224585444,0.2296135191554115
enigma,obesity,L6 IT_2,0.0022629110386863218,0.00985530402133985,0.2296135191554115
enigma,obesity,L6 IT_3,0.008032319540621235,0.03498191034293866,0.2296135191554115
enigma,obesity,L6b_1,0.0014623054422947571,0.00636855115357999,0.2296135191554115
enigma,obesity,L6b_2,0.0020406683685947765,0.008887405132332698,0.2296135191554115
enigma,obesity,L6b_3,0.0013291673083443527,0.005788715373700273,0.2296135191554115
enigma,obesity,Lamp5_1,0.0035635576373243957,0.015519807589867733,0.2296135191554115
enigma,obesity,Lamp5_2,0.0016896591413043853,0.007358709310843136,0.2296135191554115
enigma,obesity,Lamp5_Lhx6_1,0.0018762654094572947,0.008171406528495233,0.2296135191554115
enigma,obesity,Micro-PVM_1,0.001937552728019015,0.008438321642148618,0.2296135191554115
enigma,obesity,Micro-PVM_2,0.00214917179584024,0.009359953210706186,0.2296135191554115
enigma,obesity,OPC_1,0.005701019879237574,0.02482876400399969,0.2296135191554115
enigma,obesity,Oligo_1,0.002603709316311808,0.011339529684005733,0.2296135191554115
enigma,obesity,Oligo_2,0.0018303896642248793,0.007971611039966681,0.2296135191554115
enigma,obesity,Pax6_1,0.004809555665208934,0.02094630874915356,0.2296135191554115
enigma,obesity,Pax6_2,0.002186458138255776,0.009522340610858783,0.2296135191554115
enigma,obesity,Pvalb_1,0.003439508102683863,0.014979553971105107,0.2296135191554115
enigma,obesity,Pvalb_2,0.0016212491922621634,0.007060774113935503,0.2296135191554115
enigma,obesity,Pvalb_3,0.0017039839904629003,0.007421096095433199,0.2296135191554115
enigma,obesity,Pvalb_4,0.0010577704020365234,0.004606742694974257,0.2296135191554115
enigma,obesity,Pvalb_5,0.0034320931633267564,0.014947260840524727,0.2296135191554115
enigma,obesity,Sncg_1,0.004633438627041304,0.020179293641265125,0.2296135191554115
enigma,obesity,Sncg_2,0.005834400404164646,0.02540965543155015,0.2296135191554115
enigma,obesity,Sncg_3,0.0030500768023811,0.013283524478873073,0.2296135191554115
enigma,obesity,Sncg_4,0.0010378354874864592,0.004519923266295183,0.2296135191554115
enigma,obesity,Sst_1,0.0025069894201759893,0.010918300583508586,0.2296135191554115
enigma,obesity,Sst_10,0.01041261997958127,0.045348462137081734,0.2296135191554115
enigma,obesity,Sst_2,0.0025926767848356885,0.01129148141787271,0.2296135191554115
enigma,obesity,Sst_3,0.00172257544772274,0.007502064573806009,0.2296135191554115
enigma,obesity,Sst_4,0.004013128166003664,0.017477752097372894,0.2296135191554115
enigma,obesity,Sst_5,0.0029550604510432147,0.012869714561724534,0.2296135191554115
enigma,obesity,Sst_6,0.0024267581931405467,0.010568882015601272,0.2296135191554115
enigma,obesity,Sst_7,0.007353604751971181,0.032026009526877945,0.2296135191554115
enigma,obesity,Sst_8,0.0044892133105705724,0.019551171582070894,0.2296135191554115
enigma,obesity,Sst_9,0.005498553203353775,0.023946992422654946,0.2296135191554115
enigma,obesity,VLMC_1,0.0021811239397369767,0.009499109406797192,0.2296135191554115
enigma,obesity,Vip_1,0.0041570632994383854,0.018104610367583457,0.2296135191554115
enigma,obesity,Vip_2,0.003487573824346352,0.015188887122912933,0.2296135191554115
enigma,obesity,Vip_3,0.0021842693079504034,0.00951280793911792,0.2296135191554115
enigma,obesity,Vip_4,0.002768234855356211,0.012056062141021236,0.2296135191554115
enigma,obesity,Vip_5,0.0013714458652592074,0.005972844588174961,0.2296135191554115
enigma,obesity,Vip_6,0.0028735322476234498,0.012514647474561503,0.2296135191554115
enigma,obesity,Vip_7,0.003967575418138604,0.017279363308974817,0.2296135191554115
enigma,obesity,Vip_8,0.0018195346241952502,0.007924335774688063,0.2296135191554115
enigma,obesity,Vip_9,0.0033706885825164207,0.014679835032862352,0.2296135191554115
enigma,schizotypy,Astro_1,7.902895029143497e-05,0.008443721022778876,0.009359493294275857
enigma,schizotypy,Astro_2,0.00022891573329760469,0.024458133159581036,0.009359493294275857
enigma,schizotypy,Chandelier_1,7.62616234272212e-05,0.008148050437074603,0.009359493294275857
enigma,schizotypy,Endo_1,0.0001263806239891,0.013502934402057076,0.009359493294275857
enigma,schizotypy,L2/3 IT_1,0.00016793228133571019,0.017942454367526003,0.009359493294275857
enigma,schizotypy,L2/3 IT_2,0.00020828022944869301,0.022253365956902225,0.009359493294275857
enigma,schizotypy,L2/3 IT_3,7.40371910332492e-05,0.007910384537433172,0.009359493294275857
enigma,schizotypy,L2/3 IT_4,0.00021642990073113483,0.023124104470858536,0.009359493294275857
enigma,schizotypy,L2/3 IT_5,0.0002209294718987072,0.023604853911677545,0.009359493294275857
enigma,schizotypy,L2/3 IT_6,0.000150607056707917,0.016091368621421666,0.009359493294275857
enigma,schizotypy,L2/3 IT_7,0.0001026398800911455,0.01096639282320109,0.009359493294275857
enigma,schizotypy,L2/3 IT_8,0.00026660113075196133,0.02848456880833614,0.009359493294275857
enigma,schizotypy,L4 IT_1,0.00018038717293217916,0.019273177218098077,0.009359493294275857
enigma,schizotypy,L4 IT_2,8.332246592276097e-05,0.008902454791406271,0.009359493294275857
enigma,schizotypy,L4 IT_3,6.821111391296465e-05,0.007287906702671786,0.009359493294275857
enigma,schizotypy,L5 ET_1,0.00018699726746595533,0.019979422131785746,0.009359493294275857
enigma,schizotypy,L5 IT_1,7.566475983939637e-05,0.008084279507489144,0.009359493294275857
enigma,schizotypy,L5 IT_2,0.00018774781138986195,0.020059612789581894,0.009359493294275857
enigma,schizotypy,L5 IT_3,7.212927242761072e-05,0.0077065360441813694,0.009359493294275857
enigma,schizotypy,L5 IT_4,5.4680398056708057e-05,0.005842239140248101,0.009359493294275857
enigma,schizotypy,L5 IT_5,3.350805067814366e-05,0.0035801137545166833,0.009359493294275857
enigma,schizotypy,L5/6 NP_1,3.2916739122840793e-05,0.003516936022911864,0.009359493294275857
enigma,schizotypy,L5/6 NP_2,0.0001292916104851433,0.013813954069951239,0.009359493294275857
enigma,schizotypy,L6 CT_1,0.00015941459557667004,0.017032395939015833,0.009359493294275857
enigma,schizotypy,L6 CT_2,0.00013855206903200853,0.01480337286172801,0.009359493294275857
enigma,schizotypy,L6 IT Car3_1,3.408929320691637e-05,0.003642215677184676,0.009359493294275857
enigma,schizotypy,L6 IT_1,0.00024097106777184546,0.025746165972384445,0.009359493294275857
enigma,schizotypy,L6 IT_2,0.00019486577909971328,0.020820120595512432,0.009359493294275857
enigma,schizotypy,L6 IT_3,5.1094261508063755e-05,0.005459084151415796,0.009359493294275857
enigma,schizotypy,L6b_1,0.0002933884063112653,0.03134661216015805,0.009359493294275857
enigma,schizotypy,L6b_2,0.00013867968987674655,0.01481700830552026,0.009359493294275857
enigma,schizotypy,L6b_3,0.00014576439737380042,0.01557396247753583,0.009359493294275857
enigma,schizotypy,Lamp5_1,0.00010357218053677091,0.011066002964082926,0.009359493294275857
enigma,schizotypy,Lamp5_2,0.0002006494561844236,0.021438068266701808,0.009359493294275857
enigma,schizotypy,Lamp5_Lhx6_1,2.2440707386248395e-05,0.0023976412697440403,0.009359493294275857
enigma,schizotypy,Micro-PVM_1,6.423971270148082e-05,0.006863588730895184,0.009359493294275857
enigma,schizotypy,Micro-PVM_2,0.0002005911444979135,0.02143183804839012,0.009359493294275857
enigma,schizotypy,OPC_1,6.205597720695538e-05,0.006630271025986846,0.009359493294275857
enigma,schizotypy,Oligo_1,9.6873393228654e-05,0.010350281813642679,0.009359493294275857
enigma,schizotypy,Oligo_2,0.00022031061110212491,0.023538732725719668,0.009359493294275857
enigma,schizotypy,Pax6_1,3.8039609144637746e-05,0.004064280826815942,0.009359493294275857
enigma,schizotypy,Pax6_2,0.00019175357133479885,0.020487601764945206,0.009359493294275857
enigma,schizotypy,Pvalb_1,0.00015684968927304145,0.01675835265237795,0.009359493294275857
enigma,schizotypy,Pvalb_2,7.347121138300449e-05,0.00784991335246092,0.009359493294275857
enigma,schizotypy,Pvalb_3,0.00021814960812382278,0.0233078438399267,0.009359493294275857
enigma,schizotypy,Pvalb_4,0.00020881146108849187,0.022310124546613887,0.009359493294275857
enigma,schizotypy,Pvalb_5,7.233960897669482e-05,0.007729009114300747,0.009359493294275857
enigma,schizotypy,Sncg_1,0.00012034437172062224,0.01285800074179478,0.009359493294275857
enigma,schizotypy,Sncg_2,9.327801893975518e-05,0.009966139833317985,0.009359493294275857
enigma,schizotypy,Sncg_3,0.00013855251012347502,0.014803419989435957,0.009359493294275857
enigma,schizotypy,Sncg_4,0.00022306757036387665,0.023833295601622135,0.009359493294275857
enigma,schizotypy,Sst_1,6.143340545555888e-05,0.0065637533490334075,0.009359493294275857
enigma,schizotypy,Sst_10,0.000194501693054034,0.020781220407838603,0.009359493294275857
enigma,schizotypy,Sst_2,0.0001646113905893051,0.017587639139608043,0.009359493294275857
enigma,schizotypy,Sst_3,2.1478963986098743e-05,0.002294885343764816,0.009359493294275857
enigma,schizotypy,Sst_4,0.00022534259072314554,0.024076366491011015,0.009359493294275857
enigma,schizotypy,Sst_5,0.0001421297539056805,0.01518562484494809,0.009359493294275857
enigma,schizotypy,Sst_6,8.133573149060762e-05,0.008690185347998645,0.009359493294275857
enigma,schizotypy,Sst_7,7.334341004748534e-05,0.007836258624421602,0.009359493294275857
enigma,schizotypy,Sst_8,0.00010470853310109685,0.01118741472523253,0.009359493294275857
enigma,schizotypy,Sst_9,6.203891394763328e-05,0.00662844792950228,0.009359493294275857
enigma,schizotypy,VLMC_1,0.0001577826730838825,0.016858035806316597,0.009359493294275857
enigma,schizotypy,Vip_1,0.00016230882319123952,0.017341625031186834,0.009359493294275857
enigma,schizotypy,Vip_2,0.00022078161584491152,0.023589056469535446,0.009359493294275857
enigma,schizotypy,Vip_3,8.447799814036291e-05,0.009025915771746804,0.009359493294275857
enigma,schizotypy,Vip_4,0.00011175875439512003,0.011940684274379491,0.009359493294275857
enigma,schizotypy,Vip_5,2.4803581503957948e-05,0.002650098752581776,0.009359493294275857
enigma,schizotypy,Vip_6,1.3895850966159234e-05,0.0014846798356763346,0.009359493294275857
enigma,schizotypy,Vip_7,0.00023380958324064913,0.024981008681703314,0.009359493294275857
enigma,schizotypy,Vip_8,0.00017078713304407762,0.018247476404361418,0.009359493294275857
enigma,schizotypy,Vip_9,0.00012305218625358567,0.01314731282823214,0.009359493294275857
enigma,parkinson,Astro_1,0.001974829765027769,0.014652334665009332,0.13477918776615053
enigma,parkinson,Astro_2,0.0017420124263454843,0.012924936373470168,0.13477918776615053
enigma,parkinson,Chandelier_1,0.0024143589054819573,0.017913440090401835,0.13477918776615053
enigma,parkinson,Endo_1,0.0010561919229977745,0.007836461552434393,0.13477918776615053
enigma,parkinson,L2/3 IT_1,0.0015210661301916274,0.011285615794263152,0.13477918776615053
enigma,parkinson,L2/3 IT_2,0.0015086216748085156,0.011193283620510157,0.13477918776615053
enigma,parkinson,L2/3 IT_3,0.001983759650191398,0.014718590333348295,0.13477918776615053
enigma,parkinson,L2/3 IT_4,0.0010780349911680826,0.007998527139357257,0.13477918776615053
enigma,parkinson,L2/3 IT_5,0.003887290196201499,0.02884191736595242,0.13477918776615053
enigma,parkinson,L2/3 IT_6,0.001745599071255412,0.012951547640160323,0.13477918776615053
enigma,parkinson,L2/3 IT_7,0.0009465515921040775,0.007022980385861931,0.13477918776615053
enigma,parkinson,L2/3 IT_8,0.00032816712132366024,0.0024348501186477593,0.13477918776615053
enigma,parkinson,L4 IT_1,0.00172609854140449,0.01280686261738992,0.13477918776615053
enigma,parkinson,L4 IT_2,0.0018122639899360376,0.013446170881222535,0.13477918776615053
enigma,parkinson,L4 IT_3,0.0024988665524795597,0.018540448224211248,0.13477918776615053
enigma,parkinson,L5 ET_1,0.001422772938054431,0.010556325213378064,0.13477918776615053
enigma,parkinson,L5 IT_1,0.0019915780337020276,0.014776599167206198,0.13477918776615053
enigma,parkinson,L5 IT_2,0.0018236987655002714,0.013531011691986831,0.13477918776615053
enigma,parkinson,L5 IT_3,0.003818949680266796,0.028334861958753517,0.13477918776615053
enigma,parkinson,L5 IT_4,0.003923881547460994,0.02911340847571473,0.13477918776615053
enigma,parkinson,L5 IT_5,0.0020790184469282077,0.015425367086611486,0.13477918776615053
enigma,parkinson,L5/6 NP_1,0.002149342159395418,0.01594713690606778,0.13477918776615053
enigma,parkinson,L5/6 NP_2,0.001090382219702542,0.00809013793431087,0.13477918776615053
enigma,parkinson,L6 CT_1,0.000499562664503914,0.0037065267478142345,0.13477918776615053
enigma,parkinson,L6 CT_2,0.0011410501800418293,0.008466071052613966,0.13477918776615053
enigma,parkinson,L6 IT Car3_1,0.003959723513574331,0.029379339490045554,0.13477918776615053
enigma,parkinson,L6 IT_1,0.0015067525491934733,0.011179415562347606,0.13477918776615053
enigma,parkinson,L6 IT_2,0.001430748799676267,0.010615502462877997,0.13477918776615053
enigma,parkinson,L6 IT_3,0.002297408967189039,0.017045724976286196,0.13477918776615053
enigma,parkinson,L6b_1,0.001961789851785346,0.014555584465972311,0.13477918776615053
enigma,parkinson,L6b_2,0.0006601472582314125,0.004897991070971619,0.13477918776615053
enigma,parkinson,L6b_3,0.0007678072902177313,0.005696779324341382,0.13477918776615053
enigma,parkinson,Lamp5_1,0.002964627670987319,0.021996182942808015,0.13477918776615053
enigma,parkinson,Lamp5_2,0.0017546289068259967,0.013018544894857036,0.13477918776615053
enigma,parkinson,Lamp5_Lhx6_1,0.0034004236389835064,0.025229589934044064,0.13477918776615053
enigma,parkinson,Micro-PVM_1,0.002048606832985492,0.015199726804556354,0.13477918776615053
enigma,parkinson,Micro-PVM_2,0.0024759075955072996,0.01837010325216634,0.13477918776615053
enigma,parkinson,OPC_1,0.0019276021891847254,0.014301927627945226,0.13477918776615053
enigma,parkinson,Oligo_1,0.000778700078325189,0.005777598835780769,0.13477918776615053
enigma,parkinson,Oligo_2,0.0003387280037843153,0.002513207041817372,0.13477918776615053
enigma,parkinson,Pax6_1,0.0006388345712543803,0.00473986067020076,0.13477918776615053
enigma,parkinson,Pax6_2,0.0035850053376904225,0.026599101813186532,0.13477918776615053
enigma,parkinson,Pvalb_1,0.0002940723938046388,0.0021818828164691935,0.13477918776615053
enigma,parkinson,Pvalb_2,0.0008387188891297791,0.0062229109926452714,0.13477918776615053
enigma,parkinson,Pvalb_3,0.001032400206122529,0.007659937882351698,0.13477918776615053
enigma,parkinson,Pvalb_4,0.0009174408480664421,0.006806991964206325,0.13477918776615053
enigma,parkinson,Pvalb_5,0.0013978146847372962,0.010371146375823122,0.13477918776615053
enigma,parkinson,Sncg_1,0.0025524727075125304,0.018938181404841332,0.13477918776615053
enigma,parkinson,Sncg_2,0.0009651649204833047,0.007161082779026092,0.13477918776615053
enigma,parkinson,Sncg_3,0.0006047787348016359,0.004487181921966774,0.13477918776615053
enigma,parkinson,Sncg_4,0.004014289632181517,0.02978419516184157,0.13477918776615053
enigma,parkinson,Sst_1,0.0009105103553892672,0.006755570874703993,0.13477918776615053
enigma,parkinson,Sst_10,0.0037185103593617183,0.027589648082859373,0.13477918776615053
enigma,parkinson,Sst_2,0.0005447190326654518,0.004041566370102853,0.13477918776615053
enigma,parkinson,Sst_3,0.002457816105100867,0.018235872658361144,0.13477918776615053
enigma,parkinson,Sst_4,0.0030110960893848368,0.022340957378443754,0.13477918776615053
enigma,parkinson,Sst_5,0.0018719417913262725,0.013888952904021033,0.13477918776615053
enigma,parkinson,Sst_6,0.001626020978756882,0.012064332822498677,0.13477918776615053
enigma,parkinson,Sst_7,0.0033489582162626276,0.024847740009186423,0.13477918776615053
enigma,parkinson,Sst_8,0.004808623479376928,0.03567778942042713,0.13477918776615053
enigma,parkinson,Sst_9,0.000835181371423211,0.006196664227360516,0.13477918776615053
enigma,parkinson,VLMC_1,0.0017096090580565517,0.012684518184089517,0.13477918776615053
enigma,parkinson,Vip_1,0.00040244346189822995,0.0029859466329214862,0.13477918776615053
enigma,parkinson,Vip_2,0.005401273935079595,0.04007498505222564,0.13477918776615053
enigma,parkinson,Vip_3,0.0011694310344842404,0.008676644026919565,0.13477918776615053
enigma,parkinson,Vip_4,0.001940044625434696,0.014394244820652744,0.13477918776615053
enigma,parkinson,Vip_5,0.0013843370972823742,0.010271148834078724,0.13477918776615053
enigma,parkinson,Vip_6,0.0022281894678439474,0.01653214791374156,0.13477918776615053
enigma,parkinson,Vip_7,0.0022711270989942654,0.016850725521026278,0.13477918776615053
enigma,parkinson,Vip_8,0.0021081542408317214,0.015641541366827997,0.13477918776615053
enigma,parkinson,Vip_9,0.001752654728487151,0.013003897393476696,0.13477918776615053
