phenotype,outcome,roi,observed,prediction
meg,delta,1,0.3312916154744195,0.3168154535596468
meg,delta,3,0.3474726275951033,0.3023148272665401
meg,delta,5,0.3684006973515825,0.29917364160227083
meg,delta,7,0.3182067388416367,0.3063912017483661
meg,delta,9,0.315159804163835,0.30416701076426494
meg,delta,11,0.3557986833198726,0.32428739701675013
meg,delta,13,0.3777055015326828,0.3029122753991339
meg,delta,15,0.3709044175747349,0.28158222938461064
meg,delta,17,0.3487081979329769,0.29528577649403187
meg,delta,19,0.3787669936033684,0.2707405692451529
meg,delta,21,0.3703134693102163,0.2663397765807673
meg,delta,23,0.3564299208803411,0.29963219531624946
meg,delta,25,0.3300296043648439,0.3044728562358937
meg,delta,27,0.3879905657126353,0.2711969416817733
meg,delta,29,0.3509188285447601,0.2889394980760308
meg,delta,31,0.3667995685531247,0.2819518948676949
meg,delta,33,0.3559415842572304,0.29428762507460576
meg,delta,35,0.3735224713172231,0.2706299685114063
meg,delta,37,0.3650270022904675,0.3128673303378537
meg,delta,39,0.343929482055894,0.3101170339342194
meg,delta,41,0.3896590704443278,0.2869172124266115
meg,delta,43,0.3845199593726326,0.3013352009824656
meg,delta,45,0.3916300362048868,0.287385632817628
meg,delta,47,0.3988013029398031,0.273817624632105
meg,delta,49,0.2926410560200854,0.28526787719085495
meg,delta,51,0.3749839792036897,0.30503904736825943
meg,delta,53,0.3068494006603179,0.29641879548105954
meg,delta,55,0.3004796670108545,0.2995600480765524
meg,delta,57,0.2742923192617272,0.29090272356087965
meg,delta,59,0.290942380459685,0.2953157997025406
meg,delta,61,0.3304006175389365,0.31234023280139167
meg,delta,63,0.3354861549148459,0.30775506654230456
meg,delta,65,0.2747198615696831,0.2761822789323537
meg,delta,67,0.2937715676888613,0.29396953227049877
meg,delta,69,0.2534230885931024,0.336163429147662
meg,delta,71,0.2952363053011516,0.287534692999551
meg,delta,73,0.3239434494882448,0.32462939404159136
meg,delta,75,0.3022195824980735,0.29568667160418916
meg,delta,77,0.3519408268806261,0.3461550754777262
meg,delta,79,0.3485582078496615,0.33346906603266935
meg,delta,81,0.323961194493983,0.3278790578133204
meg,delta,83,0.3614415369058018,0.31838354667590846
meg,delta,85,0.3008723246251664,0.31360352327523894
meg,delta,87,0.3268921210075155,0.3213385858280491
meg,delta,89,0.3481399723842962,0.3364341739836986
meg,delta,91,0.3098150319778002,0.3209989650081712
meg,delta,93,0.3648597479394052,0.3353840173386346
meg,delta,95,0.349924834253632,0.33403781244706976
meg,delta,97,0.3039292583938773,0.3187343954154837
meg,delta,99,0.3213188887986922,0.3271267703073312
meg,delta,101,0.3354593215303288,0.33568126600484804
meg,delta,103,0.3419125774327446,0.3591825139387129
meg,delta,105,0.304538010122677,0.3143900567251805
meg,delta,107,0.3146443436683064,0.32314888136516134
meg,delta,109,0.3337153325110306,0.3633982491902713
meg,delta,111,0.3299388984839121,0.3121977070756662
meg,delta,113,0.3202541866085746,0.31214544419628404
meg,delta,115,0.3388395187182304,0.3515335804416186
meg,delta,119,0.3141647052764892,0.3044765910607863
meg,delta,121,0.3002410697631347,0.30970336254509373
meg,delta,123,0.2953240187307404,0.285003081327374
meg,delta,125,0.2510429917205691,0.28489192202240093
meg,delta,127,0.2489283233880996,0.24375261118112002
meg,delta,129,0.2637118275121132,0.2743703137037671
meg,delta,131,0.2573943099667949,0.26627164215376997
meg,delta,133,0.2587473253050004,0.2701511302965707
meg,delta,135,0.2681629652754542,0.2902086833627423
meg,delta,137,0.2715111245729805,0.294642621882323
meg,delta,139,0.2777935496127385,0.2942367283578109
meg,delta,141,0.2804742403539437,0.30842174376288767
meg,delta,143,0.2827162044768286,0.2949873549661167
meg,delta,145,0.2964197648583718,0.3061569250257916
meg,delta,147,0.2558715104504868,0.27167479781963816
meg,delta,149,0.2654093284553019,0.2797040321850366
meg,delta,151,0.2721725658458822,0.2745497437840044
meg,delta,153,0.2787284243960595,0.2777848807215254
meg,delta,155,0.2889064519493668,0.28741962424768663
meg,delta,157,0.3089090347290039,0.30990198416455694
meg,delta,159,0.2661181280452214,0.2803455628371083
meg,delta,161,0.2641820545096534,0.2728807194020425
meg,delta,163,0.3149499800913503,0.3154984235845119
meg,delta,165,0.3621949767166713,0.35198461237750134
meg,delta,167,0.3529400797990652,0.3431797707984614
meg,delta,169,0.3461492644703906,0.3415212651544194
meg,delta,171,0.3270654591985724,0.33471295433641957
meg,delta,173,0.3423168601261245,0.3365433674645493
meg,delta,175,0.3019506811321555,0.2920544058942145
meg,delta,179,0.3645754058635672,0.3812142787604046
meg,delta,181,0.2297153693009046,0.276780230884746
meg,delta,183,0.32922376304244,0.32199933539023395
meg,delta,185,0.3073662995828866,0.2976831334714423
meg,delta,187,0.2581802616144884,0.363366718075714
meg,delta,189,0.3001927650045781,0.25757627570896835
meg,delta,191,0.2707411281050068,0.2506908166804554
meg,delta,193,0.2770546208771448,0.2482499623833599
meg,delta,195,0.3137857650240807,0.2722457346594077
meg,delta,197,0.2933355672783596,0.25644491881585413
meg,delta,199,0.2758034105469559,0.2774252539657341
meg,delta,201,0.2865556787913013,0.2984420427674145
meg,delta,203,0.2818476366996765,0.24887165853767662
meg,delta,205,0.2947694547581741,0.2893209476583415
meg,delta,207,0.2490744125952414,0.2502418001534438
meg,delta,209,0.2576366575837832,0.2522097170520342
meg,theta,1,0.3099467358628257,0.26768683889057077
meg,theta,3,0.3164290766936439,0.2642844657378349
meg,theta,5,0.3118081570932152,0.25414694410325156
meg,theta,7,0.3074202339140757,0.2679704835653753
meg,theta,9,0.2949260397599293,0.26821269884540655
meg,theta,11,0.3145563038643341,0.26460959319890665
meg,theta,13,0.2982031907285413,0.24917866561144744
meg,theta,15,0.3014770204520357,0.2474084770386928
meg,theta,17,0.2956741031163778,0.2624276808039532
meg,theta,19,0.2885732921793705,0.24193584512280852
meg,theta,21,0.2853635014589473,0.2450691470337999
meg,theta,23,0.3076505228602813,0.26423487390661093
meg,theta,25,0.3043166658457588,0.2677222585366976
meg,theta,27,0.273238978936122,0.2387120854108179
meg,theta,29,0.2852055771010263,0.25638152126725794
meg,theta,31,0.2785361761046994,0.2502076971996909
meg,theta,33,0.2738624496819222,0.25356078479711913
meg,theta,35,0.2713185657347952,0.24163967546081289
meg,theta,37,0.2766510975953624,0.2530585453035805
meg,theta,39,0.269666333359184,0.25548779207392985
meg,theta,41,0.280861123016587,0.24398942897657389
meg,theta,43,0.2681180573561612,0.24144131743552916
meg,theta,45,0.265390057304052,0.23890632794641015
meg,theta,47,0.2655311322691452,0.23925312748861544
meg,theta,49,0.1989334711305252,0.24259074960710783
meg,theta,51,0.2699746394891874,0.2437470849749774
meg,theta,53,0.2705152182875272,0.26118348011153586
meg,theta,55,0.2888439235140065,0.2679317175104003
meg,theta,57,0.2661460608410902,0.2638341097004116
meg,theta,59,0.2851060454782687,0.2700603944185154
meg,theta,61,0.2540826942712542,0.25422596295645883
meg,theta,63,0.2834996597590736,0.2621949068432025
meg,theta,65,0.2586258863358153,0.2509705134685535
meg,theta,67,0.2773593902378015,0.2654390711986413
meg,theta,71,0.2469640828314281,0.23699279533331713
meg,theta,73,0.2445483857056586,0.2424535554586958
meg,theta,75,0.2464528449624776,0.23991814455686722
meg,theta,77,0.2425159309154901,0.25149367559228525
meg,theta,79,0.2469056118031342,0.2505017633013703
meg,theta,81,0.248061980351363,0.2533039021724873
meg,theta,83,0.2456697195314514,0.24897629254516734
meg,theta,85,0.2438253096145827,0.24545378011134927
meg,theta,87,0.2473038681951405,0.25001108709870556
meg,theta,89,0.2417777242945201,0.25235104949993126
meg,theta,91,0.2460288829528368,0.24801645363201952
meg,theta,93,0.2406260754946058,0.2563825171040064
meg,theta,95,0.2460502514215273,0.25622432192318423
meg,theta,97,0.2436310548818748,0.24807011767863135
meg,theta,99,0.2486805264887056,0.2526734662333284
meg,theta,101,0.2440516958013177,0.25679069419947187
meg,theta,103,0.2405030586701982,0.26472204071031175
meg,theta,105,0.2305851239270676,0.2382123501298264
meg,theta,107,0.2430181023940234,0.24470870068957468
meg,theta,109,0.2242968908430617,0.2659109444810486
meg,theta,111,0.2380492535599491,0.22678182120867868
meg,theta,113,0.2411684136499058,0.23486026906632454
meg,theta,115,0.2380934670949593,0.2557286445013646
meg,theta,119,0.2402609618504842,0.23005608718670156
meg,theta,121,0.2476593238420975,0.2459324338422273
meg,theta,123,0.2443457255556001,0.23535185834569403
meg,theta,125,0.2372242205274042,0.245129409757931
meg,theta,127,0.2260079325461874,0.21582310816232397
meg,theta,129,0.2433757906930047,0.2410931515151679
meg,theta,131,0.2476335115490421,0.2370043672054096
meg,theta,133,0.2402234623231083,0.23350635822891788
meg,theta,135,0.2242416473880909,0.23545073072084796
meg,theta,137,0.2402424027486082,0.24046257739949597
meg,theta,139,0.248114009698232,0.25170284062391274
meg,theta,141,0.2489585702130997,0.2551630621601828
meg,theta,143,0.238432154004084,0.2403643401840016
meg,theta,145,0.2525103712419294,0.25556005860739583
meg,theta,147,0.232388105822934,0.23452098294128537
meg,theta,149,0.2482799279255483,0.2503571904365789
meg,theta,151,0.2234108882726927,0.21150909180872798
meg,theta,153,0.243420972155323,0.22848466662606023
meg,theta,155,0.2573265456711804,0.25190011127573064
meg,theta,157,0.2523745768948605,0.2517725137561428
meg,theta,159,0.2428971214240856,0.24904709995166838
meg,theta,161,0.259176943311365,0.24165576401648672
meg,theta,163,0.2470535332313641,0.2530546044478709
meg,theta,165,0.2600573858000197,0.24852304018910584
meg,theta,167,0.2698074576946405,0.25011077087611217
meg,theta,169,0.2484461483748062,0.2437153049316476
meg,theta,171,0.2511900433931838,0.25941734253730886
meg,theta,173,0.2615581390758355,0.25472921996163594
meg,theta,175,0.2582719169911884,0.26556171763777897
meg,theta,179,0.3015251872739242,0.30117714325812744
meg,theta,181,0.1790479007694456,0.22939921072585673
meg,theta,183,0.28783053252846,0.2860777343570874
meg,theta,185,0.2675370248179362,0.26743785888210747
meg,theta,187,0.1949436667768713,0.2674304414553194
meg,theta,189,0.2172896082379988,0.20030698500075203
meg,theta,191,0.2110712969956332,0.19423808432256978
meg,theta,193,0.2121121019479774,0.19000468176916843
meg,theta,195,0.2332906786301364,0.2175098590006409
meg,theta,197,0.2248143025887856,0.20139335389865326
meg,theta,199,0.2164237680829989,0.22809878589011687
meg,theta,201,0.2313009740630532,0.23449394846212188
meg,theta,203,0.2115657150286894,0.1931212065511812
meg,theta,205,0.2172918467854903,0.22877415615104393
meg,theta,207,0.2042735689276949,0.2047016432170034
meg,theta,209,0.2199800619256426,0.21766775020550294
meg,alpha,1,0.2159518640549456,0.2679109678262431
meg,alpha,3,0.1948020516955939,0.2825948482606678
meg,alpha,5,0.1788149490457287,0.25936608412823875
meg,alpha,7,0.2253735953947309,0.28571289552440543
meg,alpha,9,0.2422702985696303,0.2884808567833774
meg,alpha,11,0.1914889438633333,0.25212064635051645
meg,alpha,13,0.1802050909928737,0.2271241481893513
meg,alpha,15,0.187447729031684,0.2672303939762552
meg,alpha,17,0.2110146957330214,0.28316587713032665
meg,alpha,19,0.1886883100538741,0.25873688222608127
meg,alpha,21,0.1970342203685781,0.27656675620613425
meg,alpha,23,0.1930902217246272,0.2866738278615607
meg,alpha,25,0.2182320142493528,0.29030188882450564
meg,alpha,27,0.1893096155845202,0.25695993780708726
meg,alpha,29,0.2187257894223794,0.27306519178722466
meg,alpha,31,0.207223101585142,0.2663139715961868
meg,alpha,33,0.2210097636466157,0.26264241195354604
meg,alpha,35,0.2082231933517115,0.2549083438761608
meg,alpha,37,0.2203059699489266,0.26556264894906695
meg,alpha,39,0.2407941772794047,0.282981648185482
meg,alpha,41,0.1916950257426058,0.2339356677221728
meg,alpha,43,0.2105430878260556,0.24261988841242738
meg,alpha,45,0.213232844027394,0.24681242874177525
meg,alpha,47,0.1986806671224047,0.23805321900724374
meg,alpha,49,0.1794861549647843,0.22003807926918517
meg,alpha,51,0.2170243912963505,0.2405595556922841
meg,alpha,53,0.271499562179875,0.3046075143604849
meg,alpha,55,0.2534737207850472,0.30268380879348505
meg,alpha,57,0.2983023389046933,0.32064836166362076
meg,alpha,59,0.2654434399385201,0.3169835787497038
meg,alpha,61,0.280858484147087,0.2960142149352584
meg,alpha,63,0.2342648410624124,0.28579640674132395
meg,alpha,65,0.3190328388689309,0.3082358709761156
meg,alpha,67,0.27053252093389,0.3132300191294066
meg,alpha,69,0.1628306265308263,0.2466897993552713
meg,alpha,71,0.3412296061477964,0.3285300924841242
meg,alpha,73,0.312624937133809,0.2916654419911663
meg,alpha,75,0.3342733033001422,0.3183070563831004
meg,alpha,77,0.247096650646283,0.26199021540005635
meg,alpha,79,0.2831732389330864,0.281159727165375
meg,alpha,81,0.3106800483004882,0.29756304144048223
meg,alpha,83,0.2648308929906884,0.2975841298673565
meg,alpha,85,0.3380413635111436,0.31277814480001104
meg,alpha,87,0.3137009975637898,0.295338843757999
meg,alpha,89,0.2949227757418333,0.3051053890975524
meg,alpha,91,0.330039504246834,0.3131579870881934
meg,alpha,93,0.2640165246165959,0.2895162764538
meg,alpha,95,0.283885407670636,0.29243972917873384
meg,alpha,97,0.3379494702543011,0.3090198751437251
meg,alpha,99,0.3118588626384735,0.3011324663206304
meg,alpha,101,0.3036262699299388,0.29320189718358863
meg,alpha,103,0.2967344760018237,0.2700047096010406
meg,alpha,105,0.3532360884518669,0.3322434829594594
meg,alpha,107,0.3288743381768885,0.3263863888947096
meg,alpha,109,0.2681730040061621,0.2646604078071351
meg,alpha,111,0.3132988674598828,0.28732511248565296
meg,alpha,113,0.3200935753909024,0.3241815169904914
meg,alpha,115,0.3038238905943357,0.2681637158455526
meg,alpha,119,0.3222100234031677,0.35290491376559013
meg,alpha,121,0.3377944088899172,0.3093216757281633
meg,alpha,123,0.3428476751874812,0.34899580263723834
meg,alpha,125,0.3704884468884992,0.34295372229115434
meg,alpha,127,0.3895298609928209,0.3643557787512374
meg,alpha,129,0.3460304502004422,0.33130357995789383
meg,alpha,131,0.3433725557980999,0.3169578432648178
meg,alpha,133,0.3598399921114665,0.37526387786672755
meg,alpha,135,0.3876675084304581,0.39455729048103855
meg,alpha,137,0.3509315971482606,0.3923837769693491
meg,alpha,139,0.3255053637814482,0.31478473551431146
meg,alpha,141,0.3317971216567461,0.35965969241347484
meg,alpha,143,0.3575201884354695,0.3934267846463669
meg,alpha,145,0.3226028397960483,0.3308682190459198
meg,alpha,147,0.378540731911306,0.31827635210198896
meg,alpha,149,0.3463829029445073,0.2680534752877013
meg,alpha,151,0.3825214652584009,0.3526475528631242
meg,alpha,153,0.3469339115075787,0.2975625081427825
meg,alpha,155,0.2980559621475361,0.3111806339935755
meg,alpha,157,0.3071830094644898,0.29825406905725155
meg,alpha,159,0.3326052837827232,0.30800102965772824
meg,alpha,161,0.3175219407934226,0.29612066926751573
meg,alpha,163,0.3120534420013428,0.31130340584372
meg,alpha,165,0.2390310259641341,0.20773687426171417
meg,alpha,167,0.2368508885686214,0.24414016130962815
meg,alpha,169,0.2795509888750055,0.2530863364419067
meg,alpha,171,0.2894992824982513,0.268971381687336
meg,alpha,173,0.2600550531513161,0.26120585384463013
meg,alpha,175,0.2958166934711077,0.2948442970062104
meg,alpha,179,0.2017396144685945,0.15368241308866196
meg,alpha,181,0.2347940221136691,0.35608309184568
meg,alpha,183,0.2397555938611427,0.23659846441813825
meg,alpha,185,0.2736212753261309,0.28647676701779934
meg,alpha,187,0.1351640138396604,0.161441758495932
meg,alpha,189,0.377904000913813,0.32471775940667374
meg,alpha,191,0.4141239452035459,0.3182705911242667
meg,alpha,193,0.40681011880201,0.30237838250891425
meg,alpha,195,0.3390783288707472,0.33206599163316963
meg,alpha,197,0.3684576703991503,0.32898244969157053
meg,alpha,199,0.393942256736602,0.36117606920557666
meg,alpha,201,0.3715545703081568,0.33918256170475114
meg,alpha,203,0.3937851119958437,0.3165470449856209
meg,alpha,205,0.3716754034719824,0.3473610499808145
meg,alpha,207,0.4307239871779713,0.3527131731538048
meg,alpha,209,0.3969549028671276,0.3698434312109501
meg,beta,1,0.1079102963941996,0.11407927244359123
meg,beta,3,0.103601349241252,0.11920454651729254
meg,beta,5,0.0960881000784228,0.10044998456798773
meg,beta,7,0.1136112702897715,0.12856433283329508
meg,beta,9,0.1134318438860086,0.13489962818045104
meg,beta,11,0.1004683822393417,0.10530574672985273
meg,beta,13,0.0955868171507953,0.08378372534358358
meg,beta,15,0.0978362031527975,0.08530770634600947
meg,beta,17,0.1083411146815006,0.11057342658391595
meg,beta,19,0.0958125487439275,0.06108007076038771
meg,beta,21,0.1007840482523236,0.06575057998339914
meg,beta,23,0.1047884869657776,0.1201437271091788
meg,beta,25,0.1128857079089856,0.13033948114437752
meg,beta,27,0.0933348072836032,0.05995071132971221
meg,beta,29,0.1072182087297726,0.0867028052397083
meg,beta,31,0.1014805280873852,0.07735160796693447
meg,beta,33,0.1037196196003319,0.0854052891619996
meg,beta,35,0.0964901590985911,0.06327170650599652
meg,beta,37,0.0979905628203028,0.09312117247259603
meg,beta,39,0.1042645016671918,0.09951200566308036
meg,beta,41,0.0918142736234046,0.06090366143554939
meg,beta,43,0.0898152602946057,0.07290692741641329
meg,beta,45,0.0853934934643726,0.06667542034015961
meg,beta,47,0.0866353792611079,0.05899466438409268
meg,beta,49,0.0656735855041117,0.06660022052409337
meg,beta,51,0.09337683841233,0.0740451970736527
meg,beta,53,0.1181783204177816,0.1277028251985198
meg,beta,55,0.1231834289724709,0.14350953313777365
meg,beta,57,0.1285863257005435,0.14733723798886186
meg,beta,59,0.1224756267509962,0.1604947359429783
meg,beta,61,0.0971248581295921,0.10460456536702548
meg,beta,63,0.1104070884925079,0.1120833796293211
meg,beta,65,0.1167575881858052,0.11602018070663969
meg,beta,67,0.1241564968941916,0.14684974668711423
meg,beta,71,0.09029567163615,0.09656869732509674
meg,beta,73,0.0875563066780068,0.08786306396967179
meg,beta,75,0.0871679445728659,0.09408674942066023
meg,beta,77,0.0790571399988272,0.08645165616613151
meg,beta,79,0.0830339855452378,0.08913435487516233
meg,beta,81,0.0813692073420722,0.08909294516893462
meg,beta,83,0.0817433831655434,0.09054871048727231
meg,beta,85,0.086211536306797,0.08785715105580148
meg,beta,87,0.0808218275521127,0.08988835374732904
meg,beta,89,0.0788339335304587,0.08688608818121882
meg,beta,91,0.0836355909705162,0.08687175599779232
meg,beta,93,0.0816401371122461,0.08985404991946254
meg,beta,95,0.0791057722173004,0.08945636677988497
meg,beta,97,0.0841673000054505,0.08743122017914351
meg,beta,99,0.0825384897284938,0.0884553325692253
meg,beta,101,0.0798287376657956,0.08916264774695402
meg,beta,103,0.0818241792566636,0.09105945428482039
meg,beta,105,0.082353566068049,0.08351163052725567
meg,beta,107,0.0820700144054184,0.08484381909880398
meg,beta,109,0.0757035506360324,0.09137602965753008
meg,beta,111,0.0829380601644516,0.07779432779033767
meg,beta,113,0.084935504401272,0.08360583451519961
meg,beta,115,0.0819280235431133,0.08853196882045603
meg,beta,119,0.0872281367580096,0.08568612326366747
meg,beta,121,0.0870544669337761,0.09143726093773244
meg,beta,123,0.0899242252060228,0.09511091705571649
meg,beta,125,0.1126490761940391,0.10533827061873069
meg,beta,127,0.1080814429995965,0.09798550065888711
meg,beta,129,0.1199308084034771,0.10179346135963317
meg,beta,131,0.121049870839042,0.1058384200551239
meg,beta,133,0.1144268479811618,0.10433874453959355
meg,beta,135,0.094245592747151,0.09488172344313965
meg,beta,137,0.1106175275236858,0.09572551033312672
meg,beta,139,0.1187903864100151,0.09946545551206623
meg,beta,141,0.1085510622864195,0.0945902182656869
meg,beta,143,0.095489415054274,0.09568625338571213
meg,beta,145,0.1006942669738013,0.09861917006222956
meg,beta,147,0.1056536824338966,0.09717179014349904
meg,beta,149,0.1119513388479774,0.10324638446438027
meg,beta,151,0.0946352527779171,0.08340790884031923
meg,beta,153,0.1026713058589624,0.09157025016153296
meg,beta,155,0.1231866762925077,0.11647842338013145
meg,beta,157,0.0997959609094419,0.10411861038168871
meg,beta,159,0.1285470210936632,0.11324721025022497
meg,beta,161,0.1258999861891959,0.11332553306662037
meg,beta,163,0.09254080275362,0.09288949265535865
meg,beta,165,0.0902831375880061,0.08120549410900058
meg,beta,167,0.0986039891265905,0.08300640269891042
meg,beta,169,0.0862534562854663,0.07751709185695538
meg,beta,171,0.093843861313706,0.0863372837960127
meg,beta,173,0.0960587844321573,0.08713004283236958
meg,beta,175,0.1083772132794062,0.10927607582111798
meg,beta,179,0.0973811072360782,0.09492745032507158
meg,beta,181,0.06880895362473,0.09542806202379721
meg,beta,183,0.1060019367141649,0.1059816584546214
meg,beta,185,0.1138286285218179,0.10973052335904034
meg,beta,187,0.0641792682721653,0.08433657201685424
meg,beta,189,0.0797309789008327,0.07583364157013708
meg,beta,191,0.0815794815143493,0.07331223480123003
meg,beta,193,0.0794187032632411,0.06869184341341131
meg,beta,195,0.083765060342338,0.0849561636028032
meg,beta,197,0.086219952102358,0.07816456235768962
meg,beta,199,0.0867467081096394,0.0926852967401452
meg,beta,201,0.0837302585458679,0.08614669643569065
meg,beta,203,0.0832427852199627,0.07317355309337858
meg,beta,205,0.0843171540229052,0.08591154085933198
meg,beta,207,0.0898122778589572,0.08747779827115673
meg,beta,209,0.09968810881439,0.09917915159894213
meg,gamma1,1,0.0248076506447596,0.02450938567706957
meg,gamma1,3,0.0257071818195627,0.024484178592132377
meg,gamma1,5,0.0289152691146398,0.022371269480739135
meg,gamma1,7,0.0252454318642959,0.025741955222533478
meg,gamma1,9,0.0246719162624615,0.025114512570864517
meg,gamma1,11,0.0255845384999063,0.02377138220451646
meg,gamma1,13,0.0306226584850059,0.02057495156845727
meg,gamma1,15,0.0275251829780597,0.020218166724326626
meg,gamma1,17,0.0246464254286808,0.024418282342227295
meg,gamma1,19,0.0303651515878443,0.01724585638770645
meg,gamma1,21,0.0296222830082901,0.018073035986331552
meg,gamma1,23,0.02570648259409,0.024893441278046533
meg,gamma1,25,0.0244524603161741,0.026057853606722237
meg,gamma1,27,0.0341073646854895,0.01737875443037899
meg,gamma1,29,0.0251122643064735,0.023170320645547346
meg,gamma1,31,0.0290625683482616,0.02064321296194318
meg,gamma1,33,0.0285923025022222,0.022509058458558967
meg,gamma1,35,0.0309070175247533,0.018335760848158338
meg,gamma1,37,0.0256767017324326,0.024147721106126705
meg,gamma1,39,0.0260960368954754,0.02394931081685072
meg,gamma1,41,0.0289491604651427,0.01828507913518153
meg,gamma1,43,0.028687884034041,0.021577916066849976
meg,gamma1,45,0.027033221559318,0.01926916372969472
meg,gamma1,47,0.0304528651899428,0.017886216562390606
meg,gamma1,49,0.0192469362589735,0.02049544623869862
meg,gamma1,51,0.0276238494045079,0.022006143966479725
meg,gamma1,53,0.022703576385079,0.024452785440029795
meg,gamma1,55,0.0245900436136566,0.025737786922748866
meg,gamma1,57,0.0242286196463749,0.02431051962188365
meg,gamma1,59,0.0259426043908062,0.02566089897775438
meg,gamma1,61,0.0231254507329255,0.023480046695141005
meg,gamma1,63,0.0241896546983939,0.02563391344690996
meg,gamma1,65,0.0226236491550489,0.021933661807342915
meg,gamma1,67,0.0251241336432351,0.02468287821544156
meg,gamma1,69,0.0178849677262311,0.025313864276211996
meg,gamma1,71,0.0167874649019231,0.019519864272122815
meg,gamma1,73,0.0193839565515674,0.02263013842600115
meg,gamma1,75,0.0182777983509004,0.02047239415579139
meg,gamma1,77,0.0227052601293111,0.024503946508046933
meg,gamma1,79,0.0225660092197358,0.023319433431561717
meg,gamma1,81,0.0209452820628291,0.022476059511901007
meg,gamma1,83,0.0263223888229597,0.022338591705841928
meg,gamma1,85,0.0187947355755945,0.021093380964133056
meg,gamma1,87,0.0186964415641589,0.022335198970343112
meg,gamma1,89,0.0212429226167611,0.02232433954497472
meg,gamma1,91,0.0183936630447323,0.02117304919411736
meg,gamma1,93,0.0275541625389483,0.02335345355331683
meg,gamma1,95,0.0234857857854009,0.02299832836202486
meg,gamma1,97,0.0183606230803118,0.021464480149756594
meg,gamma1,99,0.020804024378496,0.022236730864656495
meg,gamma1,101,0.021491422641298,0.02297148107204759
meg,gamma1,103,0.0227933992522166,0.02595914719319934
meg,gamma1,105,0.018131387119476,0.019553447610832924
meg,gamma1,107,0.0188985700653472,0.020164758116298927
meg,gamma1,109,0.0212811542973842,0.026603668871169713
meg,gamma1,111,0.0213269162923097,0.02325980216196539
meg,gamma1,113,0.0202390346506779,0.019679708366166174
meg,gamma1,115,0.0221252812980077,0.02610406446607637
meg,gamma1,119,0.0217468022803465,0.018707830129981562
meg,gamma1,121,0.0169375808384173,0.021304320032614985
meg,gamma1,123,0.0172214578145865,0.018721529329846606
meg,gamma1,125,0.019985635642996,0.019652550265886286
meg,gamma1,127,0.0188507481345108,0.018074764792468327
meg,gamma1,129,0.0192520613637492,0.019469333815289827
meg,gamma1,131,0.0218465954786346,0.020175448661271286
meg,gamma1,133,0.0188650121934801,0.018868593174814527
meg,gamma1,135,0.0170283870187779,0.01813398955635778
meg,gamma1,137,0.0180931406425928,0.018225830031234735
meg,gamma1,139,0.0200403954715185,0.020323161566526044
meg,gamma1,141,0.0195093719625524,0.01869677460341515
meg,gamma1,143,0.0168070100008113,0.018225735282002414
meg,gamma1,145,0.018246253340874,0.020672804438852818
meg,gamma1,147,0.019275206092883,0.019614992634112614
meg,gamma1,149,0.0203223435264361,0.02177247820314672
meg,gamma1,151,0.0181685026231869,0.017681675562822595
meg,gamma1,153,0.0196432511344433,0.02039759928851452
meg,gamma1,155,0.0223760837150944,0.022552639609123917
meg,gamma1,157,0.0203225749348731,0.02269881633081138
meg,gamma1,159,0.021133347801613,0.022029731077939266
meg,gamma1,161,0.0241832637308251,0.02210805393386658
meg,gamma1,163,0.0209953221317115,0.020566093840416643
meg,gamma1,165,0.0288615979359678,0.023132916707714186
meg,gamma1,167,0.0260375082636108,0.02139878495877808
meg,gamma1,169,0.0236082670845739,0.02064198469231196
meg,gamma1,171,0.0236564760350368,0.021299428257169756
meg,gamma1,173,0.024719165103441,0.021441493093759697
meg,gamma1,175,0.0239520732361774,0.02230883094863633
meg,gamma1,179,0.0236370825155087,0.02823183298279748
meg,gamma1,181,0.0164744807102906,0.01929426387034195
meg,gamma1,183,0.0251959257972581,0.02421997951917756
meg,gamma1,185,0.0256408826192271,0.022725690880119716
meg,gamma1,187,0.0174410489193577,0.02843823349071742
meg,gamma1,189,0.0160770408609615,0.01655262899050372
meg,gamma1,191,0.014945767916841,0.016372762805625267
meg,gamma1,193,0.0158251191615053,0.01635200934583072
meg,gamma1,195,0.0186825339669642,0.01740951099387305
meg,gamma1,197,0.0175508879581932,0.01680406993813721
meg,gamma1,199,0.0175642399386865,0.01756687685690316
meg,gamma1,201,0.0169469213801299,0.018916084428988636
meg,gamma1,203,0.0185894004255533,0.016327057362767208
meg,gamma1,205,0.019885172573608,0.018145765411429895
meg,gamma1,207,0.0172076474174583,0.01658996219493287
meg,gamma1,209,0.0174629906116173,0.017259705581134068
meg,gamma2,1,0.0100918413277287,0.010217266199642116
meg,gamma2,3,0.0119877111964344,0.010062106367408785
meg,gamma2,5,0.0159728293169256,0.009824672487164015
meg,gamma2,7,0.0101427274141514,0.010302519173241848
meg,gamma2,9,0.0095400969115778,0.009537100775573888
meg,gamma2,11,0.0121031459747699,0.010461262637269533
meg,gamma2,13,0.0176767422542256,0.010291920190634136
meg,gamma2,15,0.0148094482308263,0.009292289892730912
meg,gamma2,17,0.0116154610107724,0.010341227031146585
meg,gamma2,19,0.0177937059069243,0.008661960763253108
meg,gamma2,21,0.0168824780144189,0.00843118729334441
meg,gamma2,23,0.0123343635379033,0.010284158431074568
meg,gamma2,25,0.010083543198804,0.010468776669908569
meg,gamma2,27,0.0220186670382435,0.009755359162157319
meg,gamma2,29,0.0128193340243253,0.01090324641326299
meg,gamma2,31,0.0168980611428137,0.010276481807829436
meg,gamma2,33,0.0168742804902873,0.011643860929162215
meg,gamma2,35,0.0195385948488754,0.010170909276280098
meg,gamma2,37,0.0143486622190977,0.01404950098815755
meg,gamma2,39,0.0152494625538481,0.012703652341453087
meg,gamma2,41,0.0170213477427346,0.010415232063811983
meg,gamma2,43,0.018315753740642,0.014315170742315643
meg,gamma2,45,0.0173203468052202,0.01215755157373654
meg,gamma2,47,0.0198986545560797,0.01054526750787218
meg,gamma2,49,0.0123114760130325,0.012068738737445626
meg,gamma2,51,0.0170163018099292,0.014489034704748275
meg,gamma2,53,0.0102539255520802,0.010132513949349749
meg,gamma2,55,0.0094292172948356,0.009567692897836547
meg,gamma2,57,0.0084443335403122,0.008671029525697213
meg,gamma2,59,0.0100899029376083,0.008430412574483678
meg,gamma2,61,0.0144079019921639,0.012524152737464773
meg,gamma2,63,0.0121526003503154,0.011944692335444252
meg,gamma2,65,0.0082401760783417,0.009298109356063844
meg,gamma2,67,0.0090558860372279,0.008940580084534853
meg,gamma2,69,0.0132901436373801,0.016712579189821705
meg,gamma2,71,0.0094868689139802,0.010709405107756018
meg,gamma2,73,0.0119429636672606,0.014772878819540015
meg,gamma2,75,0.011608533123508,0.012252068814217906
meg,gamma2,77,0.0156585519416974,0.016462483879795403
meg,gamma2,79,0.0157629477170606,0.015350601553989717
meg,gamma2,81,0.0149822861952061,0.014746396810115706
meg,gamma2,83,0.0199920773543984,0.014321511032594731
meg,gamma2,85,0.0122547275329962,0.013516183946967082
meg,gamma2,87,0.0125847462341604,0.014452575378290514
meg,gamma2,89,0.0150826663307067,0.014469587069039941
meg,gamma2,91,0.0120873283236645,0.013527934641873567
meg,gamma2,93,0.021303352677321,0.01542649511964896
meg,gamma2,95,0.0175479472849831,0.01517738441381494
meg,gamma2,97,0.0119622979483759,0.013907936516412802
meg,gamma2,99,0.0147992043048703,0.014548234062583845
meg,gamma2,101,0.0155425531621504,0.015160625154574607
meg,gamma2,103,0.0162323092055671,0.01761154287793964
meg,gamma2,105,0.0111558255308066,0.012106914497343104
meg,gamma2,107,0.01249463257288,0.01261533667751199
meg,gamma2,109,0.0151016667692197,0.01815608966316089
meg,gamma2,111,0.0144479988273559,0.014587127537372254
meg,gamma2,113,0.0133092802441255,0.012108268482863145
meg,gamma2,115,0.015189807742643,0.017608434559526924
meg,gamma2,119,0.014389365799725,0.01095347652902781
meg,gamma2,121,0.0103131529087057,0.013531529899365733
meg,gamma2,123,0.010336902270996,0.0105618956448398
meg,gamma2,125,0.008609628290211,0.010544599310605748
meg,gamma2,127,0.00860169374441,0.009689928785778373
meg,gamma2,129,0.007699064355089,0.010668410698503897
meg,gamma2,131,0.0087031511079159,0.010629311737716885
meg,gamma2,133,0.0078973573460486,0.010123848772217465
meg,gamma2,135,0.0086538989673943,0.01004584373215966
meg,gamma2,137,0.0086042086476327,0.010176980621628005
meg,gamma2,139,0.0097562948747271,0.011232551162111625
meg,gamma2,141,0.0107096368933912,0.010992715197086172
meg,gamma2,143,0.0090350278683172,0.010169489394359646
meg,gamma2,145,0.0095265030078941,0.011484583151520587
meg,gamma2,147,0.0082707665981379,0.010438324410156125
meg,gamma2,149,0.0076541620477491,0.011174264717340886
meg,gamma2,151,0.009091322403604,0.009917842864758658
meg,gamma2,153,0.0086021346857756,0.010802045258434938
meg,gamma2,155,0.0101482813281041,0.010606870023279426
meg,gamma2,157,0.0114148386705078,0.012428942493699921
meg,gamma2,159,0.0086990981153474,0.010445053671221362
meg,gamma2,161,0.0090358125839472,0.010798697444624535
meg,gamma2,163,0.0124069232275421,0.011710205741996238
meg,gamma2,165,0.0195718746685053,0.015663532624752133
meg,gamma2,167,0.0157600785533969,0.01374701534014807
meg,gamma2,169,0.0159918739328808,0.013690200089536262
meg,gamma2,171,0.0147448779634115,0.012872263382526483
meg,gamma2,173,0.0152919989044743,0.013155083484400643
meg,gamma2,175,0.0116314174913805,0.009528548502210982
meg,gamma2,179,0.0111416052510054,0.015065865401074212
meg,gamma2,181,0.0097213652824946,0.009840126363825087
meg,gamma2,183,0.0119922471349127,0.010453211512091217
meg,gamma2,185,0.0120058867385504,0.0096617220892729
meg,gamma2,187,0.0092361225512496,0.017059934659282933
meg,gamma2,189,0.0088056111181642,0.008920960433638579
meg,gamma2,191,0.00753837994185,0.008673744854321408
meg,gamma2,193,0.0087793360460579,0.008676690623172216
meg,gamma2,195,0.0113976338061771,0.009763635785624709
meg,gamma2,197,0.0096216192259895,0.008887641039476007
meg,gamma2,199,0.0095196153213931,0.009169931947975007
meg,gamma2,201,0.0099115996965604,0.011696056540887486
meg,gamma2,203,0.0109693494525093,0.008628617746784046
meg,gamma2,205,0.0120609669250997,0.010415651994653465
meg,gamma2,207,0.0089081034722199,0.008453825628724902
meg,gamma2,209,0.0082772790865526,0.008430739614004012
enigma,22q,1,0.44637533124590056,0.2950727521658901
enigma,22q,3,0.5006282794160579,0.3005276101094334
enigma,22q,5,0.5181688733836879,0.2676829703663998
enigma,22q,7,0.4818936991930848,0.3038824042065895
enigma,22q,9,0.4406077087948714,0.3055725472317045
enigma,22q,11,0.4311931250292391,0.28349669378410924
enigma,22q,13,0.47986236919354747,0.23916625743226563
enigma,22q,15,0.6700507615745832,0.24913645880549273
enigma,22q,17,0.540096957051281,0.2903014313280688
enigma,22q,19,0.6806114444881893,0.21650107424851
enigma,22q,21,0.6783666494182794,0.2397299542262098
enigma,22q,23,0.5689762763496928,0.29957491517344537
enigma,22q,25,0.49137513501960844,0.305245609058617
enigma,22q,27,0.6069856156923068,0.20850082649933835
enigma,22q,29,0.5539323496240598,0.27587949973530373
enigma,22q,31,0.5860230946451606,0.2556167519692616
enigma,22q,33,0.5502455011643835,0.25956462626977433
enigma,22q,35,0.5062568326428565,0.21911488137587853
enigma,22q,37,0.5625338670718234,0.2620256639711487
enigma,22q,39,0.5337116597163123,0.2639239537866665
enigma,22q,41,0.48947598560185196,0.20234031601353245
enigma,22q,43,0.48381813335294116,0.23937198245556596
enigma,22q,45,0.4884938248044696,0.22762263506078598
enigma,22q,47,0.5060746701507541,0.21377075693841657
enigma,22q,49,0.5141439601020409,0.2343890885272288
enigma,22q,51,0.5208120676777249,0.23618513145121786
enigma,22q,53,0.4646097390581166,0.29423635344271454
enigma,22q,55,0.42930998806557397,0.3131148376022507
enigma,22q,57,0.4830971173949585,0.3111393526304291
enigma,22q,59,0.446703369894737,0.3267721168669914
enigma,22q,61,0.5070478354285717,0.2630736214248369
enigma,22q,63,0.4450343461213713,0.2891831251793957
enigma,22q,65,0.4914488292783498,0.24937457035296584
enigma,22q,67,0.5164761471126755,0.3053870575581483
enigma,22q,69,0.02151123151455396,0.5341502492865733
enigma,22q,71,-0.2692703247365083,0.48077731970083
enigma,22q,73,-0.2502891470669455,0.4971152259034013
enigma,22q,75,-0.2458467957099998,0.47256877577355444
enigma,22q,77,-0.151499254585641,0.49240550116059
enigma,22q,79,-0.3171810824466666,0.4839720149018
enigma,22q,81,0.30869195970297,0.5012202468698974
enigma,22q,83,0.18982050513299473,0.46488112892812683
enigma,22q,85,0.24954438628048814,0.47017972534465863
enigma,22q,87,0.11688568388022276,0.4806875765051826
enigma,22q,89,0.2505971011940299,0.5582912567932581
enigma,22q,91,0.275131728076923,0.5009008295192396
enigma,22q,93,0.24677062657522134,0.523640162171231
enigma,22q,95,0.31477190364485985,0.521211887354108
enigma,22q,97,0.30863117580152644,0.47985301771949684
enigma,22q,99,0.307853237593985,0.5008894160594184
enigma,22q,101,0.27783356687499994,0.528899464252218
enigma,22q,103,0.04560223340941168,0.5906585771104299
enigma,22q,105,0.2077559829392973,0.516613934965443
enigma,22q,107,0.21485652229577412,0.5367087675497253
enigma,22q,109,0.11614599356419755,0.6014108573979422
enigma,22q,111,-0.37661791017543833,0.5139308260176884
enigma,22q,113,-0.383556238818182,0.4938753052952347
enigma,22q,115,-0.16203590615384614,0.5842406161619035
enigma,22q,117,0.14836112777777777,0.5518383592403299
enigma,22q,119,-0.2530120581577335,0.40161084972011546
enigma,22q,121,-0.07892412482564107,0.4602453281449641
enigma,22q,123,0.0730758424089349,0.40807134275440804
enigma,22q,125,0.2850924089005242,0.28962507121745024
enigma,22q,127,0.2829345975918365,0.2619508649320691
enigma,22q,129,0.3079418996894401,0.22972093473103572
enigma,22q,131,0.3251369709354841,0.2441390901712503
enigma,22q,133,0.26888974891566353,0.3077990444613128
enigma,22q,135,0.2509412934449761,0.2621196901137993
enigma,22q,137,0.295002876380256,0.25974662386697883
enigma,22q,139,0.5725018327470691,0.16953898545540183
enigma,22q,141,0.4687763208453158,0.20421032236093153
enigma,22q,143,0.2683868207549509,0.261204977462634
enigma,22q,145,0.4448599959283029,0.17347829121411762
enigma,22q,147,0.3497073421111115,0.18860141362515076
enigma,22q,149,0.3749370406783917,0.16144557379056398
enigma,22q,151,0.375297489237473,0.23393855375213596
enigma,22q,153,0.34941062079575574,0.14307287443542996
enigma,22q,155,0.5691764676296301,0.3784476009010046
enigma,22q,157,0.6161093886315794,0.34139826258731537
enigma,22q,159,0.5552799295955053,0.34237186848785467
enigma,22q,161,0.5304089237086085,0.3216318474795334
enigma,22q,163,0.5338065233472811,0.26385445584156836
enigma,22q,165,0.674519436666666,0.25543500660092083
enigma,22q,167,0.7398478410769245,0.191012273948944
enigma,22q,169,0.309342689646739,0.12623510635672036
enigma,22q,171,0.7714972599431827,0.2446641058880773
enigma,22q,173,0.7354543840277773,0.22524673260995498
enigma,22q,175,0.14807392251515153,0.2977343454840611
enigma,22q,177,-0.1475472171014493,0.338294668837615
enigma,22q,179,0.1849379427801046,0.46847298979696006
enigma,22q,181,0.29913957723008877,0.28138885098922
enigma,22q,183,-0.014015835604166681,0.40032536565237525
enigma,22q,185,0.111138353246114,0.3333140360490855
enigma,22q,187,0.35231017174825185,0.4444211203555247
enigma,22q,189,0.3766668207142861,0.3248148406643911
enigma,22q,191,0.5552551396164381,0.35354450277023625
enigma,22q,193,0.4950450900793648,0.38872195150651395
enigma,22q,195,0.28905717770917727,0.24335504889030402
enigma,22q,197,0.4608213143523321,0.3012963212344792
enigma,22q,199,0.22741808922829543,0.269433409732843
enigma,22q,201,0.24419140722929952,0.12248859296657574
enigma,22q,203,0.258247883907692,0.35497163868174414
enigma,22q,205,0.22682668524495697,0.1883488564103033
enigma,22q,207,0.31233466266055043,0.2968971995496976
enigma,22q,209,0.2693859513157892,0.29718017700860183
enigma,adhd,1,-0.04441071178032765,-0.09949882305191904
enigma,adhd,3,-0.03532796459367405,-0.04621886891936556
enigma,adhd,5,-0.030610375040181173,-0.03885818231311331
enigma,adhd,7,-0.0414314963948125,-0.03943449539206078
enigma,adhd,9,-0.042733627597435854,-0.05647195527089092
enigma,adhd,11,-0.04582446769590613,-0.09474510378427425
enigma,adhd,13,-0.035885940154301056,-0.03418469209573887
enigma,adhd,15,0.02002217432513813,-0.008405096474681135
enigma,adhd,17,-0.013895003477384617,-0.025715565314911773
enigma,adhd,19,0.023655097170866165,-0.02297481874655083
enigma,adhd,21,0.024201233280886397,-0.01926097627378806
enigma,adhd,23,-0.006716758617208591,-0.025560687244680524
enigma,adhd,25,-0.029840646247058785,-0.0202886235808009
enigma,adhd,27,0.027084446168076853,-0.015207227040500641
enigma,adhd,29,-0.014569232172180452,-0.042219602758833276
enigma,adhd,31,-0.004470828800322579,-0.04095562159671163
enigma,adhd,33,-0.0156365314452055,-0.03781607371486143
enigma,adhd,35,-0.018493850164285706,-0.009397464950124432
enigma,adhd,37,-0.015093219422928166,-0.03138485360656331
enigma,adhd,39,-0.022196234723404235,-0.00223742655183036
enigma,adhd,41,-0.05882782252499991,-0.057896441092510624
enigma,adhd,43,0.015879227554058822,-0.013700962682048602
enigma,adhd,45,0.022186124151396654,-0.008592756818548507
enigma,adhd,47,-0.02556509887286434,-0.03448377513679748
enigma,adhd,49,-0.03775712974557823,-0.044092225973234415
enigma,adhd,51,0.007045143088246439,-0.0016506648636501822
enigma,adhd,53,-0.03417644098777557,0.007447907985104429
enigma,adhd,55,-0.05653778496721311,-0.01306149489571258
enigma,adhd,57,-0.02402085227478987,0.0127010372349249
enigma,adhd,59,-0.04992017414736847,-0.007433557158441656
enigma,adhd,61,-0.03220022431730161,0.021693512073793345
enigma,adhd,63,-0.05018121567546169,0.005026427021046515
enigma,adhd,65,0.0011401156663230153,0.021346670477491236
enigma,adhd,67,-0.021595197147887383,-0.005481931590060406
enigma,adhd,69,-0.00954904518422535,0.015963741434964544
enigma,adhd,71,0.029623630274920657,0.03259053476812736
enigma,adhd,73,0.01987411553891212,0.016724481262173498
enigma,adhd,75,0.030681942059999977,0.04067429212346588
enigma,adhd,77,0.02539535582871797,0.0014868818378262188
enigma,adhd,79,0.03435513588666668,0.021639277097091774
enigma,adhd,81,0.015431132663366348,0.044748218762336756
enigma,adhd,83,0.018711807751269023,0.03209560897476635
enigma,adhd,85,0.02180185065548778,0.05001494451258017
enigma,adhd,87,0.02316508548467968,0.03352148104392469
enigma,adhd,89,-0.0028401951388059682,0.06022982360969888
enigma,adhd,91,0.0008454619239743603,0.052127939549866276
enigma,adhd,93,0.0004074532911504419,0.04612578117625182
enigma,adhd,95,0.007855384415887857,0.04647330612966741
enigma,adhd,97,0.011347606381068716,0.048129893658393326
enigma,adhd,99,0.00728197333872181,0.047738075959774785
enigma,adhd,101,0.00014233417277777826,0.04868950011734896
enigma,adhd,103,0.006370444662058827,0.05924086372120311
enigma,adhd,105,0.012478791395207663,0.06443689079659008
enigma,adhd,107,0.0016026015826760508,0.06198554387275175
enigma,adhd,109,-0.03529627330246913,0.06076538826755549
enigma,adhd,111,0.06102022692982458,0.03842832935670333
enigma,adhd,113,0.07265652130909088,0.05605408113028952
enigma,adhd,115,0.014020329917948708,0.054981921723333285
enigma,adhd,117,-0.03597151044444444,0.0010993050489022885
enigma,adhd,119,0.09569435149333326,0.08206514781349836
enigma,adhd,121,0.01861527094871794,0.04011322567126676
enigma,adhd,123,0.0230083028316151,0.07029721699530511
enigma,adhd,125,0.09094464045026175,0.03758650005236561
enigma,adhd,127,0.09144552557551039,0.05890592650367657
enigma,adhd,129,0.0905604661614908,0.027416455882579224
enigma,adhd,131,0.08813198665806456,0.02113340400427559
enigma,adhd,133,0.09780369001606463,0.05030834954489427
enigma,adhd,135,0.08706379383014337,0.069936039653034
enigma,adhd,137,0.07602607950639821,0.06577502888696232
enigma,adhd,139,0.031319313110552645,0.01780331613521855
enigma,adhd,141,0.034801847172113244,0.04480058355571777
enigma,adhd,143,0.07294106303589033,0.06630957887767717
enigma,adhd,145,0.02302449473113197,0.01496776806310562
enigma,adhd,147,0.05217559456296284,0.04314207079982185
enigma,adhd,149,0.038818432258542625,0.008128379414663925
enigma,adhd,151,0.052574706407407384,0.07504028623055216
enigma,adhd,153,0.03679914577267878,0.02589340803755773
enigma,adhd,155,0.025812350435851828,-0.0028056674188255814
enigma,adhd,157,0.03271787330578949,-0.0005667902004790832
enigma,adhd,159,0.05380411972359551,-0.0002914848778544773
enigma,adhd,161,0.038765013031788045,0.0007746235623947344
enigma,adhd,163,-0.002506638053849372,0.01918386324742622
enigma,adhd,165,0.0070606975614583315,-0.014364007952617545
enigma,adhd,167,-0.004923052882221531,-0.005810968104937097
enigma,adhd,169,0.009904042426956527,-0.0038011610201920086
enigma,adhd,171,-0.007535762043749999,0.005283141676977028
enigma,adhd,173,-0.016147513329722224,0.001129377405471397
enigma,adhd,175,-0.016652481957142865,-0.004257589368553541
enigma,adhd,177,-0.10868384881159425,-0.034645727384951794
enigma,adhd,179,-0.07552177390575916,-0.0460813331250229
enigma,adhd,181,0.05113224701769906,0.0628554859862423
enigma,adhd,183,-0.09318825174999991,-0.030464177109114574
enigma,adhd,185,-0.0716601498290155,-0.011310644109965858
enigma,adhd,187,-0.08262213711888101,-0.027419318401038145
enigma,adhd,189,0.10240863492857148,0.1053068479191416
enigma,adhd,191,0.08233784482739727,0.10890218079884093
enigma,adhd,193,0.0903017552857143,0.11318006626471055
enigma,adhd,195,0.0875632216,0.08861273189177651
enigma,adhd,197,0.07668123537305721,0.09778194129614716
enigma,adhd,199,0.12945627386173628,0.08556785779915752
enigma,adhd,201,0.09865911872292997,0.044728271141883436
enigma,adhd,203,0.13259383618461537,0.10871024710311486
enigma,adhd,205,0.12042632855907774,0.07202571380148907
enigma,adhd,207,0.10503409478899083,0.09497834873119745
enigma,adhd,209,0.09531520021052624,0.08292863475381572
enigma,asd,1,0.10507979740983586,0.0635846858884297
enigma,asd,3,0.10576521691970786,0.05534335489722432
enigma,asd,5,0.10999999640483338,0.02163617352534429
enigma,asd,7,0.10415516188472607,0.039593495695195005
enigma,asd,9,0.08222873874948713,0.03222214422772553
enigma,asd,11,0.10323586852631546,0.06617549104045482
enigma,asd,13,0.10052413267473104,0.016363266157619502
enigma,asd,15,0.10998030142541394,0.04451872040004447
enigma,asd,17,0.06587114008717959,0.04591024682374521
enigma,asd,19,0.10994300782677131,0.05114672409653222
enigma,asd,21,0.10088040270914114,0.07654749750548347
enigma,asd,23,0.08390818698773006,0.05005129458232842
enigma,asd,25,0.07230370755686265,0.03560995204949734
enigma,asd,27,0.08929252271923073,0.010736040111838985
enigma,asd,29,0.009457768969172933,0.04569340950329727
enigma,asd,31,0.04494970160903228,0.021363052515282838
enigma,asd,33,-0.006180121533561645,0.0029547707892434716
enigma,asd,35,0.05203877615000004,0.0015227777350315802
enigma,asd,37,0.0016492009806077287,-0.04870104370724865
enigma,asd,39,-0.000776700289361704,-0.021393630073696115
enigma,asd,41,0.06944533959259254,0.007587538007607558
enigma,asd,43,0.013624030014117628,-0.041380710259706924
enigma,asd,45,0.010022102519385479,-0.016117936706345704
enigma,asd,47,0.05239477628140697,0.002310723805168155
enigma,asd,49,0.04482484572244889,-0.009315845211753493
enigma,asd,51,0.010401278740284358,-0.04127694890552395
enigma,asd,53,0.05244575378625237,-0.006056367282986627
enigma,asd,55,0.08953009624590157,0.016587736334516726
enigma,asd,57,0.03619228510560227,-0.021660153707320495
enigma,asd,59,0.07565572512631578,0.003450717809355963
enigma,asd,61,0.03590017145015871,-0.04088850310272897
enigma,asd,63,0.07545052424274411,0.04499633721031297
enigma,asd,65,-0.04519830909278348,-0.049159003029236696
enigma,asd,67,-0.012257571448591556,-0.009983234475479302
enigma,asd,69,-0.14675691394366205,-0.04692481703629819
enigma,asd,71,-0.139266735168254,-0.09844051958516636
enigma,asd,73,-0.16209664650627578,-0.08222081316871871
enigma,asd,75,-0.13047475650999987,-0.088394351144894
enigma,asd,77,-0.13561603376923087,-0.06968172694522072
enigma,asd,79,-0.14627433803333342,-0.06504863297420853
enigma,asd,81,-0.12501076084158408,-0.059318241340023906
enigma,asd,83,-0.13320939842639581,-0.07291852071676709
enigma,asd,85,-0.10455663514024405,-0.06393390352852826
enigma,asd,87,-0.12234062541504186,-0.06982241724415952
enigma,asd,89,-0.16901914029850754,-0.040498807864810527
enigma,asd,91,-0.16013953628205138,-0.0617259059367788
enigma,asd,93,-0.15691100070796452,-0.051172953470195834
enigma,asd,95,-0.14434251336448609,-0.05345666313564257
enigma,asd,97,-0.1400975321374045,-0.06348046352455304
enigma,asd,99,-0.14447061924812019,-0.05835770157694473
enigma,asd,101,-0.16033909534722227,-0.05136218459462416
enigma,asd,103,-0.17435625708823538,-0.01916353437120021
enigma,asd,105,-0.16134351723961712,-0.05383378098101727
enigma,asd,107,-0.17002958701408466,-0.052922131259636976
enigma,asd,109,-0.21351017246913573,-0.013063259846624885
enigma,asd,111,-0.14058063652631575,-0.001558699899196427
enigma,asd,113,-0.12873143043636376,-0.05109986121059296
enigma,asd,115,-0.17888535461538457,-0.00885472801803539
enigma,asd,117,-0.18813997000000002,-0.012088452789373379
enigma,asd,119,-0.07684370913333334,-0.05631856150707334
enigma,asd,121,-0.09650925213846157,-0.07700247416864343
enigma,asd,123,-0.0823558734810997,-0.06888744227973101
enigma,asd,125,-0.08849074240314134,-0.04475465380138592
enigma,asd,127,-0.08766053261632656,-0.04860746924548333
enigma,asd,129,-0.08637478649068317,-0.05602938329448982
enigma,asd,131,-0.08611981764838701,-0.04909618980194505
enigma,asd,133,-0.08603404848594365,-0.05245770382956646
enigma,asd,135,-0.05392342195693785,-0.050921693541118015
enigma,asd,137,-0.06116505490859233,-0.05434318494749456
enigma,asd,139,-0.08591417190787266,-0.06643232311118379
enigma,asd,141,-0.08283352818082812,-0.0715994567657251
enigma,asd,143,-0.055237951081682876,-0.05401664723578925
enigma,asd,145,-0.09948100304339672,-0.07681469878497851
enigma,asd,147,-0.08202926489629604,-0.04719077838107626
enigma,asd,149,-0.07416756929145737,-0.026376293679605818
enigma,asd,151,-0.07186046331764696,-0.04394991532568257
enigma,asd,153,-0.05812180797586198,-0.019733788770439187
enigma,asd,155,-0.03637717753835557,-0.019989136184344943
enigma,asd,157,-0.06387587251578936,-0.04497174922879402
enigma,asd,159,-0.07548879645168535,-0.02462023666987217
enigma,asd,161,-0.04992483494693163,-0.02960966592587146
enigma,asd,163,-0.12046136635983276,-0.09587372611686854
enigma,asd,165,-0.05644219856250002,-0.0560162799876225
enigma,asd,167,-0.057837836615384525,-0.06595261508620917
enigma,asd,169,-0.11488178063586968,-0.09799339205984853
enigma,asd,171,-0.07504753755113634,-0.06415485029122507
enigma,asd,173,-0.053531110500463,-0.06322919467739246
enigma,asd,175,0.032254577041558395,-0.037030967427005526
enigma,asd,177,0.042654921826086954,0.04941619931003235
enigma,asd,179,0.060147450753926676,0.1342977202097964
enigma,asd,181,0.014369297552654888,-0.07002117905257846
enigma,asd,183,0.05603706816666664,0.05810681827540957
enigma,asd,185,0.019047785398963724,-0.01092937403057253
enigma,asd,187,0.04130120782517486,0.09557089206051506
enigma,asd,189,-0.03243326097619045,-0.015253360527931751
enigma,asd,191,-0.030857045312328787,-0.005045151029492899
enigma,asd,193,-0.022399742531746022,0.01611701470631563
enigma,asd,195,-0.055337211172602735,-0.04783773642822903
enigma,asd,197,-0.03808965449533679,-0.024255183444459913
enigma,asd,199,-0.028727131553054557,-0.04319346504863182
enigma,asd,201,-0.055882120070063615,-0.10717309032500491
enigma,asd,203,-0.02201914908000004,-0.0034017139915493294
enigma,asd,205,-0.040241846945245005,-0.06617928852789184
enigma,asd,207,-0.07497665035321109,-0.04779754236743682
enigma,asd,209,-0.08068443432163754,-0.06290924765451514
enigma,epilepsy_gge,1,-0.007647625901967214,-0.01350077041065887
enigma,epilepsy_gge,3,-0.02848548926593677,-0.0658040937749196
enigma,epilepsy_gge,5,-0.009600825769969765,-0.03871443620745283
enigma,epilepsy_gge,7,-0.07596386261095096,-0.06948408821513381
enigma,epilepsy_gge,9,-0.03909727914794881,-0.013853867166635912
enigma,epilepsy_gge,11,-0.005440765296783618,-0.005391274018844962
enigma,epilepsy_gge,13,-0.012057006912096765,-0.012734414150460713
enigma,epilepsy_gge,15,0.013796367780442012,-0.05755298916550214
enigma,epilepsy_gge,17,-0.167430780503077,-0.07353252735418768
enigma,epilepsy_gge,19,0.015535770594488147,-0.07762639822958646
enigma,epilepsy_gge,21,0.014295903522160713,-0.0746272165563627
enigma,epilepsy_gge,23,-0.10140109226840506,-0.08097063016136846
enigma,epilepsy_gge,25,-0.20851087029803936,-0.08484914677905117
enigma,epilepsy_gge,27,0.021322575815000033,-0.08147357557301635
enigma,epilepsy_gge,29,-0.09156581342105265,-0.049110548539982216
enigma,epilepsy_gge,31,-0.007167243058064512,-0.06702124224449194
enigma,epilepsy_gge,33,-0.021532292845890418,-0.06451786058692849
enigma,epilepsy_gge,35,-0.004922383945714276,-0.08336041513590053
enigma,epilepsy_gge,37,-0.015535794993646388,-0.043655767785719404
enigma,epilepsy_gge,39,-0.11358658980141852,-0.051286775437278054
enigma,epilepsy_gge,41,-0.0016718280212963006,-0.02789201966415103
enigma,epilepsy_gge,43,0.056175861176470554,-0.037890449841496227
enigma,epilepsy_gge,45,0.0787420999245812,-0.0512560368549185
enigma,epilepsy_gge,47,0.029948492666934688,-0.05646150972060755
enigma,epilepsy_gge,49,0.03220996201598636,0.012140529907319966
enigma,epilepsy_gge,51,0.03482186142890997,-0.03632451723470527
enigma,epilepsy_gge,53,-0.2858409535070145,-0.05035569446272319
enigma,epilepsy_gge,55,-0.3568110545901639,-0.05235532697636687
enigma,epilepsy_gge,57,-0.24455197641736637,-0.026201043261060382
enigma,epilepsy_gge,59,-0.30680607105263213,-0.03444154164290839
enigma,epilepsy_gge,61,-0.25375722905396836,-0.046794594138210244
enigma,epilepsy_gge,63,-0.3333579121899734,-0.05645015762501544
enigma,epilepsy_gge,65,-0.13511855061168385,-0.029742133131732164
enigma,epilepsy_gge,67,-0.20015655452112685,-0.02507561007962835
enigma,epilepsy_gge,69,-0.12340688577934286,-0.0441146226116535
enigma,epilepsy_gge,71,-0.05271642554920641,-0.08736777009726769
enigma,epilepsy_gge,73,-0.048908963403765784,-0.06001582778766224
enigma,epilepsy_gge,75,-0.05307603249000003,-0.07781783437278632
enigma,epilepsy_gge,77,-0.04481050596410254,-0.03383094410551421
enigma,epilepsy_gge,79,-0.044796799706666675,-0.05526308601487277
enigma,epilepsy_gge,81,-0.0932337007920792,-0.07528826708851248
enigma,epilepsy_gge,83,-0.08491772880710657,-0.062235308539311585
enigma,epilepsy_gge,85,-0.0975941304207318,-0.07676242018812096
enigma,epilepsy_gge,87,-0.08624184416991652,-0.06577470621909356
enigma,epilepsy_gge,89,-0.05937228986567162,-0.09786902162998853
enigma,epilepsy_gge,91,-0.04691775649999999,-0.08458878202751972
enigma,epilepsy_gge,93,-0.0702347323893805,-0.07750511959633598
enigma,epilepsy_gge,95,-0.06751083949532706,-0.07838444878763466
enigma,epilepsy_gge,97,-0.0702375666946564,-0.07668605349740105
enigma,epilepsy_gge,99,-0.06532846363909765,-0.07792053772982027
enigma,epilepsy_gge,101,-0.045419597013888785,-0.08132105530332065
enigma,epilepsy_gge,103,-0.08154113556764722,-0.08914899428345716
enigma,epilepsy_gge,105,-0.09651284633865846,-0.10061274929103595
enigma,epilepsy_gge,107,-0.0780334918140846,-0.10339142205209625
enigma,epilepsy_gge,109,-0.15143269276543211,-0.08964830909726355
enigma,epilepsy_gge,111,-0.014577908570175458,-0.06883974510742047
enigma,epilepsy_gge,113,0.0021068375454545486,-0.08832281647827309
enigma,epilepsy_gge,115,-0.08167901294871789,-0.08369814400183569
enigma,epilepsy_gge,117,-0.1592268544444444,-0.031789558369281566
enigma,epilepsy_gge,119,0.02308211753333333,-0.07761963709677032
enigma,epilepsy_gge,121,-0.07021294934358967,-0.0691329254894412
enigma,epilepsy_gge,123,-0.08905095938487956,-0.08657237803305426
enigma,epilepsy_gge,125,-0.11884645382198954,-0.07137672640412553
enigma,epilepsy_gge,127,-0.12030338296734688,-0.06030927258288221
enigma,epilepsy_gge,129,-0.12548915773913039,-0.07889118254725433
enigma,epilepsy_gge,131,-0.10401413302258061,-0.08499944725473624
enigma,epilepsy_gge,133,-0.1329731706024096,-0.07746972255891053
enigma,epilepsy_gge,135,-0.12765069619617223,-0.07134321926045514
enigma,epilepsy_gge,137,-0.12985162786106041,-0.07097698421295524
enigma,epilepsy_gge,139,-0.1111477824235516,-0.06847853130483389
enigma,epilepsy_gge,141,-0.13469855688453156,-0.05636067452598248
enigma,epilepsy_gge,143,-0.12574878332054448,-0.07145583249274637
enigma,epilepsy_gge,145,-0.1104574423792455,-0.07085009786757887
enigma,epilepsy_gge,147,-0.05548905566296294,-0.05120839770855706
enigma,epilepsy_gge,149,-0.06543306891206047,-0.05959019864045854
enigma,epilepsy_gge,151,-0.04764359003267978,-0.055101495241578424
enigma,epilepsy_gge,153,-0.027419736158620648,-0.047401534742501916
enigma,epilepsy_gge,155,-0.04519989292177793,-0.1341966075178884
enigma,epilepsy_gge,157,-0.017176086819210536,-0.10744187387011668
enigma,epilepsy_gge,159,-0.0010471000368089671,-0.12580549596582197
enigma,epilepsy_gge,161,-0.045988758438631254,-0.12389590268731245
enigma,epilepsy_gge,163,-0.06559340255648535,-0.08013231053098088
enigma,epilepsy_gge,165,-0.0013030444062499859,-0.021236536147077982
enigma,epilepsy_gge,167,-0.02969677264923078,-0.04672232544164156
enigma,epilepsy_gge,169,-0.04904881125543477,-0.030668441329016208
enigma,epilepsy_gge,171,-0.07925431752272726,-0.06611913254989255
enigma,epilepsy_gge,173,-0.09680293337499997,-0.061360156324568454
enigma,epilepsy_gge,175,0.027588550129870135,-0.06157857777083695
enigma,epilepsy_gge,177,0.08071658295652177,-0.03637388461912562
enigma,epilepsy_gge,179,0.01632567504083767,-0.010305775146867716
enigma,epilepsy_gge,181,-0.0013802487637168078,-0.06250283084752273
enigma,epilepsy_gge,183,0.06058831334895826,-0.06663117990722553
enigma,epilepsy_gge,185,-0.00031724938082906156,-0.07177035091095665
enigma,epilepsy_gge,187,-0.023558379923076928,0.005215043182746529
enigma,epilepsy_gge,189,-0.03434555925178567,-0.07451310969149472
enigma,epilepsy_gge,191,-0.051026756052328724,-0.07622582292534487
enigma,epilepsy_gge,193,-0.06403305091269838,-0.07775544812357725
enigma,epilepsy_gge,195,-0.017588613645863012,-0.07061988871409429
enigma,epilepsy_gge,197,-0.03669859477215883,-0.07100115167782425
enigma,epilepsy_gge,199,-0.1265791946302252,-0.08195752998842545
enigma,epilepsy_gge,201,-0.11294784102547752,-0.08127384514671682
enigma,epilepsy_gge,203,-0.11930691353538446,-0.07697010982094488
enigma,epilepsy_gge,205,-0.11761427789049006,-0.07969213703835298
enigma,epilepsy_gge,207,-0.12186087645871556,-0.07447166650078119
enigma,epilepsy_gge,209,-0.12922491505847924,-0.07870760092152286
enigma,epilepsy_rtle,1,-0.33399233721311405,-0.24990591586487348
enigma,epilepsy_rtle,3,-0.3415064647445254,-0.3083186525980752
enigma,epilepsy_rtle,5,-0.32785386151057355,-0.23604995594032824
enigma,epilepsy_rtle,7,-0.3734211543515852,-0.33371689588855
enigma,epilepsy_rtle,9,-0.3558191923846155,-0.35544005355216834
enigma,epilepsy_rtle,11,-0.3262072991228061,-0.2049243126211885
enigma,epilepsy_rtle,13,-0.2861799686290317,-0.1389740428744602
enigma,epilepsy_rtle,15,-0.18389968712707147,-0.18913180340707755
enigma,epilepsy_rtle,17,-0.28434039635897435,-0.27107926357152806
enigma,epilepsy_rtle,19,-0.17356006039370062,-0.08979981304361247
enigma,epilepsy_rtle,21,-0.15620195509695273,-0.09722628516744727
enigma,epilepsy_rtle,23,-0.2613988051533741,-0.31876033369288453
enigma,epilepsy_rtle,25,-0.34660622360784304,-0.3527004766679783
enigma,epilepsy_rtle,27,-0.14239171420000013,-0.05420993070337385
enigma,epilepsy_rtle,29,-0.2214031967669175,-0.14416861847891996
enigma,epilepsy_rtle,31,-0.15344636238709697,-0.11957174941057135
enigma,epilepsy_rtle,33,-0.15290613219178095,-0.14198653477668594
enigma,epilepsy_rtle,35,-0.15515759121428574,-0.07621263084073787
enigma,epilepsy_rtle,37,-0.12816742193922662,-0.11909568674068446
enigma,epilepsy_rtle,39,-0.2425088352482273,-0.211806699651432
enigma,epilepsy_rtle,41,0.03141449279166666,-0.005268971931946448
enigma,epilepsy_rtle,43,-0.07505124689411771,-0.027142829734582624
enigma,epilepsy_rtle,45,-0.023434861487742993,-0.022387841228268424
enigma,epilepsy_rtle,47,0.021684514732160813,-0.0016458327725555888
enigma,epilepsy_rtle,49,0.03985803780306123,0.026375531665298713
enigma,epilepsy_rtle,51,-0.08338752988625589,-0.03845549956533545
enigma,epilepsy_rtle,53,-0.4757043829458918,-0.360635523538443
enigma,epilepsy_rtle,55,-0.4972639652131142,-0.4164697855894479
enigma,epilepsy_rtle,57,-0.4600400119607847,-0.450724726659597
enigma,epilepsy_rtle,59,-0.4908633998947364,-0.4959010212532664
enigma,epilepsy_rtle,61,-0.41244590511111134,-0.2558366287362005
enigma,epilepsy_rtle,63,-0.45952483897097707,-0.3122780546852015
enigma,epilepsy_rtle,65,-0.45213055731958757,-0.32324517269377206
enigma,epilepsy_rtle,67,-0.49130672327464736,-0.4330043409728589
enigma,epilepsy_rtle,69,-0.12441269901408461,-0.12106521445829715
enigma,epilepsy_rtle,71,-0.18767116714285728,-0.15636588710193666
enigma,epilepsy_rtle,73,-0.165336388023012,-0.08761622996943494
enigma,epilepsy_rtle,75,-0.1669993198,-0.16066426733004338
enigma,epilepsy_rtle,77,-0.11260681257435892,-0.08708543774034655
enigma,epilepsy_rtle,79,-0.13637214464666667,-0.1435503781606286
enigma,epilepsy_rtle,81,-0.10917756762376235,-0.20245110848370654
enigma,epilepsy_rtle,83,-0.10725863612690348,-0.2011474917383376
enigma,epilepsy_rtle,85,-0.1451928002439024,-0.20025376234500686
enigma,epilepsy_rtle,87,-0.12875356513927574,-0.16609463859867502
enigma,epilepsy_rtle,89,-0.08951153179104468,-0.2361008491166472
enigma,epilepsy_rtle,91,-0.06992099202564107,-0.20287823552648132
enigma,epilepsy_rtle,93,-0.08991384831858415,-0.22367468489421943
enigma,epilepsy_rtle,95,-0.07966068400000002,-0.21324891427708026
enigma,epilepsy_rtle,97,-0.08693836068702293,-0.19658173206578872
enigma,epilepsy_rtle,99,-0.07980139581954898,-0.204429546358599
enigma,epilepsy_rtle,101,-0.06690433183333334,-0.21379400623311545
enigma,epilepsy_rtle,103,-0.11415143618235295,-0.27579203483094417
enigma,epilepsy_rtle,105,-0.18616551939297116,-0.2155097199036834
enigma,epilepsy_rtle,107,-0.12066287553521143,-0.21648495227851972
enigma,epilepsy_rtle,109,-0.12121222432098765,-0.28383557172658325
enigma,epilepsy_rtle,111,-0.04828752424561405,0.02125520788493568
enigma,epilepsy_rtle,113,-0.05619592139090908,-0.16093452275919184
enigma,epilepsy_rtle,115,-0.0756600759230769,-0.21993161713916304
enigma,epilepsy_rtle,117,-0.12304776055555555,0.027011237020487855
enigma,epilepsy_rtle,119,-0.10454534370666663,-0.2589257200176789
enigma,epilepsy_rtle,121,-0.18343681097435885,-0.18716618445951014
enigma,epilepsy_rtle,123,-0.20708916336769756,-0.2435512456089769
enigma,epilepsy_rtle,125,-0.39858694617801105,-0.340997920675396
enigma,epilepsy_rtle,127,-0.39477695122449014,-0.31691402278529324
enigma,epilepsy_rtle,129,-0.3839754161180134,-0.3216169697408664
enigma,epilepsy_rtle,131,-0.3930243349677425,-0.350679674952874
enigma,epilepsy_rtle,133,-0.384864867871487,-0.3353754408735683
enigma,epilepsy_rtle,135,-0.2618920351435405,-0.2641435528426508
enigma,epilepsy_rtle,137,-0.2773579497989025,-0.26282839760256765
enigma,epilepsy_rtle,139,-0.3554186568844245,-0.28098151070390887
enigma,epilepsy_rtle,141,-0.32071214226579486,-0.23911749699949494
enigma,epilepsy_rtle,143,-0.24324119381187914,-0.2623670630404107
enigma,epilepsy_rtle,145,-0.3146844873584915,-0.24768969089692014
enigma,epilepsy_rtle,147,-0.386789831888888,-0.27846441302371117
enigma,epilepsy_rtle,149,-0.39497334572864334,-0.2579537682235731
enigma,epilepsy_rtle,151,-0.35267048912854043,-0.26914928589157505
enigma,epilepsy_rtle,153,-0.30871340307692247,-0.19568557137579778
enigma,epilepsy_rtle,155,-0.37332635354074123,-0.42492522326499876
enigma,epilepsy_rtle,157,-0.324545594078948,-0.3183596375168779
enigma,epilepsy_rtle,159,-0.3472633677078646,-0.4201724533368393
enigma,epilepsy_rtle,161,-0.377540395121412,-0.4166117433529086
enigma,epilepsy_rtle,163,-0.12366090155648535,-0.22571719282680502
enigma,epilepsy_rtle,165,-0.02430740603125002,-0.0712115448104984
enigma,epilepsy_rtle,167,-0.04725406145384622,-0.17593633654646026
enigma,epilepsy_rtle,169,-0.07097051904347829,-0.1576054383509698
enigma,epilepsy_rtle,171,-0.09598081439772725,-0.2007167893327923
enigma,epilepsy_rtle,173,-0.11778586021759249,-0.20463084586791294
enigma,epilepsy_rtle,175,-0.04600758770303037,-0.3267328929520972
enigma,epilepsy_rtle,177,-0.06451473466666661,-0.26009574992518397
enigma,epilepsy_rtle,179,-0.15965117121989517,-0.23049881126311306
enigma,epilepsy_rtle,181,-0.06794762738318573,-0.31783291674907976
enigma,epilepsy_rtle,183,-0.12463071438541647,-0.32646960930567215
enigma,epilepsy_rtle,185,-0.22740843543005201,-0.34924655671758686
enigma,epilepsy_rtle,187,-0.0008795523155245124,-0.11559557625701791
enigma,epilepsy_rtle,189,-0.33788855952380975,-0.25332325140441075
enigma,epilepsy_rtle,191,-0.3063685247671237,-0.2560757480303518
enigma,epilepsy_rtle,193,-0.2886117422222223,-0.23396850928246996
enigma,epilepsy_rtle,195,-0.3087531420547948,-0.1872908460265254
enigma,epilepsy_rtle,197,-0.3168826112262521,-0.2658367620085593
enigma,epilepsy_rtle,199,-0.2598014612861741,-0.2513825344076013
enigma,epilepsy_rtle,201,-0.20946331878662397,-0.17598717297158892
enigma,epilepsy_rtle,203,-0.2575058884923077,-0.2541438622752838
enigma,epilepsy_rtle,205,-0.2469135290201736,-0.20782381643014206
enigma,epilepsy_rtle,207,-0.359610704678899,-0.28793900276848
enigma,epilepsy_rtle,209,-0.3661215433918134,-0.28059112915209344
enigma,epilepsy_ltle,1,-0.37569409255737735,-0.2189008006124003
enigma,epilepsy_ltle,3,-0.40147315656934357,-0.25389662558492315
enigma,epilepsy_ltle,5,-0.3830994013595173,-0.22884309459301244
enigma,epilepsy_ltle,7,-0.42136176985590745,-0.2538415915082948
enigma,epilepsy_ltle,9,-0.3903287612820511,-0.2437507067396423
enigma,epilepsy_ltle,11,-0.36074028374269085,-0.20175182374293665
enigma,epilepsy_ltle,13,-0.33225898946236593,-0.18061915601681008
enigma,epilepsy_ltle,15,-0.23266865759668548,-0.2516449444831917
enigma,epilepsy_ltle,17,-0.36182555705128167,-0.2587292530243615
enigma,epilepsy_ltle,19,-0.22178562397637752,-0.2519808558913296
enigma,epilepsy_ltle,21,-0.20753002047091454,-0.27280235539817654
enigma,epilepsy_ltle,23,-0.33893852021472404,-0.2629257920358304
enigma,epilepsy_ltle,25,-0.4197612188235287,-0.264237181545476
enigma,epilepsy_ltle,27,-0.18131977102307692,-0.24104568032691354
enigma,epilepsy_ltle,29,-0.263722332406015,-0.24732251902737132
enigma,epilepsy_ltle,31,-0.23158745470967762,-0.243220032014642
enigma,epilepsy_ltle,33,-0.22390804746575346,-0.2301361084930614
enigma,epilepsy_ltle,35,-0.24134669692857144,-0.2353989256442253
enigma,epilepsy_ltle,37,-0.18042407591436446,-0.21682778918889717
enigma,epilepsy_ltle,39,-0.2708603739716314,-0.2498047873472239
enigma,epilepsy_ltle,41,0.00165320218106481,-0.20198687982552052
enigma,epilepsy_ltle,43,-0.08875179009294118,-0.19162377418786916
enigma,epilepsy_ltle,45,-0.06104517506983249,-0.20163796295856803
enigma,epilepsy_ltle,47,-0.01666023721165831,-0.19848572496403502
enigma,epilepsy_ltle,49,0.004385556959875499,-0.15695206899127012
enigma,epilepsy_ltle,51,-0.09494648428720383,-0.1900573471832136
enigma,epilepsy_ltle,53,-0.45325715623246415,-0.283076448537364
enigma,epilepsy_ltle,55,-0.48207798422950926,-0.27284028357088647
enigma,epilepsy_ltle,57,-0.438231462661065,-0.29160031209276366
enigma,epilepsy_ltle,59,-0.4705664699473689,-0.2783377610363524
enigma,epilepsy_ltle,61,-0.3802758671111118,-0.2652847035388274
enigma,epilepsy_ltle,63,-0.4552828068073869,-0.26291318624771653
enigma,epilepsy_ltle,65,-0.4313380671477666,-0.28123166023817325
enigma,epilepsy_ltle,67,-0.4335413440492953,-0.27803713410124264
enigma,epilepsy_ltle,69,-0.28475139319248843,-0.13345126689353204
enigma,epilepsy_ltle,71,-0.33076301015873016,-0.12754396033340384
enigma,epilepsy_ltle,73,-0.26998271166318033,-0.06526271777722686
enigma,epilepsy_ltle,75,-0.3249517418500002,-0.10570610208620251
enigma,epilepsy_ltle,77,-0.27407891876923085,-0.10339765020190064
enigma,epilepsy_ltle,79,-0.36891949519999967,-0.16765723649226016
enigma,epilepsy_ltle,81,-0.2583247158415842,-0.1932729564016968
enigma,epilepsy_ltle,83,-0.29238770477157366,-0.15938473427479338
enigma,epilepsy_ltle,85,-0.2289154781707318,-0.19467905127964114
enigma,epilepsy_ltle,87,-0.29064239192200564,-0.1434537245606894
enigma,epilepsy_ltle,89,-0.2536216656716417,-0.3255231655305779
enigma,epilepsy_ltle,91,-0.22269178205128198,-0.23701888968410006
enigma,epilepsy_ltle,93,-0.25331717203539805,-0.22978266241911266
enigma,epilepsy_ltle,95,-0.23875798345794405,-0.21637620625793252
enigma,epilepsy_ltle,97,-0.240453798625954,-0.18995651971500135
enigma,epilepsy_ltle,99,-0.23413538225563912,-0.20400596833838397
enigma,epilepsy_ltle,101,-0.21954564145833333,-0.22835307744557404
enigma,epilepsy_ltle,103,-0.33684340023529397,-0.35050207619120954
enigma,epilepsy_ltle,105,-0.3528951346006387,-0.30793642653267095
enigma,epilepsy_ltle,107,-0.294810444901409,-0.3090555592230435
enigma,epilepsy_ltle,109,-0.4042255302469131,-0.37085288921121135
enigma,epilepsy_ltle,111,-0.33058438210526314,-0.23169309813655845
enigma,epilepsy_ltle,113,-0.3162205127272727,-0.264799174298075
enigma,epilepsy_ltle,115,-0.3739434994871794,-0.3565119573979354
enigma,epilepsy_ltle,117,-0.34091077000000003,-0.16442297605395825
enigma,epilepsy_ltle,119,-0.2934544254666667,-0.33246607710416864
enigma,epilepsy_ltle,121,-0.1992174313333334,-0.12768931799851807
enigma,epilepsy_ltle,123,-0.17985081893470756,-0.24359609587115172
enigma,epilepsy_ltle,125,-0.48165880523560123,-0.27497306953616446
enigma,epilepsy_ltle,127,-0.47486055191836746,-0.26238066946095745
enigma,epilepsy_ltle,129,-0.43624666360248265,-0.27889056674092116
enigma,epilepsy_ltle,131,-0.45584402909677274,-0.2892619445758429
enigma,epilepsy_ltle,133,-0.4487146844578301,-0.2843470047221326
enigma,epilepsy_ltle,135,-0.28098838918660396,-0.2854144293298203
enigma,epilepsy_ltle,137,-0.283980326032906,-0.2825904154714963
enigma,epilepsy_ltle,139,-0.303676622479062,-0.25796177745064824
enigma,epilepsy_ltle,141,-0.2786324354466231,-0.2504505820763456
enigma,epilepsy_ltle,143,-0.2450892787376229,-0.28365008290236365
enigma,epilepsy_ltle,145,-0.28605915267924537,-0.255665865252284
enigma,epilepsy_ltle,147,-0.5230126997037036,-0.2504097407373481
enigma,epilepsy_ltle,149,-0.4982810934673368,-0.25091721452459337
enigma,epilepsy_ltle,151,-0.46888455527233025,-0.27063323275788476
enigma,epilepsy_ltle,153,-0.4520444489389916,-0.23881983207804422
enigma,epilepsy_ltle,155,-0.3612006989777767,-0.35628733901448956
enigma,epilepsy_ltle,157,-0.29241214686052636,-0.30490269994923985
enigma,epilepsy_ltle,159,-0.3446163453707871,-0.34453061823507275
enigma,epilepsy_ltle,161,-0.3773081301324504,-0.3412951450822486
enigma,epilepsy_ltle,163,0.0007781729041840931,-0.25352785399723793
enigma,epilepsy_ltle,165,0.05387849152499998,-0.09995439186361815
enigma,epilepsy_ltle,167,0.04370484815423082,-0.24796534134135226
enigma,epilepsy_ltle,169,-0.07324284116413046,-0.2631045760527032
enigma,epilepsy_ltle,171,0.04127781685795457,-0.22256278631083348
enigma,epilepsy_ltle,173,-0.01346983246759265,-0.24993108541188236
enigma,epilepsy_ltle,175,-0.13992750518181815,-0.3715934787134293
enigma,epilepsy_ltle,177,-0.022451453579710172,-0.3332365684260738
enigma,epilepsy_ltle,179,-0.09985926606282731,-0.31813731586289584
enigma,epilepsy_ltle,181,-0.1618010802300886,-0.4616378969471119
enigma,epilepsy_ltle,183,-0.07728114116145843,-0.37247233627290066
enigma,epilepsy_ltle,185,-0.25519124665803145,-0.35301705427370983
enigma,epilepsy_ltle,187,0.015497455020979042,-0.1699633944266799
enigma,epilepsy_ltle,189,-0.3376914607738096,-0.319237950510135
enigma,epilepsy_ltle,191,-0.2503737716986303,-0.310492895007202
enigma,epilepsy_ltle,193,-0.26174349841269845,-0.2781816772675868
enigma,epilepsy_ltle,195,-0.3442283768493152,-0.29566420891684875
enigma,epilepsy_ltle,197,-0.32316494122625183,-0.3456115443741679
enigma,epilepsy_ltle,199,-0.3131281063022511,-0.29137936860574193
enigma,epilepsy_ltle,201,-0.2868787832802556,-0.2913136009604576
enigma,epilepsy_ltle,203,-0.3055414061846157,-0.3040431467951121
enigma,epilepsy_ltle,205,-0.31828268772334356,-0.29917001241912466
enigma,epilepsy_ltle,207,-0.40040938380733937,-0.34223546593404924
enigma,epilepsy_ltle,209,-0.42565432625731037,-0.29713505710252913
enigma,depression,1,-0.0647953138491802,-0.040605585311975494
enigma,depression,3,-0.06036203235523127,-0.02659553696570955
enigma,depression,5,-0.0621100125287008,-0.04965815885660356
enigma,depression,7,-0.05687982156772314,-0.015592630267921802
enigma,depression,9,-0.058189004423076875,-0.0029989995795107957
enigma,depression,11,-0.06395329267543846,-0.0567771630908864
enigma,depression,13,-0.06922397083602141,-0.07674991388507524
enigma,depression,15,-0.04111644877071847,-0.06027161439122285
enigma,depression,17,-0.02199660260641022,-0.03851529336964042
enigma,depression,19,-0.039634270767716535,-0.08550289651021728
enigma,depression,21,-0.039397206421052766,-0.08378379481926329
enigma,depression,23,-0.029399529495398733,-0.022997458218906117
enigma,depression,25,-0.022719978886274538,-0.010193082035354961
enigma,depression,27,-0.04034133110769234,-0.09389155378797462
enigma,depression,29,-0.04951974106015037,-0.07949866052213292
enigma,depression,31,-0.05118818175483871,-0.08573048453283422
enigma,depression,33,-0.06025605469863012,-0.08084089945550446
enigma,depression,35,-0.05598968732857142,-0.08795480689420289
enigma,depression,37,-0.06352828280386744,-0.07055216734344488
enigma,depression,39,-0.05304936260283683,-0.045217189788655736
enigma,depression,41,-0.11445043149074074,-0.10597096695773682
enigma,depression,43,-0.05578614008823533,-0.09141670465362413
enigma,depression,45,-0.05207864851955306,-0.09836011267609598
enigma,depression,47,-0.09007189718090451,-0.10720940318730418
enigma,depression,49,-0.10001386923129245,-0.09913311525081135
enigma,depression,51,-0.06068459843601898,-0.08604583107689767
enigma,depression,53,-0.008387329773547095,0.007029030733825936
enigma,depression,55,-0.024227782518032762,0.016566057676749443
enigma,depression,57,-0.0031915073770308108,0.03978081624587605
enigma,depression,59,-0.02510761286894735,0.04133935740530573
enigma,depression,61,-0.023282914191428583,-0.02140362423647655
enigma,depression,63,-0.02418482969920845,-0.025354693042139876
enigma,depression,65,-0.006128432494872863,-0.012079715466865124
enigma,depression,67,-0.011428901496126756,0.026926737050482583
enigma,depression,69,-0.01753448508544599,-0.06203538228635788
enigma,depression,71,-0.007253871248517461,-0.043430816409335785
enigma,depression,73,-0.014868746015753125,-0.05805449469471592
enigma,depression,75,-0.015339226599500018,-0.054472999074933866
enigma,depression,77,-0.01825128616687179,-0.06191349990530741
enigma,depression,79,-0.009722233795133327,-0.06419751868929571
enigma,depression,81,-0.07762733641584153,-0.05759598551840077
enigma,depression,83,-0.06187835884771573,-0.05875689357580925
enigma,depression,85,-0.0749947829817073,-0.060374507800320415
enigma,depression,87,-0.06133453502228409,-0.06203530425884668
enigma,depression,89,-0.06967208313432836,-0.03946010096465573
enigma,depression,91,-0.055660578974359005,-0.05628430935085829
enigma,depression,93,-0.06075174441592928,-0.05021932633825553
enigma,depression,95,-0.06517606286915895,-0.05307507874586348
enigma,depression,97,-0.06485633809160304,-0.06223945462392545
enigma,depression,99,-0.06378716266165407,-0.05812256930740582
enigma,depression,101,-0.0548121112291667,-0.05188345420328083
enigma,depression,103,-0.08383871457941186,-0.02832631038354317
enigma,depression,105,-0.09766822466453677,-0.043577843267856554
enigma,depression,107,-0.08513916309577449,-0.04498615429218247
enigma,depression,109,-0.05987797551851851,-0.024433134565458488
enigma,depression,111,-0.0721205232982456,-0.05030645344383929
enigma,depression,113,-0.08090839699090908,-0.050215035453610564
enigma,depression,115,-0.06152747523076922,-0.030868897139964005
enigma,depression,117,-0.03976939677777777,-0.07446127153259628
enigma,depression,119,-0.055582540720000025,-0.026117581171792838
enigma,depression,121,-0.04635503299487179,-0.05955982420654936
enigma,depression,123,-0.057810021357388254,-0.04548883037673802
enigma,depression,125,-0.007867475757068037,-0.039625188099187275
enigma,depression,127,-0.008994583562040814,-0.03524677014880904
enigma,depression,129,-0.010035381866770169,-0.0429568348017468
enigma,depression,131,-0.0006685097524838687,-0.04282493064739091
enigma,depression,133,-0.010855922472289108,-0.0357732078630597
enigma,depression,135,-0.051630717866028464,-0.032193966355103534
enigma,depression,137,-0.05158889409506392,-0.033744032245165256
enigma,depression,139,-0.0298088426757119,-0.04766868780066512
enigma,depression,141,-0.047062604283224486,-0.041670617819474634
enigma,depression,143,-0.060498192340346785,-0.03354801022735199
enigma,depression,145,-0.03376714572792455,-0.049924363761524024
enigma,depression,147,-0.020144395196296277,-0.04087009682417708
enigma,depression,149,-0.018600281494974898,-0.05033914161704182
enigma,depression,151,-0.01807297839623094,-0.027471918815149814
enigma,depression,153,-0.037190039347480115,-0.045134093368831216
enigma,depression,155,0.021627900067703744,-0.03820321634881094
enigma,depression,157,0.007120358013421058,-0.04593572040945999
enigma,depression,159,0.01906964229442702,-0.038725157397061775
enigma,depression,161,0.019639004985651208,-0.040660130324033185
enigma,depression,163,-0.07495810243514651,-0.012026429018881686
enigma,depression,165,-0.0820311973229167,-0.04991314043119033
enigma,depression,167,-0.09033847450769228,-0.039460517318612026
enigma,depression,169,-0.06035601772282605,-0.04003376264935314
enigma,depression,171,-0.08715597998863646,-0.03943481650067867
enigma,depression,173,-0.08782248860648151,-0.03618390102788376
enigma,depression,175,-0.08882795994372275,-0.06527955546633896
enigma,depression,177,-0.07312808747826087,-0.11494537622865716
enigma,depression,179,-0.07144287693717283,-0.10317891309272498
enigma,depression,181,-0.07331289219911498,-0.009677577197845736
enigma,depression,183,-0.06561394031249995,-0.09015267749156886
enigma,depression,185,-0.06372394407772013,-0.0666198937993461
enigma,depression,187,-0.1256804402937061,-0.09414807359076321
enigma,depression,189,-0.0038214572232143046,-0.03961734408387463
enigma,depression,191,0.05118599594356167,-0.03583847656604779
enigma,depression,193,0.03813803593499997,-0.033867907531753255
enigma,depression,195,-0.02219320449983561,-0.04667598822312713
enigma,depression,197,0.016790147758963734,-0.036686759802521805
enigma,depression,199,-0.026924133633440477,-0.05552164463172611
enigma,depression,201,-0.04046740415923558,-0.060330303975592796
enigma,depression,203,-0.014155935990769244,-0.03536854070371027
enigma,depression,205,-0.03248116313544662,-0.05833392710424371
enigma,depression,207,0.0013417480035963288,-0.043886658705499404
enigma,depression,209,-0.016602607606725134,-0.05063230396664576
enigma,ocd,1,-0.06482510091803269,-0.0534446455074727
enigma,ocd,3,-0.07188476931873473,-0.05597856617023418
enigma,ocd,5,-0.07248757533232598,-0.05484682455635628
enigma,ocd,7,-0.06597004222190175,-0.0547619277154667
enigma,ocd,9,-0.058992777212820424,-0.05228882971789413
enigma,ocd,11,-0.06296319020467826,-0.05343315958669709
enigma,ocd,13,-0.07105770084139784,-0.05399748883023442
enigma,ocd,15,-0.09129929628176778,-0.05878897219633935
enigma,ocd,17,-0.08576207268717957,-0.05720253286870795
enigma,ocd,19,-0.0926045361062993,-0.06204733935886725
enigma,ocd,21,-0.0898208923296399,-0.06307256010050866
enigma,ocd,23,-0.08844440989570547,-0.056617539873214245
enigma,ocd,25,-0.0777347935803921,-0.0553696995020804
enigma,ocd,27,-0.08820916732307701,-0.06249553202539129
enigma,ocd,29,-0.07829612821804513,-0.058696226628301366
enigma,ocd,31,-0.06806609740645161,-0.059942466705912745
enigma,ocd,33,-0.06828455539041091,-0.057943446133080105
enigma,ocd,35,-0.043583637292857184,-0.06093453543794465
enigma,ocd,37,-0.05952694388121536,-0.055993380821527064
enigma,ocd,39,-0.07175044128368786,-0.05692071149276147
enigma,ocd,41,-0.08020159603703707,-0.05901762747922672
enigma,ocd,43,-0.080330098464706,-0.056895410663310275
enigma,ocd,45,-0.09341517149720653,-0.059310408807255834
enigma,ocd,47,-0.0861036834170854,-0.0591651470772246
enigma,ocd,49,-0.0879696619149659,-0.0535233439793183
enigma,ocd,51,-0.07202562232701425,-0.05634094794315662
enigma,ocd,53,-0.03372839951503006,-0.055493330121940264
enigma,ocd,55,-0.04191636804590159,-0.053552777686144595
enigma,ocd,57,-0.03203470785994394,-0.053409492148309846
enigma,ocd,59,-0.038859673089473676,-0.05207818271543738
enigma,ocd,61,-0.04064664815238092,-0.05683077659274091
enigma,ocd,63,-0.04775316076253295,-0.05579738601273322
enigma,ocd,65,-0.032253840975944935,-0.05814851873423126
enigma,ocd,67,-0.021894507838028175,-0.053138557143096496
enigma,ocd,69,-0.007265044554225349,-0.05788894971334267
enigma,ocd,71,-0.01890052335555556,-0.048104820569564395
enigma,ocd,73,-0.014244364917364031,-0.04997128568133427
enigma,ocd,75,-0.02838971931099997,-0.0631841531615401
enigma,ocd,77,-0.020775658266666674,-0.057430392419888295
enigma,ocd,79,-0.024107060958666687,-0.06835464590523985
enigma,ocd,81,-0.08802196340594057,-0.06219565360896206
enigma,ocd,83,-0.07352601973604057,-0.06040579318696667
enigma,ocd,85,-0.08781072953048787,-0.06787010771678109
enigma,ocd,87,-0.06878168458217268,-0.06345554764709778
enigma,ocd,89,-0.0935661345671642,-0.07172782682882908
enigma,ocd,91,-0.08888826920512824,-0.06771342208447505
enigma,ocd,93,-0.08158241951327437,-0.06052074065995511
enigma,ocd,95,-0.08935009445794385,-0.06234743953827358
enigma,ocd,97,-0.0889224146183206,-0.06388813228338498
enigma,ocd,99,-0.08877506336842109,-0.06271391103175064
enigma,ocd,101,-0.0886021141041666,-0.06349379756259034
enigma,ocd,103,-0.08553416991764695,-0.058685931461489635
enigma,ocd,105,-0.10044226324600657,-0.0767424568521656
enigma,ocd,107,-0.09793086267042243,-0.07845406583044379
enigma,ocd,109,-0.06925562300000002,-0.05831431936793471
enigma,ocd,111,-0.0652827316666667,-0.08004292888574431
enigma,ocd,113,-0.07059227603636369,-0.07401321777942263
enigma,ocd,115,-0.06501837330769233,-0.0623301237766514
enigma,ocd,117,-0.03739830772222222,-0.07867339274950741
enigma,ocd,119,-0.05896075298666663,-0.07418592829051214
enigma,ocd,121,-0.052545366846153914,-0.06389748267504183
enigma,ocd,123,-0.07082445556013757,-0.09297690974943185
enigma,ocd,125,-0.0672821235759162,-0.07042170563189695
enigma,ocd,127,-0.06864169935102034,-0.07156394130480645
enigma,ocd,129,-0.0648432587795033,-0.0632787991657527
enigma,ocd,131,-0.058061211651612876,-0.058225989884975245
enigma,ocd,133,-0.06970827689558233,-0.07393092902948876
enigma,ocd,135,-0.12387986658133965,-0.0793461587658672
enigma,ocd,137,-0.11703358487751364,-0.080172778522956
enigma,ocd,139,-0.04992999470854259,-0.05361780580658461
enigma,ocd,141,-0.07093499803485825,-0.07283394763502693
enigma,ocd,143,-0.12700712614727747,-0.0804393944238006
enigma,ocd,145,-0.043453158830188604,-0.05322093857444232
enigma,ocd,147,-0.08989756977037051,-0.06291761167496346
enigma,ocd,149,-0.07775216265577903,-0.053845295621816044
enigma,ocd,151,-0.0860291294488019,-0.057736234689593456
enigma,ocd,153,-0.09180505828912458,-0.05365241106483104
enigma,ocd,155,-0.026707180601481473,-0.039256235290912524
enigma,ocd,157,-0.03197244562631575,-0.04346278529213968
enigma,ocd,159,-0.03285596734382024,-0.03979291424436601
enigma,ocd,161,-0.030637827578366434,-0.03811221952711044
enigma,ocd,163,-0.04621802915481171,-0.02692867935805536
enigma,ocd,165,-0.07547000141666671,-0.04274924946286312
enigma,ocd,167,-0.06948959250000004,-0.03446340334101289
enigma,ocd,169,-0.04072643515760872,-0.02708966546319584
enigma,ocd,171,-0.05732952803409089,-0.04188998038484571
enigma,ocd,173,-0.06491673661111108,-0.03738708410038222
enigma,ocd,175,-0.06760397631168825,-0.05728214273046384
enigma,ocd,177,-0.03398404374173917,-0.06306947614559567
enigma,ocd,179,-0.044717302268062815,-0.0649803579375767
enigma,ocd,181,-0.06961332497787623,-0.05876522851373123
enigma,ocd,183,-0.035291301632916695,-0.058842648819951486
enigma,ocd,185,-0.0471608681606218,-0.052494732598069124
enigma,ocd,187,-0.07660040546153847,-0.07025258144314643
enigma,ocd,189,-0.056877876363095256,-0.09300751413489416
enigma,ocd,191,-0.025588185254794473,-0.0916328473612433
enigma,ocd,193,-0.031923197844841274,-0.08984566890838466
enigma,ocd,195,-0.06213676543561649,-0.0894795267835803
enigma,ocd,197,-0.04953747675820374,-0.08976762949913221
enigma,ocd,199,-0.08171818654983945,-0.10341113961467963
enigma,ocd,201,-0.08757587025796168,-0.08321387355290215
enigma,ocd,203,-0.06811853271384616,-0.09124458148848716
enigma,ocd,205,-0.07689968917579244,-0.09313168675970317
enigma,ocd,207,-0.0613341195229358,-0.09582331725290881
enigma,ocd,209,-0.07790635312280693,-0.09701838114214228
enigma,schizophrenia,1,-0.4068707255081954,-0.2527067675556601
enigma,schizophrenia,3,-0.417068562798054,-0.22658787063947622
enigma,schizophrenia,5,-0.4165493418428998,-0.22936536750433453
enigma,schizophrenia,7,-0.406630926772335,-0.21231976809981384
enigma,schizophrenia,9,-0.38700515766666704,-0.2367628883673418
enigma,schizophrenia,11,-0.3990765347368426,-0.24987340211454043
enigma,schizophrenia,13,-0.3887023700268817,-0.2494680520936517
enigma,schizophrenia,15,-0.3709627061602201,-0.25908969449317665
enigma,schizophrenia,17,-0.35952208958974363,-0.24768182287950327
enigma,schizophrenia,19,-0.3676364852362202,-0.27211123902217027
enigma,schizophrenia,21,-0.36023784684210397,-0.25543654059406706
enigma,schizophrenia,23,-0.3720842915644171,-0.221311472131688
enigma,schizophrenia,25,-0.3636396642745098,-0.20942349680501668
enigma,schizophrenia,27,-0.3542369553461535,-0.23812112023337217
enigma,schizophrenia,29,-0.36428676887218026,-0.3036467310512074
enigma,schizophrenia,31,-0.35821289877419304,-0.2840012817145413
enigma,schizophrenia,33,-0.3650774480821918,-0.31169899952890007
enigma,schizophrenia,35,-0.3403188017857142,-0.2544155363276204
enigma,schizophrenia,37,-0.3646646912707184,-0.35257491600741653
enigma,schizophrenia,39,-0.3608815814893619,-0.31410548486871986
enigma,schizophrenia,41,-0.24577541606481457,-0.2683727207153783
enigma,schizophrenia,43,-0.3730479017647054,-0.3071017460372172
enigma,schizophrenia,45,-0.3839100362290502,-0.2868251991186077
enigma,schizophrenia,47,-0.2944272298994975,-0.26078085409748486
enigma,schizophrenia,49,-0.29437559714285705,-0.28487103678948517
enigma,schizophrenia,51,-0.3707270631279622,-0.31144919427433293
enigma,schizophrenia,53,-0.3038706378156318,-0.23434327325308568
enigma,schizophrenia,55,-0.3261480513114752,-0.22376530070374095
enigma,schizophrenia,57,-0.297837813837534,-0.2505598254769502
enigma,schizophrenia,59,-0.3247607816842109,-0.2446161908856226
enigma,schizophrenia,61,-0.3201048930793649,-0.3062902009682152
enigma,schizophrenia,63,-0.32769435976253347,-0.24878563685457897
enigma,schizophrenia,65,-0.2671213032302403,-0.27089973134191264
enigma,schizophrenia,67,-0.2776319993661969,-0.25436926784666436
enigma,schizophrenia,69,-0.31851335150234766,-0.362781913604226
enigma,schizophrenia,71,-0.41155421463492076,-0.3541094192845618
enigma,schizophrenia,73,-0.39303885583681997,-0.38558620910883484
enigma,schizophrenia,75,-0.41929113570000065,-0.32592819879917306
enigma,schizophrenia,77,-0.42302037415384586,-0.3629889568943302
enigma,schizophrenia,79,-0.43582411759999995,-0.39162868695438835
enigma,schizophrenia,81,-0.438161655742574,-0.3377026003628336
enigma,schizophrenia,83,-0.4390120024873099,-0.3294937460008506
enigma,schizophrenia,85,-0.4134749059756097,-0.3376578918596895
enigma,schizophrenia,87,-0.43277787671309276,-0.3530615942218081
enigma,schizophrenia,89,-0.4609792074626868,-0.3691668815593974
enigma,schizophrenia,91,-0.451399676153846,-0.35510298069049295
enigma,schizophrenia,93,-0.43897311513274334,-0.3342946849905657
enigma,schizophrenia,95,-0.4471024513084114,-0.33518963856927403
enigma,schizophrenia,97,-0.44318450251908353,-0.335461397091321
enigma,schizophrenia,99,-0.4458814776691728,-0.33446845440577344
enigma,schizophrenia,101,-0.45142828784722205,-0.3380314370657617
enigma,schizophrenia,103,-0.39704641329411816,-0.3405008313921321
enigma,schizophrenia,105,-0.464405318370606,-0.3791305626914938
enigma,schizophrenia,107,-0.4642713529577462,-0.38580922601880085
enigma,schizophrenia,109,-0.2861262164197531,-0.34066836523385685
enigma,schizophrenia,111,-0.28966143982456155,-0.29776000840496186
enigma,schizophrenia,113,-0.3272441394545453,-0.34122343899375396
enigma,schizophrenia,115,-0.2622772666666666,-0.32687980481757944
enigma,schizophrenia,117,-0.2731929722222223,-0.3867634174477941
enigma,schizophrenia,119,-0.3021933714666666,-0.37195986832278144
enigma,schizophrenia,121,-0.38682345266666635,-0.33909660437803174
enigma,schizophrenia,123,-0.3766514942268037,-0.3381334884706089
enigma,schizophrenia,125,-0.22288470083769701,-0.31969327256656377
enigma,schizophrenia,127,-0.22516345930612228,-0.27394414311585263
enigma,schizophrenia,129,-0.2353316038509316,-0.29562718700473006
enigma,schizophrenia,131,-0.22186087741935515,-0.27016707644331067
enigma,schizophrenia,133,-0.22466134060241041,-0.270768747853345
enigma,schizophrenia,135,-0.33707785729665035,-0.32806954118096404
enigma,schizophrenia,137,-0.3415124056672763,-0.34206434681447623
enigma,schizophrenia,139,-0.360717440217756,-0.3512125407369599
enigma,schizophrenia,141,-0.38868903485838896,-0.38338030832440867
enigma,schizophrenia,143,-0.3658773246287121,-0.3426177547423912
enigma,schizophrenia,145,-0.38973926794339736,-0.4063252188729505
enigma,schizophrenia,147,-0.282330753814815,-0.3593052329238125
enigma,schizophrenia,149,-0.2802427102010045,-0.36863952844984577
enigma,schizophrenia,151,-0.28229267187363843,-0.29038157785740015
enigma,schizophrenia,153,-0.30231333058355503,-0.31818661927729924
enigma,schizophrenia,155,-0.2762355026222224,-0.2512182717174337
enigma,schizophrenia,157,-0.2980522172105266,-0.31543942394986346
enigma,schizophrenia,159,-0.2702139208988763,-0.2557646834801433
enigma,schizophrenia,161,-0.26131121286975706,-0.23822070344413937
enigma,schizophrenia,163,-0.37339107807531374,-0.40244454456758116
enigma,schizophrenia,165,-0.4048815494791671,-0.39602706140343513
enigma,schizophrenia,167,-0.39752347423076906,-0.402334057294572
enigma,schizophrenia,169,-0.41872421505434804,-0.4301810528765313
enigma,schizophrenia,171,-0.38796201323863627,-0.4194757421747357
enigma,schizophrenia,173,-0.3889028169444444,-0.39784261760651607
enigma,schizophrenia,175,-0.30814930463203444,-0.3016589011503515
enigma,schizophrenia,177,-0.23578074857971032,-0.3421759109197782
enigma,schizophrenia,179,-0.26441868612565456,-0.4012949228371046
enigma,schizophrenia,181,-0.3129797206194689,-0.27339646141201274
enigma,schizophrenia,183,-0.25931048324999983,-0.34026571689590185
enigma,schizophrenia,185,-0.2989026253367882,-0.3052447017502029
enigma,schizophrenia,187,-0.21808147223776225,-0.26759413453158054
enigma,schizophrenia,189,-0.34287408017857157,-0.304586781493582
enigma,schizophrenia,191,-0.19562450782465735,-0.2972082196683803
enigma,schizophrenia,193,-0.21753810694047618,-0.30809899622983006
enigma,schizophrenia,195,-0.36456691679452097,-0.3020240069309433
enigma,schizophrenia,197,-0.25385540034542364,-0.29609556639974627
enigma,schizophrenia,199,-0.32656903231511336,-0.34137357663414203
enigma,schizophrenia,201,-0.3650074963694267,-0.403271406763869
enigma,schizophrenia,203,-0.3117096479384628,-0.2937330680405781
enigma,schizophrenia,205,-0.3503558056195969,-0.3785039103729781
enigma,schizophrenia,207,-0.22715562655963276,-0.2614439364076191
enigma,schizophrenia,209,-0.2428259334502924,-0.2570985860569761
enigma,bipolar,1,-0.2247327639016388,-0.14583040521503493
enigma,bipolar,3,-0.23762437299270017,-0.13561146858897494
enigma,bipolar,5,-0.23876791202416894,-0.12417488669993901
enigma,bipolar,7,-0.22773644521613917,-0.12285314035643635
enigma,bipolar,9,-0.2119541885641031,-0.12069089487696012
enigma,bipolar,11,-0.22140336435672509,-0.14919912538493074
enigma,bipolar,13,-0.22557701298387167,-0.1460620209525227
enigma,bipolar,15,-0.26987892345303893,-0.1406356448598951
enigma,bipolar,17,-0.26183939605128265,-0.14984320475557747
enigma,bipolar,19,-0.2720260053149607,-0.1647793175479899
enigma,bipolar,21,-0.27550855595567825,-0.15808682312555877
enigma,bipolar,23,-0.264254885398773,-0.13428455809532686
enigma,bipolar,25,-0.24607356137254877,-0.12105684827230216
enigma,bipolar,27,-0.2533327118461539,-0.15305429417240962
enigma,bipolar,29,-0.27237100218045107,-0.1812792877251954
enigma,bipolar,31,-0.2789522933548388,-0.16925105998183132
enigma,bipolar,33,-0.2861983950684934,-0.18007866488026816
enigma,bipolar,35,-0.2642419709285713,-0.15613085237155105
enigma,bipolar,37,-0.26359831837016595,-0.18090514269671593
enigma,bipolar,39,-0.2651025394326242,-0.16569065228456165
enigma,bipolar,41,-0.19250847069444457,-0.16643987414669367
enigma,bipolar,43,-0.22738809082352962,-0.15555909009611912
enigma,bipolar,45,-0.21818156625698307,-0.1616156317652086
enigma,bipolar,47,-0.203807350603015,-0.16182620304950154
enigma,bipolar,49,-0.20351678207482987,-0.15771345511700519
enigma,bipolar,51,-0.23114169563981063,-0.15600514571563945
enigma,bipolar,53,-0.15954527903807625,-0.11204270298572343
enigma,bipolar,55,-0.1871579849508195,-0.10854745153341894
enigma,bipolar,57,-0.15175973450980412,-0.10290188457225198
enigma,bipolar,59,-0.18072611673684205,-0.10921090350154417
enigma,bipolar,61,-0.17480933116825398,-0.14958172175631024
enigma,bipolar,63,-0.19966731994722944,-0.13954186463125068
enigma,bipolar,65,-0.14886130752577326,-0.14095410443298226
enigma,bipolar,67,-0.15143294813380304,-0.11361921923615619
enigma,bipolar,69,-0.15161708655399042,-0.22052513932842183
enigma,bipolar,71,-0.2086747438412694,-0.1814647225369753
enigma,bipolar,73,-0.1880666787656907,-0.1837888419538047
enigma,bipolar,75,-0.2150252250000001,-0.20291886890708646
enigma,bipolar,77,-0.20361854738461538,-0.19576532083184625
enigma,bipolar,79,-0.21518065506666653,-0.22182449278926028
enigma,bipolar,81,-0.24760768623762394,-0.22183720134524085
enigma,bipolar,83,-0.24053737553299478,-0.21066929456286598
enigma,bipolar,85,-0.24054881560975583,-0.2176386243293084
enigma,bipolar,87,-0.23669568437325858,-0.22425665668298853
enigma,bipolar,89,-0.2606811464179103,-0.21858286150849546
enigma,bipolar,91,-0.2524733362820511,-0.21972873731304443
enigma,bipolar,93,-0.24528479867256647,-0.21881913649070725
enigma,bipolar,95,-0.25082692700934567,-0.22195278589303463
enigma,bipolar,97,-0.24824908893129755,-0.2181923028715332
enigma,bipolar,99,-0.25012803330827077,-0.22011888564277965
enigma,bipolar,101,-0.25244691805555547,-0.22325609100383137
enigma,bipolar,103,-0.19223681683235327,-0.21840039017051677
enigma,bipolar,105,-0.2688868413738017,-0.20897658795747706
enigma,bipolar,107,-0.2631384481971828,-0.21846190779581776
enigma,bipolar,109,-0.10631413729629628,-0.2171891330892368
enigma,bipolar,111,-0.05511689766666669,-0.1178034928596643
enigma,bipolar,113,-0.08718716710000006,-0.1877168254137933
enigma,bipolar,115,-0.05383722715384614,-0.19166688513358038
enigma,bipolar,117,-0.10966186477777777,-0.18320195287800653
enigma,bipolar,119,-0.08306408305333336,-0.19422310390073272
enigma,bipolar,121,-0.21440287512820505,-0.21702473796647323
enigma,bipolar,123,-0.22426505274914113,-0.21643259611817484
enigma,bipolar,125,-0.16824412120418855,-0.2795105781354341
enigma,bipolar,127,-0.17003308738775522,-0.2743831566695203
enigma,bipolar,129,-0.17188933810559034,-0.17257034230472806
enigma,bipolar,131,-0.15481040732258075,-0.1944930950502899
enigma,bipolar,133,-0.1715543442570286,-0.20264005705158342
enigma,bipolar,135,-0.24207790610047863,-0.1941994596341899
enigma,bipolar,137,-0.24696077058500876,-0.2049005350368226
enigma,bipolar,139,-0.22211446075376953,-0.16550404152686388
enigma,bipolar,141,-0.2536835693464057,-0.198477587166493
enigma,bipolar,143,-0.25910772831682827,-0.20565298904100082
enigma,bipolar,145,-0.23176654292452797,-0.20987356586237954
enigma,bipolar,147,-0.19925952688888954,-0.27993868362687335
enigma,bipolar,149,-0.1886134791959798,-0.22231538186127212
enigma,bipolar,151,-0.18457420344226583,-0.16039876464889682
enigma,bipolar,153,-0.19669595360742687,-0.16387288968140507
enigma,bipolar,155,-0.11758082418370379,-0.1381199987305809
enigma,bipolar,157,-0.1348699477999997,-0.16468505880523512
enigma,bipolar,159,-0.1265128949865167,-0.1133580175030791
enigma,bipolar,161,-0.1198051138432669,-0.11590215646090556
enigma,bipolar,163,-0.1825253362761505,-0.21343187709390585
enigma,bipolar,165,-0.20531175968750015,-0.2107423402288226
enigma,bipolar,167,-0.21728336084615368,-0.22080876139396108
enigma,bipolar,169,-0.20138074407608703,-0.21651806018345965
enigma,bipolar,171,-0.1876600588636361,-0.2426877003705972
enigma,bipolar,173,-0.21664551375000038,-0.22266583218557795
enigma,bipolar,175,-0.1551738248484849,-0.2085029559240911
enigma,bipolar,177,-0.13918769088405786,-0.21072799373752082
enigma,bipolar,179,-0.16702718371204178,-0.22567620306402436
enigma,bipolar,181,-0.15298127628318614,-0.14321897393035135
enigma,bipolar,183,-0.15293646478124992,-0.2045082542654323
enigma,bipolar,185,-0.16272885834196932,-0.20312510645241205
enigma,bipolar,187,-0.1745252216083916,-0.19729773141850707
enigma,bipolar,189,-0.19360109214285695,-0.15999018392560269
enigma,bipolar,191,-0.07332729364520534,-0.15564786499386918
enigma,bipolar,193,-0.08540740564880951,-0.14986644094807214
enigma,bipolar,195,-0.20347513922191762,-0.145383142175256
enigma,bipolar,197,-0.13122338382383394,-0.15782394527366408
enigma,bipolar,199,-0.17044565424437275,-0.2253364094090488
enigma,bipolar,201,-0.19559576786624208,-0.22825666605113576
enigma,bipolar,203,-0.14476274867692296,-0.15514994886682407
enigma,bipolar,205,-0.17383524827089333,-0.21002297542215725
enigma,bipolar,207,-0.14310406029816525,-0.16802940278409767
enigma,bipolar,209,-0.18144869213450282,-0.18398738952878957
enigma,obesity,1,-0.14494321629508142,-0.06669996984459532
enigma,obesity,3,-0.1492992039172747,-0.036751275008594514
enigma,obesity,5,-0.14282364319637433,-0.061886410324771365
enigma,obesity,7,-0.15770319729106566,-0.036956165200694446
enigma,obesity,9,-0.15596191615384614,-0.050070838704732626
enigma,obesity,11,-0.14194747327485327,-0.06974965651761926
enigma,obesity,13,-0.1372539776532258,-0.08714123824191326
enigma,obesity,15,-0.10413925935635351,-0.0635900898252365
enigma,obesity,17,-0.15640806683333314,-0.05209751426869917
enigma,obesity,19,-0.10133940487401588,-0.09906707872361813
enigma,obesity,21,-0.09413020967035994,-0.0759294823465604
enigma,obesity,23,-0.1422448896411041,-0.033597264071514144
enigma,obesity,25,-0.1713244638039217,-0.030855469757430448
enigma,obesity,27,-0.10020175664230771,-0.11125322882631215
enigma,obesity,29,-0.14681723413533837,-0.08795175262235633
enigma,obesity,31,-0.0896679187354839,-0.09065676780806642
enigma,obesity,33,-0.11094138571917808,-0.1046878878767789
enigma,obesity,35,-0.05758905803571425,-0.10817439917466128
enigma,obesity,37,-0.10048767430939208,-0.13963122922287585
enigma,obesity,39,-0.15363706234042565,-0.110804857221428
enigma,obesity,41,-0.09267801760185176,-0.13339670072196688
enigma,obesity,43,-0.10969575111176458,-0.1274190433006197
enigma,obesity,45,-0.118943452142458,-0.11958420996655383
enigma,obesity,47,-0.09985844255276365,-0.1212313207236324
enigma,obesity,49,-0.10196363051020432,-0.13339286016045632
enigma,obesity,51,-0.1062211528672984,-0.1265879278385382
enigma,obesity,53,-0.16172725045490988,-0.04659080259336357
enigma,obesity,55,-0.1943091895737707,-0.028987629678827606
enigma,obesity,57,-0.1476501322464983,-0.03808914273381965
enigma,obesity,59,-0.18424951115789479,-0.02578303305000855
enigma,obesity,61,-0.16469812461587258,-0.10749633660194008
enigma,obesity,63,-0.1894304338258575,-0.04795467339848171
enigma,obesity,65,-0.13961881013745672,-0.11130314179659659
enigma,obesity,67,-0.1610689905985914,-0.05152761081360413
enigma,obesity,69,-0.18390750323943642,-0.1386247562137119
enigma,obesity,71,-0.2176811757142855,-0.13137252530129803
enigma,obesity,73,-0.2202172405020926,-0.14690121872432146
enigma,obesity,75,-0.2214646026499999,-0.13567274265381277
enigma,obesity,77,-0.22423986307692337,-0.1515077047209203
enigma,obesity,79,-0.23840939199999994,-0.1563642372247293
enigma,obesity,81,-0.22394864564356443,-0.1399703747519835
enigma,obesity,83,-0.22853686111675128,-0.1461862458547333
enigma,obesity,85,-0.20312776067073154,-0.1397838371252597
enigma,obesity,87,-0.2247986504735374,-0.14824302676906884
enigma,obesity,89,-0.2604721467164179,-0.12191111419897338
enigma,obesity,91,-0.23737227025641042,-0.1370761582322041
enigma,obesity,93,-0.239388018938053,-0.13375562155294268
enigma,obesity,95,-0.2293600099999999,-0.13575681356074443
enigma,obesity,97,-0.224908404503817,-0.14268730061139923
enigma,obesity,99,-0.22852977857142875,-0.13927608791295176
enigma,obesity,101,-0.2366997555555558,-0.13409671276667004
enigma,obesity,103,-0.24285014176470537,-0.11292190184257594
enigma,obesity,105,-0.284199532939297,-0.12182079980456653
enigma,obesity,107,-0.27598968960563414,-0.12588510882446338
enigma,obesity,109,-0.19947640790123455,-0.1091917477027004
enigma,obesity,111,-0.1406885388421054,-0.10310304382554758
enigma,obesity,113,-0.1586251303636363,-0.12025851477190934
enigma,obesity,115,-0.15172284179487192,-0.10703460903836343
enigma,obesity,117,-0.18064462888888888,-0.13272075591702687
enigma,obesity,119,-0.10293318146666662,-0.09853234858919843
enigma,obesity,121,-0.1974106274358974,-0.14198660845818753
enigma,obesity,123,-0.17798086982817873,-0.11662909625016121
enigma,obesity,125,-0.09073874019371717,-0.1431225513201861
enigma,obesity,127,-0.09095717731428563,-0.10411060272531945
enigma,obesity,129,-0.08932560005279506,-0.1596987736363239
enigma,obesity,131,-0.08216714333870967,-0.1558724468835758
enigma,obesity,133,-0.0882186108995981,-0.12101947872317592
enigma,obesity,135,-0.11153943472248791,-0.10222928707675426
enigma,obesity,137,-0.11819146342778789,-0.11218423010829301
enigma,obesity,139,-0.12343930543718572,-0.18330476204658155
enigma,obesity,141,-0.14329625453812625,-0.1523343359834015
enigma,obesity,143,-0.1261220366856445,-0.11145900416442764
enigma,obesity,145,-0.1527654777849052,-0.19669267957358932
enigma,obesity,147,-0.11787708304814817,-0.13011226353319214
enigma,obesity,149,-0.12397693745477345,-0.1571290535907042
enigma,obesity,151,-0.11035804312200462,-0.08612935766047673
enigma,obesity,153,-0.12824649368700294,-0.12648377874859712
enigma,obesity,155,-0.07664464228444438,-0.15480412663431614
enigma,obesity,157,-0.07909401556842108,-0.17263127448336546
enigma,obesity,159,-0.060783275743820225,-0.15746308717663454
enigma,obesity,161,-0.07496229678366435,-0.1441960906638262
enigma,obesity,163,-0.1745155760669453,-0.17087487603329263
enigma,obesity,165,-0.1588408638541667,-0.1596762637732664
enigma,obesity,167,-0.15497420812307688,-0.19923346749071852
enigma,obesity,169,-0.20442980668478264,-0.21840984980646028
enigma,obesity,171,-0.17001871477272723,-0.19691176683144135
enigma,obesity,173,-0.1729450008333337,-0.19120720907497069
enigma,obesity,175,-0.15673662515151515,-0.1710042081378811
enigma,obesity,177,-0.14469041286956513,-0.17422396327753914
enigma,obesity,179,-0.10464137699999987,-0.15063950064864526
enigma,obesity,181,-0.11813285811061955,-0.09234611231106753
enigma,obesity,183,-0.13077480517187492,-0.16771903117856152
enigma,obesity,185,-0.18458695020725382,-0.17392236582094228
enigma,obesity,187,-0.09666238830769251,-0.09871475595706294
enigma,obesity,189,-0.08125816572023807,-0.08082200611191069
enigma,obesity,191,-0.01458471761863013,-0.07375972662457804
enigma,obesity,193,-0.0196699056038095,-0.06376561936104437
enigma,obesity,195,-0.11562489114794525,-0.09001917815933917
enigma,obesity,197,-0.05654893585803122,-0.08666306025353467
enigma,obesity,199,-0.0685746678553058,-0.12228386343380865
enigma,obesity,201,-0.11212492229936295,-0.19719018891477846
enigma,obesity,203,-0.05334476007692309,-0.07336818390764817
enigma,obesity,205,-0.09129410255907774,-0.1489544120440064
enigma,obesity,207,-0.06994924644954117,-0.089586479889767
enigma,obesity,209,-0.09174626504678365,-0.09659795776239485
enigma,schizotypy,1,-0.0016499596078688524,-0.0001955474325869462
enigma,schizotypy,3,-0.0018552311955596097,-0.0033505962315053825
enigma,schizotypy,5,-0.002061037489957706,-0.0008635697865720065
enigma,schizotypy,7,-0.007098477128789649,-0.00383380484804631
enigma,schizotypy,9,-0.00844533756735897,-0.002872025559630678
enigma,schizotypy,11,-0.0011289257059064327,0.0014614666736673275
enigma,schizotypy,13,0.004798528073091391,0.003714663444330477
enigma,schizotypy,15,0.0030053692347292837,-0.002355280897653463
enigma,schizotypy,17,0.0012585207778205154,-0.004385141652949215
enigma,schizotypy,19,0.0033840545844488184,-0.0017310740620158065
enigma,schizotypy,21,0.002658340552077564,-0.0037830370451316297
enigma,schizotypy,23,0.004503014194110423,-0.004439006433390058
enigma,schizotypy,25,-0.0023124329829411717,-0.0049300416114148315
enigma,schizotypy,27,0.007973121046538453,-0.0006234956811018693
enigma,schizotypy,29,-0.012175957652631578,-0.0037276262796908707
enigma,schizotypy,31,-0.0067849697078709624,-0.002424659475782843
enigma,schizotypy,33,-0.011946979568493148,-0.0022871739629198775
enigma,schizotypy,35,-0.005541347535799998,-0.0009403465905729845
enigma,schizotypy,37,-0.008694414997237575,-0.0018909808402111468
enigma,schizotypy,39,-0.01832862176595744,-0.0044602506542019416
enigma,schizotypy,41,0.04802462197685182,0.0020271241330159845
enigma,schizotypy,43,0.0064336996958823615,0.001858823725654114
enigma,schizotypy,45,0.009001743625418999,0.0020383327282914874
enigma,schizotypy,47,0.035754007145728656,0.0023411250363645254
enigma,schizotypy,49,0.0360631086802721,0.004903414538180477
enigma,schizotypy,51,0.003288580285345971,0.0016214827912049536
enigma,schizotypy,53,-0.03000972620841685,-0.006537633443702509
enigma,schizotypy,55,-0.03334763218032787,-0.005707197186812945
enigma,schizotypy,57,-0.027393853028011207,-0.0073040373382356255
enigma,schizotypy,59,-0.0331220357631579,-0.006255554025480441
enigma,schizotypy,61,-0.026677864384126986,-0.0055797884229420594
enigma,schizotypy,63,-0.029803671852242735,-0.005495499149914637
enigma,schizotypy,65,-0.030596533618556705,-0.005409227098226076
enigma,schizotypy,67,-0.040518161214788725,-0.006229239050585546
enigma,schizotypy,69,0.00643566797896713,-0.0004312734870080331
enigma,schizotypy,71,0.001968715584793651,-0.008550424859415769
enigma,schizotypy,73,0.008034896868238484,-0.003531927844899162
enigma,schizotypy,75,0.002574770588409997,-0.005832698777943579
enigma,schizotypy,77,0.0012094983332923074,0.0006544250406148458
enigma,schizotypy,79,0.001288353144863333,-0.0024509666274393216
enigma,schizotypy,81,-0.0006067022868316836,-0.004821656468506734
enigma,schizotypy,83,-0.0011093259578375634,-0.0032739323670207404
enigma,schizotypy,85,0.0034015485629268266,-0.004780514008537958
enigma,schizotypy,87,0.0010587823425013945,-0.0038122435792817704
enigma,schizotypy,89,-0.013577267688059705,-0.008721472193561116
enigma,schizotypy,91,-0.005539627797435901,-0.006374931596147935
enigma,schizotypy,93,-0.006571969872566368,-0.005254441175329162
enigma,schizotypy,95,-0.0026636302869158888,-0.0053358472782112885
enigma,schizotypy,97,-0.0016969053961832068,-0.00484321043260127
enigma,schizotypy,99,-0.002345789374436091,-0.005112192419788941
enigma,schizotypy,101,-0.005144875102777777,-0.005781540006440097
enigma,schizotypy,103,-0.019169281340588238,-0.006913047870701584
enigma,schizotypy,105,-0.030020942422044727,-0.009108176617087425
enigma,schizotypy,107,-0.020220329180281656,-0.009771143747835852
enigma,schizotypy,109,-0.019988533969135802,-0.006931827378305885
enigma,schizotypy,111,0.0011288121140350857,-0.002999397301116976
enigma,schizotypy,113,-0.0004143746918181804,-0.007046086410346856
enigma,schizotypy,115,-0.007328721484615383,-0.005874218458855818
enigma,schizotypy,117,-0.0077458734,0.0030912473375342203
enigma,schizotypy,119,0.001970682015546667,-0.0037903739992839786
enigma,schizotypy,121,0.011498347167692309,-0.004015970597412301
enigma,schizotypy,123,0.00901374576219934,-0.005574735607734378
enigma,schizotypy,125,-0.015981641303664963,-0.0013043491074193423
enigma,schizotypy,127,-0.015940505670204077,0.0008130145147356286
enigma,schizotypy,129,-0.017523090335403745,-0.003528581471861263
enigma,schizotypy,131,-0.016332618453225804,-0.0051222967301335675
enigma,schizotypy,133,-0.017519672891566314,-0.001917240843153299
enigma,schizotypy,135,-0.003583512166028715,-0.0009753994776619764
enigma,schizotypy,137,-0.008545262535831733,-0.0008483256867285527
enigma,schizotypy,139,-0.0185229801298158,-0.002805417015384425
enigma,schizotypy,141,-0.01651790358932464,0.0014730449451089093
enigma,schizotypy,143,-0.003830773552821788,-0.0009306949642314323
enigma,schizotypy,145,-0.01585560536416982,-0.003913995634719484
enigma,schizotypy,147,-0.003058531432111109,0.0007226274250665232
enigma,schizotypy,149,-0.00837068022311558,-0.0024644616925096007
enigma,schizotypy,151,-0.0020867212697167747,0.001101498784452671
enigma,schizotypy,153,-0.002328680330847481,0.0003685270570895887
enigma,schizotypy,155,-0.011696703299555565,-0.014895989078843933
enigma,schizotypy,157,-0.008993821901578936,-0.010522730798219117
enigma,schizotypy,159,-0.008711887197528077,-0.01317074636841975
enigma,schizotypy,161,-0.012913470650551897,-0.013587647659658083
enigma,schizotypy,163,0.0034731448776569034,-0.006161694477192225
enigma,schizotypy,165,0.001230097185416667,0.007412034349251765
enigma,schizotypy,167,-0.0025996477790769215,0.0025185443902688955
enigma,schizotypy,169,-0.0004626642234239138,0.0060986875705050765
enigma,schizotypy,171,-0.0050605121048295405,-0.0024075044050002824
enigma,schizotypy,173,-0.008888190977314808,-0.0011418275800497376
enigma,schizotypy,175,-0.006272595045231609,-0.0028149554459637365
enigma,schizotypy,177,0.015361960231884061,0.004997653492745494
enigma,schizotypy,179,0.013241725250261766,0.010610436425676103
enigma,schizotypy,181,-0.016378575313274323,-0.0012652141803265455
enigma,schizotypy,183,0.011571377640104177,-0.001086930111526105
enigma,schizotypy,185,-0.0048102671631088095,-0.004358614876899543
enigma,schizotypy,187,0.039562003769230775,0.012184936622380928
enigma,schizotypy,189,-0.0070267101845238045,-0.006327151208713289
enigma,schizotypy,191,-0.010698341648767118,-0.006428183630292872
enigma,schizotypy,193,-0.0012429012628571426,-0.0064778223381557355
enigma,schizotypy,195,-0.015178592341643805,-0.006305365042023379
enigma,schizotypy,197,-0.00877236932709844,-0.005942698521645171
enigma,schizotypy,199,0.026211762309967898,-0.007858066541636084
enigma,schizotypy,201,0.019325796883439498,-0.008349446685901738
enigma,schizotypy,203,0.029464243481538397,-0.006531137869087407
enigma,schizotypy,205,0.023883097444380406,-0.00831420745530394
enigma,schizotypy,207,-0.007524497494724762,-0.006353870499094156
enigma,schizotypy,209,-0.01449578057046786,-0.00683644069164693
enigma,parkinson,1,-0.09593758573442596,-0.07249757976495819
enigma,parkinson,3,-0.10594485139902651,-0.0875365131208879
enigma,parkinson,5,-0.10185380028700879,-0.08104424418504802
enigma,parkinson,7,-0.09894417116714685,-0.08476030472792462
enigma,parkinson,9,-0.10648218915384623,-0.08307541548377415
enigma,parkinson,11,-0.0915653807204676,-0.06355050804420681
enigma,parkinson,13,-0.09331365184408608,-0.05835095145236738
enigma,parkinson,15,-0.09029465890331495,-0.0966983682589376
enigma,parkinson,17,-0.111807819851282,-0.09146976354772354
enigma,parkinson,19,-0.08942876337795276,-0.10109012306299493
enigma,parkinson,21,-0.0843023364432135,-0.10499150626393579
enigma,parkinson,23,-0.11495486384662562,-0.09164040237450653
enigma,parkinson,25,-0.11605762560000013,-0.08892571685177203
enigma,parkinson,27,-0.08814216942692306,-0.0985936334120322
enigma,parkinson,29,-0.043175499105263145,-0.0902231743537714
enigma,parkinson,31,-0.05366368993548388,-0.08721835936057593
enigma,parkinson,33,-0.029281876582191804,-0.08175238935122751
enigma,parkinson,35,-0.0684288083071428,-0.09034499634516148
enigma,parkinson,37,-0.04687662045856355,-0.07405724026552496
enigma,parkinson,39,-0.027828724978723428,-0.08714421621511764
enigma,parkinson,41,-0.08386899530092584,-0.0854978514956487
enigma,parkinson,43,-0.11478882361176469,-0.06371870462190087
enigma,parkinson,45,-0.11989390468435744,-0.076117349805675
enigma,parkinson,47,-0.10050679636683413,-0.07960051415746762
enigma,parkinson,49,-0.10322447209183672,-0.05945218261500211
enigma,parkinson,51,-0.09902524012796202,-0.06177455691598367
enigma,parkinson,53,-0.0656320812845692,-0.09271985192533058
enigma,parkinson,55,-0.059817484937704835,-0.09096192146531727
enigma,parkinson,57,-0.07164269832212883,-0.09377510650627506
enigma,parkinson,59,-0.06617679675263156,-0.0933571318954187
enigma,parkinson,61,-0.05826759514920651,-0.08995062049725129
enigma,parkinson,63,-0.060399691044854875,-0.08799433839157846
enigma,parkinson,65,-0.11499752455326484,-0.1217105152215704
enigma,parkinson,67,-0.09867667967253511,-0.09603532134755134
enigma,parkinson,69,-0.10302956276056328,-0.08577872053539601
enigma,parkinson,71,-0.0995826723746031,-0.1189694055763457
enigma,parkinson,73,-0.08358596388912147,-0.08655683197151141
enigma,parkinson,75,-0.10601778371500009,-0.11250838736859156
enigma,parkinson,77,-0.08654472433846153,-0.08239039778465732
enigma,parkinson,79,-0.10716988427666681,-0.1054294269859504
enigma,parkinson,81,-0.15888680306930703,-0.10798533245176238
enigma,parkinson,83,-0.15099209291370558,-0.09347528465508635
enigma,parkinson,85,-0.149376881890244,-0.12431517914536286
enigma,parkinson,87,-0.13674089428969377,-0.10080049580399206
enigma,parkinson,89,-0.19417921955223888,-0.14233204252198206
enigma,parkinson,91,-0.19202250128205117,-0.13342257653240402
enigma,parkinson,93,-0.18000521097345154,-0.10424485972208433
enigma,parkinson,95,-0.17843302252336452,-0.10604958832751046
enigma,parkinson,97,-0.17702109160305354,-0.12053344805932989
enigma,parkinson,99,-0.1785512140601501,-0.11434200181664456
enigma,parkinson,101,-0.1918945988888887,-0.11004437765993519
enigma,parkinson,103,-0.16541850820588253,-0.10958277770546943
enigma,parkinson,105,-0.18664972507987213,-0.1635631272856717
enigma,parkinson,107,-0.19347030870422552,-0.1598609022467679
enigma,parkinson,109,-0.12466722237037037,-0.1090916535884523
enigma,parkinson,111,-0.12654432757894735,-0.2017925842164803
enigma,parkinson,113,-0.13927125590909087,-0.16894176061475208
enigma,parkinson,115,-0.11688829853846151,-0.13326892215193364
enigma,parkinson,117,-0.10671914138888888,-0.1304009519768771
enigma,parkinson,119,-0.12495612541333327,-0.15436048779756362
enigma,parkinson,121,-0.11010556061538433,-0.10443097500803165
enigma,parkinson,123,-0.12372380671477676,-0.1546110287196353
enigma,parkinson,125,-0.14666006581151825,-0.137877358509859
enigma,parkinson,127,-0.1475472051836736,-0.15062954439882917
enigma,parkinson,129,-0.14534333968944144,-0.13515028246068328
enigma,parkinson,131,-0.14042412612903202,-0.12732993218241878
enigma,parkinson,133,-0.14922665558232967,-0.1423920419018752
enigma,parkinson,135,-0.18009181313397166,-0.15440846487743276
enigma,parkinson,137,-0.17432518519195606,-0.1549887373545505
enigma,parkinson,139,-0.12979179166499194,-0.12584501536226259
enigma,parkinson,141,-0.14276518332244012,-0.15016795434854943
enigma,parkinson,143,-0.1790936901980205,-0.15509219173095312
enigma,parkinson,145,-0.12034542956226431,-0.11752363698692997
enigma,parkinson,147,-0.15376780751851843,-0.14918285320356242
enigma,parkinson,149,-0.14689669798994984,-0.13502311538138487
enigma,parkinson,151,-0.15062997721132862,-0.14040682697218293
enigma,parkinson,153,-0.1590375250663127,-0.13833526091357387
enigma,parkinson,155,-0.09815557306518513,-0.07532400531790888
enigma,parkinson,157,-0.10321914986315829,-0.07575658042322239
enigma,parkinson,159,-0.11810177273932604,-0.0832628983239747
enigma,parkinson,161,-0.10738166238410601,-0.07802823192268449
enigma,parkinson,163,-0.057533289456066845,-0.09709651015765652
enigma,parkinson,165,-0.07258102335416669,-0.07215273541979277
enigma,parkinson,167,-0.04995601101538462,-0.08097639286841087
enigma,parkinson,169,-0.060824998548913045,-0.08822639901382179
enigma,parkinson,171,-0.045613666732954555,-0.09901221872941819
enigma,parkinson,173,-0.0350079469675926,-0.09007266548817155
enigma,parkinson,175,-0.16608022593073568,-0.1146109625401705
enigma,parkinson,177,-0.07568173798550727,-0.09989619317806278
enigma,parkinson,179,-0.028174111473821963,-0.08039838151355574
enigma,parkinson,181,-0.16164032486725644,-0.12986134786216344
enigma,parkinson,183,-0.06219713034583326,-0.09725783449258903
enigma,parkinson,185,-0.14070215527461155,-0.1083316016758116
enigma,parkinson,187,-0.03648261108601399,-0.08201398231851606
enigma,parkinson,189,-0.12414443076190469,-0.16164755338137476
enigma,parkinson,191,-0.09161687343013708,-0.1596078698763324
enigma,parkinson,193,-0.10378457043253966,-0.1573130358256171
enigma,parkinson,195,-0.12720246251780828,-0.1596535030759323
enigma,parkinson,197,-0.11490818362003495,-0.1592529464842351
enigma,parkinson,199,-0.1673885114790993,-0.16172142999962313
enigma,parkinson,201,-0.17257104375796187,-0.1527367626990087
enigma,parkinson,203,-0.15749838148307713,-0.15890753594271792
enigma,parkinson,205,-0.16690810184438018,-0.15959865600867595
enigma,parkinson,207,-0.14220103317431196,-0.1612181530875246
enigma,parkinson,209,-0.15368530801169591,-0.15784459788428162
