phenotype,outcome,feature,pearson_r,spin_p,spin_q_bh,n_valid_spins
meg,delta,Astro_1,0.2084728824917114,0.6993006993006993,0.8560405112129249,1000
meg,delta,Astro_2,-0.057794261277245434,0.8861138861138861,0.9532437259709987,1000
meg,delta,Chandelier_1,0.7313917084328446,0.016983016983016984,0.401931401931402,1000
meg,delta,Endo_1,0.26312362422204477,0.48451548451548454,0.7644577644577645,1000
meg,delta,L2/3 IT_1,-0.03037284494204947,0.9270729270729271,0.9824205645101168,1000
meg,delta,L2/3 IT_2,0.05897311268627526,0.7782217782217782,0.8877216533466533,1000
meg,delta,L2/3 IT_3,-0.49249861807392875,0.2017982017982018,0.5408341658341658,1000
meg,delta,L2/3 IT_4,-0.3343511775009236,0.24375624375624375,0.5408341658341658,1000
meg,delta,L2/3 IT_5,0.1465279104307292,0.6583416583416584,0.8560405112129249,1000
meg,delta,L2/3 IT_6,-0.5081369535118411,0.21478521478521478,0.5408341658341658,1000
meg,delta,L2/3 IT_7,-0.41325929485514074,0.3596403596403596,0.6383616383616383,1000
meg,delta,L2/3 IT_8,0.32579201649020906,0.34165834165834164,0.6383616383616383,1000
meg,delta,L4 IT_1,0.47314721414850675,0.22577422577422576,0.5408341658341658,1000
meg,delta,L4 IT_2,-0.3006510951182452,0.6143856143856143,0.8560405112129249,1000
meg,delta,L4 IT_3,-0.3652280059485742,0.16183816183816183,0.5408341658341658,1000
meg,delta,L5 ET_1,-0.2087808145507633,0.6853146853146853,0.8560405112129249,1000
meg,delta,L5 IT_1,-0.5652999071562534,0.07992007992007992,0.5408341658341658,1000
meg,delta,L5 IT_2,-0.14843880680713203,0.6243756243756243,0.8560405112129249,1000
meg,delta,L5 IT_3,-0.43457587101812145,0.4095904095904096,0.6924028352599781,1000
meg,delta,L5 IT_4,-0.44453469466094836,0.4025974025974026,0.6924028352599781,1000
meg,delta,L5 IT_5,-0.14832570818559704,0.7662337662337663,0.8877216533466533,1000
meg,delta,L5/6 NP_1,-0.3853273152520769,0.15184815184815184,0.5408341658341658,1000
meg,delta,L5/6 NP_2,-0.4350540744800144,0.16683316683316685,0.5408341658341658,1000
meg,delta,L6 CT_1,-0.37102310131269084,0.17782217782217782,0.5408341658341658,1000
meg,delta,L6 CT_2,0.276417282866787,0.5634365634365635,0.8334165834165834,1000
meg,delta,L6 IT Car3_1,-0.12979793253684277,0.7372627372627373,0.8872144804348194,1000
meg,delta,L6 IT_1,0.013908688212587597,0.9660339660339661,0.9920079920079921,1000
meg,delta,L6 IT_2,-0.48682905883122957,0.15784215784215785,0.5408341658341658,1000
meg,delta,L6 IT_3,-0.18783934139314082,0.26873126873126874,0.5611741199976494,1000
meg,delta,L6b_1,0.05490741289458143,0.8001998001998002,0.8877216533466533,1000
meg,delta,L6b_2,-0.3506132810421296,0.24275724275724275,0.5408341658341658,1000
meg,delta,L6b_3,-0.006108047302687952,0.9920079920079921,0.9920079920079921,1000
meg,delta,Lamp5_1,0.24827455580375918,0.6663336663336663,0.8560405112129249,1000
meg,delta,Lamp5_2,-0.18071585538696455,0.6133866133866134,0.8560405112129249,1000
meg,delta,Lamp5_Lhx6_1,-0.5048805757352816,0.15384615384615385,0.5408341658341658,1000
meg,delta,Micro-PVM_1,0.6258308012074039,0.08191808191808192,0.5408341658341658,1000
meg,delta,Micro-PVM_2,-0.3774811255222331,0.2077922077922078,0.5408341658341658,1000
meg,delta,OPC_1,0.5350096105143836,0.13086913086913088,0.5408341658341658,1000
meg,delta,Oligo_1,0.17676732080138352,0.6883116883116883,0.8560405112129249,1000
meg,delta,Oligo_2,-0.40546187453054056,0.25774225774225773,0.5545363727181909,1000
meg,delta,Pax6_1,0.5245639133279953,0.2127872127872128,0.5408341658341658,1000
meg,delta,Pax6_2,-0.49625062992891517,0.15884115884115885,0.5408341658341658,1000
meg,delta,Pvalb_1,-0.7382696383238784,0.013986013986013986,0.401931401931402,1000
meg,delta,Pvalb_2,0.1492261581394925,0.7682317682317682,0.8877216533466533,1000
meg,delta,Pvalb_3,-0.05607580877598395,0.7982017982017982,0.8877216533466533,1000
meg,delta,Pvalb_4,-0.38100936851035344,0.21478521478521478,0.5408341658341658,1000
meg,delta,Pvalb_5,-0.6193521267058204,0.06393606393606394,0.5408341658341658,1000
meg,delta,Sncg_1,0.5206739500832342,0.24075924075924077,0.5408341658341658,1000
meg,delta,Sncg_2,0.5999298127475572,0.12987012987012986,0.5408341658341658,1000
meg,delta,Sncg_3,0.051725643996162175,0.6903096903096904,0.8560405112129249,1000
meg,delta,Sncg_4,0.6013201241493681,0.06893106893106893,0.5408341658341658,1000
meg,delta,Sst_1,-0.5862613534249503,0.061938061938061936,0.5408341658341658,1000
meg,delta,Sst_10,0.11212895578962787,0.8281718281718282,0.9046184584646123,1000
meg,delta,Sst_2,0.2638993030137671,0.2887112887112887,0.585671471385757,1000
meg,delta,Sst_3,0.4446978295487523,0.23376623376623376,0.5408341658341658,1000
meg,delta,Sst_4,0.3994283841241811,0.45354645354645357,0.7318590500408683,1000
meg,delta,Sst_5,-0.4570265740245453,0.4515484515484515,0.7318590500408683,1000
meg,delta,Sst_6,-0.3441956070473468,0.13586413586413587,0.5408341658341658,1000
meg,delta,Sst_7,-0.2094241298522231,0.5534465534465535,0.8334165834165834,1000
meg,delta,Sst_8,-0.2899897194998802,0.16683316683316685,0.5408341658341658,1000
meg,delta,Sst_9,-0.15850644826534493,0.6793206793206793,0.8560405112129249,1000
meg,delta,VLMC_1,0.2254003220856132,0.3036963036963037,0.5981045981045982,1000
meg,delta,Vip_1,0.518245188262414,0.15684315684315683,0.5408341658341658,1000
meg,delta,Vip_2,-0.34921983532437284,0.35564435564435565,0.6383616383616383,1000
meg,delta,Vip_3,-0.728701098024191,0.015984015984015984,0.401931401931402,1000
meg,delta,Vip_4,0.024745939937961828,0.954045954045954,0.9920079920079921,1000
meg,delta,Vip_5,0.532929596536866,0.08891108891108891,0.5408341658341658,1000
meg,delta,Vip_6,0.43292325658137343,0.1068931068931069,0.5408341658341658,1000
meg,delta,Vip_7,-0.3589654156185981,0.3116883116883117,0.5981045981045982,1000
meg,delta,Vip_8,0.013366760839783024,0.9790209790209791,0.9920079920079921,1000
meg,delta,Vip_9,-0.1794896891043955,0.5584415584415584,0.8334165834165834,1000
meg,theta,Astro_1,0.6131885232627623,0.03996003996003996,0.18238903953189667,1000
meg,theta,Astro_2,0.5053001069504394,0.08291708291708291,0.22642741873511102,1000
meg,theta,Chandelier_1,0.6240682690156943,0.06793206793206794,0.20970334013812275,1000
meg,theta,Endo_1,0.38216916233733184,0.16483516483516483,0.3504730563554093,1000
meg,theta,L2/3 IT_1,-0.39962569655822566,0.17582417582417584,0.3566718995290424,1000
meg,theta,L2/3 IT_2,-0.20232331586292002,0.43156843156843155,0.6022017198487787,1000
meg,theta,L2/3 IT_3,-0.6133364588036917,0.04995004995004995,0.18238903953189667,1000
meg,theta,L2/3 IT_4,-0.08062195309213625,0.8231768231768232,0.8470370209500644,1000
meg,theta,L2/3 IT_5,-0.3005533763021626,0.3046953046953047,0.505960705960706,1000
meg,theta,L2/3 IT_6,-0.6678911178001574,0.04495504495504495,0.18238903953189667,1000
meg,theta,L2/3 IT_7,-0.48843610656189923,0.16283716283716285,0.3504730563554093,1000
meg,theta,L2/3 IT_8,-0.09660529782443121,0.8021978021978022,0.8459334782864195,1000
meg,theta,L4 IT_1,0.46162277613415,0.21678321678321677,0.3946566254258561,1000
meg,theta,L4 IT_2,-0.746472417131393,0.00999000999000999,0.1773226773226773,1000
meg,theta,L4 IT_3,-0.4414176985375226,0.07792207792207792,0.22642741873511102,1000
meg,theta,L5 ET_1,0.45666176738603975,0.3206793206793207,0.505960705960706,1000
meg,theta,L5 IT_1,-0.6466263550324551,0.03596403596403597,0.18238903953189667,1000
meg,theta,L5 IT_2,-0.1891149518311746,0.5614385614385614,0.6872782390023768,1000
meg,theta,L5 IT_3,-0.710077959581341,0.02197802197802198,0.1773226773226773,1000
meg,theta,L5 IT_4,-0.680593259912812,0.023976023976023976,0.1773226773226773,1000
meg,theta,L5 IT_5,0.3948954691545379,0.34665334665334663,0.5327225965523837,1000
meg,theta,L5/6 NP_1,-0.5047925746516141,0.06393606393606394,0.20633911543002453,1000
meg,theta,L5/6 NP_2,-0.45085571951352077,0.14585414585414586,0.33405304373046313,1000
meg,theta,L6 CT_1,-0.29121695556978344,0.3176823176823177,0.505960705960706,1000
meg,theta,L6 CT_2,0.4622689408930655,0.1848151848151848,0.36449661449661447,1000
meg,theta,L6 IT Car3_1,-0.4852122983267286,0.09090909090909091,0.2355858427286999,1000
meg,theta,L6 IT_1,-0.2008226619150734,0.5004995004995005,0.6459611816754673,1000
meg,theta,L6 IT_2,-0.23724703692428814,0.5814185814185814,0.6880119880119879,1000
meg,theta,L6 IT_3,-0.11237441461007101,0.5534465534465535,0.6872782390023768,1000
meg,theta,L6b_1,-0.1054928670248033,0.6973026973026973,0.7616691001306386,1000
meg,theta,L6b_2,-0.4702763446775305,0.11888111888111888,0.28135198135198136,1000
meg,theta,L6b_3,0.5339836430156734,0.08291708291708291,0.22642741873511102,1000
meg,theta,Lamp5_1,0.7738498808182748,0.003996003996003996,0.1773226773226773,1000
meg,theta,Lamp5_2,0.2923539443717953,0.3836163836163836,0.5674325674325674,1000
meg,theta,Lamp5_Lhx6_1,-0.19183123532229554,0.6883116883116883,0.7616691001306386,1000
meg,theta,Micro-PVM_1,0.6498258572696182,0.04395604395604396,0.18238903953189667,1000
meg,theta,Micro-PVM_2,-0.557109203962937,0.024975024975024976,0.1773226773226773,1000
meg,theta,OPC_1,0.6611327840240383,0.022977022977022976,0.1773226773226773,1000
meg,theta,Oligo_1,0.5539165142138678,0.03996003996003996,0.18238903953189667,1000
meg,theta,Oligo_2,0.09682509760530884,0.8101898101898102,0.8459334782864195,1000
meg,theta,Pax6_1,0.7151176004568791,0.023976023976023976,0.1773226773226773,1000
meg,theta,Pax6_2,-0.3706749555930496,0.3176823176823177,0.505960705960706,1000
meg,theta,Pvalb_1,-0.3969739639962889,0.40559440559440557,0.5876980162694448,1000
meg,theta,Pvalb_2,0.6111562368105568,0.04695304695304695,0.18238903953189667,1000
meg,theta,Pvalb_3,-0.18246214686266177,0.4875124875124875,0.640988640988641,1000
meg,theta,Pvalb_4,-0.11561326239032398,0.7442557442557443,0.8006387551842098,1000
meg,theta,Pvalb_5,-0.2330178857281533,0.6623376623376623,0.7464440321583178,1000
meg,theta,Sncg_1,0.5124248685298591,0.1958041958041958,0.36584468163415534,1000
meg,theta,Sncg_2,0.6302299885017727,0.04695304695304695,0.18238903953189667,1000
meg,theta,Sncg_3,-0.1027691015851396,0.5744255744255744,0.6880119880119879,1000
meg,theta,Sncg_4,0.08352889892688041,0.8831168831168831,0.8831168831168831,1000
meg,theta,Sst_1,-0.4694204781400313,0.1958041958041958,0.36584468163415534,1000
meg,theta,Sst_10,0.6102648382484843,0.053946053946053944,0.18238903953189667,1000
meg,theta,Sst_2,0.521569128427627,0.017982017982017984,0.1773226773226773,1000
meg,theta,Sst_3,0.5823316354905942,0.052947052947052944,0.18238903953189667,1000
meg,theta,Sst_4,-0.23167130496646182,0.6463536463536463,0.7401791756630467,1000
meg,theta,Sst_5,-0.7348911625778264,0.011988011988011988,0.1773226773226773,1000
meg,theta,Sst_6,-0.21938499177616064,0.4325674325674326,0.6022017198487787,1000
meg,theta,Sst_7,-0.30266083715422326,0.2807192807192807,0.49827672327672323,1000
meg,theta,Sst_8,-0.05312631756781086,0.8361638361638362,0.8481090338233195,1000
meg,theta,Sst_9,-0.43998896953989636,0.1088911088911089,0.2665954734920252,1000
meg,theta,VLMC_1,0.20535006990160895,0.35264735264735264,0.5327225965523837,1000
meg,theta,Vip_1,0.6448567836121646,0.024975024975024976,0.1773226773226773,1000
meg,theta,Vip_2,-0.26356532386336545,0.44455544455544455,0.6069891646814723,1000
meg,theta,Vip_3,-0.43753696182339413,0.3156843156843157,0.505960705960706,1000
meg,theta,Vip_4,-0.19196587266033868,0.6233766233766234,0.7255695124547583,1000
meg,theta,Vip_5,0.5948431235574623,0.03296703296703297,0.18238903953189667,1000
meg,theta,Vip_6,0.3955402251278626,0.16783216783216784,0.3504730563554093,1000
meg,theta,Vip_7,-0.2523669203973844,0.4835164835164835,0.640988640988641,1000
meg,theta,Vip_8,-0.5133934804371152,0.09290709290709291,0.2355858427286999,1000
meg,theta,Vip_9,0.19967003939109285,0.5094905094905094,0.6459611816754673,1000
meg,alpha,Astro_1,-0.5050642175113779,0.33666333666333664,0.511594788190533,1000
meg,alpha,Astro_2,-0.11123777373031057,0.8181818181818182,0.8966704936854191,1000
meg,alpha,Chandelier_1,-0.7562849863169365,0.026973026973026972,0.1367917796489225,1000
meg,alpha,Endo_1,-0.4853648800593327,0.0999000999000999,0.27058127058127057,1000
meg,alpha,L2/3 IT_1,0.1584707380863635,0.6973026973026973,0.8440559440559441,1000
meg,alpha,L2/3 IT_2,-0.022805574488413947,0.9370629370629371,0.9370629370629371,1000
meg,alpha,L2/3 IT_3,0.7629432847040951,0.001998001998001998,0.05319680319680319,1000
meg,alpha,L2/3 IT_4,0.4093951806193274,0.18081918081918083,0.37434787434787437,1000
meg,alpha,L2/3 IT_5,-0.08700726905489348,0.7992007992007992,0.8966704936854191,1000
meg,alpha,L2/3 IT_6,0.785160646974178,0.004995004995004995,0.05910755910755911,1000
meg,alpha,L2/3 IT_7,0.7108175256579066,0.026973026973026972,0.1367917796489225,1000
meg,alpha,L2/3 IT_8,-0.3197413053063837,0.41858141858141856,0.5896848249789426,1000
meg,alpha,L4 IT_1,-0.6721387593459177,0.02097902097902098,0.13541004450095362,1000
meg,alpha,L4 IT_2,0.6462065171293437,0.2097902097902098,0.3892005430466969,1000
meg,alpha,L4 IT_3,0.5466324985286448,0.002997002997002997,0.05319680319680319,1000
meg,alpha,L5 ET_1,-0.11494978482948036,0.8461538461538461,0.8966704936854191,1000
meg,alpha,L5 IT_1,0.7255182759386505,0.00999000999000999,0.10132724418438704,1000
meg,alpha,L5 IT_2,0.0814822736878238,0.8251748251748252,0.8966704936854191,1000
meg,alpha,L5 IT_3,0.7359726821289739,0.05194805194805195,0.19927691356262786,1000
meg,alpha,L5 IT_4,0.7391507339915785,0.04995004995004995,0.19927691356262786,1000
meg,alpha,L5 IT_5,-0.21047125986260556,0.7132867132867133,0.8440559440559441,1000
meg,alpha,L5/6 NP_1,0.43544610220687147,0.11188811188811189,0.2837162837162837,1000
meg,alpha,L5/6 NP_2,0.4841319359405768,0.15784215784215785,0.3706615964680481,1000
meg,alpha,L6 CT_1,0.4827905834184723,0.054945054945054944,0.19927691356262786,1000
meg,alpha,L6 CT_2,-0.5456078913732049,0.18181818181818182,0.37434787434787437,1000
meg,alpha,L6 IT Car3_1,0.3553269534179788,0.3276723276723277,0.511594788190533,1000
meg,alpha,L6 IT_1,-0.047934793503717675,0.9040959040959041,0.9303015824754955,1000
meg,alpha,L6 IT_2,0.5638320454946156,0.12887112887112886,0.3155120741327638,1000
meg,alpha,L6 IT_3,0.18037589983284977,0.3386613386613387,0.511594788190533,1000
meg,alpha,L6b_1,-0.05604224860077526,0.8351648351648352,0.8966704936854191,1000
meg,alpha,L6b_2,0.441164820374134,0.1958041958041958,0.3757323757323758,1000
meg,alpha,L6b_3,-0.04199404959074743,0.922077922077922,0.9352504638218924,1000
meg,alpha,Lamp5_1,-0.608980418466048,0.27372627372627373,0.4627277484420342,1000
meg,alpha,Lamp5_2,0.09949835704268221,0.7982017982017982,0.8966704936854191,1000
meg,alpha,Lamp5_Lhx6_1,0.3998545581728124,0.42357642357642356,0.5896848249789426,1000
meg,alpha,Micro-PVM_1,-0.7687839625746867,0.004995004995004995,0.05910755910755911,1000
meg,alpha,Micro-PVM_2,0.4986604806490372,0.058941058941058944,0.19927691356262786,1000
meg,alpha,OPC_1,-0.6788380412198927,0.026973026973026972,0.1367917796489225,1000
meg,alpha,Oligo_1,-0.3708127080421116,0.43356643356643354,0.5919849381387843,1000
meg,alpha,Oligo_2,0.388301055379138,0.3626373626373626,0.5364010989010989,1000
meg,alpha,Pax6_1,-0.7863943692692216,0.002997002997002997,0.05319680319680319,1000
meg,alpha,Pax6_2,0.628149068967704,0.06293706293706294,0.20311506675143043,1000
meg,alpha,Pvalb_1,0.7352386165990308,0.07892107892107893,0.2334748584748585,1000
meg,alpha,Pvalb_2,-0.5183583795600042,0.2137862137862138,0.3892005430466969,1000
meg,alpha,Pvalb_3,0.11177242254303242,0.7102897102897103,0.8440559440559441,1000
meg,alpha,Pvalb_4,0.5122286747081426,0.0919080919080919,0.261018981018981,1000
meg,alpha,Pvalb_5,0.5231488704774393,0.3206793206793207,0.511594788190533,1000
meg,alpha,Sncg_1,-0.750486602547406,0.03596403596403597,0.17022977022977026,1000
meg,alpha,Sncg_2,-0.8044282445973536,0.001998001998001998,0.05319680319680319,1000
meg,alpha,Sncg_3,-0.14907281694005411,0.24975024975024976,0.4433066933066933,1000
meg,alpha,Sncg_4,-0.503914305974803,0.33766233766233766,0.511594788190533,1000
meg,alpha,Sst_1,0.6165044844355925,0.1028971028971029,0.27058127058127057,1000
meg,alpha,Sst_10,-0.3337153433740416,0.5184815184815185,0.6817071817071817,1000
meg,alpha,Sst_2,-0.3513989786347269,0.16183816183816183,0.3706615964680481,1000
meg,alpha,Sst_3,-0.6181397527344172,0.057942057942057944,0.19927691356262786,1000
meg,alpha,Sst_4,-0.09756738176675495,0.9010989010989011,0.9303015824754955,1000
meg,alpha,Sst_5,0.8044330053703204,0.06993006993006994,0.21587108543630285,1000
meg,alpha,Sst_6,0.21529913676201037,0.45454545454545453,0.6089193825042881,1000
meg,alpha,Sst_7,0.30058146690812904,0.3876123876123876,0.5616424391934596,1000
meg,alpha,Sst_8,0.13135475328066884,0.5804195804195804,0.7492689129052765,1000
meg,alpha,Sst_9,0.4240289275143468,0.18981018981018982,0.37434787434787437,1000
meg,alpha,VLMC_1,-0.2633824598942803,0.26573426573426573,0.4601739723690943,1000
meg,alpha,Vip_1,-0.6899522833506598,0.015984015984015984,0.13397713397713398,1000
meg,alpha,Vip_2,0.48246565658676666,0.17782217782217782,0.37434787434787437,1000
meg,alpha,Vip_3,0.7781217046635341,0.01898101898101898,0.13476523476523475,1000
meg,alpha,Vip_4,0.20375327128009924,0.6623376623376623,0.8250170881749829,1000
meg,alpha,Vip_5,-0.6464639366900944,0.016983016983016984,0.13397713397713398,1000
meg,alpha,Vip_6,-0.42301353200349334,0.1888111888111888,0.37434787434787437,1000
meg,alpha,Vip_7,0.5716919889022116,0.04195804195804196,0.1861888111888112,1000
meg,alpha,Vip_8,0.2361695749632949,0.6433566433566433,0.8156843156843157,1000
meg,alpha,Vip_9,0.11234419325530988,0.7592407592407593,0.8837064574769494,1000
meg,beta,Astro_1,0.5805236876733813,0.16883116883116883,0.7491883116883117,1000
meg,beta,Astro_2,0.6429147073112678,0.01998001998001998,0.4728604728604729,1000
meg,beta,Chandelier_1,-0.01860132529155381,0.985014985014985,0.985014985014985,1000
meg,beta,Endo_1,0.23671701310470222,0.4905094905094905,0.933899433899434,1000
meg,beta,L2/3 IT_1,-0.4451441875799838,0.14785214785214784,0.6998334998334999,1000
meg,beta,L2/3 IT_2,-0.3461145408315686,0.0989010989010989,0.6383616383616384,1000
meg,beta,L2/3 IT_3,-0.13512252171301622,0.7952047952047953,0.933899433899434,1000
meg,beta,L2/3 IT_4,0.26254662132444595,0.4725274725274725,0.933899433899434,1000
meg,beta,L2/3 IT_5,-0.5558867236665548,0.03196803196803197,0.5674325674325674,1000
meg,beta,L2/3 IT_6,-0.1835198651698545,0.7282717282717283,0.933899433899434,1000
meg,beta,L2/3 IT_7,-0.20927890703376212,0.6643356643356644,0.933899433899434,1000
meg,beta,L2/3 IT_8,-0.5122891492677687,0.12087912087912088,0.6998334998334999,1000
meg,beta,L4 IT_1,0.0659259118064671,0.9020979020979021,0.9559544932679261,1000
meg,beta,L4 IT_2,-0.5668035659994131,0.25374625374625376,0.7925552708161404,1000
meg,beta,L4 IT_3,-0.12090092480053133,0.7302697302697303,0.933899433899434,1000
meg,beta,L5 ET_1,0.699538717658787,0.09090909090909091,0.6383616383616384,1000
meg,beta,L5 IT_1,-0.11913943649773714,0.8331668331668332,0.933899433899434,1000
meg,beta,L5 IT_2,-0.2597339165771107,0.43156843156843155,0.933899433899434,1000
meg,beta,L5 IT_3,-0.3805832645826814,0.4805194805194805,0.933899433899434,1000
meg,beta,L5 IT_4,-0.3110880183301226,0.5624375624375625,0.933899433899434,1000
meg,beta,L5 IT_5,0.44400531819876116,0.3806193806193806,0.933899433899434,1000
meg,beta,L5/6 NP_1,-0.16679353451280077,0.6253746253746254,0.933899433899434,1000
meg,beta,L5/6 NP_2,-0.12646235344057588,0.7622377622377622,0.933899433899434,1000
meg,beta,L6 CT_1,0.024044439637429325,0.939060939060939,0.9575424575424575,1000
meg,beta,L6 CT_2,0.17919589356244825,0.6913086913086913,0.933899433899434,1000
meg,beta,L6 IT Car3_1,-0.2999044378235223,0.43356643356643354,0.933899433899434,1000
meg,beta,L6 IT_1,-0.3590027317673432,0.22477522477522477,0.7925552708161404,1000
meg,beta,L6 IT_2,0.21932149952171504,0.6733266733266733,0.933899433899434,1000
meg,beta,L6 IT_3,-0.06381973261592919,0.7482517482517482,0.933899433899434,1000
meg,beta,L6b_1,-0.2553656299873586,0.3156843156843157,0.933899433899434,1000
meg,beta,L6b_2,-0.23323924117609063,0.5494505494505495,0.933899433899434,1000
meg,beta,L6b_3,0.7081514274938224,0.008991008991008992,0.4728604728604729,1000
meg,beta,Lamp5_1,0.6747028181057517,0.13186813186813187,0.6998334998334999,1000
meg,beta,Lamp5_2,0.5213938451343656,0.08391608391608392,0.6383616383616384,1000
meg,beta,Lamp5_Lhx6_1,0.20858417449403496,0.6783216783216783,0.933899433899434,1000
meg,beta,Micro-PVM_1,0.1306830799417324,0.8271728271728271,0.933899433899434,1000
meg,beta,Micro-PVM_2,-0.1297101107108816,0.7252747252747253,0.933899433899434,1000
meg,beta,OPC_1,0.20705599314605252,0.6823176823176823,0.933899433899434,1000
meg,beta,Oligo_1,0.4606585775039297,0.22477522477522477,0.7925552708161404,1000
meg,beta,Oligo_2,0.5149333163241745,0.1888111888111888,0.788564376799671,1000
meg,beta,Pax6_1,0.2991973202132149,0.5794205794205795,0.933899433899434,1000
meg,beta,Pax6_2,0.09720617472292127,0.8491508491508492,0.933899433899434,1000
meg,beta,Pvalb_1,0.2752617769327319,0.6493506493506493,0.933899433899434,1000
meg,beta,Pvalb_2,0.46347576635538057,0.25674325674325676,0.7925552708161404,1000
meg,beta,Pvalb_3,-0.3645179454668713,0.061938061938061936,0.6383616383616384,1000
meg,beta,Pvalb_4,0.29016007516898984,0.44255744255744256,0.933899433899434,1000
meg,beta,Pvalb_5,0.19116573625014888,0.7392607392607392,0.933899433899434,1000
meg,beta,Sncg_1,0.20762758410604182,0.7142857142857143,0.933899433899434,1000
meg,beta,Sncg_2,0.20950757539608283,0.7312687312687313,0.933899433899434,1000
meg,beta,Sncg_3,-0.11926844070594732,0.3836163836163836,0.933899433899434,1000
meg,beta,Sncg_4,-0.517623494615937,0.3306693306693307,0.933899433899434,1000
meg,beta,Sst_1,-0.041685084078879456,0.932067932067932,0.9575424575424575,1000
meg,beta,Sst_10,0.5594985099926795,0.14085914085914086,0.6998334998334999,1000
meg,beta,Sst_2,0.2953774335122624,0.22977022977022976,0.7925552708161404,1000
meg,beta,Sst_3,0.2809198377007254,0.5544455544455544,0.933899433899434,1000
meg,beta,Sst_4,-0.6373240542813915,0.24275724275724275,0.7925552708161404,1000
meg,beta,Sst_5,-0.32615543444025785,0.5804195804195804,0.933899433899434,1000
meg,beta,Sst_6,0.05266436784549702,0.8681318681318682,0.933899433899434,1000
meg,beta,Sst_7,-0.20237784241216958,0.5444555444555444,0.933899433899434,1000
meg,beta,Sst_8,0.3294937105271395,0.08191808191808192,0.6383616383616384,1000
meg,beta,Sst_9,-0.4749641761967118,0.07792207792207792,0.6383616383616384,1000
meg,beta,VLMC_1,0.07349098386825625,0.7872127872127872,0.933899433899434,1000
meg,beta,Vip_1,0.2747141679867087,0.5784215784215784,0.933899433899434,1000
meg,beta,Vip_2,0.07506783109240531,0.8331668331668332,0.933899433899434,1000
meg,beta,Vip_3,0.12218046456551665,0.8591408591408591,0.933899433899434,1000
meg,beta,Vip_4,-0.21306244791595194,0.6673326673326674,0.933899433899434,1000
meg,beta,Vip_5,0.20545432409973088,0.6753246753246753,0.933899433899434,1000
meg,beta,Vip_6,0.029186463106587717,0.9440559440559441,0.9575424575424575,1000
meg,beta,Vip_7,0.0868957189338092,0.8381618381618382,0.933899433899434,1000
meg,beta,Vip_8,-0.6555152591483866,0.01998001998001998,0.4728604728604729,1000
meg,beta,Vip_9,0.4747066870783124,0.07692307692307693,0.6383616383616384,1000
meg,gamma1,Astro_1,0.5088434729325242,0.21878121878121878,0.43132543132543133,1000
meg,gamma1,Astro_2,0.14001459934059426,0.7072927072927073,0.8099642293190681,1000
meg,gamma1,Chandelier_1,0.669666546652301,0.03896103896103896,0.3475524475524475,1000
meg,gamma1,Endo_1,0.4412343783719932,0.08891108891108891,0.3475524475524475,1000
meg,gamma1,L2/3 IT_1,-0.15098511244872165,0.6543456543456544,0.7873126873126873,1000
meg,gamma1,L2/3 IT_2,-0.03701860336689356,0.8471528471528471,0.911331093149275,1000
meg,gamma1,L2/3 IT_3,-0.5578042479456194,0.08891108891108891,0.3475524475524475,1000
meg,gamma1,L2/3 IT_4,-0.2470905779212051,0.3706293706293706,0.5644771894771895,1000
meg,gamma1,L2/3 IT_5,-0.05951400222932349,0.8641358641358642,0.9157260649797964,1000
meg,gamma1,L2/3 IT_6,-0.6231442852280827,0.04895104895104895,0.3475524475524475,1000
meg,gamma1,L2/3 IT_7,-0.6037895688541658,0.06293706293706294,0.3475524475524475,1000
meg,gamma1,L2/3 IT_8,0.16607583162151626,0.6483516483516484,0.7873126873126873,1000
meg,gamma1,L4 IT_1,0.5876817249462014,0.08091908091908091,0.3475524475524475,1000
meg,gamma1,L4 IT_2,-0.5782939595141607,0.1918081918081918,0.42127569400296677,1000
meg,gamma1,L4 IT_3,-0.44409541889768267,0.07092907092907093,0.3475524475524475,1000
meg,gamma1,L5 ET_1,0.13062330913439973,0.8091908091908092,0.9046184584646123,1000
meg,gamma1,L5 IT_1,-0.5709994167403287,0.06893106893106893,0.3475524475524475,1000
meg,gamma1,L5 IT_2,-0.21521517455434103,0.4875124875124875,0.6530827662903135,1000
meg,gamma1,L5 IT_3,-0.6143469382408819,0.0979020979020979,0.3475524475524475,1000
meg,gamma1,L5 IT_4,-0.5851224898133889,0.14185814185814186,0.4196636696636697,1000
meg,gamma1,L5 IT_5,0.12115389942946886,0.8281718281718282,0.9046184584646123,1000
meg,gamma1,L5/6 NP_1,-0.3667801080019828,0.19080919080919082,0.42127569400296677,1000
meg,gamma1,L5/6 NP_2,-0.43130409782236145,0.17282717282717283,0.42127569400296677,1000
meg,gamma1,L6 CT_1,-0.37139313600494994,0.1888111888111888,0.42127569400296677,1000
meg,gamma1,L6 CT_2,0.4120765858409167,0.3086913086913087,0.5129986292776991,1000
meg,gamma1,L6 IT Car3_1,-0.30499128834088746,0.37162837162837165,0.5644771894771895,1000
meg,gamma1,L6 IT_1,-0.0788330779480256,0.8271728271728271,0.9046184584646123,1000
meg,gamma1,L6 IT_2,-0.38533827076208005,0.3106893106893107,0.5129986292776991,1000
meg,gamma1,L6 IT_3,-0.24382203812718006,0.14985014985014986,0.42127569400296677,1000
meg,gamma1,L6b_1,-0.016468911056512808,0.939060939060939,0.939060939060939,1000
meg,gamma1,L6b_2,-0.4032891924973882,0.18181818181818182,0.42127569400296677,1000
meg,gamma1,L6b_3,0.24042728605318917,0.5734265734265734,0.7505585323767142,1000
meg,gamma1,Lamp5_1,0.5461934563999418,0.2547452547452547,0.47597139702402863,1000
meg,gamma1,Lamp5_2,0.031817377040610016,0.9340659340659341,0.939060939060939,1000
meg,gamma1,Lamp5_Lhx6_1,-0.3659389771065312,0.3956043956043956,0.566013986013986,1000
meg,gamma1,Micro-PVM_1,0.6519682648960539,0.059940059940059943,0.3475524475524475,1000
meg,gamma1,Micro-PVM_2,-0.40871391050025774,0.11788211788211789,0.37006471789080486,1000
meg,gamma1,OPC_1,0.5707311506361976,0.08891108891108891,0.3475524475524475,1000
meg,gamma1,Oligo_1,0.31505923509539424,0.4275724275724276,0.5952478893655364,1000
meg,gamma1,Oligo_2,-0.22559966252521407,0.5814185814185814,0.7505585323767142,1000
meg,gamma1,Pax6_1,0.6715912119739498,0.03496503496503497,0.3475524475524475,1000
meg,gamma1,Pax6_2,-0.5187959167244884,0.11988011988011989,0.37006471789080486,1000
meg,gamma1,Pvalb_1,-0.5869131495131841,0.16083916083916083,0.42127569400296677,1000
meg,gamma1,Pvalb_2,0.3740524795183962,0.37662337662337664,0.5644771894771895,1000
meg,gamma1,Pvalb_3,-0.20448891264819996,0.38161838161838163,0.5644771894771895,1000
meg,gamma1,Pvalb_4,-0.3263585489061972,0.30569430569430567,0.5129986292776991,1000
meg,gamma1,Pvalb_5,-0.5093348874735386,0.22477522477522477,0.43132543132543133,1000
meg,gamma1,Sncg_1,0.7129988764480325,0.015984015984015984,0.3475524475524475,1000
meg,gamma1,Sncg_2,0.7253187034362062,0.008991008991008992,0.3475524475524475,1000
meg,gamma1,Sncg_3,0.06736263746126459,0.6793206793206793,0.7906847251109547,1000
meg,gamma1,Sncg_4,0.3508608366746754,0.48451548451548454,0.6530827662903135,1000
meg,gamma1,Sst_1,-0.5705874367322361,0.09490509490509491,0.3475524475524475,1000
meg,gamma1,Sst_10,0.3578272695483417,0.3986013986013986,0.566013986013986,1000
meg,gamma1,Sst_2,0.31412128386231203,0.22477522477522477,0.43132543132543133,1000
meg,gamma1,Sst_3,0.5523085060700708,0.08091908091908091,0.3475524475524475,1000
meg,gamma1,Sst_4,0.05423017168517362,0.929070929070929,0.939060939060939,1000
meg,gamma1,Sst_5,-0.6748160088668087,0.1038961038961039,0.3512677798392084,1000
meg,gamma1,Sst_6,-0.24948553865619813,0.3356643356643357,0.5416401780038145,1000
meg,gamma1,Sst_7,-0.37771988645801435,0.16483516483516483,0.42127569400296677,1000
meg,gamma1,Sst_8,-0.10176169446118129,0.6373626373626373,0.7873126873126873,1000
meg,gamma1,Sst_9,-0.4703247654088245,0.06593406593406594,0.3475524475524475,1000
meg,gamma1,VLMC_1,0.23496725643648728,0.26873126873126874,0.47699800199800196,1000
meg,gamma1,Vip_1,0.6367131462212308,0.027972027972027972,0.3475524475524475,1000
meg,gamma1,Vip_2,-0.4026103629602074,0.26173826173826176,0.4764978611132457,1000
meg,gamma1,Vip_3,-0.7065947150363755,0.023976023976023976,0.3475524475524475,1000
meg,gamma1,Vip_4,-0.17717155984476995,0.6653346653346653,0.7873126873126873,1000
meg,gamma1,Vip_5,0.6070292975416542,0.04395604395604396,0.3475524475524475,1000
meg,gamma1,Vip_6,0.38563804080032543,0.1958041958041958,0.42127569400296677,1000
meg,gamma1,Vip_7,-0.3922022782626757,0.21578421578421578,0.43132543132543133,1000
meg,gamma1,Vip_8,-0.23739238065162474,0.6023976023976024,0.7637541030398174,1000
meg,gamma1,Vip_9,0.03457186101801298,0.913086913086913,0.939060939060939,1000
meg,gamma2,Astro_1,-0.007927607572711126,0.989010989010989,0.998001998001998,1000
meg,gamma2,Astro_2,-0.2226000717423187,0.5794205794205795,0.8825213248290171,1000
meg,gamma2,Chandelier_1,0.6197100546479313,0.08291708291708291,0.5738806647897557,1000
meg,gamma2,Endo_1,0.16770866839369794,0.6733266733266733,0.9020036567206378,1000
meg,gamma2,L2/3 IT_1,0.03807286881425759,0.9200799200799201,0.9951563587927225,1000
meg,gamma2,L2/3 IT_2,0.10826229554689955,0.6373626373626373,0.8825213248290171,1000
meg,gamma2,L2/3 IT_3,-0.3179521847324135,0.5154845154845155,0.8318045590772863,1000
meg,gamma2,L2/3 IT_4,-0.3910403918553942,0.14685314685314685,0.6541236541236541,1000
meg,gamma2,L2/3 IT_5,0.23968125225391188,0.4405594405594406,0.8275058275058276,1000
meg,gamma2,L2/3 IT_6,-0.35587432616410397,0.4775224775224775,0.8275058275058276,1000
meg,gamma2,L2/3 IT_7,-0.34002695032801605,0.4855144855144855,0.8275058275058276,1000
meg,gamma2,L2/3 IT_8,0.37833847361677525,0.26873126873126874,0.7944055944055946,1000
meg,gamma2,L4 IT_1,0.3904416892155415,0.3756243756243756,0.8275058275058276,1000
meg,gamma2,L4 IT_2,-0.05213628578032595,0.9410589410589411,0.9972415644057435,1000
meg,gamma2,L4 IT_3,-0.3556690374500671,0.16583416583416583,0.6541236541236541,1000
meg,gamma2,L5 ET_1,-0.5004390504753383,0.3206793206793207,0.8275058275058276,1000
meg,gamma2,L5 IT_1,-0.383628616149685,0.4125874125874126,0.8275058275058276,1000
meg,gamma2,L5 IT_2,-0.15228749367989353,0.6283716283716284,0.8825213248290171,1000
meg,gamma2,L5 IT_3,-0.24641105942041755,0.6903096903096904,0.9071454860928545,1000
meg,gamma2,L5 IT_4,-0.22244826905022255,0.7172827172827173,0.9071454860928545,1000
meg,gamma2,L5 IT_5,-0.3752361361179269,0.4155844155844156,0.8275058275058276,1000
meg,gamma2,L5/6 NP_1,-0.33307923157627667,0.1998001998001998,0.7092907092907093,1000
meg,gamma2,L5/6 NP_2,-0.42872961106136537,0.15884115884115885,0.6541236541236541,1000
meg,gamma2,L6 CT_1,-0.43622581454086984,0.07992007992007992,0.5738806647897557,1000
meg,gamma2,L6 CT_2,0.05793699995711082,0.9040959040959041,0.9951563587927225,1000
meg,gamma2,L6 IT Car3_1,0.052321974746117,0.8881118881118881,0.9951563587927225,1000
meg,gamma2,L6 IT_1,0.007290888802036165,0.973026973026973,0.998001998001998,1000
meg,gamma2,L6 IT_2,-0.5240870145549261,0.10589410589410589,0.6265401265401265,1000
meg,gamma2,L6 IT_3,-0.18987603245723883,0.25374625374625376,0.7944055944055946,1000
meg,gamma2,L6b_1,-0.0313096343195121,0.9250749250749251,0.9951563587927225,1000
meg,gamma2,L6b_2,-0.3397110192531456,0.27972027972027974,0.7944055944055946,1000
meg,gamma2,L6b_3,-0.22997428520088448,0.6223776223776224,0.8825213248290171,1000
meg,gamma2,Lamp5_1,0.002426874165498574,0.998001998001998,0.998001998001998,1000
meg,gamma2,Lamp5_2,-0.33733779621354715,0.29270729270729273,0.7993160685468378,1000
meg,gamma2,Lamp5_Lhx6_1,-0.6187518093242007,0.02197802197802198,0.3120879120879121,1000
meg,gamma2,Micro-PVM_1,0.5421605223359021,0.19080919080919082,0.7092907092907093,1000
meg,gamma2,Micro-PVM_2,-0.13272823430016611,0.7422577422577422,0.9086258569017189,1000
meg,gamma2,OPC_1,0.39480658062704704,0.35864135864135865,0.8275058275058276,1000
meg,gamma2,Oligo_1,-0.028248958047609893,0.9560439560439561,0.998001998001998,1000
meg,gamma2,Oligo_2,-0.5338913210311308,0.08591408591408592,0.5738806647897557,1000
meg,gamma2,Pax6_1,0.39475222924989706,0.42357642357642356,0.8275058275058276,1000
meg,gamma2,Pax6_2,-0.3354825967116534,0.46353646353646355,0.8275058275058276,1000
meg,gamma2,Pvalb_1,-0.7651890802113049,0.008991008991008992,0.2127872127872128,1000
meg,gamma2,Pvalb_2,-0.07294286884008738,0.8821178821178821,0.9951563587927225,1000
meg,gamma2,Pvalb_3,-0.08710630449791788,0.7192807192807192,0.9071454860928545,1000
meg,gamma2,Pvalb_4,-0.4209075011133267,0.15784215784215785,0.6541236541236541,1000
meg,gamma2,Pvalb_5,-0.7040407698073707,0.007992007992007992,0.2127872127872128,1000
meg,gamma2,Sncg_1,0.4615192507095978,0.35264735264735264,0.8275058275058276,1000
meg,gamma2,Sncg_2,0.5345898975649382,0.23076923076923078,0.7802197802197802,1000
meg,gamma2,Sncg_3,0.12932487677144855,0.3436563436563437,0.8275058275058276,1000
meg,gamma2,Sncg_4,0.7340175039129622,0.004995004995004995,0.2127872127872128,1000
meg,gamma2,Sst_1,-0.5882958415871821,0.07292707292707293,0.5738806647897557,1000
meg,gamma2,Sst_10,-0.15964635407752975,0.7572427572427572,0.9090742590742591,1000
meg,gamma2,Sst_2,0.15383005864129948,0.5444555444555444,0.859029859029859,1000
meg,gamma2,Sst_3,0.35933958619363154,0.3866133866133866,0.8275058275058276,1000
meg,gamma2,Sst_4,0.6402538046423895,0.15284715284715283,0.6541236541236541,1000
meg,gamma2,Sst_5,-0.2029510077206661,0.7682317682317682,0.9090742590742591,1000
meg,gamma2,Sst_6,-0.3768422462990134,0.08891108891108891,0.5738806647897557,1000
meg,gamma2,Sst_7,-0.05735168095565832,0.8681318681318682,0.9951563587927225,1000
meg,gamma2,Sst_8,-0.2270329050144756,0.2627372627372627,0.7944055944055946,1000
meg,gamma2,Sst_9,-0.1391667664596234,0.7282717282717283,0.9071454860928545,1000
meg,gamma2,VLMC_1,0.16565557703860448,0.48951048951048953,0.8275058275058276,1000
meg,gamma2,Vip_1,0.39848360882949496,0.36163836163836166,0.8275058275058276,1000
meg,gamma2,Vip_2,-0.20138456846804734,0.6303696303696303,0.8825213248290171,1000
meg,gamma2,Vip_3,-0.7140447098928994,0.01998001998001998,0.3120879120879121,1000
meg,gamma2,Vip_4,0.20591141456907192,0.6343656343656343,0.8825213248290171,1000
meg,gamma2,Vip_5,0.4900833300174303,0.14085914085914086,0.6541236541236541,1000
meg,gamma2,Vip_6,0.4723340521999415,0.07292707292707293,0.5738806647897557,1000
meg,gamma2,Vip_7,-0.29322918738764586,0.45854145854145856,0.8275058275058276,1000
meg,gamma2,Vip_8,0.20186830367515118,0.6463536463536463,0.8825213248290171,1000
meg,gamma2,Vip_9,-0.20664499533234695,0.5094905094905094,0.8318045590772863,1000
enigma,22q,Astro_1,0.29779377196643225,0.3006993006993007,0.9867851446798815,1000
enigma,22q,Astro_2,0.14341478202539015,0.5654345654345654,0.9867851446798815,1000
enigma,22q,Chandelier_1,0.1648840226431316,0.6353646353646354,0.9867851446798815,1000
enigma,22q,Endo_1,0.07045987166113066,0.7812187812187812,0.9867851446798815,1000
enigma,22q,L2/3 IT_1,-0.11595117971712542,0.6173826173826173,0.9867851446798815,1000
enigma,22q,L2/3 IT_2,-0.06478528075670033,0.7282717282717283,0.9867851446798815,1000
enigma,22q,L2/3 IT_3,-0.14644266363774516,0.5914085914085914,0.9867851446798815,1000
enigma,22q,L2/3 IT_4,0.15637362800125035,0.4785214785214785,0.9867851446798815,1000
enigma,22q,L2/3 IT_5,-0.06342355665082416,0.7692307692307693,0.9867851446798815,1000
enigma,22q,L2/3 IT_6,-0.10715366111415725,0.7272727272727273,0.9867851446798815,1000
enigma,22q,L2/3 IT_7,-0.20890571707869615,0.46853146853146854,0.9867851446798815,1000
enigma,22q,L2/3 IT_8,-0.01070772630602737,0.9560439560439561,0.999000999000999,1000
enigma,22q,L4 IT_1,0.3173094523037443,0.25574425574425574,0.9867851446798815,1000
enigma,22q,L4 IT_2,-0.266381421476386,0.4325674325674326,0.9867851446798815,1000
enigma,22q,L4 IT_3,0.10155660457169037,0.6663336663336663,0.9867851446798815,1000
enigma,22q,L5 ET_1,0.4342113836652557,0.10989010989010989,0.9867851446798815,1000
enigma,22q,L5 IT_1,-0.04343611441827326,0.8881118881118881,0.999000999000999,1000
enigma,22q,L5 IT_2,-0.20633356266200809,0.32967032967032966,0.9867851446798815,1000
enigma,22q,L5 IT_3,-0.2615945711481712,0.4255744255744256,0.9867851446798815,1000
enigma,22q,L5 IT_4,-0.28105942748560164,0.36863136863136864,0.9867851446798815,1000
enigma,22q,L5 IT_5,0.0975842655936945,0.7922077922077922,0.9867851446798815,1000
enigma,22q,L5/6 NP_1,0.15209921901918189,0.5024975024975025,0.9867851446798815,1000
enigma,22q,L5/6 NP_2,0.10742912713614587,0.6963036963036963,0.9867851446798815,1000
enigma,22q,L6 CT_1,0.15491748710556666,0.5124875124875125,0.9867851446798815,1000
enigma,22q,L6 CT_2,0.2534672759731717,0.3596403596403596,0.9867851446798815,1000
enigma,22q,L6 IT Car3_1,-0.002636994443107233,0.987012987012987,0.999000999000999,1000
enigma,22q,L6 IT_1,-0.06774241073576459,0.7322677322677322,0.9867851446798815,1000
enigma,22q,L6 IT_2,0.11867499155305666,0.7052947052947053,0.9867851446798815,1000
enigma,22q,L6 IT_3,-0.1259874494632756,0.45054945054945056,0.9867851446798815,1000
enigma,22q,L6b_1,0.08826809340936982,0.6713286713286714,0.9867851446798815,1000
enigma,22q,L6b_2,-0.013266273831730142,0.962037962037962,0.999000999000999,1000
enigma,22q,L6b_3,0.32136160251105206,0.2077922077922078,0.9867851446798815,1000
enigma,22q,Lamp5_1,0.2592768620544613,0.4905094905094905,0.9867851446798815,1000
enigma,22q,Lamp5_2,0.22589028973403522,0.3066933066933067,0.9867851446798815,1000
enigma,22q,Lamp5_Lhx6_1,0.12961995270223836,0.6563436563436563,0.9867851446798815,1000
enigma,22q,Micro-PVM_1,0.08363953088286018,0.8371628371628371,0.9906426906426906,1000
enigma,22q,Micro-PVM_2,-0.2613624208936297,0.24075924075924077,0.9867851446798815,1000
enigma,22q,OPC_1,0.18213228096154935,0.5564435564435565,0.9867851446798815,1000
enigma,22q,Oligo_1,0.2794224376294738,0.26673326673326675,0.9867851446798815,1000
enigma,22q,Oligo_2,0.15206346440168445,0.5464535464535465,0.9867851446798815,1000
enigma,22q,Pax6_1,0.11207038797828588,0.7472527472527473,0.9867851446798815,1000
enigma,22q,Pax6_2,-0.43534828165455414,0.06993006993006994,0.9867851446798815,1000
enigma,22q,Pvalb_1,0.023748288407929974,0.957042957042957,0.999000999000999,1000
enigma,22q,Pvalb_2,0.132994374762905,0.6573426573426573,0.9867851446798815,1000
enigma,22q,Pvalb_3,0.05654048177905066,0.7662337662337663,0.9867851446798815,1000
enigma,22q,Pvalb_4,0.013583474242114061,0.9560439560439561,0.999000999000999,1000
enigma,22q,Pvalb_5,-0.04972640168734978,0.8991008991008991,0.999000999000999,1000
enigma,22q,Sncg_1,0.31726540046021373,0.31368631368631367,0.9867851446798815,1000
enigma,22q,Sncg_2,0.23547140597086408,0.5214785214785215,0.9867851446798815,1000
enigma,22q,Sncg_3,-0.046411200327901074,0.8171828171828172,0.986996054792665,1000
enigma,22q,Sncg_4,-0.07421920493901352,0.8201798201798202,0.986996054792665,1000
enigma,22q,Sst_1,-0.02548821049686214,0.938061938061938,0.999000999000999,1000
enigma,22q,Sst_10,0.38852571711336686,0.1258741258741259,0.9867851446798815,1000
enigma,22q,Sst_2,-0.03548454151288591,0.8741258741258742,0.999000999000999,1000
enigma,22q,Sst_3,0.17249407194789895,0.6003996003996004,0.9867851446798815,1000
enigma,22q,Sst_4,-0.26178875406019386,0.4935064935064935,0.9867851446798815,1000
enigma,22q,Sst_5,-0.400636126484103,0.22677322677322678,0.9867851446798815,1000
enigma,22q,Sst_6,0.12384019235469045,0.5874125874125874,0.9867851446798815,1000
enigma,22q,Sst_7,-0.48935825409768874,0.01998001998001998,0.9867851446798815,1000
enigma,22q,Sst_8,-0.0007147502003046107,0.999000999000999,0.999000999000999,1000
enigma,22q,Sst_9,-0.07639378258865587,0.7592407592407593,0.9867851446798815,1000
enigma,22q,VLMC_1,-0.0639417520947039,0.7462537462537463,0.9867851446798815,1000
enigma,22q,Vip_1,0.1685279077862074,0.6123876123876124,0.9867851446798815,1000
enigma,22q,Vip_2,-0.43054416199542705,0.03996003996003996,0.9867851446798815,1000
enigma,22q,Vip_3,-0.26005171009350386,0.4645354645354645,0.9867851446798815,1000
enigma,22q,Vip_4,-0.39632352703580664,0.1048951048951049,0.9867851446798815,1000
enigma,22q,Vip_5,0.10694340373787727,0.7402597402597403,0.9867851446798815,1000
enigma,22q,Vip_6,-0.1475870664020949,0.5184815184815185,0.9867851446798815,1000
enigma,22q,Vip_7,-0.20297546167929573,0.4045954045954046,0.9867851446798815,1000
enigma,22q,Vip_8,-0.15014938601525257,0.6263736263736264,0.9867851446798815,1000
enigma,22q,Vip_9,0.004452307035793369,0.981018981018981,0.999000999000999,1000
enigma,adhd,Astro_1,-0.5750931637102461,0.07992007992007992,0.17194926285835377,1000
enigma,adhd,Astro_2,-0.3501995376528525,0.2817182817182817,0.4255744255744256,1000
enigma,adhd,Chandelier_1,-0.6659874400268689,0.01098901098901099,0.04334554334554335,1000
enigma,adhd,Endo_1,-0.6479222674599343,0.004995004995004995,0.02728041189579651,1000
enigma,adhd,L2/3 IT_1,0.33996413927547103,0.24375624375624375,0.39333393878848427,1000
enigma,adhd,L2/3 IT_2,0.10514550840120274,0.6433566433566433,0.8013740645319593,1000
enigma,adhd,L2/3 IT_3,0.7680406304158792,0.001998001998001998,0.017732267732267732,1000
enigma,adhd,L2/3 IT_4,0.4756820897974128,0.04695304695304695,0.11905951191665477,1000
enigma,adhd,L2/3 IT_5,0.04205073125299348,0.8961038961038961,0.9354413702239789,1000
enigma,adhd,L2/3 IT_6,0.7980704337243626,0.000999000999000999,0.011821511821511822,1000
enigma,adhd,L2/3 IT_7,0.713271697256243,0.013986013986013986,0.049650349650349646,1000
enigma,adhd,L2/3 IT_8,-0.1348251687625168,0.7132867132867133,0.8567781424924282,1000
enigma,adhd,L4 IT_1,-0.5314725173869371,0.09490509490509491,0.19252176395033538,1000
enigma,adhd,L4 IT_2,0.752644099551978,0.008991008991008992,0.037550684609508146,1000
enigma,adhd,L4 IT_3,0.6515464467814165,0.000999000999000999,0.011821511821511822,1000
enigma,adhd,L5 ET_1,-0.17138043823431037,0.7602397602397603,0.8567781424924282,1000
enigma,adhd,L5 IT_1,0.8557582778854016,0.000999000999000999,0.011821511821511822,1000
enigma,adhd,L5 IT_2,-0.09905093345559543,0.7572427572427572,0.8567781424924282,1000
enigma,adhd,L5 IT_3,0.7820247797869304,0.002997002997002997,0.023643023643023644,1000
enigma,adhd,L5 IT_4,0.7513197279745425,0.001998001998001998,0.017732267732267732,1000
enigma,adhd,L5 IT_5,-0.367694865336008,0.3336663336663337,0.48347570796550393,1000
enigma,adhd,L5/6 NP_1,0.5920701009538589,0.006993006993006993,0.035464535464535464,1000
enigma,adhd,L5/6 NP_2,0.6414792857320786,0.013986013986013986,0.049650349650349646,1000
enigma,adhd,L6 CT_1,0.5198471840972627,0.024975024975024976,0.07092907092907094,1000
enigma,adhd,L6 CT_2,-0.5264191874656253,0.06793206793206794,0.15787438368083528,1000
enigma,adhd,L6 IT Car3_1,0.37714277677053115,0.19880119880119881,0.34426549060695405,1000
enigma,adhd,L6 IT_1,0.047689952858023965,0.8601398601398601,0.9253019707565162,1000
enigma,adhd,L6 IT_2,0.5691801758243087,0.052947052947052944,0.12962899169795722,1000
enigma,adhd,L6 IT_3,0.0774799010637058,0.7052947052947053,0.8567781424924282,1000
enigma,adhd,L6b_1,0.08642533447249635,0.7392607392607392,0.8567781424924282,1000
enigma,adhd,L6b_2,0.4700878730090984,0.06893106893106893,0.15787438368083528,1000
enigma,adhd,L6b_3,-0.08748983631894854,0.8171828171828172,0.8926150772304619,1000
enigma,adhd,Lamp5_1,-0.681233043549903,0.01998001998001998,0.06476132563089085,1000
enigma,adhd,Lamp5_2,0.11551454530361922,0.7412587412587412,0.8567781424924282,1000
enigma,adhd,Lamp5_Lhx6_1,0.37815335799872435,0.27972027972027974,0.4255744255744256,1000
enigma,adhd,Micro-PVM_1,-0.7432207313398937,0.003996003996003996,0.025792389428753067,1000
enigma,adhd,Micro-PVM_2,0.370110558407861,0.18981018981018982,0.3369130869130869,1000
enigma,adhd,OPC_1,-0.7618746877655864,0.000999000999000999,0.011821511821511822,1000
enigma,adhd,Oligo_1,-0.4577732974024345,0.12187812187812187,0.23387423387423387,1000
enigma,adhd,Oligo_2,0.3017282205154558,0.4025974025974026,0.5497002997002998,1000
enigma,adhd,Pax6_1,-0.8247058511887576,0.000999000999000999,0.011821511821511822,1000
enigma,adhd,Pax6_2,0.34573423023980626,0.34965034965034963,0.4965034965034965,1000
enigma,adhd,Pvalb_1,0.6101548358257284,0.07292707292707293,0.16180694305694304,1000
enigma,adhd,Pvalb_2,-0.7300836457336405,0.004995004995004995,0.02728041189579651,1000
enigma,adhd,Pvalb_3,0.2701560717544206,0.23876123876123875,0.39333393878848427,1000
enigma,adhd,Pvalb_4,0.3660397232074644,0.23176823176823177,0.39179867751296327,1000
enigma,adhd,Pvalb_5,0.4076355905536946,0.31868131868131866,0.4713827838827839,1000
enigma,adhd,Sncg_1,-0.598303832715225,0.08791208791208792,0.18358112475759536,1000
enigma,adhd,Sncg_2,-0.6431459903793499,0.007992007992007992,0.035464535464535464,1000
enigma,adhd,Sncg_3,-0.09364062373658154,0.6023976023976024,0.7637541030398174,1000
enigma,adhd,Sncg_4,-0.25629273470787006,0.5384615384615384,0.6951048951048951,1000
enigma,adhd,Sst_1,0.5937345652287328,0.028971028971028972,0.07911319449780989,1000
enigma,adhd,Sst_10,-0.363021580995482,0.3646353646353646,0.507629625276684,1000
enigma,adhd,Sst_2,-0.5555149214345779,0.007992007992007992,0.035464535464535464,1000
enigma,adhd,Sst_3,-0.6613605481141849,0.000999000999000999,0.011821511821511822,1000
enigma,adhd,Sst_4,-0.016797122121818345,0.97002997002997,0.973026973026973,1000
enigma,adhd,Sst_5,0.7148083952367815,0.02097902097902098,0.06476132563089085,1000
enigma,adhd,Sst_6,0.19206746429778399,0.4255744255744256,0.570109136146872,1000
enigma,adhd,Sst_7,-0.010911103232081915,0.973026973026973,0.973026973026973,1000
enigma,adhd,Sst_8,-0.05584133665949021,0.7922077922077922,0.8788555194805195,1000
enigma,adhd,Sst_9,0.5176725376421095,0.030969030969030968,0.08143708143708143,1000
enigma,adhd,VLMC_1,-0.3264759093481522,0.13286713286713286,0.24825174825174826,1000
enigma,adhd,Vip_1,-0.6060904185539041,0.02097902097902098,0.06476132563089085,1000
enigma,adhd,Vip_2,0.21558795189908614,0.5304695304695305,0.6951048951048951,1000
enigma,adhd,Vip_3,0.44957627854910404,0.2817182817182817,0.4255744255744256,1000
enigma,adhd,Vip_4,0.05949188276057356,0.8931068931068931,0.9354413702239789,1000
enigma,adhd,Vip_5,-0.6224436825163014,0.003996003996003996,0.025792389428753067,1000
enigma,adhd,Vip_6,-0.5626471813244482,0.023976023976023976,0.07092907092907093,1000
enigma,adhd,Vip_7,0.46455646607032786,0.1068931068931069,0.21081696081696083,1000
enigma,adhd,Vip_8,0.46688685854916323,0.14885114885114886,0.27098542483157867,1000
enigma,adhd,Vip_9,-0.03384521763570996,0.9090909090909091,0.9354413702239789,1000
enigma,asd,Astro_1,0.5612216388438206,0.14885114885114886,0.7700870558013415,1000
enigma,asd,Astro_2,0.07664766207441762,0.8661338661338661,0.9761191189762618,1000
enigma,asd,Chandelier_1,0.24791476056766795,0.6403596403596403,0.9621185266346557,1000
enigma,asd,Endo_1,0.29590499848815566,0.3176823176823177,0.8435493078350221,1000
enigma,asd,L2/3 IT_1,0.023450782970079416,0.958041958041958,0.9858112901591162,1000
enigma,asd,L2/3 IT_2,0.1102516703836172,0.6343656343656343,0.9621185266346557,1000
enigma,asd,L2/3 IT_3,-0.38539846606261496,0.35764235764235763,0.8756071514692204,1000
enigma,asd,L2/3 IT_4,0.019989949582465426,0.9500499500499501,0.9858112901591162,1000
enigma,asd,L2/3 IT_5,-0.03911987540822585,0.8901098901098901,0.9858112901591162,1000
enigma,asd,L2/3 IT_6,-0.4362840187032791,0.2967032967032967,0.8426373626373627,1000
enigma,asd,L2/3 IT_7,-0.4341036734826543,0.2707292707292707,0.8426373626373627,1000
enigma,asd,L2/3 IT_8,0.14930692131387582,0.6733266733266733,0.9621185266346557,1000
enigma,asd,L4 IT_1,0.5190871177729752,0.15184815184815184,0.7700870558013415,1000
enigma,asd,L4 IT_2,-0.6152461936991083,0.14585414585414586,0.7700870558013415,1000
enigma,asd,L4 IT_3,-0.08207187246876846,0.8011988011988012,0.9621185266346557,1000
enigma,asd,L5 ET_1,0.6784662182758595,0.03996003996003996,0.3546453546453546,1000
enigma,asd,L5 IT_1,-0.3204711920790112,0.4485514485514486,0.9621185266346557,1000
enigma,asd,L5 IT_2,0.08759323223113145,0.8101898101898102,0.9621185266346557,1000
enigma,asd,L5 IT_3,-0.5031482926608911,0.2707292707292707,0.8426373626373627,1000
enigma,asd,L5 IT_4,-0.5460254926262028,0.2037962037962038,0.8426373626373627,1000
enigma,asd,L5 IT_5,0.6017344399752272,0.1068931068931069,0.7286350013622741,1000
enigma,asd,L5/6 NP_1,0.09511839478972763,0.7742257742257742,0.9621185266346557,1000
enigma,asd,L5/6 NP_2,0.14362232726310728,0.7192807192807192,0.9621185266346557,1000
enigma,asd,L6 CT_1,0.10544714556331844,0.7522477522477522,0.9621185266346557,1000
enigma,asd,L6 CT_2,0.6339939109474898,0.012987012987012988,0.1536796536796537,1000
enigma,asd,L6 IT Car3_1,-0.4265394758952105,0.17282717282717283,0.8180486180486181,1000
enigma,asd,L6 IT_1,0.1948626678221502,0.5084915084915085,0.9621185266346557,1000
enigma,asd,L6 IT_2,0.036396740885477966,0.936063936063936,0.9858112901591162,1000
enigma,asd,L6 IT_3,-0.069335557393851,0.7262737262737263,0.9621185266346557,1000
enigma,asd,L6b_1,0.37810012950546096,0.11288711288711288,0.7286350013622741,1000
enigma,asd,L6b_2,0.10521291642915762,0.7892107892107892,0.9621185266346557,1000
enigma,asd,L6b_3,0.38774193596906625,0.33266733266733267,0.8435493078350221,1000
enigma,asd,Lamp5_1,0.5438839853769397,0.25674325674325676,0.8426373626373627,1000
enigma,asd,Lamp5_2,0.23039034435661215,0.5124875124875125,0.9621185266346557,1000
enigma,asd,Lamp5_Lhx6_1,0.34081903153069754,0.4115884115884116,0.9426702329928137,1000
enigma,asd,Micro-PVM_1,0.1981675541092437,0.7222777222777222,0.9621185266346557,1000
enigma,asd,Micro-PVM_2,-0.6178777169138367,0.008991008991008992,0.14185814185814186,1000
enigma,asd,OPC_1,0.2159373197731467,0.6423576423576424,0.9621185266346557,1000
enigma,asd,Oligo_1,0.3533098240796869,0.37662337662337664,0.8913419913419914,1000
enigma,asd,Oligo_2,0.08386522897807981,0.8401598401598401,0.9621185266346557,1000
enigma,asd,Pax6_1,0.3363627103871663,0.47952047952047955,0.9621185266346557,1000
enigma,asd,Pax6_2,-0.6432744964872824,0.03896103896103896,0.3546453546453546,1000
enigma,asd,Pvalb_1,0.005758237897771509,0.9920079920079921,0.9920079920079921,1000
enigma,asd,Pvalb_2,0.44096362556542246,0.23076923076923078,0.8426373626373627,1000
enigma,asd,Pvalb_3,0.18444152709653328,0.4945054945054945,0.9621185266346557,1000
enigma,asd,Pvalb_4,-0.1857049976063585,0.5844155844155844,0.9621185266346557,1000
enigma,asd,Pvalb_5,0.12968761649111535,0.8201798201798202,0.9621185266346557,1000
enigma,asd,Sncg_1,0.4651403260229086,0.28771228771228774,0.8426373626373627,1000
enigma,asd,Sncg_2,0.33743176999324404,0.5064935064935064,0.9621185266346557,1000
enigma,asd,Sncg_3,0.04962957284492125,0.8201798201798202,0.9621185266346557,1000
enigma,asd,Sncg_4,-0.2060546985373175,0.7002997002997003,0.9621185266346557,1000
enigma,asd,Sst_1,0.03429784444310053,0.9500499500499501,0.9858112901591162,1000
enigma,asd,Sst_10,0.6279725036419597,0.052947052947052944,0.41769341769341767,1000
enigma,asd,Sst_2,-0.005576892164359131,0.986013986013986,0.9920079920079921,1000
enigma,asd,Sst_3,0.2562415701934053,0.5704295704295704,0.9621185266346557,1000
enigma,asd,Sst_4,-0.5803783233447738,0.23176823176823177,0.8426373626373627,1000
enigma,asd,Sst_5,-0.8051587222691443,0.003996003996003996,0.14185814185814186,1000
enigma,asd,Sst_6,0.25805048013682014,0.32167832167832167,0.8435493078350221,1000
enigma,asd,Sst_7,-0.6180171419795264,0.006993006993006993,0.14185814185814186,1000
enigma,asd,Sst_8,-0.06986209181728953,0.7892107892107892,0.9621185266346557,1000
enigma,asd,Sst_9,-0.18791526954420007,0.5724275724275725,0.9621185266346557,1000
enigma,asd,VLMC_1,-0.07234550092080225,0.7322677322677322,0.9621185266346557,1000
enigma,asd,Vip_1,0.41518914840521104,0.29270729270729273,0.8426373626373627,1000
enigma,asd,Vip_2,-0.6868726266041675,0.00999000999000999,0.14185814185814186,1000
enigma,asd,Vip_3,-0.24154275093904215,0.6403596403596403,0.9621185266346557,1000
enigma,asd,Vip_4,-0.7153825747293678,0.000999000999000999,0.07092907092907093,1000
enigma,asd,Vip_5,0.10798394951697483,0.8331668331668332,0.9621185266346557,1000
enigma,asd,Vip_6,-0.1802747033790236,0.6013986013986014,0.9621185266346557,1000
enigma,asd,Vip_7,-0.4206476648087181,0.1938061938061938,0.8426373626373627,1000
enigma,asd,Vip_8,-0.26015109323622726,0.5594405594405595,0.9621185266346557,1000
enigma,asd,Vip_9,0.02424676137636838,0.9400599400599401,0.9858112901591162,1000
enigma,epilepsy_gge,Astro_1,-0.039182662662254765,0.9020979020979021,0.999000999000999,1000
enigma,epilepsy_gge,Astro_2,-0.5343283005797875,0.013986013986013986,0.13476523476523475,1000
enigma,epilepsy_gge,Chandelier_1,0.017721312432824616,0.967032967032967,0.999000999000999,1000
enigma,epilepsy_gge,Endo_1,0.0019409772236138544,0.994005994005994,0.999000999000999,1000
enigma,epilepsy_gge,L2/3 IT_1,0.33286518722392905,0.13786213786213786,0.6117632367632367,1000
enigma,epilepsy_gge,L2/3 IT_2,0.5259675664233904,0.002997002997002997,0.10639360639360639,1000
enigma,epilepsy_gge,L2/3 IT_3,-0.06140768844387135,0.8271728271728271,0.9472463020850118,1000
enigma,epilepsy_gge,L2/3 IT_4,-0.4889709040645729,0.01898101898101898,0.13476523476523475,1000
enigma,epilepsy_gge,L2/3 IT_5,0.42632424629463556,0.04895104895104895,0.3014485514485515,1000
enigma,epilepsy_gge,L2/3 IT_6,-0.24057215720044947,0.4695304695304695,0.9393309393309395,1000
enigma,epilepsy_gge,L2/3 IT_7,-0.2902047881852435,0.35364635364635366,0.8967461110318254,1000
enigma,epilepsy_gge,L2/3 IT_8,0.6077057305205611,0.004995004995004995,0.10639360639360639,1000
enigma,epilepsy_gge,L4 IT_1,0.4393524959769091,0.10989010989010989,0.5201465201465202,1000
enigma,epilepsy_gge,L4 IT_2,0.011486100373996055,0.974025974025974,0.999000999000999,1000
enigma,epilepsy_gge,L4 IT_3,-0.2171877349569386,0.32167832167832167,0.8784292630446476,1000
enigma,epilepsy_gge,L5 ET_1,-0.3348636408161924,0.3996003996003996,0.915213818439625,1000
enigma,epilepsy_gge,L5 IT_1,-0.06898851184150621,0.8231768231768232,0.9472463020850118,1000
enigma,epilepsy_gge,L5 IT_2,0.40624015641850103,0.05094905094905095,0.3014485514485515,1000
enigma,epilepsy_gge,L5 IT_3,-0.010460281137144523,0.974025974025974,0.999000999000999,1000
enigma,epilepsy_gge,L5 IT_4,-0.10529496019637158,0.7332667332667333,0.9472463020850118,1000
enigma,epilepsy_gge,L5 IT_5,0.10850128544640468,0.7772227772227772,0.9472463020850118,1000
enigma,epilepsy_gge,L5/6 NP_1,0.10773373114953087,0.6393606393606394,0.9472463020850118,1000
enigma,epilepsy_gge,L5/6 NP_2,0.07403214679464466,0.8041958041958042,0.9472463020850118,1000
enigma,epilepsy_gge,L6 CT_1,-0.2378482356750224,0.3046953046953047,0.8784292630446476,1000
enigma,epilepsy_gge,L6 CT_2,0.20810316912448493,0.5104895104895105,0.9472463020850118,1000
enigma,epilepsy_gge,L6 IT Car3_1,0.11721657170929642,0.6583416583416584,0.9472463020850118,1000
enigma,epilepsy_gge,L6 IT_1,0.47896431447112875,0.014985014985014986,0.13476523476523475,1000
enigma,epilepsy_gge,L6 IT_2,-0.38665293900843595,0.14985014985014986,0.6258447434918024,1000
enigma,epilepsy_gge,L6 IT_3,0.0885296365944385,0.6023976023976024,0.9472463020850118,1000
enigma,epilepsy_gge,L6b_1,0.4247269702955179,0.015984015984015984,0.13476523476523475,1000
enigma,epilepsy_gge,L6b_2,0.22259236565755205,0.3806193806193806,0.915213818439625,1000
enigma,epilepsy_gge,L6b_3,-0.3546336489051416,0.2217782217782218,0.7531991817706104,1000
enigma,epilepsy_gge,Lamp5_1,-0.16020011925719843,0.6983016983016983,0.9472463020850118,1000
enigma,epilepsy_gge,Lamp5_2,-0.5336338203182343,0.01898101898101898,0.13476523476523475,1000
enigma,epilepsy_gge,Lamp5_Lhx6_1,-0.15966762856554795,0.5884115884115884,0.9472463020850118,1000
enigma,epilepsy_gge,Micro-PVM_1,0.13152788954819086,0.7642357642357642,0.9472463020850118,1000
enigma,epilepsy_gge,Micro-PVM_2,-0.15359250230409943,0.4885114885114885,0.9393309393309395,1000
enigma,epilepsy_gge,OPC_1,-0.12655245108780425,0.7132867132867133,0.9472463020850118,1000
enigma,epilepsy_gge,Oligo_1,-0.4035523159522973,0.08391608391608392,0.4255744255744256,1000
enigma,epilepsy_gge,Oligo_2,-0.6190062303495548,0.005994005994005994,0.10639360639360639,1000
enigma,epilepsy_gge,Pax6_1,0.09673926706900667,0.7822177822177823,0.9472463020850118,1000
enigma,epilepsy_gge,Pax6_2,-0.21605862966615316,0.4695304695304695,0.9393309393309395,1000
enigma,epilepsy_gge,Pvalb_1,-0.30963073575421934,0.4175824175824176,0.926510989010989,1000
enigma,epilepsy_gge,Pvalb_2,-0.07997724067529056,0.8071928071928072,0.9472463020850118,1000
enigma,epilepsy_gge,Pvalb_3,0.15341292101109283,0.4675324675324675,0.9393309393309395,1000
enigma,epilepsy_gge,Pvalb_4,-0.5343804951473545,0.007992007992007992,0.11348651348651348,1000
enigma,epilepsy_gge,Pvalb_5,-0.25885009065595815,0.48951048951048953,0.9393309393309395,1000
enigma,epilepsy_gge,Sncg_1,0.3279896480214391,0.34765234765234765,0.8967461110318254,1000
enigma,epilepsy_gge,Sncg_2,0.14351643135797282,0.7512487512487512,0.9472463020850118,1000
enigma,epilepsy_gge,Sncg_3,0.48022401056920955,0.000999000999000999,0.07092907092907093,1000
enigma,epilepsy_gge,Sncg_4,0.35729590997378463,0.3016983016983017,0.8784292630446476,1000
enigma,epilepsy_gge,Sst_1,0.0008386623558175936,0.999000999000999,0.999000999000999,1000
enigma,epilepsy_gge,Sst_10,-0.35571375096717767,0.22277722277722278,0.7531991817706104,1000
enigma,epilepsy_gge,Sst_2,-0.28992290182580926,0.1918081918081918,0.7167569272832431,1000
enigma,epilepsy_gge,Sst_3,0.11149766767756049,0.7612387612387612,0.9472463020850118,1000
enigma,epilepsy_gge,Sst_4,0.24898503543295888,0.5314685314685315,0.9472463020850118,1000
enigma,epilepsy_gge,Sst_5,-0.1354787866356032,0.7342657342657343,0.9472463020850118,1000
enigma,epilepsy_gge,Sst_6,0.18050143818321035,0.3936063936063936,0.915213818439625,1000
enigma,epilepsy_gge,Sst_7,-0.07045897587203116,0.7872127872127872,0.9472463020850118,1000
enigma,epilepsy_gge,Sst_8,-0.02445280353204761,0.935064935064935,0.999000999000999,1000
enigma,epilepsy_gge,Sst_9,-0.08214685104734527,0.7132867132867133,0.9472463020850118,1000
enigma,epilepsy_gge,VLMC_1,-0.008286234357181513,0.954045954045954,0.999000999000999,1000
enigma,epilepsy_gge,Vip_1,0.1292321134340099,0.7382617382617382,0.9472463020850118,1000
enigma,epilepsy_gge,Vip_2,-0.2659432221574681,0.31868131868131866,0.8784292630446476,1000
enigma,epilepsy_gge,Vip_3,-0.25677624527562465,0.5634365634365635,0.9472463020850118,1000
enigma,epilepsy_gge,Vip_4,-0.15710565197676266,0.6163836163836164,0.9472463020850118,1000
enigma,epilepsy_gge,Vip_5,-0.05463462376609266,0.8661338661338661,0.9761191189762618,1000
enigma,epilepsy_gge,Vip_6,0.08206178495736882,0.7502497502497503,0.9472463020850118,1000
enigma,epilepsy_gge,Vip_7,-0.4620729833100242,0.059940059940059943,0.32736494274955813,1000
enigma,epilepsy_gge,Vip_8,0.301572960669254,0.3096903096903097,0.8784292630446476,1000
enigma,epilepsy_gge,Vip_9,-0.30317627736051855,0.17182817182817184,0.6777666777666779,1000
enigma,epilepsy_rtle,Astro_1,-0.19179776821549344,0.7142857142857143,0.9389085490780406,1000
enigma,epilepsy_rtle,Astro_2,-0.44005029946417396,0.2077922077922078,0.7025355596784169,1000
enigma,epilepsy_rtle,Chandelier_1,0.30236790015855824,0.5554445554445554,0.9192407592407592,1000
enigma,epilepsy_rtle,Endo_1,0.0012538340015669214,0.995004995004995,0.995004995004995,1000
enigma,epilepsy_rtle,L2/3 IT_1,0.2296949163617622,0.48451548451548454,0.9192407592407592,1000
enigma,epilepsy_rtle,L2/3 IT_2,0.36076400987474133,0.07192807192807193,0.4255744255744256,1000
enigma,epilepsy_rtle,L2/3 IT_3,-0.1471418754476726,0.7572427572427572,0.9389085490780406,1000
enigma,epilepsy_rtle,L2/3 IT_4,-0.5945520908464458,0.00999000999000999,0.17022977022977023,1000
enigma,epilepsy_rtle,L2/3 IT_5,0.47489079283485486,0.08191808191808192,0.4473987550910628,1000
enigma,epilepsy_rtle,L2/3 IT_6,-0.2500699079483466,0.6123876123876124,0.9192407592407592,1000
enigma,epilepsy_rtle,L2/3 IT_7,-0.2528197794209911,0.5834165834165834,0.9192407592407592,1000
enigma,epilepsy_rtle,L2/3 IT_8,0.5806246964774321,0.029970029970029972,0.265984015984016,1000
enigma,epilepsy_rtle,L4 IT_1,0.2556798936809081,0.5724275724275725,0.9192407592407592,1000
enigma,epilepsy_rtle,L4 IT_2,0.17390138965278432,0.7662337662337663,0.9389085490780406,1000
enigma,epilepsy_rtle,L4 IT_3,-0.3744293189347523,0.13486513486513488,0.5632602691426222,1000
enigma,epilepsy_rtle,L5 ET_1,-0.7366946389283341,0.011988011988011988,0.17022977022977023,1000
enigma,epilepsy_rtle,L5 IT_1,-0.241848693254146,0.6173826173826173,0.9192407592407592,1000
enigma,epilepsy_rtle,L5 IT_2,0.23463371953287138,0.4595404595404595,0.9192407592407592,1000
enigma,epilepsy_rtle,L5 IT_3,-0.021794546333686687,0.974025974025974,0.9879406307977736,1000
enigma,epilepsy_rtle,L5 IT_4,-0.03865828127979253,0.936063936063936,0.9734757995627561,1000
enigma,epilepsy_rtle,L5 IT_5,-0.3087124793646068,0.5454545454545454,0.9192407592407592,1000
enigma,epilepsy_rtle,L5/6 NP_1,-0.22002019985742535,0.4835164835164835,0.9192407592407592,1000
enigma,epilepsy_rtle,L5/6 NP_2,-0.26993311767905015,0.47952047952047955,0.9192407592407592,1000
enigma,epilepsy_rtle,L6 CT_1,-0.4822525989079458,0.04395604395604396,0.29661247843066024,1000
enigma,epilepsy_rtle,L6 CT_2,0.031932062274174826,0.942057942057942,0.9734757995627561,1000
enigma,epilepsy_rtle,L6 IT Car3_1,0.23377494001524268,0.5284715284715285,0.9192407592407592,1000
enigma,epilepsy_rtle,L6 IT_1,0.27296363414018404,0.3336663336663337,0.9192407592407592,1000
enigma,epilepsy_rtle,L6 IT_2,-0.6265900056533906,0.03696303696303696,0.2915972915972916,1000
enigma,epilepsy_rtle,L6 IT_3,0.023419820318038846,0.903096903096903,0.9734757995627561,1000
enigma,epilepsy_rtle,L6b_1,0.18951077343612335,0.4225774225774226,0.9192407592407592,1000
enigma,epilepsy_rtle,L6b_2,-0.07882763698674077,0.8281718281718282,0.9639377016426197,1000
enigma,epilepsy_rtle,L6b_3,-0.5504329230932513,0.12787212787212787,0.5632602691426222,1000
enigma,epilepsy_rtle,Lamp5_1,-0.2778885401463169,0.6373626373626373,0.9192407592407592,1000
enigma,epilepsy_rtle,Lamp5_2,-0.6410006815982746,0.002997002997002997,0.07092907092907093,1000
enigma,epilepsy_rtle,Lamp5_Lhx6_1,-0.5220393573183172,0.18981018981018982,0.6738261738261738,1000
enigma,epilepsy_rtle,Micro-PVM_1,0.34812453810989175,0.5144855144855145,0.9192407592407592,1000
enigma,epilepsy_rtle,Micro-PVM_2,0.051799147058657506,0.8861138861138861,0.9734757995627561,1000
enigma,epilepsy_rtle,OPC_1,0.16071265962361847,0.7442557442557443,0.9389085490780406,1000
enigma,epilepsy_rtle,Oligo_1,-0.2314659564988159,0.5714285714285714,0.9192407592407592,1000
enigma,epilepsy_rtle,Oligo_2,-0.7401348328001799,0.001998001998001998,0.07092907092907093,1000
enigma,epilepsy_rtle,Pax6_1,0.18479699729746718,0.7392607392607392,0.9389085490780406,1000
enigma,epilepsy_rtle,Pax6_2,-0.11222099853180954,0.7982017982017982,0.9445387945387945,1000
enigma,epilepsy_rtle,Pvalb_1,-0.6648578973538353,0.1008991008991009,0.5117025831311546,1000
enigma,epilepsy_rtle,Pvalb_2,-0.21454331014732897,0.6473526473526473,0.9192407592407592,1000
enigma,epilepsy_rtle,Pvalb_3,0.04353275498145657,0.8671328671328671,0.9734757995627561,1000
enigma,epilepsy_rtle,Pvalb_4,-0.558507465068686,0.02197802197802198,0.2600732600732601,1000
enigma,epilepsy_rtle,Pvalb_5,-0.5755613828517505,0.1838161838161838,0.6738261738261738,1000
enigma,epilepsy_rtle,Sncg_1,0.2795357776135626,0.6003996003996004,0.9192407592407592,1000
enigma,epilepsy_rtle,Sncg_2,0.2675105269459346,0.6393606393606394,0.9192407592407592,1000
enigma,epilepsy_rtle,Sncg_3,0.35571440379787395,0.000999000999000999,0.07092907092907093,1000
enigma,epilepsy_rtle,Sncg_4,0.7037452675880721,0.025974025974025976,0.26345083487940635,1000
enigma,epilepsy_rtle,Sst_1,-0.3682265190649347,0.4255744255744256,0.9192407592407592,1000
enigma,epilepsy_rtle,Sst_10,-0.5630730372765583,0.11288711288711288,0.5343323343323343,1000
enigma,epilepsy_rtle,Sst_2,-0.08019465880990204,0.7802197802197802,0.9389085490780406,1000
enigma,epilepsy_rtle,Sst_3,0.16250803941963946,0.7402597402597403,0.9389085490780406,1000
enigma,epilepsy_rtle,Sst_4,0.7350726814976686,0.04595404595404595,0.29661247843066024,1000
enigma,epilepsy_rtle,Sst_5,0.05439858044418356,0.9460539460539461,0.9734757995627561,1000
enigma,epilepsy_rtle,Sst_6,-0.17408577933835054,0.5124875124875125,0.9192407592407592,1000
enigma,epilepsy_rtle,Sst_7,0.2733165632981701,0.37162837162837165,0.9192407592407592,1000
enigma,epilepsy_rtle,Sst_8,-0.13923810936527253,0.5734265734265734,0.9192407592407592,1000
enigma,epilepsy_rtle,Sst_9,-0.03465907587792189,0.9180819180819181,0.9734757995627561,1000
enigma,epilepsy_rtle,VLMC_1,0.06976831666092509,0.7722277722277723,0.9389085490780406,1000
enigma,epilepsy_rtle,Vip_1,0.18895053973293433,0.7012987012987013,0.9389085490780406,1000
enigma,epilepsy_rtle,Vip_2,-0.05730914722830648,0.8761238761238761,0.9734757995627561,1000
enigma,epilepsy_rtle,Vip_3,-0.45374738500254264,0.3866133866133866,0.9192407592407592,1000
enigma,epilepsy_rtle,Vip_4,0.2780447483671803,0.4975024975024975,0.9192407592407592,1000
enigma,epilepsy_rtle,Vip_5,0.21457989614328232,0.6343656343656343,0.9192407592407592,1000
enigma,epilepsy_rtle,Vip_6,0.40506121679221696,0.15184815184815184,0.5989565989565989,1000
enigma,epilepsy_rtle,Vip_7,-0.36365472805555804,0.27672327672327673,0.8542327237979412,1000
enigma,epilepsy_rtle,Vip_8,0.36721593830544624,0.3646353646353646,0.9192407592407592,1000
enigma,epilepsy_rtle,Vip_9,-0.35543453041544965,0.22077922077922077,0.7125147579693034,1000
enigma,epilepsy_ltle,Astro_1,0.008176687178103497,0.983016983016983,0.983016983016983,1000
enigma,epilepsy_ltle,Astro_2,-0.33830740038371665,0.22677322677322678,0.6015836015836016,1000
enigma,epilepsy_ltle,Chandelier_1,0.18317997109658318,0.6293706293706294,0.8431191450059374,1000
enigma,epilepsy_ltle,Endo_1,0.02344051469668983,0.935064935064935,0.9484230055658627,1000
enigma,epilepsy_ltle,L2/3 IT_1,0.18918658544619266,0.44555444555444557,0.7455800013939549,1000
enigma,epilepsy_ltle,L2/3 IT_2,0.4490300771979621,0.022977022977022976,0.16313686313686313,1000
enigma,epilepsy_ltle,L2/3 IT_3,-0.22555109263206413,0.5404595404595405,0.8207506778935351,1000
enigma,epilepsy_ltle,L2/3 IT_4,-0.6737934978088302,0.001998001998001998,0.07092907092907093,1000
enigma,epilepsy_ltle,L2/3 IT_5,0.5638992948104664,0.011988011988011988,0.10639360639360639,1000
enigma,epilepsy_ltle,L2/3 IT_6,-0.35624485285516116,0.3006993006993007,0.7116550116550117,1000
enigma,epilepsy_ltle,L2/3 IT_7,-0.4746035755470329,0.10789210789210789,0.5090203913733325,1000
enigma,epilepsy_ltle,L2/3 IT_8,0.6452801107528752,0.005994005994005994,0.08275058275058275,1000
enigma,epilepsy_ltle,L4 IT_1,0.46937090485203026,0.12187812187812187,0.5090203913733325,1000
enigma,epilepsy_ltle,L4 IT_2,-0.08624623967818898,0.8621378621378621,0.9417198186428956,1000
enigma,epilepsy_ltle,L4 IT_3,-0.3363892795457554,0.16583416583416583,0.5351920806466262,1000
enigma,epilepsy_ltle,L5 ET_1,-0.34776458436538704,0.4025974025974026,0.7455800013939549,1000
enigma,epilepsy_ltle,L5 IT_1,-0.2959785687566135,0.36663336663336665,0.7455800013939549,1000
enigma,epilepsy_ltle,L5 IT_2,0.3268829228384369,0.1848151848151848,0.5705164400816574,1000
enigma,epilepsy_ltle,L5 IT_3,-0.24342543978891767,0.5514485514485514,0.8207506778935351,1000
enigma,epilepsy_ltle,L5 IT_4,-0.31159413755167625,0.43356643356643354,0.7455800013939549,1000
enigma,epilepsy_ltle,L5 IT_5,-0.038158782284836386,0.935064935064935,0.9484230055658627,1000
enigma,epilepsy_ltle,L5/6 NP_1,-0.02026573773857493,0.9330669330669331,0.9484230055658627,1000
enigma,epilepsy_ltle,L5/6 NP_2,-0.09225507134169564,0.7402597402597403,0.8908210433634163,1000
enigma,epilepsy_ltle,L6 CT_1,-0.37646998926047864,0.1068931068931069,0.5090203913733325,1000
enigma,epilepsy_ltle,L6 CT_2,0.32646371289734827,0.27672327672327673,0.7016911659768803,1000
enigma,epilepsy_ltle,L6 IT Car3_1,0.39124257025384873,0.11688311688311688,0.5090203913733325,1000
enigma,epilepsy_ltle,L6 IT_1,0.42539368422891644,0.054945054945054944,0.3250915750915751,1000
enigma,epilepsy_ltle,L6 IT_2,-0.6255977496457388,0.014985014985014986,0.11821511821511822,1000
enigma,epilepsy_ltle,L6 IT_3,0.12321869599592374,0.4485514485514486,0.7455800013939549,1000
enigma,epilepsy_ltle,L6b_1,0.4380709678393883,0.03796203796203796,0.24502769957315412,1000
enigma,epilepsy_ltle,L6b_2,0.1327844483930416,0.6053946053946054,0.8431191450059374,1000
enigma,epilepsy_ltle,L6b_3,-0.40073430438840546,0.15784215784215785,0.5336568193711051,1000
enigma,epilepsy_ltle,Lamp5_1,-0.09927137825292424,0.8381618381618382,0.9417198186428956,1000
enigma,epilepsy_ltle,Lamp5_2,-0.6814902786938974,0.003996003996003996,0.07092907092907093,1000
enigma,epilepsy_ltle,Lamp5_Lhx6_1,-0.26121400506732173,0.4515484515484515,0.7455800013939549,1000
enigma,epilepsy_ltle,Micro-PVM_1,0.314806253000086,0.4095904095904096,0.7455800013939549,1000
enigma,epilepsy_ltle,Micro-PVM_2,-0.04991238235578583,0.8591408591408591,0.9417198186428956,1000
enigma,epilepsy_ltle,OPC_1,0.1511062354714786,0.6563436563436563,0.8472799927345382,1000
enigma,epilepsy_ltle,Oligo_1,-0.03697101839292113,0.9040959040959041,0.9484230055658627,1000
enigma,epilepsy_ltle,Oligo_2,-0.6834798731333356,0.002997002997002997,0.07092907092907093,1000
enigma,epilepsy_ltle,Pax6_1,0.19097385284135507,0.6553446553446554,0.8472799927345382,1000
enigma,epilepsy_ltle,Pax6_2,-0.26080422558696104,0.4405594405594406,0.7455800013939549,1000
enigma,epilepsy_ltle,Pvalb_1,-0.4827306180044384,0.15384615384615385,0.5336568193711051,1000
enigma,epilepsy_ltle,Pvalb_2,-0.0880490273858906,0.8271728271728271,0.9417198186428956,1000
enigma,epilepsy_ltle,Pvalb_3,0.12978526639261842,0.5144855144855145,0.8117438117438117,1000
enigma,epilepsy_ltle,Pvalb_4,-0.6254916244181096,0.006993006993006993,0.08275058275058275,1000
enigma,epilepsy_ltle,Pvalb_5,-0.44031942736648455,0.15684315684315683,0.5336568193711051,1000
enigma,epilepsy_ltle,Sncg_1,0.48529761658383275,0.13186813186813187,0.5201465201465202,1000
enigma,epilepsy_ltle,Sncg_2,0.23603248988879635,0.5614385614385614,0.8207506778935351,1000
enigma,epilepsy_ltle,Sncg_3,0.4255737482075427,0.008991008991008992,0.09119451976594835,1000
enigma,epilepsy_ltle,Sncg_4,0.4278973486439467,0.21978021978021978,0.6015836015836016,1000
enigma,epilepsy_ltle,Sst_1,-0.17479862622903095,0.6153846153846154,0.8431191450059374,1000
enigma,epilepsy_ltle,Sst_10,-0.3937348680256219,0.21078921078921078,0.6015836015836016,1000
enigma,epilepsy_ltle,Sst_2,-0.19628942872115332,0.4115884115884116,0.7455800013939549,1000
enigma,epilepsy_ltle,Sst_3,0.25747887097562294,0.4275724275724276,0.7455800013939549,1000
enigma,epilepsy_ltle,Sst_4,0.4581956138383661,0.22877122877122877,0.6015836015836016,1000
enigma,epilepsy_ltle,Sst_5,-0.18246740877450737,0.7292707292707292,0.8908210433634163,1000
enigma,epilepsy_ltle,Sst_6,0.19885588519416872,0.42657342657342656,0.7455800013939549,1000
enigma,epilepsy_ltle,Sst_7,0.14249971773931752,0.6263736263736264,0.8431191450059374,1000
enigma,epilepsy_ltle,Sst_8,0.08994704779899694,0.6803196803196803,0.8625481661195947,1000
enigma,epilepsy_ltle,Sst_9,-0.04280167142768092,0.8831168831168831,0.9484230055658627,1000
enigma,epilepsy_ltle,VLMC_1,-0.07538305140732413,0.6973026973026973,0.8685700264647633,1000
enigma,epilepsy_ltle,Vip_1,0.25137442803183585,0.4835164835164835,0.7802197802197803,1000
enigma,epilepsy_ltle,Vip_2,-0.29997241188039186,0.2867132867132867,0.7019532191945985,1000
enigma,epilepsy_ltle,Vip_3,-0.36976392595514174,0.32667332667332666,0.7455800013939549,1000
enigma,epilepsy_ltle,Vip_4,-0.08242905501364706,0.8131868131868132,0.9417198186428956,1000
enigma,epilepsy_ltle,Vip_5,0.0785266143380446,0.8191808191808192,0.9417198186428956,1000
enigma,epilepsy_ltle,Vip_6,0.22687723990580524,0.37962037962037964,0.7455800013939549,1000
enigma,epilepsy_ltle,Vip_7,-0.6318011881724152,0.003996003996003996,0.07092907092907093,1000
enigma,epilepsy_ltle,Vip_8,0.1798161641735338,0.5664335664335665,0.8207506778935351,1000
enigma,epilepsy_ltle,Vip_9,-0.39532845442383624,0.07092907092907093,0.38738184892031047,1000
enigma,depression,Astro_1,-0.059263478436102655,0.8771228771228772,0.9025467286336851,1000
enigma,depression,Astro_2,0.10472065582283793,0.7392607392607392,0.8797492829750895,1000
enigma,depression,Chandelier_1,-0.40474886281909944,0.2007992007992008,0.5280275280275281,1000
enigma,depression,Endo_1,-0.11028402341268895,0.7102897102897103,0.8694925763891281,1000
enigma,depression,L2/3 IT_1,0.00065430544181032,0.999000999000999,0.999000999000999,1000
enigma,depression,L2/3 IT_2,-0.35982228338777356,0.07892107892107893,0.42557442557442554,1000
enigma,depression,L2/3 IT_3,0.24612277646515837,0.4695304695304695,0.7092907092907091,1000
enigma,depression,L2/3 IT_4,0.5212788803044898,0.027972027972027972,0.24825174825174826,1000
enigma,depression,L2/3 IT_5,-0.27677695480982256,0.28471528471528473,0.5775652918510061,1000
enigma,depression,L2/3 IT_6,0.47733078254952677,0.09490509490509491,0.42557442557442554,1000
enigma,depression,L2/3 IT_7,0.36656524713548183,0.23276723276723277,0.5559923947020722,1000
enigma,depression,L2/3 IT_8,-0.42497373645074893,0.08391608391608392,0.42557442557442554,1000
enigma,depression,L4 IT_1,-0.26659983006340265,0.4075924075924076,0.689025260453832,1000
enigma,depression,L4 IT_2,0.12324852591124971,0.7682317682317682,0.8797492829750895,1000
enigma,depression,L4 IT_3,0.6155444082781137,0.002997002997002997,0.10639360639360639,1000
enigma,depression,L5 ET_1,0.38983964952300565,0.2627372627372627,0.5590879708526767,1000
enigma,depression,L5 IT_1,0.42592261515342356,0.13286713286713286,0.4433066933066933,1000
enigma,depression,L5 IT_2,-0.2620901796699341,0.24275724275724275,0.5559923947020722,1000
enigma,depression,L5 IT_3,0.2390778277762242,0.5424575424575424,0.7406631829708752,1000
enigma,depression,L5 IT_4,0.24842804132837895,0.4985014985014985,0.7092907092907091,1000
enigma,depression,L5 IT_5,-0.05991764847339272,0.8681318681318682,0.9025467286336851,1000
enigma,depression,L5/6 NP_1,0.44502623476400516,0.03496503496503497,0.24825174825174826,1000
enigma,depression,L5/6 NP_2,0.367712432204457,0.14385614385614387,0.4433066933066933,1000
enigma,depression,L6 CT_1,0.5987484013699763,0.005994005994005994,0.14185814185814186,1000
enigma,depression,L6 CT_2,-0.20445858920153162,0.5094905094905094,0.7092907092907091,1000
enigma,depression,L6 IT Car3_1,0.11312231384637557,0.6873126873126874,0.8694925763891281,1000
enigma,depression,L6 IT_1,-0.17488391691154698,0.4255744255744256,0.6982572982572982,1000
enigma,depression,L6 IT_2,0.5787519089586026,0.01998001998001998,0.24825174825174826,1000
enigma,depression,L6 IT_3,-0.18627667798561873,0.25674325674325676,0.5590879708526767,1000
enigma,depression,L6b_1,-0.16763764906952244,0.38961038961038963,0.6816110718549743,1000
enigma,depression,L6b_2,0.19785990575198825,0.47052947052947053,0.7092907092907091,1000
enigma,depression,L6b_3,0.2246742576607395,0.5064935064935064,0.7092907092907091,1000
enigma,depression,Lamp5_1,-0.08216525342897067,0.8561438561438561,0.9025467286336851,1000
enigma,depression,Lamp5_2,0.3978997422854743,0.11488511488511488,0.4433066933066933,1000
enigma,depression,Lamp5_Lhx6_1,0.4063722129735309,0.14985014985014986,0.4433066933066933,1000
enigma,depression,Micro-PVM_1,-0.4824020229559697,0.08391608391608392,0.42557442557442554,1000
enigma,depression,Micro-PVM_2,0.18405753980710252,0.48951048951048953,0.7092907092907091,1000
enigma,depression,OPC_1,-0.30826270938047845,0.3356643356643357,0.6271623113728377,1000
enigma,depression,Oligo_1,-0.06399804725287583,0.8561438561438561,0.9025467286336851,1000
enigma,depression,Oligo_2,0.5297296969897078,0.025974025974025976,0.24825174825174826,1000
enigma,depression,Pax6_1,-0.4319790953936609,0.16483516483516483,0.46813186813186813,1000
enigma,depression,Pax6_2,0.12730588720142627,0.6983016983016983,0.8694925763891281,1000
enigma,depression,Pvalb_1,0.6356184667884062,0.002997002997002997,0.10639360639360639,1000
enigma,depression,Pvalb_2,-0.14647930634193213,0.6733266733266733,0.8692035237489782,1000
enigma,depression,Pvalb_3,0.03764660720292288,0.8631368631368631,0.9025467286336851,1000
enigma,depression,Pvalb_4,0.518371677029521,0.027972027972027972,0.24825174825174826,1000
enigma,depression,Pvalb_5,0.4407944223554523,0.14985014985014986,0.4433066933066933,1000
enigma,depression,Sncg_1,-0.34225672980846455,0.33166833166833165,0.6271623113728377,1000
enigma,depression,Sncg_2,-0.44640828787416026,0.13786213786213786,0.4433066933066933,1000
enigma,depression,Sncg_3,-0.36205459441079557,0.03296703296703297,0.24825174825174826,1000
enigma,depression,Sncg_4,-0.4961814237455476,0.07292707292707293,0.42557442557442554,1000
enigma,depression,Sst_1,0.4340543475595615,0.0959040959040959,0.42557442557442554,1000
enigma,depression,Sst_10,0.28494830782221253,0.3916083916083916,0.6816110718549743,1000
enigma,depression,Sst_2,-0.12417413153752972,0.6213786213786214,0.8261923261923263,1000
enigma,depression,Sst_3,-0.34740472482507506,0.2097902097902098,0.531968031968032,1000
enigma,depression,Sst_4,-0.4125805616131834,0.2677322677322677,0.5590879708526767,1000
enigma,depression,Sst_5,0.2161815149747587,0.6283716283716284,0.8261923261923263,1000
enigma,depression,Sst_6,0.18111588735805698,0.3936063936063936,0.6816110718549743,1000
enigma,depression,Sst_7,-0.1953839142100537,0.44255744255744256,0.6982572982572982,1000
enigma,depression,Sst_8,0.049683971505866266,0.8131868131868132,0.9025467286336851,1000
enigma,depression,Sst_9,0.2545195083241334,0.32167832167832167,0.6271623113728377,1000
enigma,depression,VLMC_1,-0.06786025653916201,0.7442557442557443,0.8797492829750895,1000
enigma,depression,Vip_1,-0.3924136876818904,0.17582417582417584,0.48013524936601865,1000
enigma,depression,Vip_2,0.06273429874261624,0.8401598401598401,0.9025467286336851,1000
enigma,depression,Vip_3,0.41035272040781384,0.23576423576423577,0.5559923947020722,1000
enigma,depression,Vip_4,-0.2208817005974587,0.4385614385614386,0.6982572982572982,1000
enigma,depression,Vip_5,-0.4053621332720711,0.13486513486513488,0.4433066933066933,1000
enigma,depression,Vip_6,-0.481546131363139,0.02197802197802198,0.24825174825174826,1000
enigma,depression,Vip_7,0.4166069788596345,0.1018981018981019,0.4255744255744256,1000
enigma,depression,Vip_8,-0.05050345268447789,0.9110889110889111,0.9241044669616099,1000
enigma,depression,Vip_9,0.08267947443057214,0.7612387612387612,0.8797492829750895,1000
enigma,ocd,Astro_1,0.2700551453913955,0.0919080919080919,0.7221869040050859,1000
enigma,ocd,Astro_2,0.20674666095422303,0.2977022977022977,0.8496069148243062,1000
enigma,ocd,Chandelier_1,-0.062215537371050574,0.7502497502497503,0.9244422244422245,1000
enigma,ocd,Endo_1,0.39248016676758113,0.04095904095904096,0.6383616383616384,1000
enigma,ocd,L2/3 IT_1,-0.11249722268662,0.5204795204795205,0.8496069148243062,1000
enigma,ocd,L2/3 IT_2,-0.26181770043365216,0.26973026973026976,0.8496069148243062,1000
enigma,ocd,L2/3 IT_3,-0.3187859565715339,0.05194805194805195,0.6383616383616384,1000
enigma,ocd,L2/3 IT_4,-0.17335425486352785,0.4595404595404595,0.8496069148243062,1000
enigma,ocd,L2/3 IT_5,-0.024557847269066114,0.9080919080919081,0.9827274175100261,1000
enigma,ocd,L2/3 IT_6,-0.15330113016639316,0.42957042957042957,0.8496069148243062,1000
enigma,ocd,L2/3 IT_7,-0.25935210433091105,0.2007992007992008,0.8496069148243062,1000
enigma,ocd,L2/3 IT_8,-0.1140583528408227,0.6313686313686314,0.8803549391784685,1000
enigma,ocd,L4 IT_1,0.11418299420207509,0.6493506493506493,0.8866133866133866,1000
enigma,ocd,L4 IT_2,-0.38332320940312825,0.017982017982017984,0.6383616383616384,1000
enigma,ocd,L4 IT_3,0.05774771451292365,0.7812187812187812,0.9244422244422245,1000
enigma,ocd,L5 ET_1,0.2830463968456899,0.0999000999000999,0.7221869040050859,1000
enigma,ocd,L5 IT_1,-0.27793831450743683,0.11188811188811189,0.7221869040050859,1000
enigma,ocd,L5 IT_2,-0.005026266486163008,0.984015984015984,0.984015984015984,1000
enigma,ocd,L5 IT_3,-0.3350931527476952,0.053946053946053944,0.6383616383616384,1000
enigma,ocd,L5 IT_4,-0.3576857670543889,0.03696303696303696,0.6383616383616384,1000
enigma,ocd,L5 IT_5,0.1324078330666076,0.5074925074925075,0.8496069148243062,1000
enigma,ocd,L5/6 NP_1,0.06655461794119583,0.7582417582417582,0.9244422244422245,1000
enigma,ocd,L5/6 NP_2,-0.15997805197522968,0.43356643356643354,0.8496069148243062,1000
enigma,ocd,L6 CT_1,0.06565027519952336,0.7492507492507493,0.9244422244422245,1000
enigma,ocd,L6 CT_2,0.1692117851094816,0.3706293706293706,0.8496069148243062,1000
enigma,ocd,L6 IT Car3_1,0.18990288838845285,0.41058941058941056,0.8496069148243062,1000
enigma,ocd,L6 IT_1,0.021185165138452953,0.9100899100899101,0.9827274175100261,1000
enigma,ocd,L6 IT_2,-0.14686638736523214,0.4875124875124875,0.8496069148243062,1000
enigma,ocd,L6 IT_3,-0.2017905993589467,0.27972027972027974,0.8496069148243062,1000
enigma,ocd,L6b_1,-0.14291400826521142,0.5504495504495505,0.8496069148243062,1000
enigma,ocd,L6b_2,-0.021583315756290085,0.9300699300699301,0.9827274175100261,1000
enigma,ocd,L6b_3,-0.06366348886019292,0.6983016983016983,0.9244422244422245,1000
enigma,ocd,Lamp5_1,0.22839374636876011,0.15584415584415584,0.8496069148243062,1000
enigma,ocd,Lamp5_2,-0.12265486467035186,0.6093906093906094,0.8803549391784685,1000
enigma,ocd,Lamp5_Lhx6_1,-0.022864578850415603,0.8941058941058941,0.9827274175100261,1000
enigma,ocd,Micro-PVM_1,0.09571148647032321,0.5784215784215784,0.8737857886794056,1000
enigma,ocd,Micro-PVM_2,0.20781795306324732,0.33166833166833165,0.8496069148243062,1000
enigma,ocd,OPC_1,0.16960533416365775,0.34865134865134867,0.8496069148243062,1000
enigma,ocd,Oligo_1,0.11834963554474467,0.47152847152847155,0.8496069148243062,1000
enigma,ocd,Oligo_2,-0.006648542277654636,0.9760239760239761,0.984015984015984,1000
enigma,ocd,Pax6_1,0.11747095582632906,0.4925074925074925,0.8496069148243062,1000
enigma,ocd,Pax6_2,0.04992543468925887,0.8121878121878122,0.9453333551694209,1000
enigma,ocd,Pvalb_1,0.1378624074889264,0.43956043956043955,0.8496069148243062,1000
enigma,ocd,Pvalb_2,0.29067187787691556,0.0989010989010989,0.7221869040050859,1000
enigma,ocd,Pvalb_3,-0.2178311429985792,0.24875124875124874,0.8496069148243062,1000
enigma,ocd,Pvalb_4,0.06458160151406477,0.7702297702297702,0.9244422244422245,1000
enigma,ocd,Pvalb_5,0.013760861810024838,0.9180819180819181,0.9827274175100261,1000
enigma,ocd,Sncg_1,0.12686747892572522,0.5504495504495505,0.8496069148243062,1000
enigma,ocd,Sncg_2,-0.13575444227798994,0.46253746253746253,0.8496069148243062,1000
enigma,ocd,Sncg_3,-0.19239040761054094,0.42657342657342656,0.8496069148243062,1000
enigma,ocd,Sncg_4,-0.23544241780250236,0.15884115884115885,0.8496069148243062,1000
enigma,ocd,Sst_1,0.01969027153509099,0.9080919080919081,0.9827274175100261,1000
enigma,ocd,Sst_10,0.20668089438866405,0.27972027972027974,0.8496069148243062,1000
enigma,ocd,Sst_2,0.1817176745504477,0.4965034965034965,0.8496069148243062,1000
enigma,ocd,Sst_3,0.14609226170520537,0.3886113886113886,0.8496069148243062,1000
enigma,ocd,Sst_4,-0.16514050680506273,0.3756243756243756,0.8496069148243062,1000
enigma,ocd,Sst_5,-0.14962653570260864,0.4025974025974026,0.8496069148243062,1000
enigma,ocd,Sst_6,0.15791968139465531,0.5024975024975025,0.8496069148243062,1000
enigma,ocd,Sst_7,0.15176020195131876,0.4885114885114885,0.8496069148243062,1000
enigma,ocd,Sst_8,0.2529605049011337,0.2787212787212787,0.8496069148243062,1000
enigma,ocd,Sst_9,-0.0831340438401767,0.6323676323676324,0.8803549391784685,1000
enigma,ocd,VLMC_1,0.3084342977242414,0.10989010989010989,0.7221869040050859,1000
enigma,ocd,Vip_1,-0.05121922763904356,0.7322677322677322,0.9244422244422245,1000
enigma,ocd,Vip_2,0.017689191739910428,0.951048951048951,0.9827274175100261,1000
enigma,ocd,Vip_3,0.14591902410606994,0.43456543456543456,0.8496069148243062,1000
enigma,ocd,Vip_4,-0.17199831629420423,0.4305694305694306,0.8496069148243062,1000
enigma,ocd,Vip_5,-0.10997841981452493,0.5474525474525475,0.8496069148243062,1000
enigma,ocd,Vip_6,-0.010268821395452557,0.955044955044955,0.9827274175100261,1000
enigma,ocd,Vip_7,-0.07053362842254307,0.7722277722277723,0.9244422244422245,1000
enigma,ocd,Vip_8,-0.36858231375869105,0.03596403596403597,0.6383616383616384,1000
enigma,ocd,Vip_9,-0.09785424861871923,0.5994005994005994,0.8803549391784685,1000
enigma,schizophrenia,Astro_1,0.017495499379510143,0.967032967032967,0.996003996003996,1000
enigma,schizophrenia,Astro_2,-0.20986127862563142,0.45454545454545453,0.9650086755349915,1000
enigma,schizophrenia,Chandelier_1,-0.42997709170363285,0.12987012987012986,0.7843920785097256,1000
enigma,schizophrenia,Endo_1,0.061944369023149974,0.8191808191808192,0.996003996003996,1000
enigma,schizophrenia,L2/3 IT_1,0.3642243114510341,0.14685314685314685,0.7843920785097256,1000
enigma,schizophrenia,L2/3 IT_2,0.08414568627540431,0.7162837162837162,0.996003996003996,1000
enigma,schizophrenia,L2/3 IT_3,0.08947840209963755,0.7862137862137862,0.996003996003996,1000
enigma,schizophrenia,L2/3 IT_4,0.10084109304979719,0.6923076923076923,0.996003996003996,1000
enigma,schizophrenia,L2/3 IT_5,0.10448817203250788,0.7052947052947053,0.996003996003996,1000
enigma,schizophrenia,L2/3 IT_6,0.20132551238394722,0.5944055944055944,0.996003996003996,1000
enigma,schizophrenia,L2/3 IT_7,-0.032918257438151285,0.9240759240759241,0.996003996003996,1000
enigma,schizophrenia,L2/3 IT_8,0.0397733200931091,0.8771228771228772,0.996003996003996,1000
enigma,schizophrenia,L4 IT_1,-0.03460577737878985,0.9200799200799201,0.996003996003996,1000
enigma,schizophrenia,L4 IT_2,0.007329405011536352,0.99000999000999,0.996003996003996,1000
enigma,schizophrenia,L4 IT_3,0.25839106134771844,0.33266733266733267,0.9650086755349915,1000
enigma,schizophrenia,L5 ET_1,0.29614516819744835,0.4805194805194805,0.9650086755349915,1000
enigma,schizophrenia,L5 IT_1,0.2795657727216409,0.3676323676323676,0.9650086755349915,1000
enigma,schizophrenia,L5 IT_2,0.19400973070688984,0.44255744255744256,0.9650086755349915,1000
enigma,schizophrenia,L5 IT_3,0.13503210416987357,0.7062937062937062,0.996003996003996,1000
enigma,schizophrenia,L5 IT_4,0.06588923180601029,0.8701298701298701,0.996003996003996,1000
enigma,schizophrenia,L5 IT_5,0.2759887886191976,0.47652347652347654,0.9650086755349915,1000
enigma,schizophrenia,L5/6 NP_1,0.4997288388205999,0.015984015984015984,0.7447552447552448,1000
enigma,schizophrenia,L5/6 NP_2,0.43536484898776356,0.0989010989010989,0.7843920785097256,1000
enigma,schizophrenia,L6 CT_1,0.31000883275747554,0.2217782217782218,0.7873126873126873,1000
enigma,schizophrenia,L6 CT_2,0.18766225166038594,0.5924075924075924,0.996003996003996,1000
enigma,schizophrenia,L6 IT Car3_1,-0.08225371274515318,0.7832167832167832,0.996003996003996,1000
enigma,schizophrenia,L6 IT_1,0.28211331011524443,0.2177822177822178,0.7873126873126873,1000
enigma,schizophrenia,L6 IT_2,0.2836426611697898,0.35064935064935066,0.9650086755349915,1000
enigma,schizophrenia,L6 IT_3,-0.0029648124110558454,0.988011988011988,0.996003996003996,1000
enigma,schizophrenia,L6b_1,0.2646747450497966,0.26873126873126874,0.9085676228533371,1000
enigma,schizophrenia,L6b_2,0.39275495597836196,0.11888111888111888,0.7843920785097256,1000
enigma,schizophrenia,L6b_3,-0.08140897795769031,0.8231768231768232,0.996003996003996,1000
enigma,schizophrenia,Lamp5_1,-0.01617467905188214,0.9600399600399601,0.996003996003996,1000
enigma,schizophrenia,Lamp5_2,0.05959125586169298,0.8421578421578422,0.996003996003996,1000
enigma,schizophrenia,Lamp5_Lhx6_1,0.48071281443643255,0.06393606393606394,0.7843920785097256,1000
enigma,schizophrenia,Micro-PVM_1,-0.39626752834030854,0.2037962037962038,0.7873126873126873,1000
enigma,schizophrenia,Micro-PVM_2,0.0321906518613805,0.9230769230769231,0.996003996003996,1000
enigma,schizophrenia,OPC_1,-0.374315452585283,0.1838161838161838,0.7843920785097256,1000
enigma,schizophrenia,Oligo_1,-0.22722843412871296,0.42157842157842157,0.9650086755349915,1000
enigma,schizophrenia,Oligo_2,0.08746915819983848,0.7632367632367633,0.996003996003996,1000
enigma,schizophrenia,Pax6_1,-0.23397308344009918,0.5114885114885115,0.9650086755349915,1000
enigma,schizophrenia,Pax6_2,-0.12266406543172871,0.7272727272727273,0.996003996003996,1000
enigma,schizophrenia,Pvalb_1,0.43305266570537915,0.15584415584415584,0.7843920785097256,1000
enigma,schizophrenia,Pvalb_2,0.01891839691558804,0.9690309690309691,0.996003996003996,1000
enigma,schizophrenia,Pvalb_3,0.15701454023497424,0.45754245754245754,0.9650086755349915,1000
enigma,schizophrenia,Pvalb_4,-0.0006197606203514734,0.996003996003996,0.996003996003996,1000
enigma,schizophrenia,Pvalb_5,0.3869039853402005,0.1878121878121878,0.7843920785097256,1000
enigma,schizophrenia,Sncg_1,0.011786133131312774,0.975024975024975,0.996003996003996,1000
enigma,schizophrenia,Sncg_2,-0.18466900884393594,0.6093906093906094,0.996003996003996,1000
enigma,schizophrenia,Sncg_3,0.15157744544266424,0.5164835164835165,0.9650086755349915,1000
enigma,schizophrenia,Sncg_4,-0.43031593253139383,0.13686313686313686,0.7843920785097256,1000
enigma,schizophrenia,Sst_1,0.43657466457995825,0.0939060939060939,0.7843920785097256,1000
enigma,schizophrenia,Sst_10,0.13888641912667393,0.7102897102897103,0.996003996003996,1000
enigma,schizophrenia,Sst_2,-0.37531958662990705,0.14685314685314685,0.7843920785097256,1000
enigma,schizophrenia,Sst_3,-0.30046720835976554,0.3226773226773227,0.9650086755349915,1000
enigma,schizophrenia,Sst_4,-0.4844976839927978,0.15084915084915085,0.7843920785097256,1000
enigma,schizophrenia,Sst_5,-0.05008464287725617,0.922077922077922,0.996003996003996,1000
enigma,schizophrenia,Sst_6,0.40006945785035275,0.08891108891108891,0.7843920785097256,1000
enigma,schizophrenia,Sst_7,-0.22292666720018448,0.4145854145854146,0.9650086755349915,1000
enigma,schizophrenia,Sst_8,0.2403354511037821,0.3176823176823177,0.9650086755349915,1000
enigma,schizophrenia,Sst_9,0.005286053566246256,0.978021978021978,0.996003996003996,1000
enigma,schizophrenia,VLMC_1,-0.11587676283188168,0.5774225774225774,0.996003996003996,1000
enigma,schizophrenia,Vip_1,-0.22245561420220963,0.4925074925074925,0.9650086755349915,1000
enigma,schizophrenia,Vip_2,-0.2353676996960009,0.4405594405594406,0.9650086755349915,1000
enigma,schizophrenia,Vip_3,0.2528253448517101,0.4885114885114885,0.9650086755349915,1000
enigma,schizophrenia,Vip_4,-0.4465352002058412,0.12887112887112886,0.7843920785097256,1000
enigma,schizophrenia,Vip_5,-0.36204507205208686,0.17282717282717283,0.7843920785097256,1000
enigma,schizophrenia,Vip_6,-0.5053297525414554,0.02097902097902098,0.7447552447552448,1000
enigma,schizophrenia,Vip_7,-0.07195352578376624,0.8181818181818182,0.996003996003996,1000
enigma,schizophrenia,Vip_8,0.08641471713084196,0.7782217782217782,0.996003996003996,1000
enigma,schizophrenia,Vip_9,-0.11446644367625551,0.6493506493506493,0.996003996003996,1000
enigma,bipolar,Astro_1,-0.1046762982073326,0.6963036963036963,0.9569968493045415,1000
enigma,bipolar,Astro_2,-0.19104149403180856,0.4095904095904096,0.8553211494387966,1000
enigma,bipolar,Chandelier_1,-0.35893313506577196,0.15084915084915085,0.8298701298701298,1000
enigma,bipolar,Endo_1,0.21889279880432913,0.33666333666333664,0.8553211494387966,1000
enigma,bipolar,L2/3 IT_1,0.343711770521939,0.1258741258741259,0.8298701298701298,1000
enigma,bipolar,L2/3 IT_2,-0.13591120384549318,0.5764235764235764,0.9569968493045415,1000
enigma,bipolar,L2/3 IT_3,-0.03238799323532412,0.903096903096903,0.9570131361176137,1000
enigma,bipolar,L2/3 IT_4,0.017055669913208886,0.945054945054945,0.9724478420130593,1000
enigma,bipolar,L2/3 IT_5,0.07928499731183652,0.7652347652347652,0.9569968493045415,1000
enigma,bipolar,L2/3 IT_6,0.21235516885806893,0.4825174825174825,0.9071454860928546,1000
enigma,bipolar,L2/3 IT_7,0.10038420066340893,0.7512487512487512,0.9569968493045415,1000
enigma,bipolar,L2/3 IT_8,-0.05634986787240667,0.8291708291708292,0.9569968493045415,1000
enigma,bipolar,L4 IT_1,-0.3196107525841909,0.26973026973026976,0.8553211494387966,1000
enigma,bipolar,L4 IT_2,0.11374465068076793,0.7312687312687313,0.9569968493045415,1000
enigma,bipolar,L4 IT_3,0.280407656028069,0.21578421578421578,0.8298701298701298,1000
enigma,bipolar,L5 ET_1,0.062054612870263044,0.8761238761238761,0.9569968493045415,1000
enigma,bipolar,L5 IT_1,0.09541470550497541,0.7232767232767233,0.9569968493045415,1000
enigma,bipolar,L5 IT_2,0.13310037954365492,0.5794205794205795,0.9569968493045415,1000
enigma,bipolar,L5 IT_3,0.21969363162440564,0.46553446553446554,0.9071454860928546,1000
enigma,bipolar,L5 IT_4,0.10743578297631184,0.7392607392607392,0.9569968493045415,1000
enigma,bipolar,L5 IT_5,0.05264756198868012,0.8621378621378621,0.9569968493045415,1000
enigma,bipolar,L5/6 NP_1,0.365123556049921,0.11388611388611389,0.8298701298701298,1000
enigma,bipolar,L5/6 NP_2,0.21024467791849347,0.4065934065934066,0.8553211494387966,1000
enigma,bipolar,L6 CT_1,0.2898810182323284,0.1888111888111888,0.8298701298701298,1000
enigma,bipolar,L6 CT_2,0.023249904809324193,0.9280719280719281,0.9690162778398073,1000
enigma,bipolar,L6 IT Car3_1,0.05007710355412332,0.8711288711288712,0.9569968493045415,1000
enigma,bipolar,L6 IT_1,0.2267238400922985,0.3016983016983017,0.8553211494387966,1000
enigma,bipolar,L6 IT_2,0.15196843665601215,0.5194805194805194,0.9457209457209456,1000
enigma,bipolar,L6 IT_3,-0.1568349160305724,0.3996003996003996,0.8553211494387966,1000
enigma,bipolar,L6b_1,0.05826187034004233,0.8071928071928072,0.9569968493045415,1000
enigma,bipolar,L6b_2,0.28779496713064157,0.22377622377622378,0.8298701298701298,1000
enigma,bipolar,L6b_3,-0.27361437172343317,0.23376623376623376,0.8298701298701298,1000
enigma,bipolar,Lamp5_1,-0.21476730874963834,0.4855144855144855,0.9071454860928546,1000
enigma,bipolar,Lamp5_2,-0.10248289568250493,0.6713286713286714,0.9569968493045415,1000
enigma,bipolar,Lamp5_Lhx6_1,0.25353832070425175,0.3006993006993007,0.8553211494387966,1000
enigma,bipolar,Micro-PVM_1,-0.34837161470195627,0.16183816183816183,0.8298701298701298,1000
enigma,bipolar,Micro-PVM_2,0.3569602836617876,0.12087912087912088,0.8298701298701298,1000
enigma,bipolar,OPC_1,-0.3015226520390368,0.21978021978021978,0.8298701298701298,1000
enigma,bipolar,Oligo_1,-0.21132477710751577,0.34965034965034963,0.8553211494387966,1000
enigma,bipolar,Oligo_2,0.04277541104783007,0.8701298701298701,0.9569968493045415,1000
enigma,bipolar,Pax6_1,-0.2639052313384151,0.35664335664335667,0.8553211494387966,1000
enigma,bipolar,Pax6_2,0.12117262075603959,0.6843156843156843,0.9569968493045415,1000
enigma,bipolar,Pvalb_1,0.3864082912960743,0.12687312687312688,0.8298701298701298,1000
enigma,bipolar,Pvalb_2,0.013755766613878112,0.962037962037962,0.9757813614956471,1000
enigma,bipolar,Pvalb_3,0.03512085125933936,0.8461538461538461,0.9569968493045415,1000
enigma,bipolar,Pvalb_4,0.1340886620839526,0.6013986013986014,0.9569968493045415,1000
enigma,bipolar,Pvalb_5,0.2616676091226736,0.2967032967032967,0.8553211494387966,1000
enigma,bipolar,Sncg_1,-0.24138494353709453,0.42957042957042957,0.8714142999857285,1000
enigma,bipolar,Sncg_2,-0.43050111253114826,0.05094905094905095,0.8298701298701298,1000
enigma,bipolar,Sncg_3,-0.20318090948406617,0.38461538461538464,0.8553211494387966,1000
enigma,bipolar,Sncg_4,-0.3601283946371992,0.1258741258741259,0.8298701298701298,1000
enigma,bipolar,Sst_1,0.3329842538046137,0.16683316683316685,0.8298701298701298,1000
enigma,bipolar,Sst_10,0.00842349144313845,0.983016983016983,0.983016983016983,1000
enigma,bipolar,Sst_2,-0.10758209241542177,0.6933066933066933,0.9569968493045415,1000
enigma,bipolar,Sst_3,-0.3677088480738322,0.1068931068931069,0.8298701298701298,1000
enigma,bipolar,Sst_4,-0.18791584261541508,0.5494505494505495,0.9569968493045415,1000
enigma,bipolar,Sst_5,0.15843715791081844,0.6553446553446554,0.9569968493045415,1000
enigma,bipolar,Sst_6,0.2016629409463937,0.3546453546453546,0.8553211494387966,1000
enigma,bipolar,Sst_7,0.10149114508073102,0.6873126873126874,0.9569968493045415,1000
enigma,bipolar,Sst_8,0.07153307036660149,0.7812187812187812,0.9569968493045415,1000
enigma,bipolar,Sst_9,0.205280428263769,0.3886113886113886,0.8553211494387966,1000
enigma,bipolar,VLMC_1,0.18900534894596893,0.38461538461538464,0.8553211494387966,1000
enigma,bipolar,Vip_1,-0.4590998043475237,0.02197802197802198,0.8298701298701298,1000
enigma,bipolar,Vip_2,0.03950758908404703,0.9020979020979021,0.9570131361176137,1000
enigma,bipolar,Vip_3,0.34863279966637184,0.16883116883116883,0.8298701298701298,1000
enigma,bipolar,Vip_4,-0.14020407393156484,0.5964035964035964,0.9569968493045415,1000
enigma,bipolar,Vip_5,-0.391705508874408,0.06793206793206794,0.8298701298701298,1000
enigma,bipolar,Vip_6,-0.3551879704496931,0.0979020979020979,0.8298701298701298,1000
enigma,bipolar,Vip_7,0.1312258158677799,0.6373626373626373,0.9569968493045415,1000
enigma,bipolar,Vip_8,0.028896251292757157,0.8681318681318682,0.9569968493045415,1000
enigma,bipolar,Vip_9,-0.25636440149878126,0.18281718281718282,0.8298701298701298,1000
enigma,obesity,Astro_1,-0.007103001596159499,0.986013986013986,0.986013986013986,1000
enigma,obesity,Astro_2,-0.37166986339682573,0.11288711288711288,0.2862494648208934,1000
enigma,obesity,Chandelier_1,-0.40030624710977636,0.08591408591408592,0.25097978944132787,1000
enigma,obesity,Endo_1,-0.17309630663669615,0.41058941058941056,0.6472277722277723,1000
enigma,obesity,L2/3 IT_1,0.5016640892102268,0.003996003996003996,0.04053089767375482,1000
enigma,obesity,L2/3 IT_2,0.2446131967656323,0.37162837162837165,0.6472277722277723,1000
enigma,obesity,L2/3 IT_3,0.19614473358801723,0.4275724275724276,0.6472277722277723,1000
enigma,obesity,L2/3 IT_4,0.2127457500384793,0.4785214785214785,0.6661769602946073,1000
enigma,obesity,L2/3 IT_5,0.21887642934831927,0.33266733266733267,0.6383616383616384,1000
enigma,obesity,L2/3 IT_6,0.2545001770446026,0.34565434565434566,0.6458278563541722,1000
enigma,obesity,L2/3 IT_7,0.041315649334711387,0.8911088911088911,0.9443094219213622,1000
enigma,obesity,L2/3 IT_8,0.19870793968151718,0.43756243756243757,0.6472277722277723,1000
enigma,obesity,L4 IT_1,0.11590310823776075,0.7062937062937062,0.8646009163250542,1000
enigma,obesity,L4 IT_2,0.0692287030029592,0.8121878121878122,0.9010208541458542,1000
enigma,obesity,L4 IT_3,0.44464897407972886,0.05094905094905095,0.18086913086913087,1000
enigma,obesity,L5 ET_1,0.3815692343393808,0.0899100899100899,0.25097978944132787,1000
enigma,obesity,L5 IT_1,0.4069510917726704,0.0919080919080919,0.25097978944132787,1000
enigma,obesity,L5 IT_2,0.12219340121154838,0.5994005994005994,0.773771682862592,1000
enigma,obesity,L5 IT_3,0.16642477366729616,0.5104895104895105,0.6905547282905773,1000
enigma,obesity,L5 IT_4,0.058576193748050176,0.8281718281718282,0.9046184584646123,1000
enigma,obesity,L5 IT_5,0.23691562938351218,0.3866133866133866,0.6472277722277723,1000
enigma,obesity,L5/6 NP_1,0.7009557027217445,0.000999000999000999,0.023643023643023644,1000
enigma,obesity,L5/6 NP_2,0.6747354351961802,0.001998001998001998,0.035464535464535464,1000
enigma,obesity,L6 CT_1,0.4792156480935328,0.027972027972027972,0.15072427572427574,1000
enigma,obesity,L6 CT_2,0.24011021306791605,0.3026973026973027,0.596986346986347,1000
enigma,obesity,L6 IT Car3_1,0.06412195213937144,0.8031968031968032,0.9010208541458542,1000
enigma,obesity,L6 IT_1,0.403379906386484,0.06393606393606394,0.20956316410861864,1000
enigma,obesity,L6 IT_2,0.38162749184609396,0.12887112887112886,0.3155120741327638,1000
enigma,obesity,L6 IT_3,0.018776359131372534,0.942057942057942,0.9555159126587698,1000
enigma,obesity,L6b_1,0.5105752246317308,0.02197802197802198,0.13003663003663005,1000
enigma,obesity,L6b_2,0.5586382392646643,0.003996003996003996,0.04053089767375482,1000
enigma,obesity,L6b_3,0.018581693895582237,0.942057942057942,0.9555159126587698,1000
enigma,obesity,Lamp5_1,-0.10123120358446572,0.7452547452547452,0.8818847818847818,1000
enigma,obesity,Lamp5_2,0.08462735000014002,0.7642357642357642,0.8895203157498239,1000
enigma,obesity,Lamp5_Lhx6_1,0.5777652458172657,0.005994005994005994,0.05319680319680319,1000
enigma,obesity,Micro-PVM_1,-0.43961516429208586,0.06493506493506493,0.20956316410861864,1000
enigma,obesity,Micro-PVM_2,-0.18372006491347626,0.42857142857142855,0.6472277722277723,1000
enigma,obesity,OPC_1,-0.46003732775632356,0.04795204795204795,0.18086913086913087,1000
enigma,obesity,Oligo_1,-0.23785750235588088,0.24575424575424576,0.49853004138718426,1000
enigma,obesity,Oligo_2,0.0994517577974614,0.6813186813186813,0.8486601118180065,1000
enigma,obesity,Pax6_1,-0.37109562561895765,0.14885114885114886,0.3302634865134865,1000
enigma,obesity,Pax6_2,-0.3714042004364986,0.13886113886113885,0.3249009055460669,1000
enigma,obesity,Pvalb_1,0.4451351140872166,0.05094905094905095,0.18086913086913087,1000
enigma,obesity,Pvalb_2,-0.21134121564950792,0.4025974025974026,0.6472277722277723,1000
enigma,obesity,Pvalb_3,0.38195927693296156,0.04295704295704296,0.17940882646765002,1000
enigma,obesity,Pvalb_4,-0.042793062739617214,0.8681318681318682,0.933899433899434,1000
enigma,obesity,Pvalb_5,0.3787601277408132,0.07092907092907093,0.21895495808539286,1000
enigma,obesity,Sncg_1,0.0786726861416612,0.7812187812187812,0.8946215075247334,1000
enigma,obesity,Sncg_2,-0.18296849382479866,0.4565434565434565,0.6615221513180697,1000
enigma,obesity,Sncg_3,0.1585544561200761,0.5884115884115884,0.7736522736522736,1000
enigma,obesity,Sncg_4,-0.3469107121318505,0.1048951048951049,0.27583527583527584,1000
enigma,obesity,Sst_1,0.5302162907977214,0.003996003996003996,0.04053089767375482,1000
enigma,obesity,Sst_10,0.16379501651806955,0.5154845154845155,0.6905547282905773,1000
enigma,obesity,Sst_2,-0.597409869973811,0.017982017982017984,0.12767232767232767,1000
enigma,obesity,Sst_3,-0.3479673896863086,0.14185814185814186,0.3249009055460669,1000
enigma,obesity,Sst_4,-0.5024101321576933,0.03196803196803197,0.15072427572427574,1000
enigma,obesity,Sst_5,-0.144859465243502,0.6303696303696303,0.7992186385043528,1000
enigma,obesity,Sst_6,0.5106532416146834,0.007992007992007992,0.06304806304806305,1000
enigma,obesity,Sst_7,-0.5190637687500778,0.030969030969030968,0.15072427572427574,1000
enigma,obesity,Sst_8,0.028108409816648625,0.9310689310689311,0.9555159126587698,1000
enigma,obesity,Sst_9,0.1798961513451569,0.3786213786213786,0.6472277722277723,1000
enigma,obesity,VLMC_1,-0.27352069194649303,0.21578421578421578,0.45060821531409767,1000
enigma,obesity,Vip_1,-0.17857010917611207,0.4325674325674326,0.6472277722277723,1000
enigma,obesity,Vip_2,-0.5345453576387981,0.02097902097902098,0.13003663003663005,1000
enigma,obesity,Vip_3,0.0919225921116817,0.7272727272727273,0.8751926040061634,1000
enigma,obesity,Vip_4,-0.6592527591298983,0.000999000999000999,0.023643023643023644,1000
enigma,obesity,Vip_5,-0.4725386030803874,0.03396603396603397,0.15072427572427574,1000
enigma,obesity,Vip_6,-0.6819806704862124,0.000999000999000999,0.023643023643023644,1000
enigma,obesity,Vip_7,-0.19502322532247413,0.47652347652347654,0.6661769602946073,1000
enigma,obesity,Vip_8,0.23655442750119482,0.36863136863136864,0.6472277722277723,1000
enigma,obesity,Vip_9,-0.23006826761059485,0.1978021978021978,0.42557442557442554,1000
enigma,schizotypy,Astro_1,-0.17306161148862348,0.5884115884115884,0.8703588078588078,1000
enigma,schizotypy,Astro_2,-0.5299844956313606,0.013986013986013986,0.11821511821511822,1000
enigma,schizotypy,Chandelier_1,0.030450382373253926,0.9110889110889111,0.9665409217648023,1000
enigma,schizotypy,Endo_1,-0.1593345805697597,0.48451548451548454,0.819061890490462,1000
enigma,schizotypy,L2/3 IT_1,0.3887010597642457,0.05194805194805195,0.2458874458874459,1000
enigma,schizotypy,L2/3 IT_2,0.5016176299852919,0.008991008991008992,0.1063936063936064,1000
enigma,schizotypy,L2/3 IT_3,-0.12124769811693353,0.6763236763236763,0.9247049247049248,1000
enigma,schizotypy,L2/3 IT_4,-0.4433278319916621,0.04495504495504495,0.24552370706216858,1000
enigma,schizotypy,L2/3 IT_5,0.5469642497369175,0.005994005994005994,0.1063936063936064,1000
enigma,schizotypy,L2/3 IT_6,-0.22879945127472331,0.42357642357642356,0.7957895762773811,1000
enigma,schizotypy,L2/3 IT_7,-0.2502651638595398,0.3866133866133866,0.7683982683982684,1000
enigma,schizotypy,L2/3 IT_8,0.6381343530262185,0.001998001998001998,0.1063936063936064,1000
enigma,schizotypy,L4 IT_1,0.3800598466411641,0.16983016983016982,0.5242583503453069,1000
enigma,schizotypy,L4 IT_2,0.07320696641219154,0.8251748251748252,0.9449582675389128,1000
enigma,schizotypy,L4 IT_3,-0.13607002835055693,0.5354645354645354,0.8264778699561307,1000
enigma,schizotypy,L5 ET_1,-0.2836155108942916,0.35364635364635366,0.7683982683982684,1000
enigma,schizotypy,L5 IT_1,-0.02077519535707952,0.951048951048951,0.991008991008991,1000
enigma,schizotypy,L5 IT_2,0.418575671052524,0.05194805194805195,0.2458874458874459,1000
enigma,schizotypy,L5 IT_3,-0.039412209926791654,0.9070929070929071,0.9665409217648023,1000
enigma,schizotypy,L5 IT_4,-0.0852611716066576,0.8041958041958042,0.9449582675389128,1000
enigma,schizotypy,L5 IT_5,0.08382344737805188,0.7872127872127872,0.9449582675389128,1000
enigma,schizotypy,L5/6 NP_1,0.15401518587136714,0.5044955044955045,0.8227772227772228,1000
enigma,schizotypy,L5/6 NP_2,0.1948577236866286,0.44955044955044954,0.7957895762773811,1000
enigma,schizotypy,L6 CT_1,-0.19752379176094365,0.38961038961038963,0.7683982683982684,1000
enigma,schizotypy,L6 CT_2,0.2726911374350171,0.24375624375624375,0.6261324882014537,1000
enigma,schizotypy,L6 IT Car3_1,0.07918540871509668,0.7472527472527473,0.9449582675389128,1000
enigma,schizotypy,L6 IT_1,0.5378292850076678,0.005994005994005994,0.1063936063936064,1000
enigma,schizotypy,L6 IT_2,-0.35839576261879275,0.16683316683316685,0.5242583503453069,1000
enigma,schizotypy,L6 IT_3,0.15182827675910796,0.37362637362637363,0.7683982683982684,1000
enigma,schizotypy,L6b_1,0.5273974798120823,0.006993006993006993,0.1063936063936064,1000
enigma,schizotypy,L6b_2,0.27739881705257513,0.25574425574425574,0.6261324882014537,1000
enigma,schizotypy,L6b_3,-0.4113969870743875,0.06293706293706294,0.262854792266557,1000
enigma,schizotypy,Lamp5_1,-0.21359914503341731,0.5214785214785215,0.8227772227772228,1000
enigma,schizotypy,Lamp5_2,-0.46468967725356786,0.03696303696303696,0.21869796869796868,1000
enigma,schizotypy,Lamp5_Lhx6_1,0.0027483963171297913,0.991008991008991,0.991008991008991,1000
enigma,schizotypy,Micro-PVM_1,0.052883539006459424,0.8791208791208791,0.9665409217648023,1000
enigma,schizotypy,Micro-PVM_2,-0.23480844861023714,0.2977022977022977,0.6818342947375207,1000
enigma,schizotypy,OPC_1,-0.10914095220644383,0.6893106893106893,0.9247049247049248,1000
enigma,schizotypy,Oligo_1,-0.25145202990213794,0.27472527472527475,0.6501831501831502,1000
enigma,schizotypy,Oligo_2,-0.5381018091477953,0.01098901098901099,0.11145996860282577,1000
enigma,schizotypy,Pax6_1,0.007978485449249405,0.9790209790209791,0.991008991008991,1000
enigma,schizotypy,Pax6_2,-0.30321591446389023,0.23076923076923078,0.6261324882014537,1000
enigma,schizotypy,Pvalb_1,-0.2661472584295691,0.43656343656343655,0.7957895762773811,1000
enigma,schizotypy,Pvalb_2,-0.15379421892775208,0.6123876123876124,0.8851948051948052,1000
enigma,schizotypy,Pvalb_3,0.40970750632769815,0.025974025974025976,0.18441558441558442,1000
enigma,schizotypy,Pvalb_4,-0.542256665133705,0.007992007992007992,0.1063936063936064,1000
enigma,schizotypy,Pvalb_5,-0.09860831929851521,0.7592407592407593,0.9449582675389128,1000
enigma,schizotypy,Sncg_1,0.27326467721187697,0.3786213786213786,0.7683982683982684,1000
enigma,schizotypy,Sncg_2,0.09033508500995957,0.7882117882117882,0.9449582675389128,1000
enigma,schizotypy,Sncg_3,0.3972550543704629,0.030969030969030968,0.19989101807283627,1000
enigma,schizotypy,Sncg_4,0.36766493971292796,0.19480519480519481,0.5762987012987013,1000
enigma,schizotypy,Sst_1,0.10452311900840468,0.7032967032967034,0.9247049247049248,1000
enigma,schizotypy,Sst_10,-0.35166520347664587,0.15784215784215785,0.5242583503453069,1000
enigma,schizotypy,Sst_2,-0.36458916483492854,0.1258741258741259,0.46813186813186813,1000
enigma,schizotypy,Sst_3,-0.02762484713066525,0.9120879120879121,0.9665409217648023,1000
enigma,schizotypy,Sst_4,0.26191617276602197,0.45454545454545453,0.7957895762773811,1000
enigma,schizotypy,Sst_5,-0.14728082615821117,0.6903096903096904,0.9247049247049248,1000
enigma,schizotypy,Sst_6,0.249832921025832,0.25274725274725274,0.6261324882014537,1000
enigma,schizotypy,Sst_7,-0.0038055556001609686,0.984015984015984,0.991008991008991,1000
enigma,schizotypy,Sst_8,-0.05290512778128977,0.8201798201798202,0.9449582675389128,1000
enigma,schizotypy,Sst_9,0.11550500150877148,0.6233766233766234,0.8851948051948052,1000
enigma,schizotypy,VLMC_1,-0.2400755344640215,0.22377622377622378,0.6261324882014537,1000
enigma,schizotypy,Vip_1,0.15575717414033066,0.5754245754245755,0.8692584011732949,1000
enigma,schizotypy,Vip_2,-0.3536240453889212,0.13186813186813187,0.46813186813186813,1000
enigma,schizotypy,Vip_3,-0.21644217139877533,0.5154845154845155,0.8227772227772228,1000
enigma,schizotypy,Vip_4,-0.2026496347484734,0.4595404595404595,0.7957895762773811,1000
enigma,schizotypy,Vip_5,-0.08999055255850938,0.7272727272727273,0.9388429752066116,1000
enigma,schizotypy,Vip_6,-0.044309491034416885,0.8501498501498501,0.9581053866768152,1000
enigma,schizotypy,Vip_7,-0.5050341004664443,0.014985014985014986,0.11821511821511822,1000
enigma,schizotypy,Vip_8,0.39019623309598694,0.0899100899100899,0.3546453546453546,1000
enigma,schizotypy,Vip_9,-0.3683679196870543,0.057942057942057944,0.2571178821178821,1000
enigma,parkinson,Astro_1,0.5033546929808996,0.22377622377622378,0.7502719502719503,1000
enigma,parkinson,Astro_2,0.20505074125835132,0.5444555444555444,0.7624875124875125,1000
enigma,parkinson,Chandelier_1,0.359217219448415,0.44755244755244755,0.7502719502719503,1000
enigma,parkinson,Endo_1,0.3809912602245039,0.17382617382617382,0.7502719502719503,1000
enigma,parkinson,L2/3 IT_1,-0.03765104496753981,0.9140859140859141,0.9405811579724623,1000
enigma,parkinson,L2/3 IT_2,-0.011604305801446986,0.958041958041958,0.958041958041958,1000
enigma,parkinson,L2/3 IT_3,-0.5386499852653409,0.1068931068931069,0.6324508824508824,1000
enigma,parkinson,L2/3 IT_4,-0.3269657220060061,0.21678321678321677,0.7502719502719503,1000
enigma,parkinson,L2/3 IT_5,0.20583010671496604,0.43656343656343655,0.7502719502719503,1000
enigma,parkinson,L2/3 IT_6,-0.4818574293446622,0.2047952047952048,0.7502719502719503,1000
enigma,parkinson,L2/3 IT_7,-0.6008017394063835,0.04795204795204795,0.42557442557442554,1000
enigma,parkinson,L2/3 IT_8,0.2371366360239407,0.4485514485514486,0.7502719502719503,1000
enigma,parkinson,L4 IT_1,0.553257201745291,0.03896103896103896,0.42557442557442554,1000
enigma,parkinson,L4 IT_2,-0.6293197830583996,0.1018981018981019,0.6324508824508824,1000
enigma,parkinson,L4 IT_3,-0.18667105269978343,0.4755244755244755,0.7502719502719503,1000
enigma,parkinson,L5 ET_1,0.39551430282759903,0.47152847152847155,0.7502719502719503,1000
enigma,parkinson,L5 IT_1,-0.5589397978118992,0.07892107892107893,0.5603396603396603,1000
enigma,parkinson,L5 IT_2,-0.05268706929803112,0.8641358641358642,0.9405811579724623,1000
enigma,parkinson,L5 IT_3,-0.6892984688903699,0.022977022977022976,0.42557442557442554,1000
enigma,parkinson,L5 IT_4,-0.7543627241009273,0.004995004995004995,0.3546453546453546,1000
enigma,parkinson,L5 IT_5,0.22000499091104475,0.6443556443556444,0.7887801853319095,1000
enigma,parkinson,L5/6 NP_1,-0.03333149709947643,0.929070929070929,0.9423433709147995,1000
enigma,parkinson,L5/6 NP_2,-0.20900118575644044,0.5534465534465535,0.7624875124875125,1000
enigma,parkinson,L6 CT_1,-0.14373367310303575,0.6013986013986014,0.7624875124875125,1000
enigma,parkinson,L6 CT_2,0.5845162273969533,0.03496503496503497,0.42557442557442554,1000
enigma,parkinson,L6 IT Car3_1,0.07343937946042209,0.8381618381618382,0.9405811579724623,1000
enigma,parkinson,L6 IT_1,0.17028602544215818,0.5074925074925075,0.7624875124875125,1000
enigma,parkinson,L6 IT_2,-0.3897248884254215,0.2627372627372627,0.7502719502719503,1000
enigma,parkinson,L6 IT_3,-0.14610542557949174,0.40559440559440557,0.7502719502719503,1000
enigma,parkinson,L6b_1,0.19801307488882228,0.3856143856143856,0.7502719502719503,1000
enigma,parkinson,L6b_2,-0.07578659276542461,0.8771228771228772,0.9405811579724623,1000
enigma,parkinson,L6b_3,0.050785315365197724,0.8991008991008991,0.9405811579724623,1000
enigma,parkinson,Lamp5_1,0.5171861983785278,0.25074925074925075,0.7502719502719503,1000
enigma,parkinson,Lamp5_2,-0.16936277939980826,0.5774225774225774,0.7624875124875125,1000
enigma,parkinson,Lamp5_Lhx6_1,-0.11588947620395587,0.7402597402597403,0.8759740259740261,1000
enigma,parkinson,Micro-PVM_1,0.4250089567741293,0.35064935064935066,0.7502719502719503,1000
enigma,parkinson,Micro-PVM_2,-0.26139707097328435,0.3906093906093906,0.7502719502719503,1000
enigma,parkinson,OPC_1,0.4646863323294366,0.16683316683316685,0.7502719502719503,1000
enigma,parkinson,Oligo_1,0.37390467507511443,0.2917082917082917,0.7502719502719503,1000
enigma,parkinson,Oligo_2,-0.20924064634569467,0.5644355644355644,0.7624875124875125,1000
enigma,parkinson,Pax6_1,0.4436251515281774,0.3006993006993007,0.7502719502719503,1000
enigma,parkinson,Pax6_2,-0.552780176575688,0.03596403596403597,0.42557442557442554,1000
enigma,parkinson,Pvalb_1,-0.28704229831944433,0.5534465534465535,0.7624875124875125,1000
enigma,parkinson,Pvalb_2,0.3927053489435669,0.2727272727272727,0.7502719502719503,1000
enigma,parkinson,Pvalb_3,-0.056093362587478046,0.8431568431568431,0.9405811579724623,1000
enigma,parkinson,Pvalb_4,-0.3170446420877841,0.27972027972027974,0.7502719502719503,1000
enigma,parkinson,Pvalb_5,-0.24629924968488548,0.5964035964035964,0.7624875124875125,1000
enigma,parkinson,Sncg_1,0.6091254505603537,0.06893106893106893,0.5437895437895438,1000
enigma,parkinson,Sncg_2,0.4075292115889889,0.4065934065934066,0.7502719502719503,1000
enigma,parkinson,Sncg_3,0.08279231393604047,0.4935064935064935,0.7617165443252399,1000
enigma,parkinson,Sncg_4,0.04194784890883104,0.9040959040959041,0.9405811579724623,1000
enigma,parkinson,Sst_1,-0.2403224806293331,0.6003996003996004,0.7624875124875125,1000
enigma,parkinson,Sst_10,0.3967474785250377,0.34565434565434566,0.7502719502719503,1000
enigma,parkinson,Sst_2,0.1386700660497601,0.6403596403596403,0.7887801853319095,1000
enigma,parkinson,Sst_3,0.43348182971481086,0.19480519480519481,0.7502719502719503,1000
enigma,parkinson,Sst_4,-0.17774147932393972,0.7642357642357642,0.8895203157498239,1000
enigma,parkinson,Sst_5,-0.6451010815098496,0.13286713286713286,0.7256589564281871,1000
enigma,parkinson,Sst_6,0.164850910965047,0.44455544455544455,0.7502719502719503,1000
enigma,parkinson,Sst_7,-0.19821172820855915,0.5234765234765235,0.7624875124875125,1000
enigma,parkinson,Sst_8,0.14472055398447403,0.45554445554445555,0.7502719502719503,1000
enigma,parkinson,Sst_9,-0.24451180665916836,0.4115884115884116,0.7502719502719503,1000
enigma,parkinson,VLMC_1,0.22360660328607218,0.2647352647352647,0.7502719502719503,1000
enigma,parkinson,Vip_1,0.35266186471526023,0.4305694305694306,0.7502719502719503,1000
enigma,parkinson,Vip_2,-0.5228730734861945,0.04295704295704296,0.42557442557442554,1000
enigma,parkinson,Vip_3,-0.38859904904850584,0.4275724275724276,0.7502719502719503,1000
enigma,parkinson,Vip_4,-0.4331765454241106,0.17282717282717283,0.7502719502719503,1000
enigma,parkinson,Vip_5,0.2100650812116035,0.6583416583416584,0.7922416566484364,1000
enigma,parkinson,Vip_6,0.057943027298371426,0.8531468531468531,0.9405811579724623,1000
enigma,parkinson,Vip_7,-0.5521589957553107,0.02197802197802198,0.42557442557442554,1000
enigma,parkinson,Vip_8,-0.3278709373938406,0.38461538461538464,0.7502719502719503,1000
enigma,parkinson,Vip_9,-0.2109010460841834,0.4255744255744256,0.7502719502719503,1000
