,Astro_1,Astro_2,Chandelier_1,Endo_1,L2/3 IT_1,L2/3 IT_2,L2/3 IT_3,L2/3 IT_4,L2/3 IT_5,L2/3 IT_6,L2/3 IT_7,L2/3 IT_8,L4 IT_1,L4 IT_2,L4 IT_3,L5 ET_1,L5 IT_1,L5 IT_2,L5 IT_3,L5 IT_4,L5 IT_5,L5/6 NP_1,L5/6 NP_2,L6 CT_1,L6 CT_2,L6 IT Car3_1,L6 IT_1,L6 IT_2,L6 IT_3,L6b_1,L6b_2,L6b_3,Lamp5_1,Lamp5_2,Lamp5_Lhx6_1,Micro-PVM_1,Micro-PVM_2,OPC_1,Oligo_1,Oligo_2,Pax6_1,Pax6_2,Pvalb_1,Pvalb_2,Pvalb_3,Pvalb_4,Pvalb_5,Sncg_1,Sncg_2,Sncg_3,Sncg_4,Sst_1,Sst_10,Sst_2,Sst_3,Sst_4,Sst_5,Sst_6,Sst_7,Sst_8,Sst_9,VLMC_1,Vip_1,Vip_2,Vip_3,Vip_4,Vip_5,Vip_6,Vip_7,Vip_8,Vip_9
1,0.95559708763267,2.495033523070547,-0.7227904935144913,-3.140499585043643,-0.3419331970297801,0.27456364884453066,0.8656493402866383,2.5607430876426815,1.3742626450386388,3.085274392402365,1.2324919556636083,0.6371386017658409,1.9525655379452855,2.661986893353606,1.789939717256292,1.3105822408602075,1.278800857976747,2.0086038350791036,2.218532240024683,0.9503900594857262,1.0728499952438861,-1.348836544031684,2.3156467167337533,1.7074802438444459,1.2036965411966998,1.0099595046495624,-0.569866328348847,1.770036737709931,1.7245698188596155,1.0837057773043064,1.3171652455813545,0.105736839810322,0.5820618118619292,0.17507566900972993,0.28118468843499667,-0.2429110393911822,-4.135665776577459,0.8864457532046455,-2.583853778173146,3.006439844865352,-1.161212286681348,-0.7876897418731721,-1.4779989943792753,-2.189597888469435,-0.15723794794614765,0.45304439639942107,0.10522045259724333,-2.895097175697587,-0.39576902199685815,-1.0691113521644064,-6.7485701242003,-0.056799860346103515,-1.3020105385418752,-0.8287882621756104,-0.6039414577546189,-0.33044015796980464,-0.37966061290894704,0.7025364011960127,-2.9181652782012995,-1.0033766436880862,0.7213150179060976,0.3337660846088557,-2.670725182448238,-0.7742329130465366,-1.1961354841349143,-1.3391381192912775,-1.6604467103020797,-0.7867517601224296,-0.8389273416894811,0.02953660889940224,-1.5814482161067351
3,0.9757393443124363,2.5331028631949537,-0.5903736937728157,-3.281679210348316,-0.6929561867672804,0.12975563785072364,0.8292255904686776,2.8352270531898847,1.1060878921881958,3.1257743975723495,1.3387195189944165,0.308233267519026,1.7781641981716665,2.7231499489265945,2.0375417003515484,1.2880348561223576,1.3960907318386808,1.7997749191067935,2.2176462820318252,1.0521229981719395,0.7339247291704796,-1.3963889323298755,2.27811240224412,1.780726313133988,1.0938072789624673,0.8654460746422812,-1.1093299480320198,1.8689066507819385,1.663040963835321,1.0114654491992106,1.1807049631369715,0.24263678562871505,0.5353710487969883,0.33876921692369955,0.21492257984641672,-0.3643106612649163,-3.749678420636342,0.935203344911038,-2.265561412010345,3.189587723126928,-1.3220533223349857,-0.837037907833813,-1.4357094284377885,-2.2558620944358276,-0.15385632376057767,0.5828122372611251,-0.009102952938983222,-2.9642245774594693,-0.28062521380321304,-1.218793018030925,-5.674358755402099,-0.17134029584737753,-1.216674620437927,-0.7864774300931874,-0.6068463503561325,-0.234717713918549,-0.34424693999559786,0.5352888429925411,-3.119013128325798,-1.0737054664435526,0.7473182026961664,0.3216257501159179,-2.62870199648206,-0.7509194098910781,-1.381304446873595,-1.367066913659115,-1.4236157862056844,-0.8148881259657967,-0.6839639814173717,0.016179723235906884,-1.4048568151418088
5,0.94957222069967,2.3145104172589686,-0.5645555073826518,-2.433884489941975,-0.5000463234460355,0.3987191825700398,0.8954454760761221,2.6446532611494913,1.3313455144883832,3.076503085791769,1.2735340751034059,0.6106691289225576,1.9483588591381382,2.743626236484601,1.9597315031739537,1.2339225625111503,1.3659722995310024,1.822766819804071,2.270379985696917,0.9092774324137887,0.7342979256878372,-1.1881419329227505,2.270361744532095,1.738398917093778,0.9746909504347974,0.8848452062822085,-0.7120116655252824,1.8298604000094327,1.6429533147450281,1.051521486534476,1.2216747896598177,0.10463029592435635,0.4119562128269987,0.1891723118034525,0.07732122154438148,-0.43221839302565535,-3.320607866269082,0.7642894779219969,-2.4891747811231992,2.782824415140142,-1.3728287935906565,-0.9095354474133526,-1.524049281252629,-2.369458475091249,-0.19345864337222274,0.4207161523800842,-0.12706001114255994,-2.7019416046895124,-0.28457801355838086,-1.2016152698320264,-5.5127379716674465,-0.22738205335665995,-1.3490025764562263,-0.9085930869433181,-0.693187354249563,-0.06112589433874405,-0.34867966327558175,0.5349691034993267,-3.143194341007991,-1.0821943765089648,0.7180911532392793,0.5695337855733076,-2.5779430377907486,-0.9076961630622487,-1.7499252316035792,-1.2703896113583237,-1.5680543709368902,-0.8960451237005156,-0.8799530224196266,0.07580935867309968,-1.2456359060643312
7,1.0383244425706861,2.5713371894923402,-0.5983180814453561,-3.1889385330682245,-0.5992341648669148,0.11650910963050531,0.8066492282427005,2.844659122098856,1.1067927630296568,3.1388098720280224,1.316764118125735,0.28377004303563513,1.7247660031959877,2.7045662956037018,2.013124975044741,1.2885747857019894,1.341828728291656,1.800920547501967,2.1986036011822234,1.0352542680675665,0.7790549737069332,-1.4285577458723964,2.279480769195438,1.749006469559487,1.10798845307451,0.8783649358230523,-1.109135373364019,1.8401930977433985,1.6525467399891074,0.9517506353007068,1.1872508129859014,0.18618185368652362,0.590984724244696,0.3598588406644758,0.25809630376204407,-0.2668884919314847,-3.5719255065017474,0.9646200780006211,-2.0323004876548714,3.24225697988967,-1.3120184724794877,-0.7833660847447295,-1.4413943010273513,-2.1697569889010886,-0.1809900728661491,0.6055652068138659,0.050841987373186015,-2.9851970642135814,-0.3043329737441667,-1.1963950991806076,-7.12002424341639,-0.17829152469230625,-1.190688374516351,-0.7755895808115847,-0.6085911356235467,-0.2657316305875801,-0.34857887766374684,0.5400495088548176,-3.0082226235692495,-1.0526342348433637,0.7642238434823438,0.504288229825347,-2.5481208332848864,-0.6833964543042192,-1.2275100598572024,-1.3431551017821768,-1.4356675207460228,-0.7811496289216882,-0.6351545130088505,0.011177759048960567,-1.4637815163777432
9,1.0608135752099557,2.5485393749570755,-0.73627715426524,-2.120039286570255,-0.5630803688784951,0.1372270914964293,0.8800173163138831,2.6971047129805616,1.1936499881493683,3.109909020179417,1.152478684850447,0.3445926702087396,1.7634600318923654,2.571292622658691,1.8430251511901248,1.392045464127742,1.280752328463353,1.8703005515568845,2.157448127281378,0.9856571249630379,0.9103818097039742,-1.335463340213237,2.2428938067994255,1.751834964199051,1.093588963277778,0.9889968136731904,-0.8997274521368093,1.8651341272127806,1.6629891164862776,0.9841651914908942,1.2412661510932796,0.1715922676602748,0.5456344527890922,0.24614869937127004,0.23831883658424413,-0.3316102696135763,-3.4588792400632613,0.9355903991971681,-2.240027644082252,3.2350670709437397,-1.306187573593073,-0.7746702532206298,-1.2430656122254913,-2.2670702364264095,-0.24681969459494812,0.62740113639875,0.06558138063578234,-2.840250579653116,-0.4567189508509637,-1.2278572448686482,-7.31963158909098,-0.1558601330761178,-1.3044733910023458,-0.7105619506242382,-0.6583901987099106,-0.3095559763634821,-0.326869791295322,0.6360689022834158,-2.8990556495161233,-1.0553893846136155,0.6340814532486343,0.407986369892245,-2.653747933910317,-0.7232281098064357,-1.2493598151871472,-1.333669785106184,-1.6815232343725013,-0.8567738102861711,-0.7583067819802034,-0.042305644034010825,-1.3865876691892236
11,0.896275649114143,2.4200920953221026,-0.6946681281599689,-3.0954138165653573,-0.34980760815532186,0.3722018198822239,0.8215537755130189,2.47245308649387,1.5132974669140968,3.026162557933512,1.1752442609131295,0.773012754180856,1.9847975819207955,2.661888661083922,1.75957054282701,1.2480007815689662,1.2732801916854388,1.985126229534508,2.198929390520294,0.8895377445722579,1.0052356552193453,-1.2497129099614686,2.3133385933051636,1.6894217666004017,1.2032843688009436,0.9728500563453908,-0.26918119271109475,1.7331763079976783,1.7553184984032844,1.195766278026067,1.3415058679192757,0.06639715235888488,0.5248385240043643,0.12083751235098195,0.22031303045610695,-0.31129358156961384,-4.287110772490169,0.8519395684011686,-2.6927797129145246,2.8408695410661737,-1.2194048610497052,-0.8651333677605999,-1.503181321431545,-2.2043942709328723,-0.11001880246956386,0.3543385596090811,0.0350738625369349,-2.756126368671821,-0.3324612528542765,-1.0370942009465134,-5.995869843831525,-0.08381359930268406,-1.3384536766895616,-0.8696460302964137,-0.6141728290491626,-0.23708140934879207,-0.39497412554637545,0.7040736155157035,-2.977715366238516,-0.9979778806213666,0.7330563970727377,0.3638156134924726,-2.614479370052581,-0.8533335988751798,-1.2965647629458736,-1.3730215187709183,-1.653621894444968,-0.8225410294707727,-0.9022225003714066,0.06519853104332451,-1.5588022860052817
13,0.8645380448474969,2.187046768380831,-0.6680867301468103,-2.7387742984824097,-0.11446882403315506,0.5501162086306266,0.8083173289990411,2.257604110714042,1.7447201931051293,2.986974741338546,0.9659161167111732,0.996344698520419,2.066104778368068,2.785456987870099,1.6989690357793212,1.0811808369109261,1.345949123823099,1.8595998011715529,2.253512276791908,0.805659336310188,0.7124549171391621,-0.9688265200201274,2.3641222467847443,1.5645893771003716,1.0708401082765073,0.9311374225306865,-0.03596511436899519,1.6132471921579086,1.6829844909489027,1.2384684555988725,1.3430787608534631,-0.1867206313555334,0.33266429374723483,-0.01747955664846046,0.03198303115891221,-0.2252740406254592,-3.5924907604956404,0.7050794319011287,-2.8782187872379312,2.517264186462058,-1.3840509582142646,-0.9400655382636414,-1.6596309013973922,-2.194841525535262,-0.09377704648965324,0.19698985958791582,-0.0875713836955736,-2.388578478686494,-0.2795809585834501,-0.9743672187468277,-4.754888868990437,-0.17339756385015725,-1.7146641853100615,-1.2025260779931175,-0.5907314663434526,0.10019864634800246,-0.25577052575863757,0.6487261792644947,-3.0789987500107854,-0.9334393116580619,0.6870078041204861,0.6405018036424952,-2.4554111366566955,-0.9382406950389326,-1.6802877258681495,-1.4033405658150224,-1.7431564415501049,-0.9008129478769114,-1.0721934480572832,0.16149197720897313,-1.4742115892999186
15,0.9573498220579832,2.2941486991688,-0.5071054939702835,-2.5227622061415858,-0.5430860344729389,0.313127588813356,1.0028475624369415,2.7412965721437845,1.185027737062164,3.2262724340064013,1.2805013712298674,0.5278753535289189,1.9097320395723454,2.9522191951515526,2.0727752328760087,1.0763161488284902,1.4771006719824085,1.709226211556914,2.4147804997725015,1.0963673841955313,0.41923804157225053,-1.1687367673737032,2.289705261139164,1.705139317732956,0.8317368821541766,0.834467829135396,-1.1104660937790527,1.8327234398147083,1.4811358341024854,0.977944909533849,1.1666230328651812,0.16166898716615474,0.3437851183539449,0.22542378870082747,0.01450940361499331,-0.2503838075275988,-3.539506192994936,0.7312897385680035,-2.5041260876984035,2.848564990978166,-1.440631917049032,-0.8828013864171842,-1.58738305674831,-2.4890886216201364,-0.23406744559566306,0.4880307032890485,-0.18144320879689335,-2.6580118597342954,-0.2869376559904184,-1.188916995534706,-4.919213386650241,-0.27947954285272125,-1.460642834200561,-0.9511674577233791,-0.594159766649109,0.07655764361517292,-0.09280009022416369,0.47542806466924326,-3.2016330774051402,-1.0807647244082776,0.6995497539960791,0.494683430087715,-2.464940934959823,-0.823943473317641,-1.8771345406279396,-1.2101625549934578,-1.4883642686557268,-0.8561831356890304,-0.8296608696422139,0.13121486115005876,-1.2406800671789773
17,1.0832995405849246,2.544411430232242,-0.5697849524926664,-3.3291314894042863,-0.7548792933692905,0.17522101941232204,1.0218094415478003,2.8730655699045897,1.111964928360063,3.3181338796262514,1.326056881796105,0.2719457228418696,1.7612658839783122,2.7846181810405235,2.0533305650180176,1.1993483679254124,1.3801296007434631,1.7306764692019656,2.232176612684238,1.0820246891005887,0.5703850825267089,-1.4416279448842824,2.2183673396080437,1.740915640577457,1.0008583276732628,0.9835113830764772,-1.3537978265482042,1.8337857309830428,1.6078460203418188,0.9488627851434286,1.1419173157543954,0.2316556966877643,0.5760839188809115,0.3181914521436342,0.1578540225720495,-0.3978856787054079,-3.6237757202283696,0.9589234653561514,-2.1664405966381235,3.1280566224131308,-1.4438337506278973,-0.822288552947013,-1.5883222560256325,-2.337090138210897,-0.24627364202270208,0.5887212847889227,-0.07025113341451839,-2.9022627373388428,-0.19795596799158321,-1.08285385558594,-5.828062614125825,-0.30484256098005513,-1.23878249515034,-0.8792078666337853,-0.5670319683315279,-0.2089459071157087,-0.12232056321794982,0.4760745864693563,-3.041624066398688,-1.0387881231616838,0.6968030816977286,0.5553302248662968,-2.547771061693764,-0.6904579762837821,-1.4303635871386602,-1.22136169157758,-1.4451952913876376,-0.7800746194647274,-0.6589784001020362,0.04630247320925651,-1.3976609095690309
19,0.9233490724446254,2.2079553782506434,-0.47515936277786697,-3.019201378970667,-0.4701954332323357,0.3833957493268674,1.1221825225262476,2.6379183973716893,1.2890524506002752,3.2949349038724614,1.1814576377065462,0.63030443712191,2.0595755543744145,3.062447948610984,2.0371988496121696,0.8161128765816086,1.5564187453139056,1.7366932041477674,2.450166942076316,1.3114328239431696,0.33362994809121105,-1.1238449885634454,2.3083646143885805,1.6161880369563861,0.7301147492510784,0.9167934585034274,-1.079893082784638,1.7477887638861223,1.4094803613582698,0.9676497045648471,1.1795524909383364,0.11862739516665677,0.362988412940358,0.1929066150646408,0.03293026625262119,-0.18531090406280537,-4.175020029736347,0.7307654592396995,-2.9942784173493724,2.673743338790303,-1.439439572381021,-0.8243962757819672,-1.692572741865499,-2.697343041461183,-0.22991405563544287,0.4770920090567836,-0.20342606899074944,-2.312045897373941,-0.17897895707397282,-1.0486756827421333,-4.504229097524076,-0.3590362545897898,-1.6035142422804638,-1.1479029258964335,-0.5233560577329568,0.23355775615785124,0.13524078642306048,0.4367781996647073,-3.274363257214599,-1.0568529679100251,0.6730398540370333,0.5641195852141516,-2.389609439593773,-0.7320370856679626,-1.7273428860040978,-1.1115052177357354,-1.4241936057081785,-0.6708799678682356,-0.7272489544730432,0.23684143973146732,-1.3770228885763984
21,0.9801450973208645,2.326239904752433,-0.4535967026501373,-3.0411208931270677,-0.6817152876241588,0.252301493477602,1.116089034991833,2.834021318614439,1.0590183623673717,3.3863838465977323,1.3257142260618213,0.4437021642986725,1.960898237324813,3.0889634665276544,2.183131332398515,0.8749845476278635,1.5782300992324032,1.6822219908708735,2.504281232729455,1.3623557647185054,0.2561078496742404,-1.1882250575861484,2.317146296129554,1.7409889518722226,0.735925565719497,0.9265322587281988,-1.263852753979834,1.8678865768377828,1.3784195190413584,0.9887089995332881,1.1347880047833723,0.3221712503049412,0.44029570818421426,0.2654996568147494,0.0271550712289379,-0.18407692804414655,-4.173435857680265,0.7956523771441804,-2.7419543628398264,2.889542009714993,-1.4698568628497917,-0.8271751751998302,-1.6797562220025801,-2.7889441021757326,-0.24380106408148627,0.5816838167725393,-0.2381042246931857,-2.4505281014951583,-0.15054149091452107,-1.0679406037916293,-4.864247749498502,-0.37442357373716906,-1.481963174111181,-1.0309431599307013,-0.5438113449465396,0.15671173028331165,0.16101553835369753,0.41544651576426883,-3.4053118538512974,-1.110305319354385,0.6310582663551667,0.2911674198569978,-2.3852633337664946,-0.6696237292339378,-1.7979726652729395,-1.0784883538547119,-1.3821677048290697,-0.7332781687537615,-0.6637244621638843,0.1722978072204535,-1.288733026190596
23,1.0120816017457583,2.555482383751071,-0.5559321146359242,-3.349391569515788,-0.7675322485245966,0.09974043479938288,0.8553499721599298,2.8900506775023236,1.0408433424145098,3.187242690745164,1.3458999902047184,0.20412271333673715,1.7159794814793714,2.7546269459294344,2.0768257072865413,1.252340889858754,1.4021847323977177,1.736374913597568,2.2230960727051197,1.0829249154241474,0.6206430506072946,-1.4350105304243925,2.259884922356063,1.7714242684081198,1.057723082186838,0.8552189675273976,-1.3265689085101444,1.8660087573359325,1.6294618009774449,0.9616338597357625,1.146750059954143,0.2501592866648972,0.5488141307316852,0.3737329725191758,0.20422783251893684,-0.34727564923396415,-3.601088122075865,0.9558097796524967,-2.1164565611497164,3.2289003827443454,-1.3684857886519728,-0.8289873370605667,-1.469316483418325,-2.2399048844617413,-0.17843764504790194,0.6152887739801978,-0.029460565453701015,-2.975038532287643,-0.24841240025091516,-1.210176626058912,-5.797131022734845,-0.21923827785834327,-1.192485938196345,-0.7961356936885622,-0.5843792889517943,-0.20726643460909866,-0.27951891609762747,0.4839161572567514,-3.1094544931657904,-1.0559228358537425,0.7498377780496286,0.40314814075337235,-2.567805442018427,-0.6971131623421813,-1.367737064558188,-1.333029562308914,-1.377483683405993,-0.7975862127124103,-0.6303112672467908,0.022797110541333154,-1.3804733173290868
25,1.0635467287458757,2.5917227843051003,-0.5587354322671336,-3.22339341812837,-0.6916162700726591,0.0812452216548385,0.813083690587896,2.9134623710816183,1.027906911211332,3.1752079567910667,1.3421303642130331,0.16415282878898818,1.65694728899896,2.7231079639296367,2.073927046126471,1.2777496626978486,1.3604412250326767,1.7328557892699115,2.196760728802681,1.0596400032113031,0.6695136651082843,-1.4469334767063549,2.2649838126141577,1.7613282248655828,1.0739025990174973,0.8563975122443628,-1.3451096249580363,1.8595644552687318,1.6318608662026213,0.9129524332626282,1.1470533876197475,0.2112391409673009,0.5947946397545767,0.40328000606878867,0.24792702496897245,-0.2789145256076315,-3.4485087552419325,0.9859852550997354,-1.9255330770241699,3.2881261588432147,-1.3615285599643796,-0.7816207582666159,-1.4404318219171683,-2.163791151001031,-0.19080776853507864,0.6450577545478691,0.029212034006119936,-3.0093752954465662,-0.2699249456853572,-1.2198985753417322,-7.038768203494919,-0.22176193629167074,-1.1602921989977864,-0.7655557226808387,-0.5989108489350414,-0.24026233657436968,-0.31431867632859856,0.4885688496581091,-3.032176109017059,-1.0537602751227126,0.7799137542618286,0.5581845976849324,-2.5129821931783694,-0.653356698383444,-1.244539430806654,-1.3232540082713289,-1.3745771291323763,-0.7741736084342881,-0.5835248850926043,0.010782380528421065,-1.4261794011365287
27,0.8668880104782666,2.1560468268621156,-0.5502655211820366,-3.067964377518133,-0.1775366141251471,0.41635051946690194,1.1217337296702636,2.5341122673157743,1.4518192508666532,3.290915673899636,1.1389187493223476,0.7436159996055665,2.045878256934793,3.055622458524799,2.011774283678538,0.685525944776745,1.554996005431775,1.7829324186462356,2.3930464763326005,1.3651049671779605,0.3696824214610306,-1.1354104274044836,2.321040548635127,1.569251773376024,0.7800756371691513,1.0155579124254217,-0.8218551225795006,1.677100796034583,1.5010020748608608,1.0487339166294776,1.2397982876199878,0.009466714845164148,0.3862699883976024,0.15801999098253106,0.07994019698416643,-0.2892263142521747,-3.78766999172137,0.7205700050948369,-2.9970988536497645,2.6540423872893384,-1.5111768373102645,-0.8081777879487779,-1.7658528101372548,-2.8785768787132637,-0.24780813582084793,0.39450198249100765,-0.2770029005467842,-2.1939930559708287,-0.14407415332680706,-1.0105289240710649,-4.475053134772568,-0.2957442318579755,-1.717763737832679,-1.2693572115137268,-0.5938969593806593,0.23732083274668625,0.10287601467847551,0.47589307193024943,-3.2080795945773426,-1.045976873290801,0.6658228774171304,0.4015821188166502,-2.4115426013651478,-0.80365112627178,-1.703961641522909,-1.1675921414004504,-1.438221736351628,-0.762852525740894,-0.7152352508936062,0.2759778299233293,-1.426661745749172
29,1.1533616084337073,2.5148988001294166,-0.5892335741475101,-2.9206236255289477,-0.7550935580947167,0.2927953869813624,1.2931379212882836,2.8558010078840326,1.2466944427777369,3.509814400606998,1.3514728468801973,0.43268159077704116,1.8947084096665607,2.8679902448323453,2.070142898234944,1.0909122691712252,1.4050373967099503,1.7309907419558246,2.23385963880363,1.098004974023203,0.3801556943531068,-1.4161510023309143,2.1494158154497414,1.7345069338680426,0.9200727017677321,1.217859904879318,-1.3923070725695892,1.8097418335395723,1.5910823777038505,1.0207852772580939,1.1312828425462813,0.2525910174760435,0.5618349536888045,0.21615394340642702,0.052745242599955944,-0.5071575151840033,-3.6964822542440983,0.9769464018594034,-2.416478249486305,2.9281059492970507,-1.532822932912194,-0.8974512158688865,-1.7762482854661927,-2.6406554218444134,-0.32485620294978457,0.5529085709183992,-0.2204541600851293,-2.7490881118316226,-0.11179690671922948,-0.9274332391971924,-5.25291797547304,-0.45067753422767787,-1.3512941888450216,-0.9958870185709277,-0.548915707293844,-0.14204631737829754,0.08785867258930136,0.48457389404467843,-3.051100336375522,-1.0433779379941832,0.5618555923056174,0.5304770361470865,-2.5669980573225226,-0.7947899033139576,-1.7923350040238288,-1.0927429166452143,-1.4500173277938186,-0.7693397334107788,-0.7792479889475263,0.09959288562642321,-1.3468308444045984
31,1.0371162393571973,2.4223021715490587,-0.5318232964513321,-3.060727875689559,-0.26788983458946447,0.28592847455513937,1.1696740236735614,2.747681255260017,1.2806446445741182,3.356248164450885,1.2905190225738776,0.5456052164801859,1.9636460079254676,2.90337908597101,2.0657589453941556,0.967233343007142,1.5230460829888255,1.7325522165598288,2.303323523246076,1.2003447685506439,0.3185583263294811,-1.22779165510656,2.239093262214066,1.7388176263637027,0.8917211461723467,1.2489984913484147,-1.227116861068854,1.8315373449185333,1.6080863621623314,1.0418467554334994,1.2062000126017072,0.1748477691160808,0.4665596968949943,0.23558117174459348,-0.03714123494916155,0.011258927222507431,-3.806675835545126,0.9489725548018981,-2.7538350493248283,2.8727133545421824,-1.5310269424960596,-0.8868356988964807,-1.7200487536954192,-2.7626988107988284,-0.271371138948191,0.4825234637799447,-0.23990472252796735,-2.511503844078055,-0.14462683427831813,-0.9828096986599313,-4.863368344855114,-0.46888723584027314,-1.520825822777815,-1.1219344686677406,-0.5883182449542232,-0.0022098720884038414,-0.04480271532453095,0.4478152236178934,-3.2463504708461643,-1.1156149278713734,0.544110866077486,0.3595649844104951,-2.3057165676278446,-0.8484678116232045,-1.9401394447886808,-1.1815650701464548,-1.4817019807245675,-0.7855659322011279,-0.811974252240212,0.12524725054545982,-1.2977865267330104
33,1.0745958622940153,2.4475312592629495,-0.589985618160334,-3.1590604505964848,-0.3495602985870363,0.340249317936256,1.2355614958479215,2.6809104595669044,1.3795977399536699,3.4145200054787805,1.2274503474558163,0.5609681342944999,1.9322218479335849,2.825879265746361,1.9532731140067794,1.015833764863002,1.4173379668733719,1.7628186577834049,2.2212110812245913,1.0851243345965944,0.4197465781886853,-1.2677686497706393,2.1581163089713495,1.684742081299662,0.9109861142426716,1.3376327653243996,-1.2419258288249004,1.7693560541192292,1.6504630980374495,1.0121129151968056,1.1993495206148532,0.07620543579306638,0.4845620364467953,0.15846106022058581,-0.02715178424970599,-0.11778564064778418,-3.4484819787046987,0.958954817719528,-2.5841331170676547,2.795003151915189,-1.584505393664986,-0.8667406222380514,-1.7690378941257716,-2.6331163345376467,-0.33262799632293216,0.4519050475098041,-0.2228875811121327,-2.6253361562117155,-0.15489693298176554,-0.9429483712583293,-5.028177053730499,-0.5063136648555249,-1.5054593453457121,-1.1269524430116915,-0.543944242989042,-0.058491436983230116,0.0033461068376752223,0.4795596014443957,-3.052201624398302,-1.0054725321521554,0.5872069330495009,0.6000551019277056,-2.3979340732876153,-0.8158187012542317,-1.8287287580771059,-1.1076171836406932,-1.5445290894183605,-0.7684218781572012,-0.8406207909290329,0.09687902400977055,-1.361094940694847
35,0.9854889367334998,2.235747079645462,-0.541796504556256,-3.1508511016639362,0.04831531900302988,0.380550848659432,1.1486869309364725,2.5757460831771306,1.4643129398317498,3.281893428448339,1.1668223376426488,0.7223246312683314,2.001363792755131,2.9711898624087922,2.0227317911061093,0.76816299304366,1.5321764293176754,1.7070837856375247,2.3032895172908545,1.2609821226949105,0.2987835930977969,-1.1380884714153874,2.2754648164131304,1.6205044066356393,0.800600718203496,1.2175517514575693,-0.9057615685344693,1.696977471993124,1.5566778085170903,0.9912932266522096,1.2045612239460946,-0.030897849079574158,0.41711029197351834,0.1897040517708115,0.009376454804479906,-0.02885190382692482,-3.6098062766332886,0.8353134694563868,-2.997182378764106,2.6568410276034573,-1.5574029104991975,-0.8665138073405991,-1.8011061157259922,-2.937929161141777,-0.28872938377454016,0.3879672977533195,-0.288935613079226,-2.2724024139596803,-0.13407408734896098,-0.95788811644434,-4.439985545077822,-0.43703847849932487,-1.702466667394785,-1.297100488657942,-0.5748639643024376,0.13547957014367729,-0.0003659943175717828,0.4578311500384924,-3.1863973544707376,-1.1036427195574534,0.6027316202092896,0.4303652988021236,-2.3257248665532444,-0.8335597802197947,-1.7640551264220257,-1.1570130268483423,-1.4180154936801426,-0.718062120506576,-0.7704634676244266,0.2500511139570838,-1.3750824351087214
37,1.0266676739642335,2.455986703873885,-0.7397209127046951,-3.089662766762662,-0.5097221081980878,0.28604345478747284,1.1314878037163272,2.5223925488023804,1.4775109711307852,3.362795099689066,1.1586792684766376,0.635365925564968,1.8997337334937723,2.890410139759349,1.8845282361145577,1.000309072519208,1.380220452533432,1.7964889792612344,2.2727554027940537,1.0428902804820739,0.43182358565289114,-1.2155773223013417,2.161440127712286,1.6559153816980805,0.9602135449136888,1.4737807632598723,-1.010364077014012,1.6795498388871275,1.6583833047586385,1.0633386822469584,1.2282049000355793,-0.056578953775358265,0.43211224214037625,0.018955936248984173,-0.013541820913220981,-0.3610522537447043,-2.7403278772084283,0.9282043999505687,-2.439615474008498,2.7807991654618096,-1.6853494689725883,-0.8107699980142842,-1.7039255260970876,-2.6956001220381713,-0.3210060400727981,0.4383212530656353,-0.24181066913576643,-2.6515898765190027,-0.24458871921074543,-1.01159434131415,-5.343374474917931,-0.41949826370969046,-1.584822602994958,-1.0676235253039819,-0.5701792783008033,0.07205252981972254,0.12347764137437522,0.5711223634589491,-2.904158485264772,-0.9612723233598395,0.6468513773015623,0.7333984715129489,-2.7108366358702964,-0.701534536107582,-1.6674798177106371,-1.0896746799405888,-1.6267382153083751,-0.7484995114990687,-0.8806942701180809,0.07363727973136225,-1.5370635877827352
39,1.018412033912794,2.4688325060637473,-0.6618011549800427,-2.94411783623245,-0.7944411193176846,0.21501691752706087,1.1421813317906686,2.65207466509896,1.2973373834372115,3.438394867976076,1.2315466669307833,0.3510594126961406,1.742280976784397,2.844040165601246,2.030447052715815,1.029413230325697,1.3342026897346244,1.7267834102711594,2.2844803650282284,1.0814361589342898,0.3790548633374904,-1.2977665836066699,2.107752046462551,1.662308236243978,0.8183840063764363,1.2729905017173415,-1.3767703976725505,1.7213207347969814,1.527433190392065,0.8880126013150873,1.1561459235817164,0.11607143739542192,0.460290482052252,0.11610642036120478,0.013686927237166024,-0.4621132742222258,-2.9543953995653984,0.8552177474157387,-2.3699673471922216,2.8560781148797565,-1.5870451416097273,-0.73813552690926,-1.570474331965701,-2.3903527213017073,-0.398078067612027,0.5887093272793287,-0.22636788652474316,-2.836364606311016,-0.29326411424847,-1.0525433923937504,-5.581484744120281,-0.3603379707095957,-1.4592793601257972,-0.940882274452064,-0.49979766546818816,0.005405106721233288,0.20270695191321408,0.5035364440795176,-2.930495595031677,-0.849398429740444,0.7038046379937084,0.6830294368273959,-2.6394664680194397,-0.5204972418324418,-1.4339659775293851,-0.9675812367883632,-1.5553961426473597,-0.7563733741885077,-0.7255704017071345,0.014673548301867179,-1.3661327374840262
41,0.896543849120718,2.170474391767983,-0.5922098478654219,-2.6048284812563667,-0.22224709280044053,0.5214319365943494,0.9951680347561815,2.277459797762441,1.6251260745467278,3.124283750159379,0.9384717527193143,0.901019784960658,2.1480044890980086,2.91316496235427,1.7631258802278666,0.7331894756741733,1.5152058059041105,1.9275940625523806,2.3064667403314347,1.2531546286871453,0.5146399536978858,-1.2088268105792386,2.296723966047034,1.4920182299520537,0.9227723563513734,0.9546459644626069,-0.5152073455221808,1.565477410566754,1.5557783018399958,1.164411489692351,1.3049106048724268,-0.02101799483606559,0.3572432781883892,0.017355936216509882,0.04993854547166521,-0.3916107039672214,-3.8812027177636894,0.7706205892012079,-3.0856191555789403,2.4522975817983053,-1.4295398520219091,-0.8216799403338069,-1.7027567767734437,-2.6391766423973273,-0.1901684736571534,0.289775997463285,-0.25472216305127837,-2.2525845986226027,-0.1733291649464599,-0.8830593567308451,-4.343096371137748,-0.23643917191014197,-1.771649215734472,-1.369795690388087,-0.5930712174733133,0.23827701900051945,0.04555909775526512,0.5575375172334036,-3.063947899582156,-0.9087161990703914,0.6423321704776175,0.5580559035431314,-2.238366222233558,-0.7899773103148862,-1.7893832235572642,-1.169597470389089,-1.5922601902360256,-0.7620962873879016,-0.9704689838295035,0.20261026050254127,-1.4942150196025539
43,0.8750706564400037,2.2375199912515895,-0.6809918471321081,-3.004557772546888,0.22465141337539496,0.392526927098368,0.9311716119857643,2.318910288291154,1.6585616077520986,3.160733077310291,1.0135013311585732,0.9375526537589005,2.029425136564429,2.968875094946308,1.8813012538406815,0.8218912062929107,1.5132158998928311,1.7563686988397866,2.283385242587477,1.1282659985727168,0.40276390583504096,-1.0386220853555113,2.340325930004873,1.6292193997620705,1.0270725052454441,1.495230768850937,-0.4489745977506594,1.6355886229749181,1.716917894406583,1.2059789702384185,1.3150722577024796,-0.23084004572040762,0.3287702096680656,-0.016363842426879494,0.052915447047016784,-0.18650562470477006,-2.714270884787262,0.8265017721648178,-2.6916403332157914,2.661220130429669,-1.605670428700857,-0.9359096639825815,-1.7999382793080354,-2.964204726633132,-0.222481455866534,0.2218365871933523,-0.2922033955687775,-2.3208501251868334,-0.22189235989339728,-1.0160508133026065,-4.359934686770107,-0.3011173208987614,-1.813495152406409,-1.260283716529515,-0.6917813292373589,0.20871507720335192,-0.11760555506848647,0.6304050654182056,-3.092634745416416,-1.1538512972684662,0.6996621312548204,0.28712148248917035,-2.5471018422329275,-0.9500175031149141,-1.9809683746236217,-1.3255380208721972,-1.5687479666062432,-0.8583493461160829,-0.9454153899850786,0.20216961969469605,-1.6616053383136045
45,0.8663724988281816,2.1502409163585527,-0.6482287785271224,-3.0764240939714744,0.13797789192873022,0.4463418223785558,0.9795044435022584,2.3493357149733654,1.6364957542947502,3.1817943671588145,1.0473523845870671,0.9710500839860821,2.0343210576679223,3.0127814931967793,1.9229710289224244,0.7667769913625486,1.5339307161727818,1.7882127321775152,2.3278310485921088,1.2127019405045267,0.41215830343974336,-1.0353739238574837,2.390228793720183,1.5922336226437466,0.9839346706368044,1.3256253468923793,-0.3717566179740839,1.6308112206171854,1.6744305205785506,1.1882045013952842,1.336689247686906,-0.16548034024692093,0.32853762456465585,0.05550249926413464,0.08990302498040226,-0.18230102364966427,-3.1333954116054654,0.7616194772979439,-2.7122775650201065,2.63088109009879,-1.5925253247825912,-0.9065297456319525,-1.8040242612958535,-2.9128242929629726,-0.21833166456778663,0.2295368835636289,-0.2554915446804378,-2.304300522263852,-0.2295995295382136,-1.0151805399815226,-4.412003079643303,-0.2091912240835656,-1.874925340064011,-1.2648235838999478,-0.6696373656647836,0.198811365311931,-0.10637808305350749,0.6363509372628062,-3.100306842126172,-1.1247227161221396,0.6978795591169735,0.17445278572792944,-2.4654420229344023,-0.947471260714817,-1.9530077146551257,-1.3034202438126377,-1.563439122179438,-0.908564298713042,-0.9026898203496891,0.24412019319250078,-1.5778366560113692
47,0.8811228221437952,2.130553104534634,-0.6282916671784422,-2.8761801111776393,0.06077095660344245,0.5042759745624519,1.0215269938711016,2.2988674857358324,1.6671859998193495,3.1683463694269514,0.9896078572824711,0.9890709626072693,2.0809205850261208,2.9969306896751142,1.849320185018506,0.7501014629518812,1.5292620148147869,1.896054431646093,2.335771219887211,1.2506659391145876,0.4588172694855679,-1.100010856831652,2.353233696144109,1.5262754264482443,0.9338803039716339,1.139369300089867,-0.4993768654926125,1.571688909120586,1.5788142746095915,1.1488772556678564,1.3306129906573902,-0.1522239509623935,0.32945654354316734,0.03929491254741979,0.07266471168267152,-0.26424023864842017,-3.379652415483225,0.776818474924073,-2.7736251671244414,2.495259581861087,-1.5528717297902483,-0.8925593545907757,-1.7736164323579962,-2.8494350724504294,-0.22197062012793722,0.23180911660954973,-0.2515392314871798,-2.2455410821256816,-0.2109945245665692,-0.9604753502582088,-4.352734233196951,-0.22923222479050676,-1.8624338895067787,-1.3222866975029204,-0.6097902933057702,0.21253610110931476,-0.06941333608316391,0.6047287436845297,-3.110030038975111,-0.988723203590042,0.6706704485337527,0.3509801414937046,-2.3397800962288215,-0.9157374870951127,-1.9279551324632518,-1.2404913527266546,-1.5146388333672451,-0.8528995838546747,-0.9759235214518096,0.2322647105301483,-1.513733372643177
49,0.9790453728565209,2.162555921211008,-0.7204419038990917,-2.7523423314627182,0.02803726944154583,0.41094586219777973,0.7313687992196902,2.1043680045360893,1.8289931183058026,3.0252443359306254,0.8816016330441689,1.1834540721511617,2.0412014043403275,2.9213656851543046,1.751812819528535,0.8809274107239098,1.4983996046120658,1.939879652931121,2.293945333064406,1.0149663676616987,0.49480800448321816,-0.9017867666195789,2.4320709303696506,1.5598646408947126,1.1945182312713065,1.35959558813469,-0.13422490568263257,1.5140549783299333,1.6582042340611869,1.2562763951545364,1.3274725267814635,-0.39295830195320214,0.3161515120696414,-0.07840012710436817,0.14151258303322045,-0.2455464472520461,-2.7409829831347663,0.8275187485871518,-2.4985716457138505,2.4035931614113792,-1.3758388431428985,-1.0792721873735474,-1.7547779563685344,-2.5026859419915715,-0.16807528482730305,0.06400634347510525,-0.24715457905247185,-2.3669333768772365,-0.27324953757835946,-0.8731936736780579,-4.1667865025449276,-0.23498090772233393,-1.9234198367436335,-1.1695545962490632,-0.7584282710033081,0.19863712891597984,-0.2933151130219338,0.7410639841187443,-2.9491194278602046,-1.1705442411376792,0.6882891878162996,0.2868209483114823,-2.553512873193042,-1.105471714576888,-1.9931356351112868,-1.3925828933346356,-1.7633799710453717,-0.9852138157742747,-1.1718822133326192,0.16587606967924717,-1.5706830574462742
51,0.9356283006303734,2.270266487081196,-0.6810222927224423,-3.05644081897663,0.35378197288627966,0.39690254897095834,0.9608336668937998,2.3163383432108136,1.6812126231469717,3.151821880270379,1.0096603112099807,0.9216684915017384,2.0109859146101687,2.9191025388981093,1.8567797671535855,0.8239108420366206,1.4816192443400675,1.7068862439438872,2.2284580135553163,1.0747788012760182,0.34765257795772353,-1.0894095461973237,2.2933403982813214,1.614049178343635,1.0035840685026738,1.5263179601918533,-0.4943894795980599,1.6088959444122848,1.7122049848921086,1.1595413772012888,1.2802678416360918,-0.213292019551778,0.3579089790355372,-0.008057663171699758,0.026712739327074964,-0.13102836701993414,-2.765737309428503,0.8607400737203994,-2.7549723130187607,2.6079160707918736,-1.6037087842262006,-0.9262684693645946,-1.8164414746588955,-2.9414797537820823,-0.2509550283388906,0.22469745891213755,-0.30974529686060137,-2.3435196646420957,-0.21617737840286466,-0.9605179330841969,-4.334466925757167,-0.34950899839320826,-1.789769184587275,-1.2745549252895918,-0.6633158115238542,0.16305206558508178,-0.12164208387099773,0.6213891103620464,-2.9929167302006503,-1.1314306847711064,0.6835684536341349,0.34167469282600127,-2.4518819940550323,-0.8871886948820018,-1.9265131480837718,-1.2790764275608613,-1.53957799130235,-0.8172869034450843,-0.9482988632652525,0.189489547216799,-1.653046554412538
53,1.0528334890502062,2.540570510438867,-0.655214620545272,-2.438628030369065,-0.8381951037438604,-0.01750790581866113,0.8949953176736614,2.8666670812803887,0.9709948324960243,3.334196021806139,1.3142753898089303,-0.000748171585631674,1.5451787143344076,2.759158097891534,2.266335732199705,1.22409595129258,1.392908213516094,1.6389158132276775,2.2683661778106234,1.095983138877794,0.48248898381705363,-1.2874904729252332,2.207636864114223,1.7947742712577566,0.8888610831688419,1.0184570695381918,-1.5114592326465557,1.8804317091374938,1.5039300836103866,0.8381644088836815,1.1129868211837355,0.24297037946164846,0.5255305190743842,0.31027737518563736,0.14975984775610307,-0.4348604321323464,-3.1443012275912805,0.9001590004021738,-2.102505093135396,3.202010276270803,-1.5162510044400976,-0.7043869266201552,-1.2677880604878897,-2.274681109928812,-0.33824309712891676,0.7515229609929328,-0.07880589530755433,-2.9434709737602835,-0.3589022670543631,-1.2231499661449305,-6.774333600142312,-0.25824968943802684,-1.2954920176044613,-0.7430740929483344,-0.6207394656242355,-0.15689308708779848,0.05131971817069836,0.4897455261693411,-3.0537412866931453,-1.0016023474965907,0.706208190419428,0.655427591281363,-2.6164990640821975,-0.4976829716884046,-1.2755693611325682,-1.1094237267127385,-1.497348592906639,-0.8201405965603996,-0.6147157449469125,-0.04433159085453564,-1.3617103343148376
55,1.1137725395331106,2.60432094561663,-0.6349622279779368,-2.1595482712043053,-0.7681089937045327,0.004411993528142588,0.8431628124019515,2.9016107280559016,0.9828002315847888,3.1810064207519093,1.2551690671620799,0.023627660816544882,1.5737298039610303,2.6325295292018844,2.0818466722000806,1.387782241863687,1.3451286015756798,1.6978394661024843,2.167670474229148,1.0539948328683133,0.6695609920935484,-1.3469326477888863,2.2327813121265843,1.8084750317083387,1.0141439817395552,0.9255916592564413,-1.4086438747755112,1.930334493966258,1.608990342576544,0.8889374604816016,1.1492494306227723,0.2494746454722554,0.5580240081580738,0.373933095149126,0.2242183803824629,-0.35160276509176924,-3.2337648650099817,0.9907298268098144,-1.9440106555113141,3.375391619532077,-1.4278818032152483,-0.7601368455728545,-1.2009039998335203,-2.2682443905652,-0.2606643423493207,0.7469580980016666,0.03043210748416758,-2.907945004512519,-0.3837774393912907,-1.3262385090000928,-7.469706493127583,-0.23360086068625385,-1.221527192761851,-0.6621279216780698,-0.6603236721559851,-0.25592073552512584,-0.2564645628196054,0.5254102972897678,-2.972710093655432,-1.0971734042154342,0.6797303906160188,0.5592822120061545,-2.582356242742308,-0.6463653058031724,-1.280385672598296,-1.3011452994090567,-1.5193887034220568,-0.8594636632217281,-0.6152518892871717,-0.04840546616109265,-1.3263695921519467
57,1.1478119699049634,2.586626743349005,-0.7264355816533818,-1.7009506859005654,-0.8946737146667418,-0.10760320543117086,0.9090247975934007,2.882095494154226,0.92467720397857,3.3102040893414575,1.2181299060110327,-0.16889422581149915,1.460838184704122,2.6368328336987004,2.2621963490349053,1.406239462678923,1.3697024806837872,1.6176768511194344,2.224948707886772,1.0851191762615402,0.5433097400533686,-1.1876139634995422,2.192221557762136,1.8683178045629085,0.8642282938244632,1.072949196242396,-1.5508929355082985,1.9808984871349442,1.511203560767692,0.8392719504253607,1.1392324085227825,0.3027415870190948,0.5098346165695586,0.30898689368434074,0.15268866237590029,-0.49041955549851046,-2.9721662518030074,0.9477028363156039,-2.061652166982922,3.368480449035058,-1.5671428768599833,-0.6840467638095058,-1.0154986252495055,-2.39729835153178,-0.39097967103224995,0.8715381935671109,-0.03508474559338648,-2.8147079392627417,-0.49264325181305235,-1.366071509172972,-7.4104377540387025,-0.2528921209665409,-1.3376411772582717,-0.5931117106559967,-0.6950989768102227,-0.18934333802774095,0.03527144542481153,0.5505282275733938,-2.963432766302966,-1.0815936717462868,0.589942377788419,0.6742944492116631,-2.6905738965572743,-0.5170368234298159,-1.3085722993793238,-1.1235897549048,-1.6761562504142358,-0.9207289309797941,-0.6348448485129312,-0.10377467825456055,-1.242161968941498
59,1.1907675768963228,2.6408751871494225,-0.705090851116978,-1.6005260781521509,-0.8326439503231917,-0.030692691613071865,0.9157744748100098,2.896893286043418,0.97995843880644,3.1765814396598855,1.1362913514762392,-0.10367683945607453,1.5097421155138622,2.50646474447312,2.0013378533951474,1.5340299330543923,1.3282068228697375,1.6982571674567097,2.125205683858922,1.0565775499477574,0.7244620636454773,-1.2549931365991576,2.2071807591520494,1.8575659719167579,0.9815957001981275,1.0026888042914113,-1.442920169883914,2.018434686315294,1.6283948271406534,0.8902636897690392,1.1764513481219199,0.293014169945244,0.5322128485294506,0.3583306244634654,0.22384280005270885,-0.4116754172428303,-3.064668337730411,1.0260269291747415,-1.931347274890098,3.4910778670603175,-1.474230531533557,-0.738941632854722,-0.9802848603525867,-2.367164469539645,-0.31662264583584143,0.848941695703223,0.06221189513317693,-2.7831280811254553,-0.5081710030293802,-1.4359926307528985,-7.993023827070508,-0.2353198630558797,-1.269073547073245,-0.5459854247361244,-0.70493556002008,-0.27777038817876676,-0.24474043894800346,0.5862205185200278,-2.869069088531348,-1.1276496989433706,0.5653485237677209,0.5600381681483535,-2.6276512892473898,-0.6559302105794149,-1.3160423652646651,-1.2856716838073083,-1.7005492265830497,-0.9496612225608843,-0.6464355186061308,-0.09655981437195571,-1.2024277468506295
61,0.9520338801929418,2.4578432550060687,-0.695487508082997,-2.6777410169601703,-0.8926566359998693,0.13149612589990944,1.0407837592271907,2.648511294231476,1.2092759552469463,3.4199609560143163,1.2512114810187098,0.20952755928046596,1.6293397680822852,2.8580809117721744,2.168393132631267,1.0096233290645484,1.3596612058691502,1.6730061254887945,2.3264921873694706,1.109618126939817,0.30376925505298136,-1.2523492105801068,2.1184647443455056,1.6882957672875243,0.7409091171617099,1.2630765235874133,-1.4144178534130205,1.731329774513815,1.4549975920462228,0.8262209799476237,1.1456829471844738,0.14290646012260932,0.4209939608727229,0.12287657483895575,0.01804623926448823,-0.46482477385199683,-2.8034984893127612,0.7827798427931691,-2.381673943344361,2.9014800751993217,-1.5772036537816376,-0.6636950091204623,-1.418312867176911,-2.33359351021804,-0.42195035590934094,0.6653305159335607,-0.22959410132353852,-2.884276685231547,-0.4075541391987896,-1.1383141800560175,-5.769670351478324,-0.2864334596252025,-1.4851878936895577,-0.8691632626191685,-0.5124987310273914,0.051817811242016454,0.2848638726700239,0.5025546740785263,-2.9367490968767322,-0.8148896639122398,0.7389895978651744,0.6294970688789023,-2.674992114347954,-0.38872713645097345,-1.2983374516141826,-0.9279275324843255,-1.5470089146149562,-0.7663818903239177,-0.673980450379057,-0.041450897569679235,-1.3391996676468931
63,1.0105042215755615,2.5261969191981555,-0.5302490644334075,-2.7208957332447614,-0.9009594246661017,0.18464707468910646,1.0530964520676367,2.8345659030375785,1.1133096757114957,3.4145934325231826,1.2457382745192422,0.12321510691178172,1.6185376803330582,2.7097951792318793,2.0663044748997548,1.1874838581066705,1.2702977458829885,1.641098330542866,2.1856185942452466,1.025415574495117,0.49415837604603574,-1.4005812139231217,2.095713931199439,1.7113042905488314,0.8724335031898054,1.0406784712175101,-1.5643576561877106,1.8204137579438022,1.5271087389985385,0.8368197110215396,1.0789090642888057,0.23921847130126217,0.5247585194956725,0.24902755900019002,0.12487538028150613,-0.4010945282396481,-3.2090967453243113,0.8846278958219163,-2.1246201979396853,3.0602156778863883,-1.3960243686217169,-0.8337501589646719,-1.4944955880307846,-2.1633763727907205,-0.350969248531368,0.6451873723894987,-0.13097237384380023,-3.036462069725035,-0.2916288870989705,-1.1071665453607071,-5.806514859427194,-0.3558347842406855,-1.219813951015709,-0.8207721469941784,-0.4770531616319751,-0.18252211305427846,-0.018897099916137527,0.44784151343159273,-3.025140895412836,-0.8560950104934575,0.7497185355877312,0.48704608122065185,-2.546417799533872,-0.5709975582510891,-1.3699479700557733,-1.0623478658553571,-1.3673880819967605,-0.786035490962071,-0.6474487900893724,-0.03368143124422396,-1.2968661617405512
65,1.0623002339355576,2.398332169705169,-0.9523493019046949,-2.3787423805349794,-0.7392106013742836,0.23622212943608378,1.1389531155603132,2.5706325212635157,1.083177119579835,3.3417881270858176,1.151079111001187,0.27908079249828255,1.7659448436741245,2.8265621634993208,1.9397727641959444,1.007946129319195,1.511877491662696,1.808974498329539,2.3912479212047306,1.2477890328765842,0.5902013207849803,-1.1436839918744273,2.1823721997791745,1.6186713455071566,0.7247779038192954,1.0973935106396757,-1.232042201457486,1.7435952203775722,1.4859486440750973,0.8596236257435255,1.2011515976718758,0.06332080166195642,0.4312427695781045,0.14951882088480684,0.05713108792257948,-0.8660695781572638,-2.6806911800725546,0.6811610763264184,-2.710507330346611,2.8412211933865716,-1.68611924553203,-0.5471710373811591,-1.259817059453118,-2.2089104375780435,-0.4216383437131652,0.644771725576196,-0.12963559757229692,-2.7290826578740246,-0.46474231835075575,-1.0498627487966719,-6.455875393667038,-0.1863483468691065,-1.614530121970672,-0.9827770611527606,-0.5451515642459386,-0.06938550963546408,0.3213602808242708,0.5424081650100634,-2.9150200721493986,-0.8162663793701492,0.5854334674203727,0.7972499674227773,-2.756283093085945,-0.21321824187651295,-1.164663151439239,-0.9760947064945613,-1.7289162173199255,-0.7806014179027079,-0.683747268610035,0.003774028889900194,-1.2948543603671476
67,1.1480243814818385,2.5731847496896263,-0.7533746109571027,-1.667856518030658,-0.8588114464482617,-0.01884974501627923,0.9383814404739255,2.791980724976896,0.9873762260436907,3.241592192044039,1.136556743149968,-0.04136979068421809,1.5604946037012368,2.592683380700298,2.0335279821294576,1.3997655008493792,1.3409248614909117,1.7164985989250088,2.2117107400551523,1.078501211619571,0.6508491491462189,-1.2401020092879493,2.1768864256799416,1.8065177961742473,0.903289104279513,1.0530066778640848,-1.3982102693035507,1.940865184776977,1.548026124317095,0.8741349145527808,1.170208177574839,0.2440696910442588,0.5024445043164016,0.284290864335917,0.16399677383477496,-0.4786770768613744,-2.9925001489700422,0.9383744462405712,-2.1069691748698895,3.325189588514829,-1.5145755833215953,-0.6835934493545084,-1.0565392646668617,-2.3168428975280646,-0.3737950248058697,0.8077096651595328,-0.025233287522302916,-2.748490365029771,-0.49759750593368146,-1.3198356932454622,-7.6287797617411615,-0.24597099287395174,-1.358535780264556,-0.6352226600563418,-0.6692768245018339,-0.1828055447753938,-0.020102985238501958,0.5762678286988034,-2.915719848965799,-1.0320694965145254,0.5846971115225843,0.6179284236774194,-2.650822422101638,-0.525884493613102,-1.2760736291114725,-1.1455804736541122,-1.6855635285691086,-0.8737765991537936,-0.6649889668061633,-0.09673629245936421,-1.218821626803619
69,0.7596027707706465,2.329362272926921,-0.7534093656982401,-3.0645920269218356,-0.488397341809125,0.263409543099705,0.9382726786184907,2.38543541885356,1.6026936148740298,3.2962433320462963,1.164687213577972,0.7555000155425313,1.829518956317869,3.1429321586270005,1.7707793416882232,0.6976344856938876,1.4613461527103357,1.872809964899698,2.377286884802683,1.2476903290296555,0.3532823920862027,-1.2939042398226093,2.112676841430447,1.525136902415554,0.7551119857327864,1.3618107526120111,-0.8338607292951794,1.5770386239550862,1.5998854183759108,0.8724718521900723,1.1030202459527105,-0.4722333691087064,0.35620209933659464,0.0054648810653255,-0.04467415540139452,-0.2720119151367477,-2.549404185815857,0.8728887444355671,-2.963924460499755,2.582248138826677,-1.6268205271806062,-0.6505608577211577,-1.8330312777675921,-2.7123938152377898,-0.23308883398589852,0.33344796021095124,-0.17330013773303676,-2.780547058145163,-0.29473912272039193,-1.1366936982380773,-4.336212266719934,-0.3755546812344157,-1.7167403869836564,-1.0078886529102196,-0.5727216879378849,0.3297409956938635,0.3150074801890277,0.5355010711325301,-2.7134240388226774,-0.9327420908187278,0.7488258027835641,0.5861796571775209,-2.7811075115560007,-0.42035302557776255,-1.5372754129558688,-0.8961641066837034,-1.58628107709933,-0.6372630084748012,-0.7435346766864797,0.23241367013699143,-1.6187109071183743
71,1.0242618574278453,2.3779259468519136,-0.9532627800006193,-2.965983020567317,-0.8398422895291828,0.3245880773621872,1.1805533460095443,2.4942516518843174,1.194880014927203,3.3745507899072944,1.4058828141506132,0.24532642355839673,1.7071859310416957,2.898916502235663,2.311310250342522,0.8789437977671062,1.550942424916684,1.7343137689835717,2.3536391878480796,1.250955640056425,0.31100488458221776,-1.2953747215650537,2.205036018795604,1.658257490068714,0.609772653358549,1.3649067777169122,-1.1853989781700491,1.6841320094466226,1.6004115277575872,0.8981847495635895,1.2067900460477032,0.063712073318829,0.3683726876936628,0.10242626094987539,0.011978687354022632,-0.45534024512985116,-2.6943384231657044,0.7235070212860322,-2.4016425676050437,2.840254923710749,-1.8551537227378798,-0.4405837586776551,-1.3220350534684986,-2.7486621534114724,-0.41819930831454855,0.6568677827366498,-0.1851694280400844,-2.9103746750805124,-0.5269922359840766,-1.0626744334247933,-5.748809087283701,-0.20024318721718615,-1.8778211855028726,-1.1350500078790615,-0.6186528876481114,0.09664744788573199,0.5709074198562574,0.5131993740968097,-2.8690743317777505,-0.8803605555342857,0.6414920087014826,0.7294615539705864,-2.6075431493974666,-0.1660197659939211,-1.2334288412378784,-0.8106280059224247,-1.9708135788494827,-0.7359201227802021,-0.7043307435254116,-0.04330493319568962,-1.3027236455515707
73,0.8792229895698727,2.387783706382661,-0.8832239223987681,-3.1589137597621546,-0.6077885615562586,0.2732739060602807,1.0231055593621505,2.2816013067933207,1.5081208764264367,3.2724936106925844,1.2706132982505594,0.6325870850028545,1.855369384620487,2.925487732378128,2.1624334752763135,0.8086812477107195,1.4219834182707225,1.797539249471496,2.30717000326618,1.1132563896323777,0.2693305555697547,-1.2439727721017988,2.1694792751408363,1.62004157489647,0.830325597829427,1.5046447849614073,-0.8409630052032044,1.5245105002170365,1.593722879371719,0.9591363017371322,1.2883140398370276,-0.06681651203854688,0.3456025263203779,-0.012066713442358434,-0.024406024107081592,-0.4698623430378053,-2.6240731147680174,0.7581336924617714,-2.707489965609569,2.678738689595288,-1.6704518943112712,-0.6033977677185662,-1.5390658824738654,-2.6884450265436284,-0.32345724208659554,0.4698457446632851,-0.19961626744651007,-2.7598110667820377,-0.4947268535463003,-1.0796660520701735,-5.196279992545107,-0.2234252030895476,-1.849629526047643,-1.0299871892996126,-0.6169114820248556,0.22214176803377672,0.4028626749838047,0.5863847826039725,-2.5820760396166236,-0.8591102903285499,0.7093616421795916,0.5544760686514971,-2.7526982515472787,-0.4009544283890847,-1.315848672631252,-0.9260385220216119,-1.7736939937403902,-0.7505378507006935,-0.7696264350430173,0.05117872265355938,-1.413922436845116
75,0.816624459446218,2.4009865759103244,-0.8661399335680189,-3.336545151260421,-0.7508642428477703,0.21389481087257334,1.1620908024237195,2.4541167778803454,1.2883019882436413,3.3503313504830805,1.3688623394049424,0.34588685731666136,1.7496601038720399,3.0908598470102735,2.0148736463744097,0.7778266059282606,1.6179929482818287,1.8047245694345113,2.370211676519702,1.3609155122956418,0.3379085335227998,-1.3175143964062483,2.2208306634595756,1.618510889550926,0.6496703681943332,1.349709088334981,-1.1541698516021075,1.7154670120512323,1.6773353426980675,0.8959161927993149,1.1908994675856057,-0.045061653999654894,0.3251312901922603,0.081930846281427,0.05165202195770835,-0.4660575410317209,-3.0559135557018573,0.7825033388016713,-2.6324506036029627,2.878942027438485,-1.8457564993461704,-0.531560073948091,-1.3859370741548798,-2.821646236445871,-0.27373776173614317,0.5647132330667253,-0.1301676067919777,-2.9139772827029864,-0.45956802816741593,-1.050146435009168,-5.2255404055209125,-0.1466452107361702,-1.8903171696030494,-1.0389319062371367,-0.6563623342242488,0.2659546047671535,0.5325341056494031,0.5484493856833712,-2.6724405869837353,-0.9183138911727946,0.6890110445125561,0.28738894281985594,-2.652684087276902,-0.21802715042109,-1.2078891601037096,-0.7746961280991904,-1.7507679693160778,-0.6982148421476202,-0.7046285543955522,0.08836446935295328,-1.348310415857016
77,0.8201284514513469,2.3323928593086407,-0.8724977854589797,-3.051924747642527,-0.36710536629242974,0.33478403557334335,0.908200427405844,2.182559278673153,1.694155665836253,3.187929666598859,1.0771408047001172,0.8476730331176734,1.9474038100129105,2.9607584146639683,1.7044271027412017,0.7304432626731217,1.3728890754429437,1.8447692841361438,2.2863765036622032,1.0625858714264647,0.3555582473027714,-1.2015095981358046,2.1186411370506404,1.5138734363995252,0.911186400223432,1.5060952352476362,-0.7013786781940494,1.439622890653884,1.6286594287570337,1.0207579237259399,1.2712994567697047,-0.4127166597947456,0.36993731741721714,-0.09453527106924575,-0.074338086551764,-0.4230533201163622,-2.485961612804614,0.7957033749353766,-3.061681967316911,2.4792366893213997,-1.4629071608180793,-0.6780289751709612,-1.7925265987237538,-2.6220430572845217,-0.30998897545357984,0.23947251907508882,-0.13981866864622639,-2.700458166420395,-0.4251197289334234,-1.051784085292156,-4.643304212931891,-0.266659708489815,-1.785889732902973,-1.002530997530493,-0.5188658779097794,0.27062240705433815,0.3185390029148554,0.6421014200222332,-2.5262992755630744,-0.8370667249784685,0.7804444078175745,0.6899762408335643,-2.685883226907764,-0.375719621738031,-1.4315133339866106,-0.9708603933720177,-1.7582646108032538,-0.7092251998678964,-0.8132616759485423,0.16082294008672982,-1.5524449199821024
79,0.7617579126880729,2.338261115797832,-0.8579252953998955,-3.2008302509897266,-0.564421480028444,0.32040332900905,1.1033914667329459,2.314653024104773,1.4988140985689822,3.2902043596692865,1.2334596627717378,0.6627214804356099,1.868375454017146,3.024008057554855,1.7863781650407469,0.744180900975902,1.4552598158484056,1.8507510949804291,2.363438755141334,1.2789789824203108,0.34735357735488925,-1.356754786835193,2.141601243828748,1.5574553177795174,0.762299021039694,1.3752727272744525,-0.9028204898652064,1.5429646909986192,1.6201434329122306,0.9133262595034752,1.258863407272762,-0.1926219133910756,0.3157528064838848,-0.02320037057962665,-0.018333317382352554,-0.5898599457667792,-2.761994945945892,0.7429035295561732,-2.7394301647588843,2.6217799430935864,-1.6912770302873312,-0.6004827991588062,-1.6659403991926158,-2.6214993164026197,-0.3042514916381922,0.41067952345637604,-0.148405483685206,-2.8192789421896425,-0.46389254956296,-1.0840241578388845,-4.800501970812194,-0.24949815878097414,-1.834920498051213,-0.9606195348198581,-0.5855128537196483,0.2723100953799218,0.4273702311355576,0.5657575201747722,-2.468940836293142,-0.8940991592447922,0.7439435551906408,0.5898508662359241,-2.7375559863271928,-0.3597309477265256,-1.3218782599225918,-0.8770243839253524,-1.6761618091964614,-0.7351421817338597,-0.7148451700218992,0.15008001946226734,-1.431068562415862
81,0.6746814558209335,2.3950218971505963,-0.7172235226228612,-3.3039265118631898,-0.6554812166881261,0.18477144446661065,1.149790405310661,2.5237443128558428,1.3057975252388605,3.3949025636747994,1.4071874197928764,0.4269203268596211,1.638171747679094,3.2449511012793613,1.8646018043111443,0.6618290513087182,1.548422355204862,1.8091247709345089,2.439014674958752,1.4523879360061978,0.30300873167765374,-1.4350510423692358,2.151568743020778,1.6080666420185805,0.6768369955381139,1.2403448283790484,-1.232735406645876,1.7371874649778927,1.671418591379624,0.8513887231516533,1.1322215279574719,-0.08759417935715685,0.2755339695594241,0.09459104179265854,-0.018889017665607355,-0.4843098277053093,-3.0964676379344995,0.8509147952777676,-2.817097214538671,2.8467349523883447,-1.7846411087340925,-0.5811444970085997,-1.6257082837130152,-2.6935374731997017,-0.21057195409299112,0.5320505261024095,-0.1415450904293385,-3.1314267567374445,-0.436273339801736,-1.0744382862477657,-4.73914665809543,-0.26773335225602857,-1.7939500871149994,-0.8350386767073195,-0.658280754027067,0.34585293574212006,0.5487974685993375,0.47346928095349394,-2.6691290607425744,-0.9969481145359644,0.712039579306122,0.21446851848831283,-2.6834387741137062,-0.2817269575316734,-1.3072622859333443,-0.6488708727868788,-1.5084673945044464,-0.6625912456531289,-0.6487644818279019,0.20963286182922047,-1.368037887807831
83,0.7149508655780181,2.3816320813544496,-0.7948663896783454,-3.347616120145008,-0.6112243900605563,0.2842027626843402,1.1502927358403934,2.4150083344303304,1.472389939049295,3.345016563966887,1.269662537124785,0.530584205079843,1.787834827410291,3.155773018626719,1.7145500757031056,0.7100337460014554,1.5153818890941655,1.8515470176609834,2.3500884860595326,1.343665615941867,0.37987337245221653,-1.3759631437338378,2.151228673995898,1.532172229463809,0.7089763038636869,1.3132490456712356,-1.0097703800702487,1.633685364025343,1.6784186944922443,0.8836225936332536,1.1865795460775876,-0.22263372267701964,0.3434577725283212,0.04665106993078805,0.013181867457831231,-0.47337383748052364,-2.8904334308473123,0.8315122369696244,-3.0195013721896755,2.7395795276495583,-1.7646235132839987,-0.5355341167103056,-1.604147105117046,-2.600513384752385,-0.22351154699331133,0.4475596236422792,-0.14067164191778314,-2.927829746045311,-0.40460859666987936,-1.0099771266873523,-4.98859648581015,-0.227275280623922,-1.7928930382595398,-0.9853570059670025,-0.5838447658680384,0.3069061631074801,0.4630246832966538,0.5462607005220903,-2.5948939995042437,-0.8602876458777304,0.7465722441951206,0.18588778243153925,-2.6977089000989194,-0.247760989807019,-1.2297086080254056,-0.7535148162198881,-1.6588405255575323,-0.6638746346267217,-0.6884212139725392,0.2066429834840644,-1.4078797052184955
85,0.691892814672717,2.392541364992931,-0.8170783899309031,-3.5155342944510863,-0.599036239702949,0.24127295064423038,1.2244037491924278,2.530876863269489,1.3182059005886346,3.4009565334325735,1.4093459965194564,0.4343355851406443,1.581166086053619,3.2199817683711123,1.8618995337226965,0.6979923444778589,1.5871907070758104,1.8056399952274549,2.4381527383804054,1.4632833566134034,0.365572052861344,-1.399725206684959,2.223556656653447,1.5945108168101796,0.6678418186373944,1.2405349702420256,-1.1407268856490749,1.7483860587423838,1.6757078516164858,0.9047486491602337,1.1770738562105514,-0.060422990124896714,0.2505390326323038,0.09102797093788162,0.01774009942262289,-0.5139460430598319,-3.0629022718171885,0.8078702763024985,-2.7169408195868723,2.8760583671544753,-1.9183492888933724,-0.557857072026863,-1.4643887232988142,-2.7443567480348285,-0.19720497611383703,0.5264115107723395,-0.10556584160335092,-3.1729657969001686,-0.49632659708901095,-1.0774157650959397,-4.818688266399548,-0.1993584143376559,-1.8353737580215395,-0.8860979614170947,-0.6815262444136065,0.2891197340849603,0.5814303588501213,0.5158050890836829,-2.6434031489579244,-1.0124152632166243,0.6811429970390988,0.08843369957040625,-2.6210732652847764,-0.30494056621486276,-1.232127913099914,-0.7063491059189948,-1.5810989310266859,-0.7076633624623252,-0.6643982672865407,0.19668945230753465,-1.364081189345379
87,0.7379060989204049,2.385403316336652,-0.7823428777246333,-3.3458796089338314,-0.6657319904759573,0.2631252003714408,1.1487897064012378,2.4072961309758205,1.3801664320580453,3.3399172599394,1.3036370584201098,0.509911676140856,1.7958371359092933,3.13613354817117,1.7891328432726659,0.715262077932115,1.5248682189309837,1.8423094686302082,2.368216226258312,1.3595214773508166,0.36107427844030493,-1.382769288641403,2.1492465954780964,1.5619462635372123,0.6951352712818286,1.326621451834881,-1.0917018988510447,1.6428742085329002,1.6636341894165039,0.8660926309437391,1.1879024086100687,-0.14609562209101057,0.3196450976416161,0.04347205953768629,-0.008357126741606713,-0.5216934873622003,-3.0238276121112886,0.8222921026142389,-2.838545391850703,2.7654770331873366,-1.7588004030892508,-0.5490033543320001,-1.6200427948895708,-2.697418268962716,-0.23712650699293292,0.47306470031016623,-0.12972173695503475,-2.9522210199419305,-0.4377740637876162,-1.0398924498303517,-4.787746840840088,-0.23628249398043621,-1.8226927641742279,-0.9299986899762516,-0.6059961056646008,0.3227906984162532,0.4862374477187261,0.5310385168646574,-2.5840950223363492,-0.9220734505806405,0.73136482115956,0.28289638805176054,-2.6861528301942936,-0.26547987657663796,-1.2616008576609872,-0.7464363359836375,-1.6187912988073228,-0.6690996592015841,-0.6929344526051135,0.1863580259256965,-1.3682718833755754
89,0.8126402237468646,2.3604298858434056,-0.5980095933929048,-2.8466905246255454,-0.7381224398146555,0.22743978729786463,1.1798108849342483,2.786501613796582,1.1533369214496618,3.5229983053296787,1.6247980431120537,0.20888349341826995,1.2438609126481621,3.3448756961338937,2.095679494405322,0.6578076722410229,1.484075010498655,1.7439685985700724,2.662650176647702,1.5396869104938817,0.09844886223533766,-1.467836240532879,2.1264335966975456,1.6798761038910546,0.5075924928776896,1.0503677527137807,-1.53906476963087,1.8217150678771667,1.5373456658904923,0.8209607384109283,1.0946290023873466,-0.0067443579102270945,0.29036400568689213,0.20692910813698706,-0.03905392572106159,-0.5125059727169168,-2.9429015641728142,0.8109256232163409,-2.7999287598624925,2.893256917212872,-1.8152314054981522,-0.5738099249483479,-1.593096124772984,-2.669115194090123,-0.3862612526252702,0.7614436198524261,-0.24303049518906938,-3.267579639348293,-0.4428024390383154,-1.169475908032016,-5.214658144520127,-0.4419401287643234,-1.7714025335956682,-0.8319056397592002,-0.6751324933106266,0.2878213268139769,0.6766888986291608,0.2848337332824853,-2.8744191390421854,-1.1501975526675476,0.7602696742458468,0.9180680302114101,-2.827766753728458,-0.13052901978227727,-1.3869290258909732,-0.4564930409698107,-1.5396389451641106,-0.6595933648448202,-0.4797814480917655,0.15435609656049554,-1.3401221853427572
91,0.7607963846568335,2.389526952175769,-0.7528211453695217,-3.318273820887815,-0.7012626124979864,0.2531503612932964,1.2225370436385168,2.60353173359994,1.2507209972444766,3.423412563438972,1.4731877024097497,0.3534843730857231,1.4562538251876305,3.2338845178606097,1.8951174705672669,0.680038283402066,1.5350955981431427,1.783815794123695,2.51187389980685,1.4847158503447142,0.2897031426432157,-1.456286303199458,2.179140472439286,1.5953776701973963,0.6000960133604432,1.1711912043864272,-1.2743643294430251,1.7478808254988554,1.6187853699042165,0.8751968228097446,1.1330110706446392,-0.03148010845497051,0.25099729390900904,0.12793967318789168,-0.01996400094676254,-0.45582782213371864,-2.9858972008576776,0.8235406160158618,-2.705804454809136,2.874971475092275,-1.8909520629489016,-0.553087890336645,-1.4889316965599724,-2.69999868920861,-0.26442535227991293,0.6238141794408509,-0.16516928187549684,-3.2315009039839575,-0.5063890249904377,-1.1067617753617256,-4.933641437316473,-0.28848324541531145,-1.8602797450138944,-0.85574372278856,-0.674205182049012,0.2935233590637738,0.6302273058434542,0.4319547960731187,-2.6975871762954133,-1.076215963442773,0.6927956897079453,0.48512653382637794,-2.6473152701311156,-0.21274417217902908,-1.2693728853061161,-0.6022013416736103,-1.5827003691863704,-0.6784442579465297,-0.5951545416570889,0.16573880427016263,-1.338867882747131
93,0.658650481189456,2.377061631285295,-0.660184935921075,-3.073722736085128,-0.6402907936413351,0.15363466133966774,1.1153753295737845,2.587143098242937,1.3020051005374125,3.4311753850622715,1.4482514396070205,0.39325532881666003,1.602403569659502,3.2948088238121653,1.9315213874677237,0.6366360376509883,1.531434767217624,1.794352778452554,2.4779508595987947,1.466608766814696,0.23266845900054012,-1.4451989256293558,2.122193263573398,1.6370246041150156,0.6610179003292007,1.1959344653351884,-1.3037632285984877,1.7628907176850825,1.6526113876759037,0.8198485735742089,1.108720649841353,-0.1146783130579232,0.2926488536717633,0.11652420858581714,-0.02378464229924937,-0.5125590532138888,-3.076203054425238,0.8469456448353787,-2.890718146631463,2.8409179558906272,-1.7469532053514696,-0.597076260847512,-1.7023070568515104,-2.665442420851858,-0.23743800212864752,0.5582525366905644,-0.16731921206359424,-3.1276717400600527,-0.3925452560586855,-1.0943480016874796,-4.790185277763375,-0.32030101084410934,-1.7372301865641502,-0.8318786596152012,-0.6546389653609204,0.34686183962339,0.5441441975771664,0.4288750143754445,-2.7348261043416864,-0.9940167732320422,0.7357494905735047,0.3515475478868826,-2.7622250213085797,-0.2728073161149842,-1.360743204762958,-0.6064848480215916,-1.475171777275433,-0.6571794026607849,-0.6140228651963113,0.2196833503642397,-1.3934137090670333
95,0.6647441742287459,2.3897467909992223,-0.671706695036641,-3.1691477081810797,-0.6630117389457357,0.14861679505852443,1.1248315114389396,2.575912591756565,1.2833237517554705,3.4226804581133425,1.4471959313706302,0.3882867754640591,1.6015857992814735,3.2863524652570444,1.912905017977792,0.6441339604104162,1.53701003719577,1.7987046130690594,2.4743760041893714,1.4717184341949543,0.2430786618203129,-1.449751086888118,2.128068179997726,1.63492706486575,0.6682066288100579,1.2030123693894188,-1.321802929105929,1.761892350764092,1.6615283510249634,0.8279585616556684,1.10645501587475,-0.08869446624852984,0.28155550263204354,0.11687109822780783,-0.026113328211269327,-0.4934116057696061,-3.1005788742953575,0.8606483939581588,-2.8470445786961056,2.855679833777848,-1.7455672985749793,-0.5978603009075538,-1.6954181480242196,-2.6698072448320174,-0.22503873547422604,0.5626695006592746,-0.16247734876698328,-3.1509921436933057,-0.4080499015346808,-1.0883333797563415,-4.758930356159378,-0.3124864036345416,-1.7646687143016484,-0.8176097272432479,-0.6581622473465076,0.35823076409486543,0.556069658214378,0.43136102040116686,-2.726373836523158,-1.0041486158791857,0.7312427586386443,0.32253304230775015,-2.739671203233917,-0.26367728202394414,-1.3534746767573633,-0.604043169082404,-1.4752144399363445,-0.6497819979191135,-0.6207011161823965,0.21355661442954066,-1.373919184139777
97,0.6883714006478625,2.400070458701664,-0.7828627785398323,-3.4653907304518894,-0.633408845969285,0.22663645291483459,1.2103530062567893,2.509696256642165,1.3072898163644915,3.3857755521523947,1.3971710718063721,0.4339634498545655,1.5799198037931026,3.2176580001479027,1.824786862480562,0.6681649113473043,1.5715571693899317,1.8035026594648569,2.428231927832295,1.469553749739311,0.3561361320929546,-1.4466444661872755,2.1932325898083525,1.5812513249114035,0.664593406754519,1.2284642591281996,-1.175448367081703,1.7365167103781332,1.6724133249515125,0.8838296981237708,1.1451117754882185,-0.06186713699483892,0.24232762232984673,0.08893293745582387,-0.009467597112357673,-0.4507210303050133,-3.045136072207959,0.8374031650924829,-2.7034490036674717,2.866764439538057,-1.8867431508425652,-0.5586512487456279,-1.4941222040969242,-2.716729149468061,-0.1915619864593232,0.5264689869052992,-0.11975682261762621,-3.199706607077208,-0.49120193970498605,-1.0816976422781828,-4.727920534427835,-0.224624688377844,-1.835384657996264,-0.8343825366849451,-0.6757150047483336,0.31825649700925496,0.5845702059139564,0.49988731081089455,-2.6333118842444074,-1.0250547855529346,0.6672225572673831,0.10377030604349358,-2.5930659789573056,-0.29783730620355,-1.2511001271808162,-0.675498692394342,-1.5338123829533936,-0.683881380628625,-0.6560058298021616,0.2037342246444922,-1.361427454223528
99,0.672520089681873,2.3967249526190337,-0.7249049335115201,-3.3247890537354694,-0.651760603552785,0.1827942931887785,1.1688507417989307,2.541367263193517,1.287153416035041,3.40194722558278,1.424099662638877,0.4097230678873931,1.5829617254788366,3.2532632144828963,1.8686990872154259,0.6534605693757767,1.5580342457843979,1.7989840513674356,2.4521807448487767,1.4766076238243264,0.303942496668566,-1.4515708671533734,2.1633829717671773,1.6093071449056087,0.6666028962734103,1.2137550254327705,-1.250255251741697,1.753643829155065,1.6692509692948763,0.8578616710617561,1.1235680965776629,-0.06543901711365496,0.25434818825446914,0.10178101240772808,-0.020654580388440813,-0.46613395512109346,-3.0745490329578056,0.8515151301546284,-2.7605026475964864,2.8670977342250215,-1.8202117663527098,-0.581436070279314,-1.5837680131289744,-2.69919947021796,-0.20375430320855958,0.5430100904649651,-0.13901859883330747,-3.1936267712571142,-0.4553312051774032,-1.0886951483895073,-4.726237781494366,-0.2652134932515624,-1.8025956478209153,-0.8148367241305037,-0.6740735724179885,0.3399777166127018,0.5730321394171236,0.46688233426024883,-2.6793162754169684,-1.0237256161269412,0.6927561193687248,0.2111734444680229,-2.6545405356011473,-0.2876254797607487,-1.3040285269201277,-0.6382336454500308,-1.4981891467389374,-0.6683255457371597,-0.6407447983373,0.2084634858430734,-1.367436392695744
101,0.672901863437728,2.3899068401785506,-0.6583155840690056,-3.141048361608993,-0.6769963221111084,0.14150442290048826,1.1281642403951126,2.6043591784875444,1.2544219902028981,3.435677579861634,1.4745800356671421,0.3617483824921832,1.559833125321997,3.300124323980909,1.9388637970423126,0.6400410720984757,1.535409785196479,1.7905752187371315,2.498922292707109,1.4879909333097143,0.22122194983532228,-1.4589739202268897,2.1264511299160525,1.645937275121172,0.6545393800857751,1.182008818325336,-1.3718438159325412,1.7763998904907239,1.6525070168345701,0.823686920298762,1.097324499324822,-0.06903528353248056,0.27507656214970666,0.12971067482255272,-0.030902601776210403,-0.49276872383658166,-3.1073947798053236,0.8618195011587568,-2.8243166673791844,2.8695657401399655,-1.748509991186273,-0.6017667549829984,-1.694965536608752,-2.6743791977737637,-0.23449861969528918,0.5883403692557456,-0.16990112232947396,-3.1850369864919834,-0.41281778401653035,-1.1004653834815885,-4.7657624045156535,-0.32886367027759,-1.7666849480980718,-0.8037287133827196,-0.6659910276345125,0.3588537922613,0.5747571279376738,0.41055367254831676,-2.748900443967605,-1.0284434894529495,0.7315270212203657,0.38902430245316033,-2.7466519974275396,-0.2525464409234335,-1.366513622940837,-0.5800940706349369,-1.4659308697165194,-0.6480168461828484,-0.6046544968478447,0.20896975526568884,-1.3665800026150334
103,0.6024088660975595,2.32024874602826,-0.47778658005098684,-2.527602610388647,-0.5515521082827828,0.06682992468959803,1.0486666319095104,2.7956911762567267,1.2148808750176974,3.5626504368608662,1.6201111885701853,0.2856478691350981,1.4036707557769388,3.460495888888902,2.204018872439744,0.5414605262202388,1.5312844658982478,1.7281341358936153,2.6267791195671655,1.562246469229998,0.019556947949115333,-1.4703015187953241,2.0794864905220747,1.7553135995166267,0.5802464545411183,1.0500644416358256,-1.5663533318815999,1.891607527466256,1.586786296272901,0.7263913041821732,1.0625020169504635,-0.12488569482290934,0.3165903897450173,0.19435559289621462,-0.03568136577085035,-0.6564742478579859,-3.154022507082325,0.7996905295913281,-2.97967705742997,2.8720283476331407,-1.7221506932170794,-0.6372545927822282,-1.8230959856953506,-2.708927116451137,-0.31370926440857794,0.658654979806844,-0.2027823793572674,-3.207520249553199,-0.2968946688113805,-1.205652443200906,-4.754409568145962,-0.45029403519146083,-1.5530879181263417,-0.7538248950081439,-0.6918193370555059,0.33855917131283775,0.5792808084171144,0.3017899443339003,-2.9210838017181304,-1.0825235969843883,0.7663664286458518,0.6652290800629457,-2.943759888428768,-0.32467580068454094,-1.532731786458628,-0.47538473880972365,-1.3157889270295113,-0.6754405427348456,-0.49657873148197496,0.2729536891060844,-1.4589520053697518
105,0.910491965180098,2.3606208604543277,-0.7304029018307592,-3.0840069076410774,-0.7216143720392783,0.34249289924743387,1.286615697485555,2.785861009750226,1.178290733521937,3.5236704753959383,1.6314918624398658,0.20755960260496575,1.1088535741128815,3.2817236239877507,2.092562061151502,0.7316308286485347,1.4886358394461063,1.7619287594251807,2.686630181493312,1.5312146405530291,0.19080618607279298,-1.3729536130044586,2.209669088528457,1.653715293138124,0.4757637142636284,1.0634065201524798,-1.3566938535398396,1.7914755608555017,1.512093407740562,0.9043264978668626,1.1717475483430109,0.028396209734885325,0.27001267642879245,0.20456514179350016,-0.00016479319596118813,-0.5117506929192857,-2.8182654176038735,0.7737512905344817,-2.713884826205229,2.9073859856463535,-1.9597417341098566,-0.534878395499554,-1.3990761218816585,-2.6739214238601257,-0.41109578833768445,0.800689544999182,-0.22820063355565878,-3.312963874939589,-0.5578738415906992,-1.146624767872213,-5.7255540887885115,-0.35441743906849155,-1.900472115688408,-0.9325259706706417,-0.6759762303334904,0.21726623310532656,0.7302395003044166,0.31951711698827445,-2.843184626614926,-1.1853483249116623,0.7632172265800907,1.0029032010181327,-2.773945736483249,-0.07178472797442215,-1.2656520447798005,-0.5040630285844268,-1.7607710646696253,-0.6931394223922567,-0.4777488474704663,0.09770193461598797,-1.300226865552312
107,0.9215836220921139,2.382642364550508,-0.6621808335098258,-3.0349791014452334,-0.8605807943086576,0.31705470570764227,1.2558075020604553,2.7937858537214053,1.129440411748968,3.5137168508954377,1.641600403402233,0.17226514478926092,1.1233088749553142,3.288079575283743,2.0499677006216452,0.7194109609780739,1.4655042896110064,1.758694343665045,2.696804889403101,1.5384895426675422,0.14974648209039465,-1.4535656708023312,2.161027661169983,1.6469555488625343,0.4658478342359125,1.0498473080518416,-1.5036294306976528,1.7924931810260034,1.512720780505755,0.8792866468139318,1.1240814854158963,0.05789627267992081,0.28342786208931336,0.22097308675778482,-0.03099465398197143,-0.4454160358433219,-2.817303510930736,0.8170666516650478,-2.709445913506239,2.9116416350101755,-1.8754223918066177,-0.5343652015624043,-1.471542361949278,-2.6444562726939393,-0.42705921485010645,0.8221844081158372,-0.2573662980327791,-3.3006003728151514,-0.5253815066017395,-1.1455741981543577,-5.623995613272606,-0.42656308066572457,-1.8985952849699341,-0.8721365146511131,-0.6637599961343339,0.2594653776428366,0.7362047845986455,0.28121097836423736,-2.8518534295156934,-1.1878325834518613,0.7649461692534665,1.0569844442484753,-2.7655735161297264,-0.034834785387460876,-1.3104279161980603,-0.4416560355626702,-1.6871990220757258,-0.6500072314489342,-0.45975611208233236,0.09054323911747986,-1.2786539888305661
109,0.5828951417221369,2.3078339484526325,-0.4465808550897181,-2.443252409264505,-0.49385134570476374,0.04757532955913657,1.0270214870003622,2.8229500814642763,1.2206908610867417,3.582472796859416,1.6408007721100843,0.28100691973858005,1.381831967884219,3.4878324515251125,2.245013645657569,0.5207867467858609,1.5311106543728568,1.7183313251570476,2.6439705736101637,1.5729005037715864,-0.01874149404646186,-1.4693211608199537,2.070405518554528,1.7746918792073023,0.5771946029970296,1.0267544628558474,-1.5815449156077497,1.9109047483613,1.577648872075493,0.7088132320982563,1.0572439758730168,-0.1422350559926926,0.32481612357325584,0.20451161899303383,-0.03486716320192418,-0.681112610050902,-3.163383366915859,0.7905616660530557,-3.015874138867071,2.8707692245750915,-1.7087936665235812,-0.646267072902373,-1.8563281428992529,-2.7145645878478586,-0.32313983425623327,0.6639125447544307,-0.2050571470989464,-3.202498878735163,-0.27347106432605006,-1.2252428992109952,-4.728320085494246,-0.47129970534274435,-1.5143399414705607,-0.7440804608433282,-0.6974776765530963,0.3365399248754528,0.5744720069564213,0.28418299284568516,-2.939174004728196,-1.089247922207635,0.7727379611145819,0.6964188614834734,-2.985298687289683,-0.34756738401870013,-1.5703927927125987,-0.4618680405792892,-1.2855801337462154,-0.6816093178441038,-0.4812278428411485,0.2881313508619341,-1.4821249698332695
111,0.8747373488283312,2.2757946498332564,-0.7283914737670738,-2.7873177373307536,1.1426925824521819,0.13416639407582487,1.0022875888015674,2.514679991458468,1.2145579954627888,3.324344402575787,1.4845111262134267,0.4381633548791344,1.1399524904725507,3.163906600226642,1.9053296893030436,0.6766789143674092,1.350064461684426,1.7218547017560248,2.4876495397368945,1.320113103017352,0.3166738570850143,-1.3001801799433075,2.1570956361271945,1.5652642488651924,0.8759224809682404,0.969148213726525,-0.5391542288204976,1.6218866117267314,1.4489714279541217,1.0555743376669957,1.2205439989733344,-0.23249967858329512,0.2565020632804913,0.08787663006385937,-0.06944621256312988,-0.5731557275584986,-2.4632448688065143,0.7400200478622079,-2.7032681908092657,2.7875999877383792,-1.648476707552324,-0.648225022874577,-1.5363538285334029,-2.784784471333846,-0.26122575130190384,0.5315177805948563,-0.20675776984120287,-3.1355959260184454,-0.5007127517057857,-1.1830459852695192,-5.264274574377441,-0.32595613106671806,-1.8296296795687583,-0.8775766967944039,-0.8722527966069737,0.20044491547591292,0.4704523892818786,0.3341292426432716,-2.7442953481763537,-1.2377937677686823,0.7160828323851218,0.8847101545513487,-2.8153809730457153,-0.3693697148765791,-1.4632661691265465,-0.7428848292280241,-1.7080377248103789,-0.831731739487676,-0.6100605691511101,0.07994968918278644,-1.4975042545998516
113,0.9310969069225328,2.3182627360707677,-0.7790943429242647,-2.981806138581959,-0.598422367434706,0.3293313821708157,1.2602963861691086,2.657920089053523,1.26521754153441,3.469115366678256,1.5713591999159964,0.33098080337972213,1.0880592565279636,3.2409959896196607,1.967811294726996,0.6705923960656097,1.480650526295268,1.7822090301030888,2.6417771118775946,1.494808200382093,0.3202406991688669,-1.372326781772844,2.1884297827603745,1.603579252674622,0.5390508451937359,1.0561571406356016,-0.9716266316766733,1.7345579402914972,1.5402251160629938,0.9421752629296609,1.1849644114118654,-0.0370674249550591,0.2645953053104293,0.1341761528758818,-0.0038081877022886346,-0.553854813632193,-2.6383719417211413,0.7606460047083337,-2.750258788777499,2.8590562665352737,-1.9688476925556424,-0.5569542963238128,-1.4371530202440175,-2.6972278268626226,-0.3647368038569141,0.6987877122790591,-0.20258553854912975,-3.2773762880663178,-0.5373073355510414,-1.0948281487094187,-5.575809086087547,-0.30430968669961,-1.8871443101866392,-0.9148778075848814,-0.7245740455614271,0.22064668230563633,0.6797126685472659,0.3626581953035144,-2.824184722375584,-1.1496469468257393,0.7388000022072099,0.9656428551092731,-2.692668565053415,-0.14217514803953257,-1.2999902638203347,-0.6158656903167312,-1.81793347805168,-0.7336629148361977,-0.5315587794744037,0.09210283660918606,-1.3486335356023993
115,0.6496170161985741,2.294759560427146,-0.5084363124442124,-2.511483238248542,0.03395736254618775,0.06051753732213694,1.0091623602313744,2.7484300658358753,1.2430910112082874,3.5201371219109507,1.596513500871672,0.3133137139562132,1.3140129988773994,3.4129371235333537,2.1639200484942887,0.540267136067416,1.4768140867976438,1.716545670322025,2.6032182995817985,1.5108900675686994,0.057006229402277064,-1.4563960744206286,2.06587040871881,1.7177883733958605,0.6347787776675933,1.00061692280668,-1.2957883819079008,1.8413445349287314,1.5427848337538745,0.7781543968942373,1.0765838985226628,-0.17487117742035174,0.30179732669881165,0.17202039812277103,-0.05292121601828015,-0.6163725537673805,-2.956287970986282,0.7823801439866331,-2.9483613264714146,2.837226223028774,-1.6961075302726742,-0.6594213993993652,-1.8036237150360037,-2.727972871219431,-0.32879826433886095,0.6264865008780234,-0.21502066327807867,-3.1756231826745607,-0.3258412065143821,-1.2209052106393496,-4.784292205567637,-0.45803221089084456,-1.5859864344535568,-0.7826509339747485,-0.7430168237723178,0.3004502566837104,0.5486970011561656,0.27937657681109584,-2.858697700741211,-1.128623332352289,0.7515479805853964,0.7463396730944494,-2.9449142849586556,-0.3535806654004636,-1.5630229393714563,-0.5242900214798825,-1.3729859872797343,-0.717052102314037,-0.5161598431050196,0.23350033538516524,-1.4953176935532628
117,0.8267604544637566,2.3411407220263722,-0.7316140530183466,-2.786092040973146,0.6718094778644472,0.1519258220769899,0.6050921725733085,2.325802569737597,1.906958253521415,3.1822606433858724,1.1420497710786304,0.8677015380136535,1.533965082703812,3.0751569232429983,1.84558156644614,0.699255112068947,1.269128920547442,1.8457583670455215,2.341254985100004,1.0772711864839923,0.3341545901944798,-1.2054170889177236,2.093432360075549,1.5249104508250313,1.0532419094036332,1.2429334585776717,-0.2442677808250604,1.5298368971544432,1.5526304137705487,0.9993809780592464,1.1080703974385067,-0.7184810072305039,0.2615980146898824,0.03949594301537651,0.006213253421472942,0.06633563053963876,-2.4548260859408018,0.9344219249800094,-2.857919928724093,2.5594858321260503,-1.3771320220035657,-0.8310470209314245,-1.9117587243888252,-2.7590104595890574,-0.22849283371193785,0.23412570060822446,-0.16567295766962964,-2.640078211345042,-0.3586984847323569,-1.2434846051578514,-3.9836507487715727,-0.466690027691679,-1.754699109244016,-1.1301126802822692,-0.8061837228849553,0.19745118615696278,0.15163283946792738,0.42168151240233875,-2.1848949732938197,-1.1819161672126368,0.7141206655762433,0.8339648811544231,-2.9952635200375104,-0.730596681561936,-1.8235009123741177,-1.055646719397406,-1.6008818581103474,-0.836252164923823,-0.8190334760507998,0.20415105812287848,-1.888827399145188
119,0.7208493531071021,2.2570787694659256,-1.1161738091942048,-3.4225023491980853,0.0008468391000331366,0.43899697864077325,1.4317310962106005,2.7861284048349817,1.537362280070771,3.6387821273218033,1.6095775581431662,0.5062583804540299,1.254434558192063,3.390371742114302,2.4178779887904662,0.8233949017831339,1.727240556887455,1.8169578705109712,2.6772868286738323,1.5867141330735852,0.42965847065403295,-0.8553045857522914,2.5491339716741486,1.8260825532263154,0.6688636068167,1.2529612474128848,-0.605271624737874,1.9109330189726812,1.635338489083022,1.0746913647857967,1.4961477205147462,-0.12448380091534617,0.1953470047469681,0.09021826342397699,0.2329737801600924,-1.1181901010103754,-2.840786010877851,0.5069415213364774,-3.077021491625592,2.954611312949835,-2.5731090767108444,-0.5819140168106154,-1.0669378967049399,-2.8068059484548087,-0.1939678495465138,0.5915169851626052,-0.008462408168800728,-3.4826689404035918,-0.701010509040314,-1.141421856124082,-6.41855459679878,0.08562500581467347,-1.7620735763714004,-1.2710082695439953,-0.7340458868824848,-0.010627905563793227,0.6256519102271634,0.6147499059347945,-2.859135758167895,-1.108440341796805,0.8081670500989411,0.6160288240181426,-3.028274433366329,-0.5175093653860126,-1.0893364974407795,-1.0644281963395903,-2.2504020066871204,-1.056675453202053,-0.6222029474485034,0.28239115848526897,-1.5611760226025169
121,0.7177476588863296,2.4067289587158767,-0.8210840638345598,-3.5719177529252146,-0.6581520620771402,0.239352877713368,1.165075041273961,2.431017911023199,1.3670861257453355,3.348531922472353,1.3354013985573117,0.4707277981527138,1.7755485018568669,3.1504037631702784,1.8778840833891675,0.7461863650560767,1.5924054493233624,1.8409593630319385,2.3667392304133967,1.367360810088189,0.3938527887972558,-1.3274085713097996,2.2120690142446953,1.5904587049488104,0.6955712761964676,1.3623529222020032,-1.0637504599844734,1.696519696776606,1.7011837551624183,0.9040362208292976,1.209783427491839,-0.0960568861190847,0.3170464536490707,0.06109338815485543,0.0391671935613207,-0.5087990638900086,-3.1336969607255796,0.8081623790592367,-2.871698181841367,2.834916479195711,-1.8232765927844587,-0.5485299373714518,-1.4905662428548139,-2.76060467443029,-0.2134299456435702,0.4945616716304668,-0.1064456986911555,-2.95102092315215,-0.44267635865896526,-1.0238130544435675,-4.940282293820953,-0.1541215519753001,-1.8434895757579541,-0.973703138997629,-0.6414764664442059,0.3089334245649926,0.5013295093601622,0.5697215792306007,-2.593820694443713,-0.9200538398210361,0.7228119632359595,0.021752861754578134,-2.657418871368339,-0.28055617503154906,-1.207627132600651,-0.7738333483254989,-1.6518221850272123,-0.6945402669269756,-0.7109343264609516,0.1723541508483759,-1.3602288220247978
123,0.7099044856551204,2.3720168270863056,-1.0373711003642274,-3.915568896257783,-0.4000222653930807,0.291196883038074,1.3304025457954172,2.725952293686363,1.3346483736192818,3.531027491774548,1.561957041696441,0.37384473034357946,1.4873414583069318,3.2916231427466367,2.1670072265337974,0.8828508491237406,1.7433247013667543,1.8087333562578078,2.5563347482545145,1.5033507665283032,0.4213982303411212,-1.1287952552332836,2.44195191773172,1.735789039851682,0.689296979015471,1.2899770090121985,-0.9906256971695973,1.9087830634576752,1.7309608055211085,1.0588105394413656,1.3581935867971549,0.045654122594051216,0.27831296241900194,0.14839608129738568,0.2016149548571935,-0.9756642130337143,-3.1529526170495146,0.6205826156025696,-2.6839835928337443,3.0222611272378552,-2.2079706537377364,-0.5600859402167071,-1.2155637767947516,-2.964239646291908,-0.20173413179144895,0.5814592606484537,0.001331613280388666,-3.107570864148947,-0.5300665223435264,-1.0676052903615059,-5.830781650789113,-0.016689442963338408,-1.8175353516131771,-1.2079936594319491,-0.7616954880648237,0.09146349083939675,0.6202758468587088,0.617115181943606,-2.7774264624330467,-0.9664055983002884,0.7509250261750413,0.02708420312031201,-2.7681473701586903,-0.3551715948927159,-1.1225857356358517,-0.8765615596831884,-1.8831541457271062,-0.8790289242337685,-0.6898157693958753,0.15114692417448516,-1.3714882876872059
125,0.7144267056553915,2.485150063158114,-1.2455196640261645,-4.702375048787973,-0.4911746450958887,0.28713846450758496,1.3015080570754378,2.7538098585472626,1.27188004028031,3.5207627091331966,1.43762463219573,0.297840651983023,1.6569415145173494,3.209912868686805,2.103989727212179,1.0462825216833265,1.968979179461324,1.817078147190661,2.5049995901896365,1.4456639898090113,0.49378001346355127,-0.9836871410236219,2.5335403386642694,1.725632382583501,0.8250492273014443,1.2150572020051982,-1.099756766164882,1.970192978670919,1.8199338956142657,0.9805383331796129,1.3053072551867073,0.07190092311497409,0.39984145980269314,0.2634543971186485,0.2527553899764392,-0.8791991231334126,-3.380147277746829,0.6599457050474156,-3.403597802904468,3.1848908391140576,-1.837028826577873,-0.5862732294304012,-1.0816178557461784,-2.737556542734387,-0.19951799713447915,0.5166206545063909,0.06654000497686674,-3.027558965254098,-0.31661848912507917,-0.8312240082686291,-6.652035538132351,0.12334457725114412,-1.7322167164781819,-1.185003101563483,-0.7205964048968765,-0.11512100590454555,0.4547415903201042,0.6904782042792208,-2.8056186424601606,-0.649329978016735,0.6410378759740638,-0.12242002864335344,-2.6260530594995277,-0.28237770627506276,-1.1737421659052956,-1.0029174728647634,-1.608306703897675,-0.8939958047265586,-0.579592259428237,0.17776398799509963,-1.2441559855857331
127,0.6241615011163866,2.365447852982102,-1.3975361962482573,-4.004602021959093,-0.10776618824737927,0.4694180241160728,1.4333923991426154,2.766785136478304,1.4803901362732796,3.599443305407693,1.504048582068986,0.5277777158946817,1.6418914512934055,3.3141164188805066,2.150065975461906,0.9846182010562474,1.9370672066919519,1.8522901842847705,2.5690408262176194,1.5406711896672953,0.5800621825899555,-0.8616080439957976,2.5911200426266925,1.7142143453083292,0.7777369692435334,1.2498044828633414,-0.7190816806358047,1.956578960539081,1.8036620700867676,1.0295275841421816,1.443059983546081,-0.06301705989994666,0.2691521416101139,0.1847640616832562,0.27843569854677597,-1.5960506444170823,-2.7173785718575063,0.5276235642596037,-2.881594125027319,3.0916604822488205,-2.23637097317439,-0.6212385370082503,-1.0354696793655167,-2.974886454570611,-0.1546368102640825,0.5192881394091353,0.13331105197521165,-3.111250413928027,-0.4819166188473032,-0.870183477252592,-6.889937150388719,0.14128184704148605,-1.7417641639321912,-1.436559393392952,-0.8272877967196122,-0.20920571538959276,0.5124479623146128,0.7519276360169984,-2.863477457760829,-0.7604275069067858,0.670485589372932,-0.12167462777950089,-2.9273099642064997,-0.49505318772058793,-0.9313099214163074,-1.1850937727463489,-1.9706044892051988,-1.0019426028388851,-0.68487125211273,0.24525464839262945,-1.3509190516358087
129,0.7819911186578858,2.4168687687685315,-1.1485488355522309,-3.8781382611820483,-0.6567886369728679,0.2837103510718153,1.2804667536567287,2.688329868914473,1.2139933725014123,3.4738011360389347,1.3786528615958042,0.26488365238046807,1.5510555242243798,3.1136354223704994,2.024531358561307,1.0110705315359763,1.8085429614727344,1.8209887390813582,2.4761091787385707,1.416513495295896,0.5308083229658456,-1.1146181883732638,2.4043465317379717,1.6739887699231337,0.699980286008393,1.2090314909901165,-1.0820679280376062,1.8841594648381736,1.7189193740215027,0.9018856846869143,1.2473738678920494,0.023060619056734843,0.4120908724259582,0.19691532365825992,0.20068351974915277,-0.7406468415061065,-3.025129782662418,0.6379888556983557,-2.844019232210968,2.9953172156170194,-1.8935004741389294,-0.5333231766067525,-1.209366862420592,-2.60526628125395,-0.290976791634316,0.5412209471818548,-0.02278757462547265,-2.927601390402158,-0.4014923603103506,-0.9814752769246944,-6.245168508111279,-0.019601513335071985,-1.7484243779342572,-1.149624567167951,-0.6929921053605339,-0.03804587108052537,0.5073418100377323,0.6196970761184382,-2.75148353566364,-0.759981837069784,0.6820169143122303,0.20053712358135733,-2.601228577720926,-0.3004086100614298,-1.1354411511996867,-1.0164900853542544,-1.7404706259547416,-0.8558979990278335,-0.6522213137955024,0.10331646953342766,-1.3325970612493103
131,0.8221866322878872,2.4390701186085706,-1.1336065345301183,-3.5099834850375213,-0.6683083932353986,0.24270603256800172,1.261845131677502,2.699614179707418,1.1705825548440902,3.463700865498481,1.3312260597028711,0.19693395381836876,1.6142866499142596,3.0650575477926787,2.020055301777786,1.0257779947593022,1.816240306389508,1.7876489852322126,2.4504781905256676,1.3868888534778012,0.4719142818610216,-1.0792891491034178,2.386112046376106,1.6554285205085626,0.7161125733492844,1.132344284936793,-1.240706842420451,1.8773475489686633,1.6600061493963474,0.8659775663653431,1.1994634975761098,0.016721742438422282,0.40482526920638495,0.23260942494138348,0.17330323089559307,-0.7903512658023883,-2.9677710733588185,0.6536275401475304,-2.9871434499681833,3.041065568114983,-1.79880451880177,-0.5488376060922731,-1.156049517886105,-2.481114767591472,-0.3024809335661667,0.5762064645069991,-0.03868832377148124,-2.9000094898196487,-0.3827884327483009,-0.954395225683025,-6.383926296590772,-0.02173195231678271,-1.7015463432433826,-1.1145902174246753,-0.6825933003607281,-0.0784483098688975,0.4513160949301902,0.5937902349189379,-2.857129674894715,-0.7238613390029363,0.6199531906419207,0.3434476911512432,-2.624858782751147,-0.22992553305887942,-1.1634211084474604,-1.006150966786973,-1.6781234952542192,-0.8498595816058412,-0.616746652154573,0.10922015685301556,-1.3018498734887203
133,0.6558347332143848,2.4284812171446983,-1.228936869632287,-4.3479454071130075,-0.36825607979992103,0.28763675490516594,1.3360523729881137,2.8040303777222397,1.2930454002447824,3.5776678768400703,1.5355980844238268,0.29914371359918324,1.4852043798606847,3.2962215334728326,2.189285914335718,1.0163066338720075,1.9535844938566442,1.790502559244441,2.5776789144084717,1.5172539475075117,0.4421637047289577,-0.949040825382399,2.5583518339897577,1.7742738422015076,0.758748634234939,1.2451616237390644,-1.007794307422829,2.0155829372903185,1.7945449677535965,1.0245496557324927,1.3535895157658873,0.07665945944964925,0.35311324827940993,0.23400161148011112,0.26665457474163023,-0.9559003121506509,-2.981804213721242,0.6067118231242921,-2.824378818078218,3.1464420866386225,-2.1190061587800813,-0.589725609031948,-1.0722010717068233,-2.8772709163882517,-0.17632465817172527,0.5377898507273446,0.06209369399456399,-2.9924952476607167,-0.43127943627383836,-0.9547576085011951,-7.0905780272342085,0.1087247427977136,-1.7561129862477847,-1.2177523279634572,-0.8162557663678953,-0.10341234162562607,0.5553306268996865,0.6891079334465369,-2.8990467804383666,-0.7204154032807146,0.6870735756752238,-0.16809781410096303,-2.6733826396105,-0.38980114398560506,-1.1123072504968992,-1.057343204825238,-1.733134271746497,-0.9589710190790637,-0.6323508348365854,0.15626439296951755,-1.2843838916468204
135,0.7135837488665171,2.344486043694647,-1.1789835183592396,-4.201411493369494,-0.1385107808637276,0.3937989755056801,1.4496934643826176,2.8687955066859265,1.4294005278829394,3.658228540096779,1.662954775064954,0.45374506675648973,1.3761288609894216,3.402166802038511,2.311757324105263,0.9802628182451896,1.823061524933661,1.8363683881374162,2.672608477334876,1.5918072909155043,0.46910952677208684,-0.9302183467980001,2.590564989224792,1.8302080469771447,0.749626081894017,1.2930976143162072,-0.8117299033238075,2.0143954453397632,1.7546559770042975,1.1757880830252354,1.5090068660467395,0.08610411042531751,0.2734709111374274,0.18577404111121165,0.3087269545230953,-1.6277310502896967,-3.017155200240741,0.5013067966126368,-2.648677980987279,3.0964224267851876,-2.5276516884296916,-0.5577008187379846,-1.086374221847791,-3.0640294036566127,-0.1478870835650472,0.6031746336857209,0.1039482033585184,-3.1986556551652354,-0.596035333326209,-1.0641628989946046,-6.8955942752976,0.08562014088147318,-1.7520267708191355,-1.3879496054684513,-0.802971427854172,-0.059039559320396506,0.6661601148549119,0.6906918598098049,-2.843517482722411,-0.9548111822348258,0.817585117045458,0.0374046426108956,-2.8999343313017087,-0.443479211637551,-1.0261354137543526,-1.0015930819591308,-2.1050182928923533,-1.0012021087904426,-0.6824502653911821,0.20749657947321687,-1.3665489111527966
137,0.7073773161435568,2.365746349641572,-1.169427334907306,-4.334324855821615,-0.2202031150694843,0.37051020480697705,1.4310164941453838,2.8523765028380206,1.4007745537131662,3.6333381514440934,1.6555483299668166,0.4314115668687242,1.4045204582028532,3.3814633412247184,2.260778472841029,0.9806622602957429,1.8264961632501433,1.8396283850250041,2.6545672757524197,1.575319175471361,0.49542609929039116,-0.9894682961029293,2.5722312863755397,1.8135350877191394,0.7496062592424853,1.299480470639062,-0.8541009596159972,2.0078895897511613,1.7797858202543604,1.1652577779586224,1.4812075017539863,0.10080405918291824,0.29333030621391654,0.19126894153006635,0.3044601932004092,-1.513739948685842,-3.1289349491124767,0.5184262262267572,-2.6666209848747773,3.101593815464575,-2.436087879133199,-0.5465862394223313,-1.1146291929679437,-3.053915204927053,-0.15439365585225584,0.5903022264447433,0.09617176853720988,-3.1467391738800092,-0.5574596732280854,-1.045071165725937,-6.770029301438603,0.07523602077048874,-1.7638186483054517,-1.3677919376407255,-0.79129611250245,-0.031156880536709508,0.6639711402680053,0.6904221234195127,-2.809551632492072,-0.9348063924229804,0.8102516140845815,-0.012365054489222871,-2.855707347547906,-0.4130406060046923,-1.05237640397882,-0.9636266133151876,-2.0439397552721754,-0.9761210881709124,-0.6825206472071708,0.19388326332831696,-1.366225542635605
139,0.8408874455960733,2.3712762532073532,-1.1409620246656518,-3.381574350147795,-0.6976804478340082,0.4085864591543462,1.2495632094542204,2.556904019794715,1.266388281001353,3.395911891143352,1.2938415886625458,0.3508290226427375,1.6422514061518951,3.0172413830991776,1.9295185362545269,0.9753269040911983,1.7145812414275023,1.8596402567713652,2.419453826632175,1.348541681275849,0.6341066525384722,-1.1710855909757134,2.328299044290214,1.6077432429484606,0.6909887837721289,1.3256827236955155,-0.9365335757957247,1.7865056650208242,1.7329879929259122,0.8956491623066034,1.2677536739399056,-0.00015477223473148172,0.39804539040415676,0.139761111321417,0.15159099025010203,-0.6914380328991987,-3.111713757429004,0.6613761864467023,-3.0281509055927893,2.866797338956699,-1.848686068537785,-0.4765500057258709,-1.2612411868544173,-2.6230120663959413,-0.3290145635771138,0.5307883348367222,-0.0461263588198495,-2.8655946428087544,-0.47068537762748885,-0.994411539806836,-5.991112487363721,-0.08860349576375448,-1.7836929762000642,-1.204213845342851,-0.5754708027654942,-0.012159648490777109,0.47397864767585585,0.6392648686356228,-2.686666342984201,-0.7591556847982588,0.6878919097889877,0.47646990875352735,-2.632121828181128,-0.27703466770993135,-1.1537243032274835,-0.9878333082154578,-1.8983720569222768,-0.8110074475239006,-0.7142470267296641,0.05192103045033125,-1.33831487537089
141,0.6481052119972723,2.3538475169307356,-1.1736164437389194,-4.466298132474038,-0.4024953382984702,0.3514513401349344,1.3107178917696487,2.652255067349803,1.4074662497155845,3.4932095801215555,1.512834466217221,0.4904565350747525,1.6218773176974826,3.2574495030382193,2.1087247307683903,0.9345430204618799,1.8173554422571132,1.9137525929448622,2.5284315751898245,1.4899306093522053,0.6873276189484683,-1.076026136152005,2.4904780378172164,1.7336409409329945,0.76592562658647,1.358191150450553,-0.7185714043436304,1.9089956335566876,1.87176143143753,1.0703610455398866,1.4119232455090742,0.03020589689974429,0.3564600734391252,0.14501299370837284,0.25819543500899567,-1.0883251446200974,-3.5073241045109382,0.5600982347473513,-2.8755391987203653,2.985125704487512,-2.1377168916836036,-0.532307115189762,-1.2837104031105522,-2.8883248500779404,-0.17393988303565333,0.47452105901316255,0.058983957034375756,-2.995738980979344,-0.4705631247406288,-0.97803423235632,-6.109224173479574,0.0676213821033338,-1.7867909601822198,-1.3525146529785559,-0.7113337736627674,0.05346605836222729,0.5616331978886864,0.7226411455526005,-2.584909036574735,-0.8455018910067658,0.7747218428740759,-0.037123484061680756,-2.7647734433965416,-0.3980513446764826,-1.0899887560026817,-0.9585524395021299,-1.9618771947665126,-0.888034263528449,-0.7071228334660242,0.18156426085741906,-1.456934992459911
143,0.7106531091419361,2.3667478473233214,-1.1654776124102657,-4.330097860636009,-0.21699608569699347,0.36998664862559494,1.4338964300825516,2.8578538523074264,1.3999885565421746,3.6367977972980547,1.6605535030208598,0.42897841387888835,1.3984207762743361,3.3850425461211353,2.26629567042245,0.9815687337253394,1.8252412858469982,1.837415271585773,2.6582109470279556,1.5775507719148805,0.48816442561203566,-0.9889144137979677,2.5736921902336274,1.816447162511631,0.7489791108939325,1.2988660343903566,-0.8605957048260704,2.010515099282372,1.7766356379087114,1.1689886389759545,1.4830633790038075,0.10396717476995221,0.29145111768352017,0.19291136937006037,0.3054486776892684,-1.5246375485645336,-3.1314298709683914,0.5183728022264731,-2.663361057074434,3.105335161606947,-2.4441937054993463,-0.5462482544499663,-1.1106138566005122,-3.0598954773436624,-0.1538127170671606,0.595177331661267,0.09662336090471602,-3.15193959882461,-0.559894495482367,-1.04782835427988,-6.78525239336779,0.07469108442425654,-1.7634770387912333,-1.3662688344771547,-0.7924121616930098,-0.0303425401015307,0.6677589239622659,0.6887067045462976,-2.815467970168342,-0.9398822040199386,0.8123626490571203,-0.009928684595258197,-2.8580996309623767,-0.41101141071334535,-1.0525645027243593,-0.9598821500234962,-2.045963481616358,-0.9769719397464023,-0.6810797563371649,0.19407926284507138,-1.3628981478393767
145,0.9180055227999802,2.359113660709772,-1.0427822751819926,-3.076017681438106,-0.7618364860766969,0.47448287744976714,1.2606090777130312,2.515081678413401,1.2589186581936378,3.3784101524460635,1.3197331459009778,0.31438307272797683,1.6946162198589256,2.942554211296114,1.9595704074548372,0.9572822138526318,1.602263170229378,1.8203237625002688,2.386033240522039,1.2656075139668603,0.5533643680313922,-1.274797409008654,2.2568723809012523,1.5949349392647956,0.6650109679053715,1.4043300791779627,-1.0270430704398068,1.7233997631422242,1.7179503320731597,0.9324315660646079,1.2791008846237268,0.002361991063297708,0.34797518328967136,0.10449363039490844,0.07307643277570897,-0.5746572425354053,-2.9409123227154303,0.6588919308433514,-2.650100593529876,2.803303546550823,-1.8548190157146323,-0.4337425991960542,-1.3202106860515244,-2.658499289402082,-0.4018425055420334,0.5853867667458257,-0.11147339494721553,-2.8407403187390674,-0.5249714788474451,-1.0186673710595704,-5.995506666240981,-0.12592151405895624,-1.8263635356065553,-1.2251252042389096,-0.5494538430673375,0.0023330368328924322,0.5267751504178042,0.5892809708777564,-2.845995462932464,-0.8157812604419235,0.6769588593973239,0.6511604083778595,-2.549452751255539,-0.19572225259701437,-1.1838180483000746,-0.9263016555832033,-1.9686728628770398,-0.7971992054904318,-0.7236909083568506,-0.022298108357621693,-1.3119647549567768
147,0.8199898985509568,2.3529176024300607,-1.3640897183094332,-3.9546903671933338,-0.17775062823044596,0.4920239720212205,1.4104341562606395,2.6527057065464805,1.436239481480695,3.4977856383956114,1.3559519811252327,0.5650241399719622,1.807958288661144,3.1907939550305624,1.9515164156752087,0.9662325892357257,1.8653944953162158,1.8860879838088307,2.5210367506353686,1.523575951717374,0.708957768992283,-0.8938343652408332,2.4907530512241953,1.6547352288582475,0.8271856340714017,1.2235028578083877,-0.6901254939581891,1.8986422968086005,1.8155295377436418,1.0468100921801087,1.4411045290430433,-0.09524611078635559,0.32109892482907654,0.15605692405893112,0.17905090732073958,-1.5384449455055833,-2.900200239163156,0.5583365186283586,-3.4795510943705414,2.955314848557589,-2.047450593764122,-0.6366625940026696,-1.0841331327965857,-2.7179378368661355,-0.20963461815646323,0.48808131751213324,0.10583703488388263,-3.039571671902274,-0.47764949107266386,-0.8928967553496729,-6.224312320975618,0.1373392902992734,-1.790030323962978,-1.352983325484856,-0.6930072846259199,-0.20509283555541202,0.4374357106477138,0.7154166464978804,-2.799567085174565,-0.8153498477731507,0.6158695408839625,0.30907038365424455,-3.0687186094944705,-0.40405537410507986,-0.9465104334246366,-1.1588356388650736,-1.9752907674207805,-0.9485044421102415,-0.6878375166162014,0.21844271160820306,-1.330275300717652
149,1.0268842711934951,2.3698495363899186,-1.1208599196272946,-3.375076807822932,-0.49180452523357765,0.4418756459070048,1.2992344387761268,2.4935226399526353,1.2224989574086838,3.3238905639423084,1.1380966021452092,0.5336388766070748,1.963954768384259,2.9339580042481406,1.644003132061504,0.9415218379525196,1.6813714347494408,1.9159619532213026,2.439396240240396,1.3923347227977754,0.7666466410978696,-1.0453572236056825,2.276089001384633,1.5232185351829042,0.7711055384529617,1.083474010636186,-0.9637355150339637,1.731795772676298,1.6552743222406692,0.9614631732143328,1.2952315785942368,-0.022491417991528984,0.426991452979431,0.14204015057527286,0.06649460298249643,-1.2626101716632574,-2.647452855544511,0.6073363909816205,-3.211689706203913,2.7328088575705594,-1.7474761429630163,-0.5698571922674107,-1.2813073229983232,-2.250955055585387,-0.29279490646658246,0.47982906074982346,0.00892203148859494,-2.7722622858020483,-0.45189401433427356,-0.9429061100966099,-6.098575527719625,-0.016875054694682312,-1.7375494082807048,-1.1846054124761185,-0.5049572869183363,-0.12145392102866648,0.3286639486272973,0.5866530224544881,-2.7811997952832677,-0.8002618075644836,0.5316264601536576,0.7421151471020835,-2.9437979032903634,-0.18304240029600383,-1.1009200036600122,-1.0150210488375526,-1.8332878845905727,-0.8205583209870495,-0.6995493037046296,0.11006697688489808,-1.2976540494356401
151,0.6665119548920027,2.2134321813831046,-1.3478073563294162,-3.394790251688341,0.22988841566227602,0.4171242466490872,1.4048078825876855,2.785517013912472,1.6087497739099348,3.7052143685207564,1.572127262442879,0.6529086863466276,1.568112854760206,3.4185628176960394,2.632889249184083,0.953802039572512,1.8323140912157498,1.8977775281293652,2.6634420168575823,1.5794019399696664,0.5473621146637493,-0.5575899090668557,2.6583062416904855,1.9534071926657726,0.8343357509002649,1.3541885240030158,-0.3721385786289195,2.022747064901818,1.7187915360436756,1.1356018096542249,1.6564711151419602,-0.23299077670284607,0.18911392397221505,0.08278823763193799,0.3144547264535067,-1.9911786400884512,-2.872958398231405,0.4574171456208598,-3.3209159390445704,2.9421837222194074,-2.6458052347445227,-0.6993887166544841,-0.9436105861984023,-2.8623856261514993,-0.121762408091179,0.5415630314377244,0.1417112090821453,-3.4354645035713345,-0.7300947328599463,-1.0533320403450537,-6.777590901426726,0.26121367717666644,-1.6550422803139204,-1.459020744129739,-0.8202496076715313,-0.16619480713920254,0.515667146287627,0.7783953767239469,-2.9208114091437247,-0.9935402119145733,0.8766215520991194,0.3099004078030081,-3.262161215077966,-0.6806971921632785,-0.8887523014030085,-1.4054506453859945,-2.4575975046958467,-1.1232623511148772,-0.6800784373139122,0.2922931270742257,-1.5144556496480535
153,0.9253896699896309,2.256413845675199,-1.2877252096277463,-2.804928875716193,-0.15043612282985563,0.47056770764508027,1.3077894596168367,2.507401132450514,1.3976188001652883,3.441840509545166,1.2972185358314006,0.6564421707878223,1.826127901305473,3.1306279913891535,1.8858197672866956,0.8819301167600084,1.6499292397623937,1.9562216840687365,2.512362394036095,1.4234899993970047,0.7562959980473583,-0.9718275179554823,2.4038824087985398,1.68005477942654,0.8566851747595319,1.2058316172039234,-0.5961982051710493,1.796781965874736,1.687889811717926,1.0564324349683947,1.5018787163027847,-0.14754150772169528,0.30732524307314346,0.015687932427423945,0.18050511445353035,-1.2909316090965426,-2.8352002189466,0.5182365746109658,-3.1669649063060437,2.703696484228278,-1.9200119806001616,-0.579887212619056,-1.2025419867375495,-2.4997801283904595,-0.2792990874437242,0.380009854405599,0.030672854672350702,-3.036481561274634,-0.5534825274590149,-0.9751689475010057,-6.40128459213552,0.04121310415522217,-1.7346612947418896,-1.3482989818646551,-0.6146169312252061,-0.16322685330210795,0.35073128560150657,0.6929477161607105,-2.791959712468376,-0.8630789122317726,0.6797172078431037,0.484591726170847,-2.994470373318938,-0.46843688520033755,-0.9700478511390385,-1.270240711989139,-2.0992254585490677,-0.8759310513541054,-0.7310053134091259,0.149986682734216,-1.3833530850230638
155,1.0502463051490665,2.4981453377775997,-0.7836168030959536,-2.147439511991889,-0.9476142102423362,-0.07017759617849961,0.971813195417166,2.8256506584545575,0.9199177498184508,3.4472745527784223,1.3238745640428942,-0.14247158466103294,1.4496417285373466,2.842076128371923,2.407556835528619,1.1607081556112195,1.4911891444095065,1.595107558404766,2.3816825523808114,1.1918208021545214,0.30798510330751494,-1.1408672871394092,2.2069850117983014,1.8239956843765066,0.7145006850620694,1.1561648618951814,-1.6220598799496297,1.904555105366954,1.4144821720588876,0.7921290696018941,1.1155359882890394,0.2644934097774838,0.4639903467117419,0.25095412858411414,0.07777865074255086,-0.5750952855385432,-2.9302699720417733,0.8265971989035812,-2.3306582910250793,3.1273679270634145,-1.6907155784207175,-0.5802236779876502,-1.098844108239124,-2.3892132445194143,-0.4516682170331272,0.8493924835533857,-0.15835834415644712,-2.853043796918908,-0.44504030808786066,-1.2024534073958977,-6.821406903623179,-0.24346968589691986,-1.4651780938086025,-0.7379070551075895,-0.6322283477333412,-0.054281765981984975,0.34307856565961803,0.5172861542607547,-3.079091734337003,-0.9455352221065896,0.6575054076509677,0.8033281032915953,-2.6878487512344096,-0.3133305245252327,-1.24491410219757,-0.9301814028603816,-1.6400905060452766,-0.8285596779698894,-0.6202023803515173,-0.06786599277658034,-1.3028880756133159
157,0.9956232856534335,2.4492415587777296,-0.783979433292056,-2.533349468817473,-0.9438150237583303,0.1117454445615893,1.0636569981179527,2.648456125087732,1.130026757175374,3.4304614721668596,1.288885299959614,0.12015484412480948,1.608660918370767,2.885864889526489,2.2635984990100777,0.9991322521703125,1.4347127206248675,1.6749097971922264,2.3763373938136274,1.1716011135733693,0.2667068539316846,-1.217927400642588,2.1535839377065895,1.7170527790338768,0.6734109835789823,1.289110603060739,-1.469148852023781,1.7551864840650602,1.438246020706158,0.8185680603251289,1.151824879752553,0.15507599057866894,0.4080262769607188,0.12802372467766876,0.0035686116197872764,-0.48152565568472383,-2.7654796317114423,0.7710597996327753,-2.431903380831841,2.9226830120908622,-1.6870714622055534,-0.5701049752943215,-1.318965719092625,-2.44918130597401,-0.45185806133418716,0.7180562289817036,-0.2314031799772298,-2.8533399218633333,-0.445627751529277,-1.158175411463744,-5.913572153689064,-0.2601368612849555,-1.587844949698681,-0.8733271218786651,-0.5480445513532759,0.07225493228408997,0.3925955188167096,0.513798329208333,-2.984255490158646,-0.8442126295323042,0.7014324969395007,0.7324865274599741,-2.699458963356279,-0.2982485786477067,-1.2629776776869415,-0.8847445160594676,-1.6657318203306124,-0.7585102627184188,-0.6611744061050011,-0.06062649492104466,-1.340098308400779
159,1.0184463673425954,2.480538235084802,-0.8497774048834801,-2.159244949295444,-0.873636436442073,-0.011368422860066119,1.0087861055130238,2.7965435577829343,0.9854767806612426,3.430424989132807,1.303930737342034,-0.03675913969247269,1.4651931188842355,2.8531532674000455,2.3568486747344153,1.1648973974014503,1.5167448781007318,1.6266967363702816,2.3524971149821905,1.1936311729777067,0.3920383689676816,-1.13465577417056,2.2278290902548523,1.8028243561321196,0.7088039317942831,1.1589801942077402,-1.4301155001336694,1.8919721624033805,1.4673921163439445,0.8013719627243958,1.1347385058006756,0.2188508028818843,0.4668081120809031,0.2289936824658323,0.09939411792058017,-0.6304643731714306,-2.9555446858772436,0.7922590353317132,-2.3951507969784194,3.1236700752621176,-1.7183349784565776,-0.5917431876659203,-1.1243662248825617,-2.4511884935901085,-0.42629916927125766,0.794494291437954,-0.12453309533247126,-2.878137617517546,-0.4556720240838894,-1.195755062015862,-6.593024904224088,-0.2116049818493977,-1.5006110557994736,-0.7883800650918156,-0.6626381692508874,-0.08142244833789736,0.33216468537022514,0.5369126721422512,-2.946967498121217,-0.9521639037569294,0.6422270947125144,0.6913081583023972,-2.733759839694602,-0.35774979829045694,-1.242295310121091,-0.9878674397697811,-1.6906008132113763,-0.8692013497568674,-0.6381483914542683,-0.042662216415742193,-1.3249970287808743
161,1.061863316843855,2.452276677974873,-0.832510429308428,-2.282319219776408,-0.8503276330885532,0.013378678093606489,1.0640574168335712,2.783829207728494,1.0072844039571187,3.4355741093160423,1.2907519914298868,-0.030207560839614622,1.4932811965311017,2.855523746612353,2.2965645303237863,1.1077285292149401,1.498822214453282,1.6136147055524033,2.3987442360480875,1.2230176538978288,0.32280104493001094,-1.0961826236663086,2.199277628031234,1.7443731902231505,0.6441838051247037,1.1129518485909342,-1.5267888069674704,1.8349669213923523,1.3686646448654107,0.7577449051125669,1.1146497978450443,0.1654297308387207,0.4559563780125684,0.22675159451485793,0.05531112645719727,-0.752126572886409,-2.755310014708604,0.7495261728012546,-2.445888180504282,3.05079156995179,-1.7778401395199115,-0.553205967970638,-1.1476400206649995,-2.2889724605258426,-0.4637766185296428,0.8333489764938902,-0.1722785734684411,-2.802366025297639,-0.4747978085179154,-1.1369523083439095,-6.411610576788249,-0.2425476223781855,-1.51220903299643,-0.8108107014955772,-0.6075210954171624,-0.06131092332815502,0.3713005910343785,0.4935796838587976,-3.0570268292537683,-0.8991558731967499,0.6181187833273736,0.9565446735296224,-2.7578889820528865,-0.20488220328728435,-1.2619264601054816,-0.8997049823498511,-1.6989001935695915,-0.8525538170659575,-0.6283284157555418,-0.026905487037462983,-1.3498115210837414
163,0.9837850645355628,2.4524240911113315,-0.8858612559372814,-3.1147258677668557,-0.8620621506130055,0.25829733469036587,1.101835287115728,2.4117227343518994,1.3092183513317774,3.332185268202747,1.3477304694590329,0.39308575679550106,1.7833896662739899,2.906732939370829,2.333261266654338,0.8987996971833487,1.4807161751415956,1.7788376068503338,2.3271967194125294,1.1155807726384062,0.2966468833618796,-1.246096190375078,2.1995840098817006,1.6743536317776244,0.742552838893392,1.5306309625862307,-1.1024418365149247,1.6311191065813553,1.596284841306983,0.9354273779246194,1.2605740209711804,0.10069554665879288,0.3814377786757337,0.06989230839055516,-0.003816775970315156,-0.3671630321425967,-2.6800328854143167,0.7938980866394063,-2.6024250752103653,2.8109083224738236,-1.7360324719954523,-0.5246666898830394,-1.3770580074235559,-2.7055449826429783,-0.34898831149267195,0.5936633454256999,-0.2217886991325635,-2.8149565153196274,-0.48169915241642336,-1.082019982395738,-5.849723315641782,-0.19891208359736368,-1.8047315535459756,-1.0825421761975313,-0.5770972767046532,0.15695717758020855,0.4616107790634354,0.578760277170943,-2.95418714189746,-0.8246559790075381,0.6818569899832765,0.5513573382960528,-2.6878470585949437,-0.3206620798632267,-1.2466390064262374,-0.8923265214061704,-1.8252600514150394,-0.7225288081996979,-0.7332934098954134,-0.0463404903809419,-1.338883989341543
165,0.8766936336200297,2.3598000689389593,-0.8480344796000274,-3.1382769466738987,0.059840767344873314,0.4032064113729854,0.7834642181012788,2.0253133753525288,1.8850686844562898,3.0741366626882534,0.8776691675383104,1.069619256759748,1.9833498490166575,2.921122872773472,1.6403553539828866,0.8896254716803638,1.4007221692028464,1.7802192508856702,2.1561873272417036,0.8379304142144024,0.4052387084022673,-0.9606768462734339,2.3003851833093645,1.608083138161108,1.2421546884071493,1.7870665788150246,-0.17672486673960552,1.4837606311830518,1.8184698896870644,1.285559367668776,1.3860093546471006,-0.41625401697414777,0.29653154211564026,-0.1679836544506097,0.07200485581450433,-0.24619165878324445,-2.3879562880323935,0.8807829084213497,-2.434678284486817,2.568052823076417,-1.5377226242957676,-0.9285711796008496,-1.7639436090801865,-2.757193911063406,-0.15456949860478453,0.0676475777617842,-0.22678502340639373,-2.49204707342109,-0.3098857879788852,-0.9927364071489775,-4.645939828555396,-0.2635108602193208,-1.7879777690364715,-1.1787384979894142,-0.6794095334478838,0.20593563952670735,-0.1044078463263185,0.7714904754712748,-2.5751631065242453,-0.9859490371940911,0.7313752876997714,0.3762172191079802,-2.845388708609927,-0.909625162961265,-1.7360623213463198,-1.3436267524221206,-1.7113161074309922,-0.7993718486436023,-1.1234126760314425,0.16952013058305404,-1.8504787416773416
167,0.8570466372924646,2.4311121930394055,-0.8853644661102082,-3.476540508437804,-0.34155904469989373,0.428128216785991,0.9921054642849283,2.085969272205669,1.858854526184743,3.2108826479525554,0.9830477600939798,0.9416016882367009,1.8871046332978474,2.952366824839647,1.5972373700526759,0.9026135979106753,1.2790393923730035,1.8617513221992574,2.221537817452408,0.9081597549405629,0.40329056480104875,-1.1044378466127878,2.2106157132128423,1.4989728970728398,1.1238019903524155,1.6765757834388824,-0.40344748163344946,1.3751753909770628,1.694146246361118,1.1477439250320787,1.383805758447493,-0.2475649318371662,0.36103746357598965,-0.11941757193539093,0.0682950827547355,-0.41759902483171274,-2.608270940243669,0.8500838359094729,-2.2438146117146225,2.5568132286422123,-1.5984959580485958,-0.7183995073712035,-1.6540728826396425,-2.5332365283418747,-0.2227214200088774,0.25459108157111476,-0.16453250225749105,-2.561638013386771,-0.3716164773285451,-0.991132132840912,-6.287772561730664,-0.20166717780479004,-1.6940950465410305,-1.0312624803924821,-0.5222419715262374,0.1913444596138012,0.14499046552696537,0.7273252917232158,-2.438062036060397,-0.715962865115146,0.7612100585597776,0.531533971372312,-2.913364130946908,-0.621892054542287,-1.3222160202825588,-1.1310307854681927,-1.6588918510075228,-0.7146151689390186,-0.9563932049251971,0.13690426830333102,-1.6234873908281555
169,0.789796655336457,2.4068102955060016,-0.9360802275555349,-3.4886601889283604,-0.19482770737043875,0.5418032433697828,0.9502271039759549,1.8701389476579928,1.9766785168910337,3.109429431472391,0.9146802226142468,1.0877455359970796,1.951765884385798,2.93160773615361,1.5079491409818604,0.8974839496249833,1.2862075911881616,1.9266057109943104,2.172814147362564,0.8276510605278622,0.4650888833850466,-1.0321533005186296,2.266970047834174,1.4578826445516069,1.232923282821476,1.7851674849841443,-0.16313500035634387,1.2580903742422107,1.7816592029772025,1.1980251229713188,1.489118228122083,-0.38114387233080826,0.3583016639832488,-0.14751571522404916,0.08568691232816406,-0.4957377412064323,-2.591917342970917,0.7946902834010281,-2.729429705564417,2.407238771102121,-1.5632442759757907,-0.7148806457444925,-1.663623999387168,-2.5483012046092055,-0.1519392561421915,0.11319952282928636,-0.1070119873044737,-2.5235154449942954,-0.5045293873722017,-0.9613132297644968,-5.8008599754472545,-0.1262485309313206,-1.8329512736122888,-1.062694967624795,-0.5779028650114428,0.1919106345029391,0.14478925011650912,0.795001467632102,-2.250943875966575,-0.7288030953511386,0.7484777789817167,0.5283426691190085,-2.898453019916449,-0.6381662654192031,-1.2546972763377662,-1.1494053270765283,-1.7690631071162315,-0.7779651845298297,-1.0104806290533634,0.1667902733002098,-1.641154046511315
171,0.9055744876381278,2.47128719347623,-0.8482676699126888,-3.3234344009090293,-0.7301007640257717,0.33669756310489074,1.1510041155483197,2.2674117870918584,1.534921239976827,3.2825506825839006,1.1334324837920269,0.6172773987610123,1.8676187422693715,2.986253071748223,1.7155287897795315,0.9100380470089933,1.3992722237039872,1.9097940801545716,2.343962262905969,1.107509187608759,0.4268652699734101,-1.2608739229610588,2.195550746400487,1.5498397377223965,0.8996024526999404,1.5577328341111856,-0.9235775169688347,1.5469807959366757,1.6480811599989647,0.9890679855182496,1.3334942501208698,-0.04477096111035461,0.369256290718571,-0.012401495657659467,0.002946178262884125,-0.39197406027913306,-2.6624239637373446,0.8183843725992181,-2.4888775119469235,2.7524598854915796,-1.6461550040370385,-0.6024058627554298,-1.5813526403212057,-2.58484234111597,-0.2784620537740583,0.4157609865758989,-0.2073520361398975,-2.6599953979154023,-0.435342515045833,-1.1088177838071234,-5.867768625426891,-0.1838528248349851,-1.7504087600720233,-1.044065113382648,-0.4853104446221268,0.21914323892746523,0.28960852332264864,0.656292659102097,-2.816824610596349,-0.7413122660090732,0.7394545263948453,0.452436888323005,-2.7651299709280863,-0.4624473140056917,-1.2429867396081766,-1.0317012335774045,-1.7442630027589603,-0.6968110275138342,-0.7843521568659444,0.0327994788370054,-1.4272296255670653
173,0.8914032342272469,2.446010674820048,-0.8556413491586694,-3.3501451127618127,-0.5696053469713735,0.356735678269378,1.072563022302611,2.243889154087536,1.660141050444766,3.267159333088027,1.0841078064825478,0.7273946572150036,1.8389792682315975,2.9571118852890454,1.7095312793982491,0.9141085988410023,1.3395160906379218,1.861626622465823,2.2964576752538646,1.0340802967804619,0.3989814698484224,-1.1875029953844756,2.1894987832021893,1.5327395165757896,0.9796645663429491,1.566680473897224,-0.7012533022040213,1.4921436884039867,1.6358293623901217,1.0410356190522148,1.329001627039239,-0.10934436267922898,0.3624169104139767,-0.04704535990704084,0.02759306995441957,-0.41864867899393143,-2.6400815314400523,0.8234581439855448,-2.369941324692789,2.68924504573197,-1.641776934547794,-0.6545595960054387,-1.5906256209710277,-2.5362021037167013,-0.2815988129143383,0.3896954826049397,-0.19597661538968314,-2.632121686097509,-0.40754431444253125,-1.060092293721774,-6.135421139288993,-0.20058648710499405,-1.7035834589522691,-1.014837501439417,-0.5056963940256249,0.190518770791253,0.23132532516719007,0.6683298627942289,-2.6391389568607293,-0.7311105067765045,0.7461002631881408,0.530980990297973,-2.8190624026994895,-0.50762032057502,-1.281518318333231,-1.0506682631716346,-1.695186495437758,-0.7110544787877728,-0.8482265048400119,0.07093117862184428,-1.5035679078451203
175,1.2496187352007784,2.3088366158598532,-1.1620190259903627,-2.117624662134747,-0.6825935061630961,0.5520694410484692,1.1399616166342428,2.1043940062712605,1.1215114291352162,3.094954222358651,0.9394592026135804,0.6622290983400392,2.0518785998231377,2.6065420785314695,1.1310925646256278,0.8939194297879203,1.3483962661931286,2.1064218344929806,2.31182101927954,1.1866448111233607,0.9851427822203149,-1.391299318530975,2.100224061638291,1.5154926613377735,0.970988829632331,1.112531480349281,-0.8852510598040251,1.5616419263174586,1.6511630599650866,1.0348281613863888,1.3714478643282262,-0.0006052699288439101,0.41924847500268925,-0.02632057380911501,0.10673377152107921,-0.6111649259271861,-2.577737763226054,0.6733933104877856,-2.7823502041895525,2.4098151860501664,-1.3966790443274864,-0.41959196639592644,-1.4667389980877417,-2.1935910172608306,-0.46650140549743924,0.2674461436237703,-0.14195680481765027,-2.601477339814384,-0.38620638125534157,-0.8974445130591642,-6.082734689313537,-0.24003828425621254,-1.7695757226126787,-1.2423458505206195,-0.4239231856902004,-0.08185613734059771,0.12172661341312185,0.6418161817148853,-2.7074623384009096,-0.6021149569407305,0.5095338883170779,0.5665489263848213,-2.5524546442862555,-0.2807976599335271,-1.0538769156974999,-1.225927934137598,-1.7334763315760977,-0.5872677730693932,-0.7671865349536482,-0.043197675392049995,-1.2280838806683922
177,0.9989478120087156,2.343097847841217,-0.9534351057171015,-2.6761027878898087,-0.1952392551849913,0.5709784590095532,0.9170383059173224,1.8009727577881551,1.7220200480396155,3.007294761670589,0.7552509158662692,0.9921780461080907,2.044730379732187,2.5767663735720987,1.1300720902865855,0.9819933841630988,1.124156065227007,2.213953929644481,2.191737164148993,0.8925496683320624,1.1964694815838124,-1.3037561160243891,2.266249621364477,1.4674572367993344,1.3944427281769909,1.076493769988768,0.07724799125897786,1.4372428988171304,1.8217625313728587,1.3094509973804196,1.5268027232574335,-0.19128372704175778,0.5547475886699207,-0.12484651904988198,0.23209181145097624,-0.2585134944109768,-3.6541784601885627,0.8019631846540944,-2.9059680362662217,2.4337104780874617,-1.0587023398537383,-0.673955796638019,-1.5802112614184622,-2.0596812247155354,-0.19530752360850823,0.1012665715041754,0.01091680764300662,-2.5504473417016076,-0.37074619275141263,-0.7615846887868889,-7.17073675900426,-0.023695456832377282,-1.5179377989189167,-0.9769503994582518,-0.497588810943447,-0.19226654389701814,-0.21555370695575338,0.8398754979672205,-2.5575550616543152,-0.7297049134250502,0.585900739566573,0.36645529120997633,-2.50060449222791,-0.6474681230953498,-0.9211456255723771,-1.3497460683636788,-1.8458497603337731,-0.6350883268836327,-1.0602431429999237,0.10085204477403664,-1.5090431430698734
179,0.8437947236132555,2.3033176818464223,-0.8195189566337779,-2.4205926379680296,0.027088298596982696,0.6137433432300288,0.6496967533215656,1.8036326656480388,2.069332653526876,2.881005834595796,0.72553205850953,1.205947539577286,2.0793071151043514,2.6103582718095497,1.3315283315269646,1.1378143915657173,1.1302217435009085,2.022124644292254,2.0628861717216944,0.5748571923982135,1.0643789964601282,-0.9786416129166566,2.4112785840166473,1.5445914677946764,1.3569499939343648,0.9883502224928797,0.5634269168144987,1.4786606617706486,1.9082895863635825,1.468489904790582,1.4866230966558889,-0.36393602236793043,0.5224741107139552,-0.10044488057658185,0.18468624652719345,-0.193262486129802,-4.71802111152324,0.8227030530940418,-2.962321689213213,2.42581291987045,-1.2239258392798025,-0.9521852219543323,-1.6517715159802249,-1.9098102209393577,0.01925084485205808,-0.023161301570178594,0.03431155709970124,-2.3451528167454745,-0.24787772919715056,-0.7854661206573326,-5.542706281852882,-0.03996799683008767,-1.6983524923685422,-1.1483558173378485,-0.551864013457422,-0.07457603497053,-0.391282074888883,0.8788754831561336,-2.781898412557653,-0.8599755846357242,0.7069082675373277,0.4387282575945459,-2.4912646856912026,-0.9490281177207933,-1.1770063725627775,-1.5794695391940365,-1.8880536511764152,-0.941738149934058,-1.1937350945658807,0.25502517908245625,-1.6266402816094798
181,0.8228749392326709,2.204582501012259,-1.3316690460462972,-2.913673057052242,0.07359456208299875,0.4340651383098244,1.3346931670150388,2.6387186620186154,1.4852697044199603,3.564167374906426,1.4499064217776345,0.6628458277774749,1.70488766486733,3.2538604719007234,2.4026927402320837,0.8802286696893056,1.6992168326445873,1.8984486490194215,2.564013122208124,1.470306013365395,0.6347758278662416,-0.7325517073681072,2.5231161029941642,1.8267392979030896,0.8184220741678834,1.2538086516343618,-0.46244689206937206,1.8566955022204468,1.6409147990592676,1.0654744686838775,1.5627834472723676,-0.24159163581455534,0.27422836680476426,0.022960538141304276,0.23096281758464077,-1.560926493215816,-2.8700191670886115,0.466467241440748,-3.289817231993351,2.7690378319322115,-2.192905129963953,-0.6260636441932794,-1.0800852632804814,-2.7051109620601137,-0.1896642942444524,0.4414121364893484,0.07553748316122455,-3.243121855315681,-0.62732122214139,-0.9907518533254374,-6.218673940998623,0.1398133830009236,-1.691465319956622,-1.4362326828578453,-0.7166815468649874,-0.18382225572346034,0.3964710969552625,0.7031532189018623,-2.8329352027741423,-0.977740150910285,0.7539625310212337,0.5304691466665625,-3.219854334575593,-0.586436328232617,-0.9634826802766323,-1.3357713994825735,-2.3282752351360054,-0.9969073732998561,-0.6945116158682216,0.20755107056898492,-1.4986199748200386
183,1.001710185441044,2.4232330217892417,-0.8773943498487125,-2.408684352388912,-0.3403882948681183,0.40130968871349015,0.9400336691509814,2.1836103973625796,1.497102157331137,3.08573625781583,0.9422387549739977,0.7608387310201303,1.987925920567367,2.6075362709671253,1.4360719325999143,1.1242453844487468,1.1956186288749278,2.1166996724744274,2.2165277151336147,0.9483930132001781,1.0956722964574706,-1.3704737014366657,2.2434818504085623,1.5665188119308664,1.262280887595054,1.0699334172593105,-0.3129234082034422,1.5963002690847476,1.7223465305354004,1.1677337532921799,1.4190324267936454,-0.022674044450123,0.5656959558871932,0.02029771371645417,0.23669621379625294,-0.27605204703147024,-3.521460350471485,0.8237116119400483,-2.7469933007471825,2.745532337585739,-1.1397274981036478,-0.7036615295608994,-1.484231314002061,-2.1206287947583693,-0.22886707795955807,0.3133152268878989,0.029751642968160574,-2.6789671142276745,-0.4079274322977229,-0.9125325723316333,-7.76580374933726,-0.06140508011460888,-1.4239142502410367,-0.8661511871031893,-0.5412371594220575,-0.2144695016713669,-0.20285783274081925,0.772192943274483,-2.7270730654693542,-0.8174873241781064,0.6245348507261328,0.3014061752838071,-2.581722522251204,-0.6410394116726232,-1.0209943252193527,-1.2854631538180232,-1.7344076018961498,-0.6725039394680365,-0.9268271248412292,0.03762863385489901,-1.4459505390110152
185,1.1947696348276873,2.358749192240025,-1.0458331647982435,-1.9576851651977094,-0.7254702340982808,0.4556298060942501,1.0838500072839308,2.1387678719207446,1.1404477559794,3.1283909706347477,0.8845662318149143,0.5755015653569622,2.0125423416996395,2.591805431011101,1.2854693963286103,0.9729678229241099,1.3135349094659738,2.0891081985973865,2.303511215826062,1.1251883524784416,0.9570459721815912,-1.395124903688445,2.096589702569834,1.5458683921538547,0.9898419637056053,1.1275454336213917,-0.8979717137554211,1.6107548306261923,1.624420092155749,1.0323785916517583,1.3455320262066603,0.03566818837112251,0.43535687186589467,0.008026864694655522,0.12109377826869583,-0.5388018498946492,-2.6783671436992833,0.7165891435043852,-2.6938447143463122,2.5474852149271343,-1.3601581830206335,-0.4750654516153521,-1.4478746199777328,-2.1175074881371936,-0.4585424537765741,0.3553949714492681,-0.1515473918124508,-2.576552866538001,-0.4087380430433445,-0.9687702475652564,-6.83067646619966,-0.24932606736024354,-1.6607214868331326,-1.0812922324784324,-0.45562707901484334,-0.05164980795144114,0.11023897536640259,0.6609875686248694,-2.7596549948921565,-0.6313783559594563,0.5658261429766238,0.4487159063159938,-2.51601434951162,-0.31102933747044936,-1.0516599568946319,-1.198813584110046,-1.6670427469007825,-0.5890182437913039,-0.7799076594558185,-0.049559290869119366,-1.2089340410637268
187,0.8453708264131565,2.1594993356973746,-0.7134429208248978,-2.576304770152599,0.16616907366934974,0.6306097229335776,0.7962185209329053,1.927642907355612,2.0477479516149684,2.990326507842073,0.7450090745194746,1.2555093970252833,2.0908013931432343,2.83058012398385,1.5338583170012727,0.9292515461430106,1.3164329924941458,2.000108584688575,2.159659592658975,0.8810231478885795,0.7514819067277463,-0.9431072758754624,2.390915474213461,1.4452780106339786,1.1872900807902917,0.9842176328470478,0.1922067718631002,1.3738041911845777,1.679895656884855,1.3185708434380268,1.4107718814916748,-0.5136146258045349,0.3763268938143076,-0.07353430449105236,0.12490773530891186,-0.1807709510679869,-3.8381380326997734,0.8143809184268402,-2.7258667261064566,2.229166619654733,-1.4287350445477642,-0.9671558177086359,-1.8131041679893967,-2.2139345225849096,-0.09292946176205774,-0.014103393895705807,-0.12455123466699813,-2.1822162895216444,-0.20846542363025922,-0.7664737169027314,-4.386952899639904,-0.1425537644245578,-1.8928844998789538,-1.410639717033927,-0.591504318855284,0.07882462152964553,-0.31587510784483186,0.7405383485856998,-2.934275523175141,-0.7941483972467642,0.6519466844874202,0.3390956071790807,-2.377594772320429,-1.0232651032916573,-1.628840778582692,-1.3978650393996848,-1.6329113347316895,-0.9222397164253859,-1.2041122245043745,0.24015475001044617,-1.6034817674890043
189,0.6150481853711867,2.159736684281945,-1.3012140684545939,-3.679494770221143,0.49860526630343305,0.33237592231128943,1.3356706552160444,2.9123153365520262,1.6577893446267735,3.834593467185817,1.7151887836355466,0.6606549750707575,1.491825056196812,3.493107206611155,3.268708032288751,1.0647556782604557,1.862437170544585,1.9367525441057851,2.7303438485452043,1.593826462335425,0.44883939216406166,-0.17608259849993235,2.8228565106667034,2.24007314075518,0.8631219894684703,1.469067793865948,-0.2528525080162103,2.143081634950595,1.6429570739470112,1.2291318150499224,1.762295330291507,-0.23380661054777363,0.09847642450117267,0.12511015381137192,0.40446525570231096,-2.1857439341844787,-3.0261055550601155,0.4926567751107642,-3.365942573274592,3.0138577195219978,-3.1865923354926187,-0.8017892145320751,-0.7549707624261437,-3.0081986645228858,0.014915230845005567,0.6813648149210776,0.17172821733500232,-3.5514668805614162,-0.926710532494325,-1.1949358647066948,-7.402834484946472,0.41357824057296,-1.579950729065616,-1.5180698498403693,-0.9258856539171703,-0.0950537305832011,0.5295512488845917,0.805537617163326,-3.017580888212609,-1.0879102020078086,1.016155340722662,0.266030005543648,-3.3496879700378175,-0.8639857444330534,-0.8855832291613464,-1.5370059579190851,-2.7289649870245727,-1.264640533375525,-0.6179718837026877,0.354508617301005,-1.6520622453170777
191,0.6245986412832893,2.1423748369438065,-1.324857564946746,-3.6824725937724043,0.552510307649972,0.29322309197149643,1.2893603700157286,2.9253291992169523,1.651737753456505,3.856233111729547,1.7292993215530474,0.6655112862141666,1.5121013740689815,3.479380124886404,3.4008183376490257,1.091898618564069,1.861351690278775,1.9438556381958914,2.720367862016409,1.5749510988417983,0.43436857237216575,-0.08294828807729715,2.8506972136779853,2.3051318887778103,0.8767090982050085,1.4875066337318277,-0.2224122905730832,2.1671496358035736,1.6178584572498247,1.2453497124749244,1.7822678339529179,-0.23581263654350781,0.09661358673955345,0.13149154463712254,0.4195551808282669,-2.2838956464439235,-2.961452571639649,0.5137310051681521,-3.2874575451095147,3.0137594406844066,-3.2249307392769904,-0.8434088621226028,-0.717035771338618,-3.047794387649761,0.0443629442772604,0.7062811708559833,0.18016117392263098,-3.5084795015726566,-0.9676923303127198,-1.2140398614505852,-7.397228530387723,0.4429773114480904,-1.568364263427787,-1.573595840135753,-0.969930246496796,-0.10984930312992525,0.5101399106481468,0.8140363925041951,-3.0686063933658687,-1.0799311497004362,1.0336524707533545,0.22332353493987434,-3.381921535000995,-0.9286386178980326,-0.8640668823010378,-1.617207587736285,-2.8206732966061185,-1.2843985454394478,-0.6105140989552327,0.352254005061444,-1.6846645018390074
193,0.6463557008264615,2.109034296450138,-1.314977202979672,-3.694752107355341,0.6469855120208976,0.22995859838609167,1.2127527300122587,2.9521158398571448,1.6414005315869362,3.889306045757579,1.767536484486548,0.6710303524680743,1.5340092399323213,3.4701605639116924,3.598828205491937,1.1363256621074873,1.8516696994718038,1.9654305769889748,2.722977645640564,1.5478456822059954,0.41467041053966014,0.0563210271041692,2.904451205115437,2.414539162858018,0.9002788620430247,1.526317330038185,-0.17962307526238153,2.198411804820932,1.560227713222302,1.2806574169300173,1.8180019636038551,-0.23400622159769835,0.07670350287930283,0.14270802163619312,0.44527790559636937,-2.2663700499090185,-3.030098273483415,0.5410837580950583,-3.290994171381617,3.012851472291032,-3.31670697919271,-0.8937633743226412,-0.6493789939898864,-3.0836957666731193,0.10139148298166756,0.7520941325392556,0.18306212244058706,-3.4800476333702344,-1.0522282070840623,-1.271239738567549,-7.451690873185663,0.49750526707362486,-1.5449935974802331,-1.6163623029705674,-1.0114736507683553,-0.09328766782410192,0.4694369159585152,0.8161430465641102,-3.1139647287720242,-1.112662294088329,1.0708083627052458,0.23543329729373674,-3.4390053933538196,-1.0201356915436541,-0.8791434450753011,-1.6986393765014176,-2.955963390015504,-1.3315058314977923,-0.5847796654496955,0.3590331968915592,-1.7596430451289446
195,0.645121820638666,2.222473559311349,-1.2367231676036328,-3.5897498606397873,0.23719868103136843,0.4316231680633491,1.4360498139279594,2.8443741170289676,1.615665424370735,3.727284491493873,1.6518531652671307,0.5817877757873386,1.3534632073119974,3.4503684743857557,2.792759189396341,0.9249597669084801,1.8101600595364076,1.8650559090636736,2.7021822008195078,1.6101665802121676,0.46027027827779854,-0.5516301321124217,2.6874966429902205,1.9973583504758676,0.7524394199738298,1.354498894649434,-0.46387403125103255,2.012845174770461,1.6601583278492504,1.1477948111332923,1.6262064291262863,-0.16794582724394136,0.15731911434537427,0.09371129038332882,0.3228542874114728,-1.5229143604916606,-2.899388378601924,0.45799534355778704,-3.210781380631963,2.9917180464946327,-2.8993205404578637,-0.6455064705570175,-0.9125905777457586,-2.8861149226104823,-0.09756196229528147,0.5982494549422066,0.08130863192674465,-3.5342546775609174,-0.7887639381791205,-1.1603506032769824,-6.8981058565691535,0.25104130669483116,-1.6751983130150059,-1.4112295728998214,-0.7895221768343159,-0.07201842948288917,0.5957598449499324,0.7134392218301153,-2.9064164639196735,-1.0942310124555776,0.8879938105944065,0.44413985229480524,-3.1912880014222145,-0.7009856563105537,-0.9918676837034379,-1.304341322797101,-2.481700620483168,-1.1825402902333462,-0.6346339585632075,0.33609034917136515,-1.6316860984491566
197,0.6342803125691283,2.1713145387363557,-1.3276239846474365,-3.5517406797177173,0.4189165744108818,0.3541113168471952,1.347758948745848,2.864500736243244,1.6366831648638431,3.788973133054798,1.662256251690395,0.6596906968003138,1.5293985923348385,3.460338008407832,3.106683631642708,1.0281282869010697,1.8481912299772683,1.9226248584073238,2.7009265518000674,1.5811236500608077,0.4849272900689723,-0.2799876864435822,2.768604030332752,2.1555598824830877,0.8562167029175187,1.430815325351559,-0.2859251675474521,2.1021523584169404,1.6650605792165019,1.1967349741712079,1.7281895232251592,-0.24162716445660593,0.12854014476621245,0.10510060247161146,0.3721841526891305,-2.1601620753681736,-2.9642446805779734,0.47926063181602885,-3.3668797418866188,2.9819213614918625,-2.952727403194203,-0.7762967255119761,-0.8145747533765952,-2.9600770435680683,-0.029744268518938632,0.6311735370841394,0.1608611815559149,-3.507190327981119,-0.8605279614100265,-1.1448674090801045,-7.137946576299587,0.3658506342145671,-1.6048131686029228,-1.508991012175727,-0.897237712112509,-0.12813894842903473,0.5122526798871103,0.7962148233636483,-2.991628850975454,-1.0553229648829197,0.9681174556149257,0.27888903655063757,-3.3357737193378227,-0.8108858414625058,-0.8845288863055991,-1.5142732278253082,-2.6486822481094787,-1.2180691476131127,-0.6435438976452916,0.32821571623342916,-1.6087098323530986
199,0.7275192455296366,2.289520422289228,-1.1867359352960287,-4.068979727063326,0.054673592131512905,0.417379225959122,1.4611728474878314,2.9051690991133943,1.4939551864393739,3.7132086097253785,1.68359792004396,0.5121714374992106,1.3468102421575958,3.443316105245237,2.54867532598487,0.9939312784896925,1.8098881503118602,1.8442178760383316,2.709959532164701,1.6155941278696808,0.4244144874002709,-0.7413113567514182,2.642160180228038,1.9162540306500295,0.768207401463342,1.304185657846439,-0.6805175418382294,2.0404398862481554,1.695852718006786,1.208935548186596,1.5831244031661038,0.03835913082510345,0.23194147073423466,0.1773781952126079,0.32277823755303015,-1.8633051974668922,-3.0355006036749046,0.47114006590498914,-2.778260905616696,3.083737744978325,-2.7120790722385433,-0.5972038756500986,-1.0145581334109606,-3.0561581708996144,-0.1213104571354231,0.6389475146193115,0.12020315423319339,-3.350765846392072,-0.6938676460543016,-1.1147838668483292,-7.081041443629905,0.13576002662094133,-1.7076814771595767,-1.4155311310699048,-0.8167273708318747,-0.09562156685259815,0.655482175036866,0.6954835548280753,-2.884255076912577,-1.0173121023838094,0.8631765119236396,0.15600087040896504,-3.009329653664805,-0.5127379848320794,-0.9888230676759084,-1.0887590488668204,-2.2637610781394875,-1.0557430909133467,-0.6585960048051325,0.24795483066600177,-1.3814195871469162
201,0.8124629871957998,2.331103113201638,-0.9619212634661123,-3.4070727214242504,-0.42858090452660047,0.3822897083066428,1.3709212805982434,2.7571686695386943,1.3102022533995008,3.545202392576691,1.564048988997102,0.3329738722773916,1.2901929808121206,3.275823655866746,2.087576439111914,0.7895522157697252,1.5974396535858628,1.777711874739687,2.590909617576726,1.499686942885937,0.3040674878454528,-1.263913225739965,2.3373464452972224,1.6540606836244436,0.5740636448782279,1.1479841410661544,-1.1190360844414249,1.8075434455200785,1.576119040778888,0.9754945395490706,1.2833537036290643,-0.049247903703995455,0.2657873623718485,0.1721912031980546,0.10868107926349424,-0.7987655980996493,-3.080710698741796,0.643947946630167,-2.645809918680894,2.926522183863674,-2.174903928554868,-0.5109733466948541,-1.2748928207253227,-2.816047093959619,-0.2963499322708536,0.6866553862326281,-0.09379043554257294,-3.2243722176973018,-0.573549478007874,-1.1216080312465664,-5.537269024599632,-0.18082063690422512,-1.8593034782747901,-1.1380419479643056,-0.6803985949895726,0.1144967665130503,0.6915565999020101,0.4704017053191576,-2.7386837594583247,-1.0744629817604867,0.7447296034770208,0.4184066116218377,-2.74676615566334,-0.21731587873558578,-1.1267440231031491,-0.7139998998355503,-1.830575055705797,-0.7957391481885283,-0.5712548734029168,0.15506006233685188,-1.3208152272481204
203,0.6258818492345801,2.141868781799939,-1.3289878386033296,-3.662039262212704,0.5506918516604671,0.2931019244266704,1.2843114563312366,2.927570141409843,1.6461550657360302,3.8581293608331064,1.7307201908507994,0.6648617982916063,1.506025103481691,3.4744262824985093,3.4083262041467095,1.0915154513083491,1.854797918535875,1.9409458308995808,2.7169440652739456,1.5702127008280922,0.42491917934515655,-0.08268384793762174,2.848259616266553,2.304702145354196,0.8660653840705281,1.479807723504675,-0.2277828199659151,2.1638403723916935,1.603735843490531,1.242040475821688,1.7768305284577326,-0.23091876330894667,0.10328576938437539,0.13125127335204834,0.4197820550824325,-2.292055107829234,-2.922069344833022,0.5157977082300365,-3.1990267596249575,3.0095980144566177,-3.2228198735410123,-0.8440617861122179,-0.7231374957266876,-3.0553072526434226,0.04303578778198425,0.7082867726838025,0.17988759184240877,-3.492450670953132,-0.9711906619284472,-1.2185541086497107,-7.414831104546338,0.4352734152852058,-1.5663630135101956,-1.5899154913411842,-0.974972898284312,-0.11304241627719325,0.518864361656183,0.8092491757737434,-3.0759759032231697,-1.076812969871197,1.0325359157955383,0.21757724664576994,-3.3709442394078293,-0.9340821165060218,-0.85323578281462,-1.6186833297765082,-2.833919976760508,-1.275358263897079,-0.609689503215229,0.3493758785956622,-1.689575609513832
205,0.7631070558692121,2.2578617933816703,-1.071350207131145,-3.651643866270108,-0.033397566502697096,0.4019743233074111,1.4058919893083646,2.8639513594224013,1.4354912970161875,3.6627138717175827,1.6534923828482508,0.44444528424302554,1.258463640552817,3.393786008411231,2.530142597220186,0.908055394564732,1.7061846208205997,1.8169608833826891,2.6975833091977997,1.58222375123316,0.35408771682320506,-0.8180947468127462,2.5472253162109233,1.8731758412051431,0.6916111845857298,1.23614752390022,-0.7678889173150596,1.9631056078729179,1.6109578103762283,1.1276094667212995,1.5016727183029284,-0.021087038212702858,0.2020739562482179,0.1673760015876411,0.23019337550567887,-1.3323125699667075,-3.1291873144357023,0.5199473432222286,-2.9020509237036283,3.007154921372896,-2.542287583570543,-0.6060518024453483,-1.086603653021581,-2.932337117876232,-0.2001976923066806,0.6854197564165521,0.0166886493399252,-3.421898510276991,-0.7226078520284682,-1.1692842123975007,-6.5363359959012755,0.035691947001871505,-1.748439472376356,-1.2925370632356126,-0.7726532016965715,-0.022174677634809292,0.6518446144265937,0.5894914241397107,-2.855512992744133,-1.1184515165706843,0.8331077753839677,0.4686071061375454,-2.9856362326804717,-0.4123029148597839,-1.0654837141708073,-0.9422332607594281,-2.1783081017775157,-0.9773327612753002,-0.6041744782060583,0.2220595850137066,-1.3977212461296489
207,0.6038410050624528,2.2290869302928726,-1.355780992927441,-3.6131079104331096,0.2714006076839386,0.4271753094353068,1.4339075937223225,2.854043172053496,1.6324081926345322,3.7642162364553173,1.6339041465624415,0.6289613021308815,1.464622583031808,3.464433681850973,2.7602336896325954,0.9907881877502716,1.8797947973930378,1.8904440746315858,2.692789234801577,1.6163661797157314,0.48353222882693014,-0.4922763045643386,2.7101334768804763,1.995583804773411,0.8048689720762123,1.372049739287716,-0.38315458222126075,2.0742314741989536,1.7261675535754484,1.151680510625832,1.664871359892298,-0.17954811339558407,0.16432420429297068,0.11802117446217952,0.3549657407831095,-2.1906073455317383,-2.6339818773784156,0.47251357301678,-2.8975951391037587,3.0125384996562308,-2.954465469099107,-0.7129515302868494,-0.8984197245795222,-3.0044099635567463,-0.08677942570987884,0.6001108953979717,0.16668369485820378,-3.4054874736372085,-0.768581581732894,-1.085279899495057,-7.253993444688717,0.2821809218830422,-1.648374026747243,-1.5190561233496114,-0.8947896501970813,-0.1631689518738666,0.594059670393662,0.7957443169232299,-2.9935153020113336,-0.96538393496194,0.9041122490882705,0.150900334194219,-3.1972178027800435,-0.734542235689668,-0.8327440773909327,-1.4235400464918344,-2.4891668847611026,-1.1593257233901149,-0.6859453417663524,0.3110263813829963,-1.5255268215585085
209,0.6413645233517302,2.3105982665824985,-1.312872339334887,-3.7424494489887365,-0.013226255899127182,0.4449087066413888,1.4603695232471043,2.822192713012227,1.5061297472713004,3.6770458662629926,1.6093269948423177,0.5180728391591671,1.4246691755581073,3.397658430366978,2.3381815487244904,0.9603046691363915,1.8727494551702404,1.849368351492772,2.648119647706399,1.595464434031705,0.49812175405571324,-0.8057329725914739,2.6181235148924853,1.813890425212858,0.7466861503984799,1.2926832068434662,-0.6543490315924796,2.0038828456413054,1.7652326950233026,1.1134107364024652,1.5292923000336112,-0.01696097101946492,0.23256493950498758,0.14723573452219263,0.3152520856916343,-1.8054245577289176,-2.5042552432241862,0.49342904472507687,-2.48254094063069,3.046566153853325,-2.6595617281614015,-0.6048696713182036,-1.026939729136096,-3.0670536224355587,-0.1376211139236272,0.5646645685004339,0.12819602694824894,-3.1661792579924644,-0.6232968211222767,-1.028472606938153,-7.1248665347711615,0.141899846990591,-1.742651029384212,-1.4886462912037421,-0.8660829231230123,-0.15134845376637074,0.628390403738222,0.7421013453966676,-2.942226684519449,-0.8859094293985024,0.7801848686552288,0.003024448711908434,-2.979623325088598,-0.5710623715738858,-0.9071361721906523,-1.1903279130151718,-2.1879273855508954,-1.0583224749348794,-0.7306796412047758,0.23006349870692056,-1.432804545243883
