branch,layer,ctype,r_obs,p_value,n_perm_used,p_adjusted,reject_H0,p_value_original,unique_mismatch_extreme_count,n_unique_mismatch
within_layer__clr_false__thickness_absolute,l1,Astro,0.0959979531777583,0.6666666666666666,600,0.9509803921568626,False,0.6006655574043261,3,5
within_layer__clr_false__thickness_absolute,l1,Endo,0.1972635526253581,0.5,600,0.9509803921568626,False,0.4009983361064891,2,5
within_layer__clr_false__thickness_absolute,l1,Lamp5,0.2637901284082625,0.5,600,0.9509803921568626,False,0.4009983361064891,2,5
within_layer__clr_false__thickness_absolute,l1,Micro-PVM,0.531068434317811,0.3333333333333333,600,0.9509803921568626,False,0.2013311148086522,1,5
within_layer__clr_false__thickness_absolute,l1,OPC,0.2867633039268756,0.16666666666666666,600,0.9509803921568626,False,0.0016638935108153,0,5
within_layer__clr_false__thickness_absolute,l1,Pax6,0.1587412237308843,0.8333333333333334,600,0.9623015873015874,False,0.800332778702163,4,5
within_layer__clr_false__thickness_absolute,l1,Sncg,0.3569530212317321,0.16666666666666666,600,0.9509803921568626,False,0.0016638935108153,0,5
within_layer__clr_false__thickness_absolute,l1,VLMC,-0.1411417888200422,0.5,600,0.9509803921568626,False,0.4009983361064891,2,5
within_layer__clr_false__thickness_absolute,l2,Astro,0.3631993248402571,0.6666666666666666,600,0.9509803921568626,False,0.6006655574043261,3,5
within_layer__clr_false__thickness_absolute,l2,Chandelier,0.092059715736273,0.6666666666666666,600,0.9509803921568626,False,0.6006655574043261,3,5
within_layer__clr_false__thickness_absolute,l2,Endo,0.1349336403857712,0.6666666666666666,600,0.9509803921568626,False,0.6006655574043261,3,5
within_layer__clr_false__thickness_absolute,l2,L2/3 IT,-0.3481117248930517,0.5,600,0.9509803921568626,False,0.4009983361064891,2,5
within_layer__clr_false__thickness_absolute,l2,Lamp5,0.5534719225738938,0.5,600,0.9509803921568626,False,0.4009983361064891,2,5
within_layer__clr_false__thickness_absolute,l2,Lamp5_Lhx6,0.2097764099425798,0.6666666666666666,600,0.9509803921568626,False,0.6006655574043261,3,5
within_layer__clr_false__thickness_absolute,l2,Micro-PVM,0.3864181763684505,0.6666666666666666,600,0.9509803921568626,False,0.6006655574043261,3,5
within_layer__clr_false__thickness_absolute,l2,OPC,0.3478505269812448,0.6666666666666666,600,0.9509803921568626,False,0.6006655574043261,3,5
within_layer__clr_false__thickness_absolute,l2,Pax6,0.636945231536431,0.6666666666666666,600,0.9509803921568626,False,0.6006655574043261,3,5
within_layer__clr_false__thickness_absolute,l2,Pvalb,-0.083513990196897,0.6666666666666666,600,0.9509803921568626,False,0.6006655574043261,3,5
within_layer__clr_false__thickness_absolute,l2,Sncg,0.6365101608582828,0.6666666666666666,600,0.9509803921568626,False,0.6006655574043261,3,5
within_layer__clr_false__thickness_absolute,l2,Sst,0.1973599256163257,0.6666666666666666,600,0.9509803921568626,False,0.6006655574043261,3,5
within_layer__clr_false__thickness_absolute,l2,Vip,0.4617449183197803,0.6666666666666666,600,0.9509803921568626,False,0.6006655574043261,3,5
within_layer__clr_false__thickness_absolute,l3,Astro,0.3606472363925425,0.8333333333333334,600,0.9623015873015874,False,0.800332778702163,4,5
within_layer__clr_false__thickness_absolute,l3,Chandelier,0.2365747462226871,0.8333333333333334,600,0.9623015873015874,False,0.800332778702163,4,5
within_layer__clr_false__thickness_absolute,l3,Endo,0.2578310221482147,0.3333333333333333,600,0.9509803921568626,False,0.2013311148086522,1,5
within_layer__clr_false__thickness_absolute,l3,L2/3 IT,0.1292789066312127,0.3333333333333333,600,0.9509803921568626,False,0.2013311148086522,1,5
within_layer__clr_false__thickness_absolute,l3,L4 IT,-0.4529707113114614,1.0,600,1.0,False,1.0,5,5
within_layer__clr_false__thickness_absolute,l3,L5 ET,-0.0750128409292125,0.3333333333333333,600,0.9509803921568626,False,0.2013311148086522,1,5
within_layer__clr_false__thickness_absolute,l3,L5 IT,-0.2043031975399119,0.8333333333333334,600,0.9623015873015874,False,0.800332778702163,4,5
within_layer__clr_false__thickness_absolute,l3,L5/6 NP,-0.2615635814400741,0.3333333333333333,600,0.9509803921568626,False,0.2013311148086522,1,5
within_layer__clr_false__thickness_absolute,l3,L6 CT,-0.3226473461091756,0.3333333333333333,600,0.9509803921568626,False,0.2013311148086522,1,5
within_layer__clr_false__thickness_absolute,l3,L6 IT,-0.478265365389483,0.8333333333333334,600,0.9623015873015874,False,0.800332778702163,4,5
within_layer__clr_false__thickness_absolute,l3,L6 IT Car3,0.0185055551869423,0.3333333333333333,600,0.9509803921568626,False,0.2013311148086522,1,5
within_layer__clr_false__thickness_absolute,l3,L6b,-0.1324802933910907,0.3333333333333333,600,0.9509803921568626,False,0.2013311148086522,1,5
within_layer__clr_false__thickness_absolute,l3,Lamp5,0.4061726847690575,0.6666666666666666,600,0.9509803921568626,False,0.6006655574043261,3,5
within_layer__clr_false__thickness_absolute,l3,Lamp5_Lhx6,-0.0165913145132611,0.5,600,0.9509803921568626,False,0.4009983361064891,2,5
within_layer__clr_false__thickness_absolute,l3,Micro-PVM,0.3890524788167769,0.8333333333333334,600,0.9623015873015874,False,0.800332778702163,4,5
within_layer__clr_false__thickness_absolute,l3,OPC,0.1948909516482305,0.8333333333333334,600,0.9623015873015874,False,0.800332778702163,4,5
within_layer__clr_false__thickness_absolute,l3,Oligo,0.0354905362266495,0.6666666666666666,600,0.9509803921568626,False,0.6006655574043261,3,5
within_layer__clr_false__thickness_absolute,l3,Pax6,0.3362290143026407,0.8333333333333334,600,0.9623015873015874,False,0.800332778702163,4,5
within_layer__clr_false__thickness_absolute,l3,Pvalb,0.1064894140188006,0.8333333333333334,600,0.9623015873015874,False,0.800332778702163,4,5
within_layer__clr_false__thickness_absolute,l3,Sncg,0.3899327328267941,0.8333333333333334,600,0.9623015873015874,False,0.800332778702163,4,5
within_layer__clr_false__thickness_absolute,l3,Sst,0.3663529959402459,0.3333333333333333,600,0.9509803921568626,False,0.2013311148086522,1,5
within_layer__clr_false__thickness_absolute,l3,Vip,0.5747203295104009,0.3333333333333333,600,0.9509803921568626,False,0.2013311148086522,1,5
within_layer__clr_false__thickness_absolute,l4,Astro,-0.4764733902471728,1.0,600,1.0,False,1.0,5,5
within_layer__clr_false__thickness_absolute,l4,Chandelier,-0.222691853481491,1.0,600,1.0,False,1.0,5,5
within_layer__clr_false__thickness_absolute,l4,Endo,-0.0648582622822465,1.0,600,1.0,False,1.0,5,5
within_layer__clr_false__thickness_absolute,l4,L2/3 IT,0.2334876015388788,0.16666666666666666,600,0.9509803921568626,False,0.0016638935108153,0,5
within_layer__clr_false__thickness_absolute,l4,L4 IT,0.2906507645758214,0.5,600,0.9509803921568626,False,0.4009983361064891,2,5
within_layer__clr_false__thickness_absolute,l4,L5 ET,-0.2626517961485073,1.0,600,1.0,False,1.0,5,5
within_layer__clr_false__thickness_absolute,l4,L5 IT,-0.572340522048613,1.0,600,1.0,False,1.0,5,5
within_layer__clr_false__thickness_absolute,l4,L5/6 NP,0.5337582165754241,0.16666666666666666,600,0.9509803921568626,False,0.0016638935108153,0,5
within_layer__clr_false__thickness_absolute,l4,Lamp5,-0.0272714246800238,0.5,600,0.9509803921568626,False,0.4009983361064891,2,5
within_layer__clr_false__thickness_absolute,l4,Lamp5_Lhx6,0.4570909944205233,0.16666666666666666,600,0.9509803921568626,False,0.0016638935108153,0,5
within_layer__clr_false__thickness_absolute,l4,Micro-PVM,-0.433386892949891,1.0,600,1.0,False,1.0,5,5
within_layer__clr_false__thickness_absolute,l4,OPC,-0.3523804866972702,1.0,600,1.0,False,1.0,5,5
within_layer__clr_false__thickness_absolute,l4,Oligo,0.3606754359292924,0.16666666666666666,600,0.9509803921568626,False,0.0016638935108153,0,5
within_layer__clr_false__thickness_absolute,l4,Pax6,0.0760832756670138,0.16666666666666666,600,0.9509803921568626,False,0.0016638935108153,0,5
within_layer__clr_false__thickness_absolute,l4,Pvalb,-0.1138299824847342,1.0,600,1.0,False,1.0,5,5
within_layer__clr_false__thickness_absolute,l4,Sncg,-0.4951693447745643,1.0,600,1.0,False,1.0,5,5
within_layer__clr_false__thickness_absolute,l4,Sst,-0.519443690854201,1.0,600,1.0,False,1.0,5,5
within_layer__clr_false__thickness_absolute,l4,Vip,-0.3850336036817052,1.0,600,1.0,False,1.0,5,5
within_layer__clr_false__thickness_absolute,l5,Astro,0.5270612997625456,0.3333333333333333,600,0.9509803921568626,False,0.2013311148086522,1,5
within_layer__clr_false__thickness_absolute,l5,Chandelier,0.4915186678751911,0.5,600,0.9509803921568626,False,0.4009983361064891,2,5
within_layer__clr_false__thickness_absolute,l5,Endo,0.1960244289246862,0.5,600,0.9509803921568626,False,0.4009983361064891,2,5
within_layer__clr_false__thickness_absolute,l5,L4 IT,0.2535003670120345,0.5,600,0.9509803921568626,False,0.4009983361064891,2,5
within_layer__clr_false__thickness_absolute,l5,L5 ET,0.4279783212026892,0.3333333333333333,600,0.9509803921568626,False,0.2013311148086522,1,5
within_layer__clr_false__thickness_absolute,l5,L5 IT,-0.4298698254570856,0.8333333333333334,600,0.9623015873015874,False,0.800332778702163,4,5
within_layer__clr_false__thickness_absolute,l5,L5/6 NP,-0.3040389259621555,0.6666666666666666,600,0.9509803921568626,False,0.6006655574043261,3,5
within_layer__clr_false__thickness_absolute,l5,L6 CT,-0.0750007188573897,0.5,600,0.9509803921568626,False,0.4009983361064891,2,5
within_layer__clr_false__thickness_absolute,l5,L6 IT,-0.3548189792104098,0.8333333333333334,600,0.9623015873015874,False,0.800332778702163,4,5
within_layer__clr_false__thickness_absolute,l5,L6 IT Car3,0.1017781197981869,0.8333333333333334,600,0.9623015873015874,False,0.800332778702163,4,5
within_layer__clr_false__thickness_absolute,l5,L6b,-0.215649637347946,0.6666666666666666,600,0.9509803921568626,False,0.6006655574043261,3,5
within_layer__clr_false__thickness_absolute,l5,Lamp5,0.146938747010186,0.3333333333333333,600,0.9509803921568626,False,0.2013311148086522,1,5
within_layer__clr_false__thickness_absolute,l5,Lamp5_Lhx6,-0.2488150924403409,0.6666666666666666,600,0.9509803921568626,False,0.6006655574043261,3,5
within_layer__clr_false__thickness_absolute,l5,Micro-PVM,0.6642011295934539,0.3333333333333333,600,0.9509803921568626,False,0.2013311148086522,1,5
within_layer__clr_false__thickness_absolute,l5,OPC,0.5634367765067669,0.5,600,0.9509803921568626,False,0.4009983361064891,2,5
within_layer__clr_false__thickness_absolute,l5,Oligo,0.116195675421542,0.3333333333333333,600,0.9509803921568626,False,0.2013311148086522,1,5
within_layer__clr_false__thickness_absolute,l5,Pvalb,0.5955485418335174,0.5,600,0.9509803921568626,False,0.4009983361064891,2,5
within_layer__clr_false__thickness_absolute,l5,Sst,0.2836699328777342,0.6666666666666666,600,0.9509803921568626,False,0.6006655574043261,3,5
within_layer__clr_false__thickness_absolute,l5,Vip,0.5133732061993719,0.5,600,0.9509803921568626,False,0.4009983361064891,2,5
within_layer__clr_false__thickness_absolute,l6,Astro,0.6941452492911968,0.16666666666666666,600,0.9509803921568626,False,0.0016638935108153,0,5
within_layer__clr_false__thickness_absolute,l6,Chandelier,0.6538695040628534,0.16666666666666666,600,0.9509803921568626,False,0.0016638935108153,0,5
within_layer__clr_false__thickness_absolute,l6,Endo,0.4489726230508563,0.16666666666666666,600,0.9509803921568626,False,0.0016638935108153,0,5
within_layer__clr_false__thickness_absolute,l6,L5 ET,-0.4306001732250248,0.8333333333333334,600,0.9623015873015874,False,0.800332778702163,4,5
within_layer__clr_false__thickness_absolute,l6,L5 IT,-0.7942899964849963,1.0,600,1.0,False,1.0,5,5
within_layer__clr_false__thickness_absolute,l6,L5/6 NP,-0.4679607178236511,0.6666666666666666,600,0.9509803921568626,False,0.6006655574043261,3,5
within_layer__clr_false__thickness_absolute,l6,L6 CT,-0.6331523735205236,0.8333333333333334,600,0.9623015873015874,False,0.800332778702163,4,5
within_layer__clr_false__thickness_absolute,l6,L6 IT,-0.2884861761832201,0.8333333333333334,600,0.9623015873015874,False,0.800332778702163,4,5
within_layer__clr_false__thickness_absolute,l6,L6 IT Car3,0.0011801223603891,0.5,600,0.9509803921568626,False,0.4009983361064891,2,5
within_layer__clr_false__thickness_absolute,l6,L6b,-0.2319669658983484,0.6666666666666666,600,0.9509803921568626,False,0.6006655574043261,3,5
within_layer__clr_false__thickness_absolute,l6,Lamp5,0.6080880559818798,0.16666666666666666,600,0.9509803921568626,False,0.0016638935108153,0,5
within_layer__clr_false__thickness_absolute,l6,Lamp5_Lhx6,0.5893006221634498,0.16666666666666666,600,0.9509803921568626,False,0.0016638935108153,0,5
within_layer__clr_false__thickness_absolute,l6,Micro-PVM,0.7881092947121978,0.16666666666666666,600,0.9509803921568626,False,0.0016638935108153,0,5
within_layer__clr_false__thickness_absolute,l6,OPC,0.6827123149073949,0.16666666666666666,600,0.9509803921568626,False,0.0016638935108153,0,5
within_layer__clr_false__thickness_absolute,l6,Oligo,0.6015298371058003,0.16666666666666666,600,0.9509803921568626,False,0.0016638935108153,0,5
within_layer__clr_false__thickness_absolute,l6,Pvalb,0.4005000113911967,0.16666666666666666,600,0.9509803921568626,False,0.0016638935108153,0,5
within_layer__clr_false__thickness_absolute,l6,Sst,0.260329406346391,0.3333333333333333,600,0.9509803921568626,False,0.2013311148086522,1,5
within_layer__clr_false__thickness_relative,l1,Astro,-0.0423695639271456,0.8333333333333334,600,0.9509803921568628,False,0.800332778702163,4,5
within_layer__clr_false__thickness_relative,l1,Endo,-0.0322669699633249,0.6666666666666666,600,0.9509803921568628,False,0.6006655574043261,3,5
within_layer__clr_false__thickness_relative,l1,Lamp5,0.1889718400210267,0.5,600,0.9509803921568628,False,0.4009983361064891,2,5
within_layer__clr_false__thickness_relative,l1,Micro-PVM,0.0262647004663653,0.6666666666666666,600,0.9509803921568628,False,0.6006655574043261,3,5
within_layer__clr_false__thickness_relative,l1,OPC,0.1415679122078961,0.5,600,0.9509803921568628,False,0.4009983361064891,2,5
within_layer__clr_false__thickness_relative,l1,Pax6,-0.0807123416140349,0.8333333333333334,600,0.9509803921568628,False,0.800332778702163,4,5
within_layer__clr_false__thickness_relative,l1,Sncg,0.5123154804499123,0.16666666666666666,600,0.898148148148148,False,0.0016638935108153,0,5
within_layer__clr_false__thickness_relative,l1,VLMC,0.0230354518751918,0.5,600,0.9509803921568628,False,0.4009983361064891,2,5
within_layer__clr_false__thickness_relative,l2,Astro,0.0104494907413522,0.6666666666666666,600,0.9509803921568628,False,0.6006655574043261,3,5
within_layer__clr_false__thickness_relative,l2,Chandelier,-0.1569354889766886,0.6666666666666666,600,0.9509803921568628,False,0.6006655574043261,3,5
within_layer__clr_false__thickness_relative,l2,Endo,-0.0794989323536221,0.6666666666666666,600,0.9509803921568628,False,0.6006655574043261,3,5
within_layer__clr_false__thickness_relative,l2,L2/3 IT,-0.109083248132632,0.5,600,0.9509803921568628,False,0.4009983361064891,2,5
within_layer__clr_false__thickness_relative,l2,Lamp5,0.1763760244389571,0.5,600,0.9509803921568628,False,0.4009983361064891,2,5
within_layer__clr_false__thickness_relative,l2,Lamp5_Lhx6,0.0757008843482668,0.6666666666666666,600,0.9509803921568628,False,0.6006655574043261,3,5
within_layer__clr_false__thickness_relative,l2,Micro-PVM,-0.0085635524074799,0.6666666666666666,600,0.9509803921568628,False,0.6006655574043261,3,5
within_layer__clr_false__thickness_relative,l2,OPC,0.0518495527729972,0.6666666666666666,600,0.9509803921568628,False,0.6006655574043261,3,5
within_layer__clr_false__thickness_relative,l2,Pax6,0.2504588996101754,0.5,600,0.9509803921568628,False,0.4009983361064891,2,5
within_layer__clr_false__thickness_relative,l2,Pvalb,-0.1004824697450413,0.6666666666666666,600,0.9509803921568628,False,0.6006655574043261,3,5
within_layer__clr_false__thickness_relative,l2,Sncg,0.2866736393783921,0.5,600,0.9509803921568628,False,0.4009983361064891,2,5
within_layer__clr_false__thickness_relative,l2,Sst,0.0902331223073878,0.6666666666666666,600,0.9509803921568628,False,0.6006655574043261,3,5
within_layer__clr_false__thickness_relative,l2,Vip,0.1814777755064873,0.5,600,0.9509803921568628,False,0.4009983361064891,2,5
within_layer__clr_false__thickness_relative,l3,Astro,-0.1897208876390344,0.8333333333333334,600,0.9509803921568628,False,0.800332778702163,4,5
within_layer__clr_false__thickness_relative,l3,Chandelier,-0.2106419515717664,0.8333333333333334,600,0.9509803921568628,False,0.800332778702163,4,5
within_layer__clr_false__thickness_relative,l3,Endo,0.1492742458045787,0.3333333333333333,600,0.9509803921568626,False,0.2013311148086522,1,5
within_layer__clr_false__thickness_relative,l3,L2/3 IT,0.3361062983565869,0.3333333333333333,600,0.9509803921568626,False,0.2013311148086522,1,5
within_layer__clr_false__thickness_relative,l3,L4 IT,-0.5508742794117798,1.0,600,1.0,False,1.0,5,5
within_layer__clr_false__thickness_relative,l3,L5 ET,0.083075521710203,0.16666666666666666,600,0.898148148148148,False,0.0016638935108153,0,5
within_layer__clr_false__thickness_relative,l3,L5 IT,-0.1011930595512959,0.8333333333333334,600,0.9509803921568628,False,0.800332778702163,4,5
within_layer__clr_false__thickness_relative,l3,L5/6 NP,0.1788236683318348,0.3333333333333333,600,0.9509803921568626,False,0.2013311148086522,1,5
within_layer__clr_false__thickness_relative,l3,L6 CT,0.1689731464141754,0.3333333333333333,600,0.9509803921568626,False,0.2013311148086522,1,5
within_layer__clr_false__thickness_relative,l3,L6 IT,-0.1207733715961793,0.5,600,0.9509803921568628,False,0.4009983361064891,2,5
within_layer__clr_false__thickness_relative,l3,L6 IT Car3,0.2713480296458235,0.16666666666666666,600,0.898148148148148,False,0.0016638935108153,0,5
within_layer__clr_false__thickness_relative,l3,L6b,0.2995925331338437,0.16666666666666666,600,0.898148148148148,False,0.0016638935108153,0,5
within_layer__clr_false__thickness_relative,l3,Lamp5,0.1006160690104256,0.6666666666666666,600,0.9509803921568628,False,0.6006655574043261,3,5
within_layer__clr_false__thickness_relative,l3,Lamp5_Lhx6,0.2548326012934793,0.3333333333333333,600,0.9509803921568626,False,0.2013311148086522,1,5
within_layer__clr_false__thickness_relative,l3,Micro-PVM,-0.1256316179083458,0.8333333333333334,600,0.9509803921568628,False,0.800332778702163,4,5
within_layer__clr_false__thickness_relative,l3,OPC,-0.2342098535855777,0.8333333333333334,600,0.9509803921568628,False,0.800332778702163,4,5
within_layer__clr_false__thickness_relative,l3,Oligo,-0.001217777412776,0.6666666666666666,600,0.9509803921568628,False,0.6006655574043261,3,5
within_layer__clr_false__thickness_relative,l3,Pax6,-0.0669359062787282,0.8333333333333334,600,0.9509803921568628,False,0.800332778702163,4,5
within_layer__clr_false__thickness_relative,l3,Pvalb,-0.2000926242930454,0.8333333333333334,600,0.9509803921568628,False,0.800332778702163,4,5
within_layer__clr_false__thickness_relative,l3,Sncg,0.1509628021001477,0.8333333333333334,600,0.9509803921568628,False,0.800332778702163,4,5
within_layer__clr_false__thickness_relative,l3,Sst,0.3848285032034874,0.3333333333333333,600,0.9509803921568626,False,0.2013311148086522,1,5
within_layer__clr_false__thickness_relative,l3,Vip,0.3970842886399342,0.3333333333333333,600,0.9509803921568626,False,0.2013311148086522,1,5
within_layer__clr_false__thickness_relative,l4,Astro,-0.5170245563218763,1.0,600,1.0,False,1.0,5,5
within_layer__clr_false__thickness_relative,l4,Chandelier,-0.4112805425504512,1.0,600,1.0,False,1.0,5,5
within_layer__clr_false__thickness_relative,l4,Endo,-0.1247222286895972,0.8333333333333334,600,0.9509803921568628,False,0.800332778702163,4,5
within_layer__clr_false__thickness_relative,l4,L2/3 IT,0.3636710317907117,0.16666666666666666,600,0.898148148148148,False,0.0016638935108153,0,5
within_layer__clr_false__thickness_relative,l4,L4 IT,0.1412842448434873,0.5,600,0.9509803921568628,False,0.4009983361064891,2,5
within_layer__clr_false__thickness_relative,l4,L5 ET,-0.2254418540785001,0.8333333333333334,600,0.9509803921568628,False,0.800332778702163,4,5
within_layer__clr_false__thickness_relative,l4,L5 IT,-0.4893375889935643,1.0,600,1.0,False,1.0,5,5
within_layer__clr_false__thickness_relative,l4,L5/6 NP,0.6593735865531382,0.16666666666666666,600,0.898148148148148,False,0.0016638935108153,0,5
within_layer__clr_false__thickness_relative,l4,Lamp5,0.0697767391822536,0.6666666666666666,600,0.9509803921568628,False,0.6006655574043261,3,5
within_layer__clr_false__thickness_relative,l4,Lamp5_Lhx6,0.6010867142049886,0.16666666666666666,600,0.898148148148148,False,0.0016638935108153,0,5
within_layer__clr_false__thickness_relative,l4,Micro-PVM,-0.5225203642089311,1.0,600,1.0,False,1.0,5,5
within_layer__clr_false__thickness_relative,l4,OPC,-0.2503860578216096,0.8333333333333334,600,0.9509803921568628,False,0.800332778702163,4,5
within_layer__clr_false__thickness_relative,l4,Oligo,0.3207975355379918,0.16666666666666666,600,0.898148148148148,False,0.0016638935108153,0,5
within_layer__clr_false__thickness_relative,l4,Pax6,0.2138866861400442,0.16666666666666666,600,0.898148148148148,False,0.0016638935108153,0,5
within_layer__clr_false__thickness_relative,l4,Pvalb,-0.2542183772191427,0.8333333333333334,600,0.9509803921568628,False,0.800332778702163,4,5
within_layer__clr_false__thickness_relative,l4,Sncg,-0.3948846604004483,1.0,600,1.0,False,1.0,5,5
within_layer__clr_false__thickness_relative,l4,Sst,-0.5296864898883432,1.0,600,1.0,False,1.0,5,5
within_layer__clr_false__thickness_relative,l4,Vip,-0.3788565242217579,1.0,600,1.0,False,1.0,5,5
within_layer__clr_false__thickness_relative,l5,Astro,0.2813229821452061,0.3333333333333333,600,0.9509803921568626,False,0.2013311148086522,1,5
within_layer__clr_false__thickness_relative,l5,Chandelier,0.4809611884298304,0.3333333333333333,600,0.9509803921568626,False,0.2013311148086522,1,5
within_layer__clr_false__thickness_relative,l5,Endo,0.0021879022082748,0.5,600,0.9509803921568628,False,0.4009983361064891,2,5
within_layer__clr_false__thickness_relative,l5,L4 IT,0.2157993282671751,0.5,600,0.9509803921568628,False,0.4009983361064891,2,5
within_layer__clr_false__thickness_relative,l5,L5 ET,0.4298034970874007,0.3333333333333333,600,0.9509803921568626,False,0.2013311148086522,1,5
within_layer__clr_false__thickness_relative,l5,L5 IT,-0.3181078509231394,0.8333333333333334,600,0.9509803921568628,False,0.800332778702163,4,5
within_layer__clr_false__thickness_relative,l5,L5/6 NP,-0.2360795588446177,0.8333333333333334,600,0.9509803921568628,False,0.800332778702163,4,5
within_layer__clr_false__thickness_relative,l5,L6 CT,0.179611893183117,0.5,600,0.9509803921568628,False,0.4009983361064891,2,5
within_layer__clr_false__thickness_relative,l5,L6 IT,-0.1585614492277635,0.8333333333333334,600,0.9509803921568628,False,0.800332778702163,4,5
within_layer__clr_false__thickness_relative,l5,L6 IT Car3,-0.2171041081275113,1.0,600,1.0,False,1.0,5,5
within_layer__clr_false__thickness_relative,l5,L6b,-0.0851897320326406,0.5,600,0.9509803921568628,False,0.4009983361064891,2,5
within_layer__clr_false__thickness_relative,l5,Lamp5,0.23936948918325,0.3333333333333333,600,0.9509803921568626,False,0.2013311148086522,1,5
within_layer__clr_false__thickness_relative,l5,Lamp5_Lhx6,-0.0602245395061989,0.6666666666666666,600,0.9509803921568628,False,0.6006655574043261,3,5
within_layer__clr_false__thickness_relative,l5,Micro-PVM,0.3426163096693475,0.3333333333333333,600,0.9509803921568626,False,0.2013311148086522,1,5
within_layer__clr_false__thickness_relative,l5,OPC,0.4520295999048276,0.3333333333333333,600,0.9509803921568626,False,0.2013311148086522,1,5
within_layer__clr_false__thickness_relative,l5,Oligo,0.044397517576387,0.6666666666666666,600,0.9509803921568628,False,0.6006655574043261,3,5
within_layer__clr_false__thickness_relative,l5,Pvalb,0.2575696834836141,0.3333333333333333,600,0.9509803921568626,False,0.2013311148086522,1,5
within_layer__clr_false__thickness_relative,l5,Sst,0.1477199766129606,0.6666666666666666,600,0.9509803921568628,False,0.6006655574043261,3,5
within_layer__clr_false__thickness_relative,l5,Vip,0.4244544399131604,0.3333333333333333,600,0.9509803921568626,False,0.2013311148086522,1,5
within_layer__clr_false__thickness_relative,l6,Astro,0.6961507506856089,0.16666666666666666,600,0.898148148148148,False,0.0016638935108153,0,5
within_layer__clr_false__thickness_relative,l6,Chandelier,0.773715070386979,0.16666666666666666,600,0.898148148148148,False,0.0016638935108153,0,5
within_layer__clr_false__thickness_relative,l6,Endo,0.4402603185222503,0.16666666666666666,600,0.898148148148148,False,0.0016638935108153,0,5
within_layer__clr_false__thickness_relative,l6,L5 ET,-0.357025989375156,1.0,600,1.0,False,1.0,5,5
within_layer__clr_false__thickness_relative,l6,L5 IT,-0.7280857193051136,1.0,600,1.0,False,1.0,5,5
within_layer__clr_false__thickness_relative,l6,L5/6 NP,-0.1563861287503579,0.6666666666666666,600,0.9509803921568628,False,0.6006655574043261,3,5
within_layer__clr_false__thickness_relative,l6,L6 CT,-0.6085113699831735,0.8333333333333334,600,0.9509803921568628,False,0.800332778702163,4,5
within_layer__clr_false__thickness_relative,l6,L6 IT,-0.5536520429965046,1.0,600,1.0,False,1.0,5,5
within_layer__clr_false__thickness_relative,l6,L6 IT Car3,0.0745492596719453,0.5,600,0.9509803921568628,False,0.4009983361064891,2,5
within_layer__clr_false__thickness_relative,l6,L6b,-0.0876800727690823,0.8333333333333334,600,0.9509803921568628,False,0.800332778702163,4,5
within_layer__clr_false__thickness_relative,l6,Lamp5,0.6290853402153243,0.16666666666666666,600,0.898148148148148,False,0.0016638935108153,0,5
within_layer__clr_false__thickness_relative,l6,Lamp5_Lhx6,0.6450398414295981,0.16666666666666666,600,0.898148148148148,False,0.0016638935108153,0,5
within_layer__clr_false__thickness_relative,l6,Micro-PVM,0.7240542935458703,0.16666666666666666,600,0.898148148148148,False,0.0016638935108153,0,5
within_layer__clr_false__thickness_relative,l6,OPC,0.7669530515228437,0.16666666666666666,600,0.898148148148148,False,0.0016638935108153,0,5
within_layer__clr_false__thickness_relative,l6,Oligo,0.4715820952720407,0.16666666666666666,600,0.898148148148148,False,0.0016638935108153,0,5
within_layer__clr_false__thickness_relative,l6,Pvalb,0.4632358826626424,0.16666666666666666,600,0.898148148148148,False,0.0016638935108153,0,5
within_layer__clr_false__thickness_relative,l6,Sst,0.3925673519320251,0.3333333333333333,600,0.9509803921568626,False,0.2013311148086522,1,5
within_layer__clr_true__thickness_absolute,l1,Astro,-0.4613513993887187,1.0,600,1.0,False,1.0,5,5
within_layer__clr_true__thickness_absolute,l1,Endo,0.1822627977514104,0.3333333333333333,600,0.9238095238095236,False,0.2013311148086522,1,5
within_layer__clr_true__thickness_absolute,l1,Lamp5,-0.1773174433596595,0.8333333333333334,600,1.0,False,0.800332778702163,4,5
within_layer__clr_true__thickness_absolute,l1,Micro-PVM,0.5061504155192812,0.3333333333333333,600,0.9238095238095236,False,0.2013311148086522,1,5
within_layer__clr_true__thickness_absolute,l1,OPC,-0.346894979205608,0.8333333333333334,600,1.0,False,0.800332778702163,4,5
within_layer__clr_true__thickness_absolute,l1,Pax6,-0.3460667764550357,1.0,600,1.0,False,1.0,5,5
within_layer__clr_true__thickness_absolute,l1,Sncg,0.2773821125749454,0.16666666666666666,600,0.9238095238095236,False,0.0016638935108153,0,5
within_layer__clr_true__thickness_absolute,l1,VLMC,-0.3633792384596382,0.6666666666666666,600,1.0,False,0.6006655574043261,3,5
within_layer__clr_true__thickness_absolute,l2,Astro,-0.0547175027541195,0.6666666666666666,600,1.0,False,0.6006655574043261,3,5
within_layer__clr_true__thickness_absolute,l2,Chandelier,0.0662878262252698,0.6666666666666666,600,1.0,False,0.6006655574043261,3,5
within_layer__clr_true__thickness_absolute,l2,Endo,-0.0018172287314671,0.8333333333333334,600,1.0,False,0.800332778702163,4,5
within_layer__clr_true__thickness_absolute,l2,L2/3 IT,-0.4038080649262986,0.5,600,1.0,False,0.4009983361064891,2,5
within_layer__clr_true__thickness_absolute,l2,Lamp5,-0.0875397587435002,0.5,600,1.0,False,0.4009983361064891,2,5
within_layer__clr_true__thickness_absolute,l2,Lamp5_Lhx6,-0.3098383071135683,0.3333333333333333,600,0.9238095238095236,False,0.2013311148086522,1,5
within_layer__clr_true__thickness_absolute,l2,Micro-PVM,0.4756523345542393,0.6666666666666666,600,1.0,False,0.6006655574043261,3,5
within_layer__clr_true__thickness_absolute,l2,OPC,0.0286190898371033,0.3333333333333333,600,0.9238095238095236,False,0.2013311148086522,1,5
within_layer__clr_true__thickness_absolute,l2,Pax6,0.6584909521871631,0.16666666666666666,600,0.9238095238095236,False,0.0016638935108153,0,5
within_layer__clr_true__thickness_absolute,l2,Pvalb,-0.4385247105432436,0.5,600,1.0,False,0.4009983361064891,2,5
within_layer__clr_true__thickness_absolute,l2,Sncg,0.5552886041265883,0.16666666666666666,600,0.9238095238095236,False,0.0016638935108153,0,5
within_layer__clr_true__thickness_absolute,l2,Sst,-0.3669862646374239,0.5,600,1.0,False,0.4009983361064891,2,5
within_layer__clr_true__thickness_absolute,l2,Vip,-0.0743379227151332,0.5,600,1.0,False,0.4009983361064891,2,5
within_layer__clr_true__thickness_absolute,l3,Astro,0.2905529341472498,0.8333333333333334,600,1.0,False,0.800332778702163,4,5
within_layer__clr_true__thickness_absolute,l3,Chandelier,0.2630877342843294,0.8333333333333334,600,1.0,False,0.800332778702163,4,5
within_layer__clr_true__thickness_absolute,l3,Endo,0.1855370163236261,0.6666666666666666,600,1.0,False,0.6006655574043261,3,5
within_layer__clr_true__thickness_absolute,l3,L2/3 IT,-0.2161659885795264,0.3333333333333333,600,0.9238095238095236,False,0.2013311148086522,1,5
within_layer__clr_true__thickness_absolute,l3,L4 IT,-0.519865343452803,0.8333333333333334,600,1.0,False,0.800332778702163,4,5
within_layer__clr_true__thickness_absolute,l3,L5 ET,-0.2502338956782908,0.3333333333333333,600,0.9238095238095236,False,0.2013311148086522,1,5
within_layer__clr_true__thickness_absolute,l3,L5 IT,-0.489085560296198,0.5,600,1.0,False,0.4009983361064891,2,5
within_layer__clr_true__thickness_absolute,l3,L5/6 NP,-0.3346972288520993,0.3333333333333333,600,0.9238095238095236,False,0.2013311148086522,1,5
within_layer__clr_true__thickness_absolute,l3,L6 CT,-0.3593466390296312,0.3333333333333333,600,0.9238095238095236,False,0.2013311148086522,1,5
within_layer__clr_true__thickness_absolute,l3,L6 IT,-0.5857183381563035,0.3333333333333333,600,0.9238095238095236,False,0.2013311148086522,1,5
within_layer__clr_true__thickness_absolute,l3,L6 IT Car3,-0.2156740208836387,0.3333333333333333,600,0.9238095238095236,False,0.2013311148086522,1,5
within_layer__clr_true__thickness_absolute,l3,L6b,-0.2637088065510828,0.3333333333333333,600,0.9238095238095236,False,0.2013311148086522,1,5
within_layer__clr_true__thickness_absolute,l3,Lamp5,0.0740366774756276,0.5,600,1.0,False,0.4009983361064891,2,5
within_layer__clr_true__thickness_absolute,l3,Lamp5_Lhx6,-0.2662278554560362,0.3333333333333333,600,0.9238095238095236,False,0.2013311148086522,1,5
within_layer__clr_true__thickness_absolute,l3,Micro-PVM,0.4248054940384732,0.8333333333333334,600,1.0,False,0.800332778702163,4,5
within_layer__clr_true__thickness_absolute,l3,OPC,0.0584937265142356,0.8333333333333334,600,1.0,False,0.800332778702163,4,5
within_layer__clr_true__thickness_absolute,l3,Oligo,-0.0962619313978765,0.3333333333333333,600,0.9238095238095236,False,0.2013311148086522,1,5
within_layer__clr_true__thickness_absolute,l3,Pax6,0.4189250911033485,0.8333333333333334,600,1.0,False,0.800332778702163,4,5
within_layer__clr_true__thickness_absolute,l3,Pvalb,-0.4454042547665034,1.0,600,1.0,False,1.0,5,5
within_layer__clr_true__thickness_absolute,l3,Sncg,0.2898316642590171,0.5,600,1.0,False,0.4009983361064891,2,5
within_layer__clr_true__thickness_absolute,l3,Sst,-0.1053170620243445,0.3333333333333333,600,0.9238095238095236,False,0.2013311148086522,1,5
within_layer__clr_true__thickness_absolute,l3,Vip,0.3589705801298425,0.16666666666666666,600,0.9238095238095236,False,0.0016638935108153,0,5
within_layer__clr_true__thickness_absolute,l4,Astro,-0.3597213733794078,1.0,600,1.0,False,1.0,5,5
within_layer__clr_true__thickness_absolute,l4,Chandelier,-0.2043728967273609,1.0,600,1.0,False,1.0,5,5
within_layer__clr_true__thickness_absolute,l4,Endo,0.0210310672715095,1.0,600,1.0,False,1.0,5,5
within_layer__clr_true__thickness_absolute,l4,L2/3 IT,0.3660537183695792,0.16666666666666666,600,0.9238095238095236,False,0.0016638935108153,0,5
within_layer__clr_true__thickness_absolute,l4,L4 IT,0.4306131671776374,0.16666666666666666,600,0.9238095238095236,False,0.0016638935108153,0,5
within_layer__clr_true__thickness_absolute,l4,L5 ET,-0.1332256461779776,0.8333333333333334,600,1.0,False,0.800332778702163,4,5
within_layer__clr_true__thickness_absolute,l4,L5 IT,-0.2657432244764415,1.0,600,1.0,False,1.0,5,5
within_layer__clr_true__thickness_absolute,l4,L5/6 NP,0.4859544958181217,0.16666666666666666,600,0.9238095238095236,False,0.0016638935108153,0,5
within_layer__clr_true__thickness_absolute,l4,Lamp5,0.2069504501494994,0.16666666666666666,600,0.9238095238095236,False,0.0016638935108153,0,5
within_layer__clr_true__thickness_absolute,l4,Lamp5_Lhx6,0.4313671156449951,0.16666666666666666,600,0.9238095238095236,False,0.0016638935108153,0,5
within_layer__clr_true__thickness_absolute,l4,Micro-PVM,-0.4863894200248912,1.0,600,1.0,False,1.0,5,5
within_layer__clr_true__thickness_absolute,l4,OPC,-0.2064582534011256,0.8333333333333334,600,1.0,False,0.800332778702163,4,5
within_layer__clr_true__thickness_absolute,l4,Oligo,0.4866334032013976,0.16666666666666666,600,0.9238095238095236,False,0.0016638935108153,0,5
within_layer__clr_true__thickness_absolute,l4,Pax6,0.2430677383192617,0.16666666666666666,600,0.9238095238095236,False,0.0016638935108153,0,5
within_layer__clr_true__thickness_absolute,l4,Pvalb,0.279537146988221,0.16666666666666666,600,0.9238095238095236,False,0.0016638935108153,0,5
within_layer__clr_true__thickness_absolute,l4,Sncg,-0.3655433115142843,1.0,600,1.0,False,1.0,5,5
within_layer__clr_true__thickness_absolute,l4,Sst,-0.2453254267551981,1.0,600,1.0,False,1.0,5,5
within_layer__clr_true__thickness_absolute,l4,Vip,-0.0318150417583426,0.5,600,1.0,False,0.4009983361064891,2,5
within_layer__clr_true__thickness_absolute,l5,Astro,0.0714003337381792,0.6666666666666666,600,1.0,False,0.6006655574043261,3,5
within_layer__clr_true__thickness_absolute,l5,Chandelier,0.5714247846781706,0.3333333333333333,600,0.9238095238095236,False,0.2013311148086522,1,5
within_layer__clr_true__thickness_absolute,l5,Endo,0.2897587693705934,0.5,600,1.0,False,0.4009983361064891,2,5
within_layer__clr_true__thickness_absolute,l5,L4 IT,-0.2921114094383632,0.8333333333333334,600,1.0,False,0.800332778702163,4,5
within_layer__clr_true__thickness_absolute,l5,L5 ET,0.4082448213183592,0.3333333333333333,600,0.9238095238095236,False,0.2013311148086522,1,5
within_layer__clr_true__thickness_absolute,l5,L5 IT,-0.5585299048953105,0.8333333333333334,600,1.0,False,0.800332778702163,4,5
within_layer__clr_true__thickness_absolute,l5,L5/6 NP,-0.462512991794279,0.6666666666666666,600,1.0,False,0.6006655574043261,3,5
within_layer__clr_true__thickness_absolute,l5,L6 CT,-0.5904507585505439,0.5,600,1.0,False,0.4009983361064891,2,5
within_layer__clr_true__thickness_absolute,l5,L6 IT,-0.6806000573375169,0.8333333333333334,600,1.0,False,0.800332778702163,4,5
within_layer__clr_true__thickness_absolute,l5,L6 IT Car3,-0.1976727363770791,0.8333333333333334,600,1.0,False,0.800332778702163,4,5
within_layer__clr_true__thickness_absolute,l5,L6b,-0.5375165275250605,0.8333333333333334,600,1.0,False,0.800332778702163,4,5
within_layer__clr_true__thickness_absolute,l5,Lamp5,-0.3180800053406826,0.3333333333333333,600,0.9238095238095236,False,0.2013311148086522,1,5
within_layer__clr_true__thickness_absolute,l5,Lamp5_Lhx6,-0.5860721113690424,0.6666666666666666,600,1.0,False,0.6006655574043261,3,5
within_layer__clr_true__thickness_absolute,l5,Micro-PVM,0.7287406337795225,0.3333333333333333,600,0.9238095238095236,False,0.2013311148086522,1,5
within_layer__clr_true__thickness_absolute,l5,OPC,0.4988826558777077,0.3333333333333333,600,0.9238095238095236,False,0.2013311148086522,1,5
within_layer__clr_true__thickness_absolute,l5,Oligo,-0.1471510120181289,0.6666666666666666,600,1.0,False,0.6006655574043261,3,5
within_layer__clr_true__thickness_absolute,l5,Pvalb,-0.2814523716652183,0.6666666666666666,600,1.0,False,0.6006655574043261,3,5
within_layer__clr_true__thickness_absolute,l5,Sst,-0.4643486117457056,0.8333333333333334,600,1.0,False,0.800332778702163,4,5
within_layer__clr_true__thickness_absolute,l5,Vip,0.0091868507101157,0.5,600,1.0,False,0.4009983361064891,2,5
within_layer__clr_true__thickness_absolute,l6,Astro,0.0908127614375782,0.5,600,1.0,False,0.4009983361064891,2,5
within_layer__clr_true__thickness_absolute,l6,Chandelier,0.7277217019286316,0.16666666666666666,600,0.9238095238095236,False,0.0016638935108153,0,5
within_layer__clr_true__thickness_absolute,l6,Endo,0.549229933329427,0.16666666666666666,600,0.9238095238095236,False,0.0016638935108153,0,5
within_layer__clr_true__thickness_absolute,l6,L5 ET,-0.6393089980210166,1.0,600,1.0,False,1.0,5,5
within_layer__clr_true__thickness_absolute,l6,L5 IT,-0.8111789571923133,1.0,600,1.0,False,1.0,5,5
within_layer__clr_true__thickness_absolute,l6,L5/6 NP,-0.7318236273334034,1.0,600,1.0,False,1.0,5,5
within_layer__clr_true__thickness_absolute,l6,L6 CT,-0.78968711637328,1.0,600,1.0,False,1.0,5,5
within_layer__clr_true__thickness_absolute,l6,L6 IT,-0.6174737023882267,1.0,600,1.0,False,1.0,5,5
within_layer__clr_true__thickness_absolute,l6,L6 IT Car3,-0.4445019821889854,1.0,600,1.0,False,1.0,5,5
within_layer__clr_true__thickness_absolute,l6,L6b,-0.7419219202014609,1.0,600,1.0,False,1.0,5,5
within_layer__clr_true__thickness_absolute,l6,Lamp5,0.0037784303943151,0.6666666666666666,600,1.0,False,0.6006655574043261,3,5
within_layer__clr_true__thickness_absolute,l6,Lamp5_Lhx6,-0.0561093264988156,0.8333333333333334,600,1.0,False,0.800332778702163,4,5
within_layer__clr_true__thickness_absolute,l6,Micro-PVM,0.8146053051183642,0.16666666666666666,600,0.9238095238095236,False,0.0016638935108153,0,5
within_layer__clr_true__thickness_absolute,l6,OPC,0.6579327726837451,0.16666666666666666,600,0.9238095238095236,False,0.0016638935108153,0,5
within_layer__clr_true__thickness_absolute,l6,Oligo,0.0376182330900035,0.8333333333333334,600,1.0,False,0.800332778702163,4,5
within_layer__clr_true__thickness_absolute,l6,Pvalb,-0.6820430196526196,0.8333333333333334,600,1.0,False,0.800332778702163,4,5
within_layer__clr_true__thickness_absolute,l6,Sst,-0.6732294431746632,1.0,600,1.0,False,1.0,5,5
within_layer__clr_true__thickness_relative,l1,Astro,-0.2494072150636757,0.6666666666666666,600,0.9979423868312758,False,0.6006655574043261,3,5
within_layer__clr_true__thickness_relative,l1,Endo,0.0479675920996931,0.3333333333333333,600,0.9797979797979797,False,0.2013311148086522,1,5
within_layer__clr_true__thickness_relative,l1,Lamp5,-0.0334000088206398,0.8333333333333334,600,0.9979423868312758,False,0.800332778702163,4,5
within_layer__clr_true__thickness_relative,l1,Micro-PVM,-0.0221007221152343,0.6666666666666666,600,0.9979423868312758,False,0.6006655574043261,3,5
within_layer__clr_true__thickness_relative,l1,OPC,-0.1656955129166201,0.6666666666666666,600,0.9979423868312758,False,0.6006655574043261,3,5
within_layer__clr_true__thickness_relative,l1,Pax6,-0.3193650752562582,1.0,600,1.0,False,1.0,5,5
within_layer__clr_true__thickness_relative,l1,Sncg,0.4149829162353019,0.5,600,0.9979423868312758,False,0.4009983361064891,2,5
within_layer__clr_true__thickness_relative,l1,VLMC,-0.1346273984795633,0.6666666666666666,600,0.9979423868312758,False,0.6006655574043261,3,5
within_layer__clr_true__thickness_relative,l2,Astro,0.0345180959650162,0.6666666666666666,600,0.9979423868312758,False,0.6006655574043261,3,5
within_layer__clr_true__thickness_relative,l2,Chandelier,-0.1637869852549884,0.6666666666666666,600,0.9979423868312758,False,0.6006655574043261,3,5
within_layer__clr_true__thickness_relative,l2,Endo,-0.192785311390063,0.8333333333333334,600,0.9979423868312758,False,0.800332778702163,4,5
within_layer__clr_true__thickness_relative,l2,L2/3 IT,-0.0456380012034515,0.5,600,0.9979423868312758,False,0.4009983361064891,2,5
within_layer__clr_true__thickness_relative,l2,Lamp5,0.13846920858456,0.5,600,0.9979423868312758,False,0.4009983361064891,2,5
within_layer__clr_true__thickness_relative,l2,Lamp5_Lhx6,0.0380590708843538,0.5,600,0.9979423868312758,False,0.4009983361064891,2,5
within_layer__clr_true__thickness_relative,l2,Micro-PVM,0.042597353759681,0.6666666666666666,600,0.9979423868312758,False,0.6006655574043261,3,5
within_layer__clr_true__thickness_relative,l2,OPC,0.1070598011000951,0.3333333333333333,600,0.9797979797979797,False,0.2013311148086522,1,5
within_layer__clr_true__thickness_relative,l2,Pax6,0.5480356842235126,0.16666666666666666,600,0.9797979797979797,False,0.0016638935108153,0,5
within_layer__clr_true__thickness_relative,l2,Pvalb,-0.0778871588143739,0.6666666666666666,600,0.9979423868312758,False,0.6006655574043261,3,5
within_layer__clr_true__thickness_relative,l2,Sncg,0.5573842741399948,0.16666666666666666,600,0.9797979797979797,False,0.0016638935108153,0,5
within_layer__clr_true__thickness_relative,l2,Sst,-0.0032182407301138,0.5,600,0.9979423868312758,False,0.4009983361064891,2,5
within_layer__clr_true__thickness_relative,l2,Vip,0.2323822158108693,0.5,600,0.9979423868312758,False,0.4009983361064891,2,5
within_layer__clr_true__thickness_relative,l3,Astro,-0.230655168197528,0.8333333333333334,600,0.9979423868312758,False,0.800332778702163,4,5
within_layer__clr_true__thickness_relative,l3,Chandelier,-0.2071602314852766,0.8333333333333334,600,0.9979423868312758,False,0.800332778702163,4,5
within_layer__clr_true__thickness_relative,l3,Endo,-0.0918965288300887,0.6666666666666666,600,0.9979423868312758,False,0.6006655574043261,3,5
within_layer__clr_true__thickness_relative,l3,L2/3 IT,0.1537131074424334,0.3333333333333333,600,0.9797979797979797,False,0.2013311148086522,1,5
within_layer__clr_true__thickness_relative,l3,L4 IT,-0.2835219257470816,0.8333333333333334,600,0.9979423868312758,False,0.800332778702163,4,5
within_layer__clr_true__thickness_relative,l3,L5 ET,0.1089151319667223,0.3333333333333333,600,0.9797979797979797,False,0.2013311148086522,1,5
within_layer__clr_true__thickness_relative,l3,L5 IT,-0.073720780684891,0.5,600,0.9979423868312758,False,0.4009983361064891,2,5
within_layer__clr_true__thickness_relative,l3,L5/6 NP,0.1510454994363117,0.3333333333333333,600,0.9797979797979797,False,0.2013311148086522,1,5
within_layer__clr_true__thickness_relative,l3,L6 CT,0.1289748354722374,0.3333333333333333,600,0.9797979797979797,False,0.2013311148086522,1,5
within_layer__clr_true__thickness_relative,l3,L6 IT,-0.0760955162121606,0.5,600,0.9979423868312758,False,0.4009983361064891,2,5
within_layer__clr_true__thickness_relative,l3,L6 IT Car3,0.1921531973165045,0.3333333333333333,600,0.9797979797979797,False,0.2013311148086522,1,5
within_layer__clr_true__thickness_relative,l3,L6b,0.2491946577657276,0.3333333333333333,600,0.9797979797979797,False,0.2013311148086522,1,5
within_layer__clr_true__thickness_relative,l3,Lamp5,0.2212204879356955,0.3333333333333333,600,0.9797979797979797,False,0.2013311148086522,1,5
within_layer__clr_true__thickness_relative,l3,Lamp5_Lhx6,0.1820112569061435,0.3333333333333333,600,0.9797979797979797,False,0.2013311148086522,1,5
within_layer__clr_true__thickness_relative,l3,Micro-PVM,-0.1270091482880138,0.8333333333333334,600,0.9979423868312758,False,0.800332778702163,4,5
within_layer__clr_true__thickness_relative,l3,OPC,-0.3391551971624161,0.8333333333333334,600,0.9979423868312758,False,0.800332778702163,4,5
within_layer__clr_true__thickness_relative,l3,Oligo,0.0065489723625583,0.3333333333333333,600,0.9797979797979797,False,0.2013311148086522,1,5
within_layer__clr_true__thickness_relative,l3,Pax6,-0.0165956475259843,0.8333333333333334,600,0.9979423868312758,False,0.800332778702163,4,5
within_layer__clr_true__thickness_relative,l3,Pvalb,-0.2592333640748994,0.8333333333333334,600,0.9979423868312758,False,0.800332778702163,4,5
within_layer__clr_true__thickness_relative,l3,Sncg,0.2259882918686145,0.3333333333333333,600,0.9797979797979797,False,0.2013311148086522,1,5
within_layer__clr_true__thickness_relative,l3,Sst,0.2546679535094925,0.3333333333333333,600,0.9797979797979797,False,0.2013311148086522,1,5
within_layer__clr_true__thickness_relative,l3,Vip,0.4429753319926437,0.16666666666666666,600,0.9797979797979797,False,0.0016638935108153,0,5
within_layer__clr_true__thickness_relative,l4,Astro,-0.3923443070435684,1.0,600,1.0,False,1.0,5,5
within_layer__clr_true__thickness_relative,l4,Chandelier,-0.4024295373304011,1.0,600,1.0,False,1.0,5,5
within_layer__clr_true__thickness_relative,l4,Endo,-0.0174174659189338,0.5,600,0.9979423868312758,False,0.4009983361064891,2,5
within_layer__clr_true__thickness_relative,l4,L2/3 IT,0.4800714155156803,0.16666666666666666,600,0.9797979797979797,False,0.0016638935108153,0,5
within_layer__clr_true__thickness_relative,l4,L4 IT,0.369200282605886,0.3333333333333333,600,0.9797979797979797,False,0.2013311148086522,1,5
within_layer__clr_true__thickness_relative,l4,L5 ET,-0.0795083395552854,0.8333333333333334,600,0.9979423868312758,False,0.800332778702163,4,5
within_layer__clr_true__thickness_relative,l4,L5 IT,-0.1933888919643917,1.0,600,1.0,False,1.0,5,5
within_layer__clr_true__thickness_relative,l4,L5/6 NP,0.5954776050591775,0.16666666666666666,600,0.9797979797979797,False,0.0016638935108153,0,5
within_layer__clr_true__thickness_relative,l4,Lamp5,0.3252400495373037,0.16666666666666666,600,0.9797979797979797,False,0.0016638935108153,0,5
within_layer__clr_true__thickness_relative,l4,Lamp5_Lhx6,0.5540120039026271,0.16666666666666666,600,0.9797979797979797,False,0.0016638935108153,0,5
within_layer__clr_true__thickness_relative,l4,Micro-PVM,-0.5923262345219077,1.0,600,1.0,False,1.0,5,5
within_layer__clr_true__thickness_relative,l4,OPC,-0.0854059519838775,0.6666666666666666,600,0.9979423868312758,False,0.6006655574043261,3,5
within_layer__clr_true__thickness_relative,l4,Oligo,0.4434998906938142,0.16666666666666666,600,0.9797979797979797,False,0.0016638935108153,0,5
within_layer__clr_true__thickness_relative,l4,Pax6,0.3799142211197826,0.16666666666666666,600,0.9797979797979797,False,0.0016638935108153,0,5
within_layer__clr_true__thickness_relative,l4,Pvalb,0.2018206794492758,0.5,600,0.9979423868312758,False,0.4009983361064891,2,5
within_layer__clr_true__thickness_relative,l4,Sncg,-0.2737160732195808,1.0,600,1.0,False,1.0,5,5
within_layer__clr_true__thickness_relative,l4,Sst,-0.2404273153980829,1.0,600,1.0,False,1.0,5,5
within_layer__clr_true__thickness_relative,l4,Vip,-0.0076569387386192,0.5,600,0.9979423868312758,False,0.4009983361064891,2,5
within_layer__clr_true__thickness_relative,l5,Astro,-0.0539247549441798,0.6666666666666666,600,0.9979423868312758,False,0.6006655574043261,3,5
within_layer__clr_true__thickness_relative,l5,Chandelier,0.5589377833778737,0.3333333333333333,600,0.9797979797979797,False,0.2013311148086522,1,5
within_layer__clr_true__thickness_relative,l5,Endo,0.1160402905405261,0.3333333333333333,600,0.9797979797979797,False,0.2013311148086522,1,5
within_layer__clr_true__thickness_relative,l5,L4 IT,-0.1787171035807286,0.8333333333333334,600,0.9979423868312758,False,0.800332778702163,4,5
within_layer__clr_true__thickness_relative,l5,L5 ET,0.4778088104284933,0.3333333333333333,600,0.9797979797979797,False,0.2013311148086522,1,5
within_layer__clr_true__thickness_relative,l5,L5 IT,-0.3996679843471708,0.8333333333333334,600,0.9979423868312758,False,0.800332778702163,4,5
within_layer__clr_true__thickness_relative,l5,L5/6 NP,-0.336094932135715,0.8333333333333334,600,0.9979423868312758,False,0.800332778702163,4,5
within_layer__clr_true__thickness_relative,l5,L6 CT,-0.1848230711411275,0.5,600,0.9979423868312758,False,0.4009983361064891,2,5
within_layer__clr_true__thickness_relative,l5,L6 IT,-0.4019252113075673,0.8333333333333334,600,0.9979423868312758,False,0.800332778702163,4,5
within_layer__clr_true__thickness_relative,l5,L6 IT Car3,-0.3627296989523061,0.8333333333333334,600,0.9979423868312758,False,0.800332778702163,4,5
within_layer__clr_true__thickness_relative,l5,L6b,-0.2988322042578301,0.8333333333333334,600,0.9979423868312758,False,0.800332778702163,4,5
within_layer__clr_true__thickness_relative,l5,Lamp5,-0.0613830083196757,0.3333333333333333,600,0.9797979797979797,False,0.2013311148086522,1,5
within_layer__clr_true__thickness_relative,l5,Lamp5_Lhx6,-0.3130327859286411,0.8333333333333334,600,0.9979423868312758,False,0.800332778702163,4,5
within_layer__clr_true__thickness_relative,l5,Micro-PVM,0.4240210320808991,0.3333333333333333,600,0.9797979797979797,False,0.2013311148086522,1,5
within_layer__clr_true__thickness_relative,l5,OPC,0.467524557210111,0.3333333333333333,600,0.9797979797979797,False,0.2013311148086522,1,5
within_layer__clr_true__thickness_relative,l5,Oligo,-0.1908214718056026,0.6666666666666666,600,0.9979423868312758,False,0.6006655574043261,3,5
within_layer__clr_true__thickness_relative,l5,Pvalb,-0.3512312470873547,0.6666666666666666,600,0.9979423868312758,False,0.6006655574043261,3,5
within_layer__clr_true__thickness_relative,l5,Sst,-0.3604456348130331,0.8333333333333334,600,0.9979423868312758,False,0.800332778702163,4,5
within_layer__clr_true__thickness_relative,l5,Vip,0.1676445926218388,0.5,600,0.9979423868312758,False,0.4009983361064891,2,5
within_layer__clr_true__thickness_relative,l6,Astro,0.0356365249378887,0.5,600,0.9979423868312758,False,0.4009983361064891,2,5
within_layer__clr_true__thickness_relative,l6,Chandelier,0.8020440017359808,0.16666666666666666,600,0.9797979797979797,False,0.0016638935108153,0,5
within_layer__clr_true__thickness_relative,l6,Endo,0.5565697883101005,0.16666666666666666,600,0.9797979797979797,False,0.0016638935108153,0,5
within_layer__clr_true__thickness_relative,l6,L5 ET,-0.6165046987477028,1.0,600,1.0,False,1.0,5,5
within_layer__clr_true__thickness_relative,l6,L5 IT,-0.8005566424308312,1.0,600,1.0,False,1.0,5,5
within_layer__clr_true__thickness_relative,l6,L5/6 NP,-0.5271431281170884,1.0,600,1.0,False,1.0,5,5
within_layer__clr_true__thickness_relative,l6,L6 CT,-0.8138236419168191,1.0,600,1.0,False,1.0,5,5
within_layer__clr_true__thickness_relative,l6,L6 IT,-0.8033736636959601,1.0,600,1.0,False,1.0,5,5
within_layer__clr_true__thickness_relative,l6,L6 IT Car3,-0.4350887385877685,1.0,600,1.0,False,1.0,5,5
within_layer__clr_true__thickness_relative,l6,L6b,-0.6849603749066785,1.0,600,1.0,False,1.0,5,5
within_layer__clr_true__thickness_relative,l6,Lamp5,-0.0510464968709491,0.6666666666666666,600,0.9979423868312758,False,0.6006655574043261,3,5
within_layer__clr_true__thickness_relative,l6,Lamp5_Lhx6,-0.0572193954778272,0.8333333333333334,600,0.9979423868312758,False,0.800332778702163,4,5
within_layer__clr_true__thickness_relative,l6,Micro-PVM,0.7363872344834012,0.16666666666666666,600,0.9797979797979797,False,0.0016638935108153,0,5
within_layer__clr_true__thickness_relative,l6,OPC,0.722586726555141,0.16666666666666666,600,0.9797979797979797,False,0.0016638935108153,0,5
within_layer__clr_true__thickness_relative,l6,Oligo,-0.1541619256985464,0.8333333333333334,600,0.9979423868312758,False,0.800332778702163,4,5
within_layer__clr_true__thickness_relative,l6,Pvalb,-0.6975055103205658,1.0,600,1.0,False,1.0,5,5
within_layer__clr_true__thickness_relative,l6,Sst,-0.6297469757122529,1.0,600,1.0,False,1.0,5,5
within_region_cross_layer__clr_false__thickness_absolute,l1,Astro,0.3251727669990584,0.16666666666666666,600,0.41991341991341985,False,0.0016638935108153,0,5
within_region_cross_layer__clr_false__thickness_absolute,l1,Endo,0.0983801059797221,0.16666666666666666,600,0.41991341991341985,False,0.0016638935108153,0,5
within_region_cross_layer__clr_false__thickness_absolute,l1,Lamp5,0.5715488334971645,0.16666666666666666,600,0.41991341991341985,False,0.0016638935108153,0,5
within_region_cross_layer__clr_false__thickness_absolute,l1,Micro-PVM,-0.2033005168617535,0.3333333333333333,600,0.41991341991341985,False,0.2013311148086522,1,5
within_region_cross_layer__clr_false__thickness_absolute,l1,OPC,0.2846161201485507,0.16666666666666666,600,0.41991341991341985,False,0.0016638935108153,0,5
within_region_cross_layer__clr_false__thickness_absolute,l1,Pax6,0.2410637866841793,0.16666666666666666,600,0.41991341991341985,False,0.0016638935108153,0,5
within_region_cross_layer__clr_false__thickness_absolute,l1,Sncg,0.4028867363695694,0.16666666666666666,600,0.41991341991341985,False,0.0016638935108153,0,5
within_region_cross_layer__clr_false__thickness_absolute,l1,VLMC,0.2808667731103297,0.16666666666666666,600,0.41991341991341985,False,0.0016638935108153,0,5
within_region_cross_layer__clr_false__thickness_absolute,l2,Astro,0.1232971793799197,0.5,600,0.563953488372093,False,0.4009983361064891,2,5
within_region_cross_layer__clr_false__thickness_absolute,l2,Chandelier,-0.2003854976476887,0.6666666666666666,600,0.6953405017921146,False,0.6006655574043261,3,5
within_region_cross_layer__clr_false__thickness_absolute,l2,Endo,-0.1158767728266149,0.5,600,0.563953488372093,False,0.4009983361064891,2,5
within_region_cross_layer__clr_false__thickness_absolute,l2,L2/3 IT,0.1060234937134003,0.3333333333333333,600,0.41991341991341985,False,0.2013311148086522,1,5
within_region_cross_layer__clr_false__thickness_absolute,l2,Lamp5,0.3630323780324724,0.3333333333333333,600,0.41991341991341985,False,0.2013311148086522,1,5
within_region_cross_layer__clr_false__thickness_absolute,l2,Lamp5_Lhx6,0.3822331439692111,0.6666666666666666,600,0.6953405017921146,False,0.6006655574043261,3,5
within_region_cross_layer__clr_false__thickness_absolute,l2,Micro-PVM,0.0700102607411616,0.6666666666666666,600,0.6953405017921146,False,0.6006655574043261,3,5
within_region_cross_layer__clr_false__thickness_absolute,l2,OPC,0.183406672774633,0.5,600,0.563953488372093,False,0.4009983361064891,2,5
within_region_cross_layer__clr_false__thickness_absolute,l2,Pax6,0.5667402839135418,0.3333333333333333,600,0.41991341991341985,False,0.2013311148086522,1,5
within_region_cross_layer__clr_false__thickness_absolute,l2,Pvalb,-0.1789870214545835,0.6666666666666666,600,0.6953405017921146,False,0.6006655574043261,3,5
within_region_cross_layer__clr_false__thickness_absolute,l2,Sncg,0.482939275299545,0.3333333333333333,600,0.41991341991341985,False,0.2013311148086522,1,5
within_region_cross_layer__clr_false__thickness_absolute,l2,Sst,-0.0058314972569522,0.5,600,0.563953488372093,False,0.4009983361064891,2,5
within_region_cross_layer__clr_false__thickness_absolute,l2,Vip,0.2944071641029087,0.6666666666666666,600,0.6953405017921146,False,0.6006655574043261,3,5
within_region_cross_layer__clr_false__thickness_absolute,l3,Astro,0.2352826537267271,0.3333333333333333,600,0.41991341991341985,False,0.2013311148086522,1,5
within_region_cross_layer__clr_false__thickness_absolute,l3,Chandelier,0.2467839103982117,0.3333333333333333,600,0.41991341991341985,False,0.2013311148086522,1,5
within_region_cross_layer__clr_false__thickness_absolute,l3,Endo,0.1550707864684226,0.3333333333333333,600,0.41991341991341985,False,0.2013311148086522,1,5
within_region_cross_layer__clr_false__thickness_absolute,l3,L2/3 IT,0.0513597574472287,0.5,600,0.563953488372093,False,0.4009983361064891,2,5
within_region_cross_layer__clr_false__thickness_absolute,l3,L4 IT,-0.2501846610973584,0.8333333333333334,600,0.842013888888889,False,0.800332778702163,4,5
within_region_cross_layer__clr_false__thickness_absolute,l3,L5 ET,-0.0262696447684123,0.3333333333333333,600,0.41991341991341985,False,0.2013311148086522,1,5
within_region_cross_layer__clr_false__thickness_absolute,l3,L5 IT,-0.2940123529854326,1.0,600,1.0,False,1.0,5,5
within_region_cross_layer__clr_false__thickness_absolute,l3,L5/6 NP,-0.0964703019869346,0.3333333333333333,600,0.41991341991341985,False,0.2013311148086522,1,5
within_region_cross_layer__clr_false__thickness_absolute,l3,L6 CT,-0.0285173466155083,0.3333333333333333,600,0.41991341991341985,False,0.2013311148086522,1,5
within_region_cross_layer__clr_false__thickness_absolute,l3,L6 IT,-0.5400448204550082,0.3333333333333333,600,0.41991341991341985,False,0.2013311148086522,1,5
within_region_cross_layer__clr_false__thickness_absolute,l3,L6 IT Car3,-0.099166887989504,0.3333333333333333,600,0.41991341991341985,False,0.2013311148086522,1,5
within_region_cross_layer__clr_false__thickness_absolute,l3,L6b,0.0402901872855063,0.3333333333333333,600,0.41991341991341985,False,0.2013311148086522,1,5
within_region_cross_layer__clr_false__thickness_absolute,l3,Lamp5,0.1482843650172405,0.3333333333333333,600,0.41991341991341985,False,0.2013311148086522,1,5
within_region_cross_layer__clr_false__thickness_absolute,l3,Lamp5_Lhx6,0.0925964159388632,0.3333333333333333,600,0.41991341991341985,False,0.2013311148086522,1,5
within_region_cross_layer__clr_false__thickness_absolute,l3,Micro-PVM,0.2433997382808173,0.6666666666666666,600,0.6953405017921146,False,0.6006655574043261,3,5
within_region_cross_layer__clr_false__thickness_absolute,l3,OPC,-0.0559153089831814,0.3333333333333333,600,0.41991341991341985,False,0.2013311148086522,1,5
within_region_cross_layer__clr_false__thickness_absolute,l3,Oligo,-0.1569400699450216,0.3333333333333333,600,0.41991341991341985,False,0.2013311148086522,1,5
within_region_cross_layer__clr_false__thickness_absolute,l3,Pax6,0.1715500127764842,0.8333333333333334,600,0.842013888888889,False,0.800332778702163,4,5
within_region_cross_layer__clr_false__thickness_absolute,l3,Pvalb,-0.2110732114410178,0.8333333333333334,600,0.842013888888889,False,0.800332778702163,4,5
within_region_cross_layer__clr_false__thickness_absolute,l3,Sncg,0.0088718695495757,0.3333333333333333,600,0.41991341991341985,False,0.2013311148086522,1,5
within_region_cross_layer__clr_false__thickness_absolute,l3,Sst,-0.0269864317806203,0.3333333333333333,600,0.41991341991341985,False,0.2013311148086522,1,5
within_region_cross_layer__clr_false__thickness_absolute,l3,Vip,0.1779721370949091,0.5,600,0.563953488372093,False,0.4009983361064891,2,5
within_region_cross_layer__clr_false__thickness_absolute,l4,Astro,0.7817279893473568,0.16666666666666666,600,0.41991341991341985,False,0.0016638935108153,0,5
within_region_cross_layer__clr_false__thickness_absolute,l4,Chandelier,0.7306040405731425,0.16666666666666666,600,0.41991341991341985,False,0.0016638935108153,0,5
within_region_cross_layer__clr_false__thickness_absolute,l4,Endo,0.666699590987608,0.16666666666666666,600,0.41991341991341985,False,0.0016638935108153,0,5
within_region_cross_layer__clr_false__thickness_absolute,l4,L2/3 IT,0.7666809181283529,0.16666666666666666,600,0.41991341991341985,False,0.0016638935108153,0,5
within_region_cross_layer__clr_false__thickness_absolute,l4,L4 IT,0.656892404388471,0.16666666666666666,600,0.41991341991341985,False,0.0016638935108153,0,5
within_region_cross_layer__clr_false__thickness_absolute,l4,L5 ET,0.7827374428418964,0.16666666666666666,600,0.41991341991341985,False,0.0016638935108153,0,5
within_region_cross_layer__clr_false__thickness_absolute,l4,L5 IT,0.6569895631003921,0.16666666666666666,600,0.41991341991341985,False,0.0016638935108153,0,5
within_region_cross_layer__clr_false__thickness_absolute,l4,L5/6 NP,0.779260242512077,0.16666666666666666,600,0.41991341991341985,False,0.0016638935108153,0,5
within_region_cross_layer__clr_false__thickness_absolute,l4,Lamp5,0.7903856000606965,0.16666666666666666,600,0.41991341991341985,False,0.0016638935108153,0,5
within_region_cross_layer__clr_false__thickness_absolute,l4,Lamp5_Lhx6,0.7816137369384751,0.16666666666666666,600,0.41991341991341985,False,0.0016638935108153,0,5
within_region_cross_layer__clr_false__thickness_absolute,l4,Micro-PVM,0.7715032963132276,0.16666666666666666,600,0.41991341991341985,False,0.0016638935108153,0,5
within_region_cross_layer__clr_false__thickness_absolute,l4,OPC,0.7799689874724735,0.16666666666666666,600,0.41991341991341985,False,0.0016638935108153,0,5
within_region_cross_layer__clr_false__thickness_absolute,l4,Oligo,0.7969394454856904,0.16666666666666666,600,0.41991341991341985,False,0.0016638935108153,0,5
within_region_cross_layer__clr_false__thickness_absolute,l4,Pax6,0.7693074202372718,0.16666666666666666,600,0.41991341991341985,False,0.0016638935108153,0,5
within_region_cross_layer__clr_false__thickness_absolute,l4,Pvalb,0.7515811420887818,0.16666666666666666,600,0.41991341991341985,False,0.0016638935108153,0,5
within_region_cross_layer__clr_false__thickness_absolute,l4,Sncg,0.7605437874182558,0.16666666666666666,600,0.41991341991341985,False,0.0016638935108153,0,5
within_region_cross_layer__clr_false__thickness_absolute,l4,Sst,0.7177946693278571,0.16666666666666666,600,0.41991341991341985,False,0.0016638935108153,0,5
within_region_cross_layer__clr_false__thickness_absolute,l4,Vip,0.754621055414447,0.16666666666666666,600,0.41991341991341985,False,0.0016638935108153,0,5
within_region_cross_layer__clr_false__thickness_absolute,l5,Astro,0.431474187433517,0.3333333333333333,600,0.41991341991341985,False,0.2013311148086522,1,5
within_region_cross_layer__clr_false__thickness_absolute,l5,Chandelier,0.4496035192703037,0.3333333333333333,600,0.41991341991341985,False,0.2013311148086522,1,5
within_region_cross_layer__clr_false__thickness_absolute,l5,Endo,0.2244508848401117,0.3333333333333333,600,0.41991341991341985,False,0.2013311148086522,1,5
within_region_cross_layer__clr_false__thickness_absolute,l5,L4 IT,0.4942939801670656,0.3333333333333333,600,0.41991341991341985,False,0.2013311148086522,1,5
within_region_cross_layer__clr_false__thickness_absolute,l5,L5 ET,0.5878603568931319,0.3333333333333333,600,0.41991341991341985,False,0.2013311148086522,1,5
within_region_cross_layer__clr_false__thickness_absolute,l5,L5 IT,0.6018718168087366,0.3333333333333333,600,0.41991341991341985,False,0.2013311148086522,1,5
within_region_cross_layer__clr_false__thickness_absolute,l5,L5/6 NP,0.7658207036700121,0.16666666666666666,600,0.41991341991341985,False,0.0016638935108153,0,5
within_region_cross_layer__clr_false__thickness_absolute,l5,L6 CT,0.4968397930395159,0.3333333333333333,600,0.41991341991341985,False,0.2013311148086522,1,5
within_region_cross_layer__clr_false__thickness_absolute,l5,L6 IT,0.3542664184918178,0.5,600,0.563953488372093,False,0.4009983361064891,2,5
within_region_cross_layer__clr_false__thickness_absolute,l5,L6 IT Car3,0.435117240224617,0.5,600,0.563953488372093,False,0.4009983361064891,2,5
within_region_cross_layer__clr_false__thickness_absolute,l5,L6b,0.4929730020648849,0.3333333333333333,600,0.41991341991341985,False,0.2013311148086522,1,5
within_region_cross_layer__clr_false__thickness_absolute,l5,Lamp5,0.3028591227401473,0.3333333333333333,600,0.41991341991341985,False,0.2013311148086522,1,5
within_region_cross_layer__clr_false__thickness_absolute,l5,Lamp5_Lhx6,0.4369011959631407,0.3333333333333333,600,0.41991341991341985,False,0.2013311148086522,1,5
within_region_cross_layer__clr_false__thickness_absolute,l5,Micro-PVM,0.531459320868361,0.3333333333333333,600,0.41991341991341985,False,0.2013311148086522,1,5
within_region_cross_layer__clr_false__thickness_absolute,l5,OPC,0.5422915790461761,0.3333333333333333,600,0.41991341991341985,False,0.2013311148086522,1,5
within_region_cross_layer__clr_false__thickness_absolute,l5,Oligo,0.4591155124507746,0.3333333333333333,600,0.41991341991341985,False,0.2013311148086522,1,5
within_region_cross_layer__clr_false__thickness_absolute,l5,Pvalb,0.6212414341203532,0.3333333333333333,600,0.41991341991341985,False,0.2013311148086522,1,5
within_region_cross_layer__clr_false__thickness_absolute,l5,Sst,0.5363538434484465,0.3333333333333333,600,0.41991341991341985,False,0.2013311148086522,1,5
within_region_cross_layer__clr_false__thickness_absolute,l5,Vip,0.4137844669385079,0.5,600,0.563953488372093,False,0.4009983361064891,2,5
within_region_cross_layer__clr_false__thickness_absolute,l6,Astro,0.4201073543578572,0.16666666666666666,600,0.41991341991341985,False,0.0016638935108153,0,5
within_region_cross_layer__clr_false__thickness_absolute,l6,Chandelier,0.6175099808942018,0.16666666666666666,600,0.41991341991341985,False,0.0016638935108153,0,5
within_region_cross_layer__clr_false__thickness_absolute,l6,Endo,0.4774298188520209,0.16666666666666666,600,0.41991341991341985,False,0.0016638935108153,0,5
within_region_cross_layer__clr_false__thickness_absolute,l6,L5 ET,-0.5552563662510257,0.6666666666666666,600,0.6953405017921146,False,0.6006655574043261,3,5
within_region_cross_layer__clr_false__thickness_absolute,l6,L5 IT,0.0846630242736166,0.16666666666666666,600,0.41991341991341985,False,0.0016638935108153,0,5
within_region_cross_layer__clr_false__thickness_absolute,l6,L5/6 NP,0.3193670683632117,0.3333333333333333,600,0.41991341991341985,False,0.2013311148086522,1,5
within_region_cross_layer__clr_false__thickness_absolute,l6,L6 CT,0.295546750395804,0.16666666666666666,600,0.41991341991341985,False,0.0016638935108153,0,5
within_region_cross_layer__clr_false__thickness_absolute,l6,L6 IT,0.5868635064629093,0.3333333333333333,600,0.41991341991341985,False,0.2013311148086522,1,5
within_region_cross_layer__clr_false__thickness_absolute,l6,L6 IT Car3,0.2673769749293517,0.3333333333333333,600,0.41991341991341985,False,0.2013311148086522,1,5
within_region_cross_layer__clr_false__thickness_absolute,l6,L6b,0.5337159291147349,0.3333333333333333,600,0.41991341991341985,False,0.2013311148086522,1,5
within_region_cross_layer__clr_false__thickness_absolute,l6,Lamp5,0.5770251662598718,0.16666666666666666,600,0.41991341991341985,False,0.0016638935108153,0,5
within_region_cross_layer__clr_false__thickness_absolute,l6,Lamp5_Lhx6,0.6957781405398976,0.16666666666666666,600,0.41991341991341985,False,0.0016638935108153,0,5
within_region_cross_layer__clr_false__thickness_absolute,l6,Micro-PVM,0.4264536658220822,0.16666666666666666,600,0.41991341991341985,False,0.0016638935108153,0,5
within_region_cross_layer__clr_false__thickness_absolute,l6,OPC,0.6356818514569735,0.16666666666666666,600,0.41991341991341985,False,0.0016638935108153,0,5
within_region_cross_layer__clr_false__thickness_absolute,l6,Oligo,0.6448924848935536,0.3333333333333333,600,0.41991341991341985,False,0.2013311148086522,1,5
within_region_cross_layer__clr_false__thickness_absolute,l6,Pvalb,0.5168259867959765,0.16666666666666666,600,0.41991341991341985,False,0.0016638935108153,0,5
within_region_cross_layer__clr_false__thickness_absolute,l6,Sst,0.45680415580171,0.16666666666666666,600,0.41991341991341985,False,0.0016638935108153,0,5
within_region_cross_layer__clr_false__thickness_relative,l1,Astro,0.3780391246138052,0.16666666666666666,600,0.41452991452991444,False,0.0016638935108153,0,5
within_region_cross_layer__clr_false__thickness_relative,l1,Endo,0.1991598045447085,0.16666666666666666,600,0.41452991452991444,False,0.0016638935108153,0,5
within_region_cross_layer__clr_false__thickness_relative,l1,Lamp5,0.4594037906744094,0.5,600,0.5574712643678161,False,0.4009983361064891,2,5
within_region_cross_layer__clr_false__thickness_relative,l1,Micro-PVM,0.174270503767217,0.3333333333333333,600,0.41452991452991444,False,0.2013311148086522,1,5
within_region_cross_layer__clr_false__thickness_relative,l1,OPC,0.2242374053081326,0.3333333333333333,600,0.41452991452991444,False,0.2013311148086522,1,5
within_region_cross_layer__clr_false__thickness_relative,l1,Pax6,0.3724306340639314,0.3333333333333333,600,0.41452991452991444,False,0.2013311148086522,1,5
within_region_cross_layer__clr_false__thickness_relative,l1,Sncg,0.5469549866249758,0.5,600,0.5574712643678161,False,0.4009983361064891,2,5
within_region_cross_layer__clr_false__thickness_relative,l1,VLMC,0.2046621942992399,0.5,600,0.5574712643678161,False,0.4009983361064891,2,5
within_region_cross_layer__clr_false__thickness_relative,l2,Astro,0.2708176729177862,0.3333333333333333,600,0.41452991452991444,False,0.2013311148086522,1,5
within_region_cross_layer__clr_false__thickness_relative,l2,Chandelier,-0.1761522812510931,0.6666666666666666,600,0.7028985507246376,False,0.6006655574043261,3,5
within_region_cross_layer__clr_false__thickness_relative,l2,Endo,-0.008058666141827,0.5,600,0.5574712643678161,False,0.4009983361064891,2,5
within_region_cross_layer__clr_false__thickness_relative,l2,L2/3 IT,0.3087750590915011,0.3333333333333333,600,0.41452991452991444,False,0.2013311148086522,1,5
within_region_cross_layer__clr_false__thickness_relative,l2,Lamp5,0.3761115291018203,0.3333333333333333,600,0.41452991452991444,False,0.2013311148086522,1,5
within_region_cross_layer__clr_false__thickness_relative,l2,Lamp5_Lhx6,0.2234761330052682,0.5,600,0.5574712643678161,False,0.4009983361064891,2,5
within_region_cross_layer__clr_false__thickness_relative,l2,Micro-PVM,0.0802237555926044,0.8333333333333334,600,0.8599290780141845,False,0.800332778702163,4,5
within_region_cross_layer__clr_false__thickness_relative,l2,OPC,0.2855131496228085,0.3333333333333333,600,0.41452991452991444,False,0.2013311148086522,1,5
within_region_cross_layer__clr_false__thickness_relative,l2,Pax6,0.4788374278528046,0.3333333333333333,600,0.41452991452991444,False,0.2013311148086522,1,5
within_region_cross_layer__clr_false__thickness_relative,l2,Pvalb,0.1081830883749432,0.5,600,0.5574712643678161,False,0.4009983361064891,2,5
within_region_cross_layer__clr_false__thickness_relative,l2,Sncg,0.363785163753574,0.3333333333333333,600,0.41452991452991444,False,0.2013311148086522,1,5
within_region_cross_layer__clr_false__thickness_relative,l2,Sst,0.1583364517966516,0.3333333333333333,600,0.41452991452991444,False,0.2013311148086522,1,5
within_region_cross_layer__clr_false__thickness_relative,l2,Vip,0.124973325553138,0.6666666666666666,600,0.7028985507246376,False,0.6006655574043261,3,5
within_region_cross_layer__clr_false__thickness_relative,l3,Astro,0.3030594375069049,0.3333333333333333,600,0.41452991452991444,False,0.2013311148086522,1,5
within_region_cross_layer__clr_false__thickness_relative,l3,Chandelier,0.2954166690591953,0.3333333333333333,600,0.41452991452991444,False,0.2013311148086522,1,5
within_region_cross_layer__clr_false__thickness_relative,l3,Endo,0.112503939366496,0.3333333333333333,600,0.41452991452991444,False,0.2013311148086522,1,5
within_region_cross_layer__clr_false__thickness_relative,l3,L2/3 IT,0.0005715338348119,0.5,600,0.5574712643678161,False,0.4009983361064891,2,5
within_region_cross_layer__clr_false__thickness_relative,l3,L4 IT,-0.5176137598466799,1.0,600,1.0,False,1.0,5,5
within_region_cross_layer__clr_false__thickness_relative,l3,L5 ET,0.4345644644852584,0.3333333333333333,600,0.41452991452991444,False,0.2013311148086522,1,5
within_region_cross_layer__clr_false__thickness_relative,l3,L5 IT,-0.2833544493956872,1.0,600,1.0,False,1.0,5,5
within_region_cross_layer__clr_false__thickness_relative,l3,L5/6 NP,0.2386249354949491,0.3333333333333333,600,0.41452991452991444,False,0.2013311148086522,1,5
within_region_cross_layer__clr_false__thickness_relative,l3,L6 CT,0.386394061251901,0.3333333333333333,600,0.41452991452991444,False,0.2013311148086522,1,5
within_region_cross_layer__clr_false__thickness_relative,l3,L6 IT,-0.0387675460325241,0.5,600,0.5574712643678161,False,0.4009983361064891,2,5
within_region_cross_layer__clr_false__thickness_relative,l3,L6 IT Car3,0.3718321141820967,0.16666666666666666,600,0.41452991452991444,False,0.0016638935108153,0,5
within_region_cross_layer__clr_false__thickness_relative,l3,L6b,0.4484833846180586,0.3333333333333333,600,0.41452991452991444,False,0.2013311148086522,1,5
within_region_cross_layer__clr_false__thickness_relative,l3,Lamp5,0.4300292232309055,0.3333333333333333,600,0.41452991452991444,False,0.2013311148086522,1,5
within_region_cross_layer__clr_false__thickness_relative,l3,Lamp5_Lhx6,0.3886937543457334,0.16666666666666666,600,0.41452991452991444,False,0.0016638935108153,0,5
within_region_cross_layer__clr_false__thickness_relative,l3,Micro-PVM,0.0655390597172428,0.6666666666666666,600,0.7028985507246376,False,0.6006655574043261,3,5
within_region_cross_layer__clr_false__thickness_relative,l3,OPC,0.2255701988585142,0.3333333333333333,600,0.41452991452991444,False,0.2013311148086522,1,5
within_region_cross_layer__clr_false__thickness_relative,l3,Oligo,0.1722590757189472,0.3333333333333333,600,0.41452991452991444,False,0.2013311148086522,1,5
within_region_cross_layer__clr_false__thickness_relative,l3,Pax6,-0.099379294586917,0.6666666666666666,600,0.7028985507246376,False,0.6006655574043261,3,5
within_region_cross_layer__clr_false__thickness_relative,l3,Pvalb,-0.3407391850333765,1.0,600,1.0,False,1.0,5,5
within_region_cross_layer__clr_false__thickness_relative,l3,Sncg,0.3587643322520081,0.3333333333333333,600,0.41452991452991444,False,0.2013311148086522,1,5
within_region_cross_layer__clr_false__thickness_relative,l3,Sst,0.2468592336166115,0.3333333333333333,600,0.41452991452991444,False,0.2013311148086522,1,5
within_region_cross_layer__clr_false__thickness_relative,l3,Vip,0.2913883889369294,0.5,600,0.5574712643678161,False,0.4009983361064891,2,5
within_region_cross_layer__clr_false__thickness_relative,l4,Astro,0.8332912105294785,0.16666666666666666,600,0.41452991452991444,False,0.0016638935108153,0,5
within_region_cross_layer__clr_false__thickness_relative,l4,Chandelier,0.7125313789654779,0.16666666666666666,600,0.41452991452991444,False,0.0016638935108153,0,5
within_region_cross_layer__clr_false__thickness_relative,l4,Endo,0.7494974812352616,0.16666666666666666,600,0.41452991452991444,False,0.0016638935108153,0,5
within_region_cross_layer__clr_false__thickness_relative,l4,L2/3 IT,0.8163786953204716,0.16666666666666666,600,0.41452991452991444,False,0.0016638935108153,0,5
within_region_cross_layer__clr_false__thickness_relative,l4,L4 IT,0.6273961789751559,0.16666666666666666,600,0.41452991452991444,False,0.0016638935108153,0,5
within_region_cross_layer__clr_false__thickness_relative,l4,L5 ET,0.8349806542468862,0.16666666666666666,600,0.41452991452991444,False,0.0016638935108153,0,5
within_region_cross_layer__clr_false__thickness_relative,l4,L5 IT,0.643412774903517,0.16666666666666666,600,0.41452991452991444,False,0.0016638935108153,0,5
within_region_cross_layer__clr_false__thickness_relative,l4,L5/6 NP,0.8414719205421811,0.16666666666666666,600,0.41452991452991444,False,0.0016638935108153,0,5
within_region_cross_layer__clr_false__thickness_relative,l4,Lamp5,0.870522158211384,0.16666666666666666,600,0.41452991452991444,False,0.0016638935108153,0,5
within_region_cross_layer__clr_false__thickness_relative,l4,Lamp5_Lhx6,0.8572777987512298,0.16666666666666666,600,0.41452991452991444,False,0.0016638935108153,0,5
within_region_cross_layer__clr_false__thickness_relative,l4,Micro-PVM,0.8293750391524765,0.16666666666666666,600,0.41452991452991444,False,0.0016638935108153,0,5
within_region_cross_layer__clr_false__thickness_relative,l4,OPC,0.8662183716248142,0.16666666666666666,600,0.41452991452991444,False,0.0016638935108153,0,5
within_region_cross_layer__clr_false__thickness_relative,l4,Oligo,0.8571371258485966,0.16666666666666666,600,0.41452991452991444,False,0.0016638935108153,0,5
within_region_cross_layer__clr_false__thickness_relative,l4,Pax6,0.8889007040146715,0.16666666666666666,600,0.41452991452991444,False,0.0016638935108153,0,5
within_region_cross_layer__clr_false__thickness_relative,l4,Pvalb,0.7593910101045774,0.16666666666666666,600,0.41452991452991444,False,0.0016638935108153,0,5
within_region_cross_layer__clr_false__thickness_relative,l4,Sncg,0.8357859689510934,0.16666666666666666,600,0.41452991452991444,False,0.0016638935108153,0,5
within_region_cross_layer__clr_false__thickness_relative,l4,Sst,0.7185628404510181,0.16666666666666666,600,0.41452991452991444,False,0.0016638935108153,0,5
within_region_cross_layer__clr_false__thickness_relative,l4,Vip,0.8065586345618709,0.16666666666666666,600,0.41452991452991444,False,0.0016638935108153,0,5
within_region_cross_layer__clr_false__thickness_relative,l5,Astro,0.3281443642601992,0.3333333333333333,600,0.41452991452991444,False,0.2013311148086522,1,5
within_region_cross_layer__clr_false__thickness_relative,l5,Chandelier,0.5059254199384252,0.3333333333333333,600,0.41452991452991444,False,0.2013311148086522,1,5
within_region_cross_layer__clr_false__thickness_relative,l5,Endo,0.1377291356505597,0.3333333333333333,600,0.41452991452991444,False,0.2013311148086522,1,5
within_region_cross_layer__clr_false__thickness_relative,l5,L4 IT,0.4943873933319477,0.3333333333333333,600,0.41452991452991444,False,0.2013311148086522,1,5
within_region_cross_layer__clr_false__thickness_relative,l5,L5 ET,0.5633589407668047,0.3333333333333333,600,0.41452991452991444,False,0.2013311148086522,1,5
within_region_cross_layer__clr_false__thickness_relative,l5,L5 IT,0.590632831361039,0.3333333333333333,600,0.41452991452991444,False,0.2013311148086522,1,5
within_region_cross_layer__clr_false__thickness_relative,l5,L5/6 NP,0.5624685165307347,0.3333333333333333,600,0.41452991452991444,False,0.2013311148086522,1,5
within_region_cross_layer__clr_false__thickness_relative,l5,L6 CT,0.6139296518998015,0.3333333333333333,600,0.41452991452991444,False,0.2013311148086522,1,5
within_region_cross_layer__clr_false__thickness_relative,l5,L6 IT,0.4584637485689591,0.3333333333333333,600,0.41452991452991444,False,0.2013311148086522,1,5
within_region_cross_layer__clr_false__thickness_relative,l5,L6 IT Car3,0.0562428489181354,0.6666666666666666,600,0.7028985507246376,False,0.6006655574043261,3,5
within_region_cross_layer__clr_false__thickness_relative,l5,L6b,0.4636888515166256,0.3333333333333333,600,0.41452991452991444,False,0.2013311148086522,1,5
within_region_cross_layer__clr_false__thickness_relative,l5,Lamp5,0.3509000302593662,0.3333333333333333,600,0.41452991452991444,False,0.2013311148086522,1,5
within_region_cross_layer__clr_false__thickness_relative,l5,Lamp5_Lhx6,0.5133424815463756,0.3333333333333333,600,0.41452991452991444,False,0.2013311148086522,1,5
within_region_cross_layer__clr_false__thickness_relative,l5,Micro-PVM,0.3979142772904763,0.3333333333333333,600,0.41452991452991444,False,0.2013311148086522,1,5
within_region_cross_layer__clr_false__thickness_relative,l5,OPC,0.4973799542240367,0.3333333333333333,600,0.41452991452991444,False,0.2013311148086522,1,5
within_region_cross_layer__clr_false__thickness_relative,l5,Oligo,0.3739831506888565,0.3333333333333333,600,0.41452991452991444,False,0.2013311148086522,1,5
within_region_cross_layer__clr_false__thickness_relative,l5,Pvalb,0.5233746121061135,0.3333333333333333,600,0.41452991452991444,False,0.2013311148086522,1,5
within_region_cross_layer__clr_false__thickness_relative,l5,Sst,0.5268840109301757,0.3333333333333333,600,0.41452991452991444,False,0.2013311148086522,1,5
within_region_cross_layer__clr_false__thickness_relative,l5,Vip,0.4552310660113763,0.3333333333333333,600,0.41452991452991444,False,0.2013311148086522,1,5
within_region_cross_layer__clr_false__thickness_relative,l6,Astro,0.5594023704730032,0.16666666666666666,600,0.41452991452991444,False,0.0016638935108153,0,5
within_region_cross_layer__clr_false__thickness_relative,l6,Chandelier,0.7769837295501976,0.16666666666666666,600,0.41452991452991444,False,0.0016638935108153,0,5
within_region_cross_layer__clr_false__thickness_relative,l6,Endo,0.4046016730547095,0.16666666666666666,600,0.41452991452991444,False,0.0016638935108153,0,5
within_region_cross_layer__clr_false__thickness_relative,l6,L5 ET,-0.486284454243142,0.8333333333333334,600,0.8599290780141845,False,0.800332778702163,4,5
within_region_cross_layer__clr_false__thickness_relative,l6,L5 IT,0.2691050411290416,0.16666666666666666,600,0.41452991452991444,False,0.0016638935108153,0,5
within_region_cross_layer__clr_false__thickness_relative,l6,L5/6 NP,0.6087583435763512,0.16666666666666666,600,0.41452991452991444,False,0.0016638935108153,0,5
within_region_cross_layer__clr_false__thickness_relative,l6,L6 CT,0.3962432736500025,0.16666666666666666,600,0.41452991452991444,False,0.0016638935108153,0,5
within_region_cross_layer__clr_false__thickness_relative,l6,L6 IT,0.3902228510319873,0.16666666666666666,600,0.41452991452991444,False,0.0016638935108153,0,5
within_region_cross_layer__clr_false__thickness_relative,l6,L6 IT Car3,0.550629419595746,0.16666666666666666,600,0.41452991452991444,False,0.0016638935108153,0,5
within_region_cross_layer__clr_false__thickness_relative,l6,L6b,0.737067175445499,0.16666666666666666,600,0.41452991452991444,False,0.0016638935108153,0,5
within_region_cross_layer__clr_false__thickness_relative,l6,Lamp5,0.6683090948438143,0.16666666666666666,600,0.41452991452991444,False,0.0016638935108153,0,5
within_region_cross_layer__clr_false__thickness_relative,l6,Lamp5_Lhx6,0.8066906590709726,0.16666666666666666,600,0.41452991452991444,False,0.0016638935108153,0,5
within_region_cross_layer__clr_false__thickness_relative,l6,Micro-PVM,0.481156210123826,0.16666666666666666,600,0.41452991452991444,False,0.0016638935108153,0,5
within_region_cross_layer__clr_false__thickness_relative,l6,OPC,0.7710145109030084,0.16666666666666666,600,0.41452991452991444,False,0.0016638935108153,0,5
within_region_cross_layer__clr_false__thickness_relative,l6,Oligo,0.7455625234670351,0.16666666666666666,600,0.41452991452991444,False,0.0016638935108153,0,5
within_region_cross_layer__clr_false__thickness_relative,l6,Pvalb,0.722800024523737,0.16666666666666666,600,0.41452991452991444,False,0.0016638935108153,0,5
within_region_cross_layer__clr_false__thickness_relative,l6,Sst,0.6771263488428577,0.16666666666666666,600,0.41452991452991444,False,0.0016638935108153,0,5
within_region_cross_layer__clr_true__thickness_absolute,l1,Astro,0.0447687476372969,0.6666666666666666,600,0.9857723577235773,False,0.6006655574043261,3,5
within_region_cross_layer__clr_true__thickness_absolute,l1,Endo,-0.1438410045290363,0.6666666666666666,600,0.9857723577235773,False,0.6006655574043261,3,5
within_region_cross_layer__clr_true__thickness_absolute,l1,Lamp5,0.5055954207806762,0.5,600,0.9857723577235773,False,0.4009983361064891,2,5
within_region_cross_layer__clr_true__thickness_absolute,l1,Micro-PVM,-0.3794920327542874,0.6666666666666666,600,0.9857723577235773,False,0.6006655574043261,3,5
within_region_cross_layer__clr_true__thickness_absolute,l1,OPC,0.0015653578937968,0.8333333333333334,600,0.9857723577235773,False,0.800332778702163,4,5
within_region_cross_layer__clr_true__thickness_absolute,l1,Pax6,-0.2607176185531614,1.0,600,1.0,False,1.0,5,5
within_region_cross_layer__clr_true__thickness_absolute,l1,Sncg,0.4037553590860576,0.3333333333333333,600,0.9857723577235773,False,0.2013311148086522,1,5
within_region_cross_layer__clr_true__thickness_absolute,l1,VLMC,-0.3581219088703798,1.0,600,1.0,False,1.0,5,5
within_region_cross_layer__clr_true__thickness_absolute,l2,Astro,-0.0249541198350761,0.5,600,0.9857723577235773,False,0.4009983361064891,2,5
within_region_cross_layer__clr_true__thickness_absolute,l2,Chandelier,-0.295100869728547,0.6666666666666666,600,0.9857723577235773,False,0.6006655574043261,3,5
within_region_cross_layer__clr_true__thickness_absolute,l2,Endo,-0.1972426028999205,0.8333333333333334,600,0.9857723577235773,False,0.800332778702163,4,5
within_region_cross_layer__clr_true__thickness_absolute,l2,L2/3 IT,-0.1071408741826672,0.3333333333333333,600,0.9857723577235773,False,0.2013311148086522,1,5
within_region_cross_layer__clr_true__thickness_absolute,l2,Lamp5,0.3342242147991618,0.5,600,0.9857723577235773,False,0.4009983361064891,2,5
within_region_cross_layer__clr_true__thickness_absolute,l2,Lamp5_Lhx6,0.3608897749908577,0.6666666666666666,600,0.9857723577235773,False,0.6006655574043261,3,5
within_region_cross_layer__clr_true__thickness_absolute,l2,Micro-PVM,0.0124158664116694,0.6666666666666666,600,0.9857723577235773,False,0.6006655574043261,3,5
within_region_cross_layer__clr_true__thickness_absolute,l2,OPC,0.0890901909568078,0.5,600,0.9857723577235773,False,0.4009983361064891,2,5
within_region_cross_layer__clr_true__thickness_absolute,l2,Pax6,0.5475751758471927,0.16666666666666666,600,0.9857723577235773,False,0.0016638935108153,0,5
within_region_cross_layer__clr_true__thickness_absolute,l2,Pvalb,-0.3591811191815971,1.0,600,1.0,False,1.0,5,5
within_region_cross_layer__clr_true__thickness_absolute,l2,Sncg,0.4293872344523574,0.3333333333333333,600,0.9857723577235773,False,0.2013311148086522,1,5
within_region_cross_layer__clr_true__thickness_absolute,l2,Sst,-0.219773234171572,0.6666666666666666,600,0.9857723577235773,False,0.6006655574043261,3,5
within_region_cross_layer__clr_true__thickness_absolute,l2,Vip,0.1104467232613663,0.6666666666666666,600,0.9857723577235773,False,0.6006655574043261,3,5
within_region_cross_layer__clr_true__thickness_absolute,l3,Astro,0.2957342124185919,0.8333333333333334,600,0.9857723577235773,False,0.800332778702163,4,5
within_region_cross_layer__clr_true__thickness_absolute,l3,Chandelier,0.2289382990012929,0.8333333333333334,600,0.9857723577235773,False,0.800332778702163,4,5
within_region_cross_layer__clr_true__thickness_absolute,l3,Endo,0.0960472857013175,0.5,600,0.9857723577235773,False,0.4009983361064891,2,5
within_region_cross_layer__clr_true__thickness_absolute,l3,L2/3 IT,0.0608205556377058,0.8333333333333334,600,0.9857723577235773,False,0.800332778702163,4,5
within_region_cross_layer__clr_true__thickness_absolute,l3,L4 IT,-0.1468910597127115,0.8333333333333334,600,0.9857723577235773,False,0.800332778702163,4,5
within_region_cross_layer__clr_true__thickness_absolute,l3,L5 ET,-0.0019667230076639,0.3333333333333333,600,0.9857723577235773,False,0.2013311148086522,1,5
within_region_cross_layer__clr_true__thickness_absolute,l3,L5 IT,-0.2423751179430498,0.8333333333333334,600,0.9857723577235773,False,0.800332778702163,4,5
within_region_cross_layer__clr_true__thickness_absolute,l3,L5/6 NP,-0.0891924705035546,0.3333333333333333,600,0.9857723577235773,False,0.2013311148086522,1,5
within_region_cross_layer__clr_true__thickness_absolute,l3,L6 CT,-0.0048630912270196,0.3333333333333333,600,0.9857723577235773,False,0.2013311148086522,1,5
within_region_cross_layer__clr_true__thickness_absolute,l3,L6 IT,-0.6860753801435768,0.8333333333333334,600,0.9857723577235773,False,0.800332778702163,4,5
within_region_cross_layer__clr_true__thickness_absolute,l3,L6 IT Car3,-0.12463709373412,0.3333333333333333,600,0.9857723577235773,False,0.2013311148086522,1,5
within_region_cross_layer__clr_true__thickness_absolute,l3,L6b,0.1191796841553991,0.3333333333333333,600,0.9857723577235773,False,0.2013311148086522,1,5
within_region_cross_layer__clr_true__thickness_absolute,l3,Lamp5,0.3417769902546652,0.3333333333333333,600,0.9857723577235773,False,0.2013311148086522,1,5
within_region_cross_layer__clr_true__thickness_absolute,l3,Lamp5_Lhx6,0.1727178735292978,0.16666666666666666,600,0.9857723577235773,False,0.0016638935108153,0,5
within_region_cross_layer__clr_true__thickness_absolute,l3,Micro-PVM,0.2270915379153615,0.8333333333333334,600,0.9857723577235773,False,0.800332778702163,4,5
within_region_cross_layer__clr_true__thickness_absolute,l3,OPC,-0.0563364540464809,1.0,600,1.0,False,1.0,5,5
within_region_cross_layer__clr_true__thickness_absolute,l3,Oligo,-0.2281521468541759,0.3333333333333333,600,0.9857723577235773,False,0.2013311148086522,1,5
within_region_cross_layer__clr_true__thickness_absolute,l3,Pax6,0.168723269675543,0.8333333333333334,600,0.9857723577235773,False,0.800332778702163,4,5
within_region_cross_layer__clr_true__thickness_absolute,l3,Pvalb,-0.0872559385302911,0.8333333333333334,600,0.9857723577235773,False,0.800332778702163,4,5
within_region_cross_layer__clr_true__thickness_absolute,l3,Sncg,0.1129250888229564,0.3333333333333333,600,0.9857723577235773,False,0.2013311148086522,1,5
within_region_cross_layer__clr_true__thickness_absolute,l3,Sst,0.0037709215105603,0.8333333333333334,600,0.9857723577235773,False,0.800332778702163,4,5
within_region_cross_layer__clr_true__thickness_absolute,l3,Vip,0.2978529630522595,0.6666666666666666,600,0.9857723577235773,False,0.6006655574043261,3,5
within_region_cross_layer__clr_true__thickness_absolute,l4,Astro,-0.3619956154244228,1.0,600,1.0,False,1.0,5,5
within_region_cross_layer__clr_true__thickness_absolute,l4,Chandelier,0.0977014539779204,0.8333333333333334,600,0.9857723577235773,False,0.800332778702163,4,5
within_region_cross_layer__clr_true__thickness_absolute,l4,Endo,0.2596060728754884,0.16666666666666666,600,0.9857723577235773,False,0.0016638935108153,0,5
within_region_cross_layer__clr_true__thickness_absolute,l4,L2/3 IT,-0.3990549761806263,1.0,600,1.0,False,1.0,5,5
within_region_cross_layer__clr_true__thickness_absolute,l4,L4 IT,-0.480086543951436,1.0,600,1.0,False,1.0,5,5
within_region_cross_layer__clr_true__thickness_absolute,l4,L5 ET,-0.2556716929478064,1.0,600,1.0,False,1.0,5,5
within_region_cross_layer__clr_true__thickness_absolute,l4,L5 IT,-0.6354054896446232,1.0,600,1.0,False,1.0,5,5
within_region_cross_layer__clr_true__thickness_absolute,l4,L5/6 NP,0.2009653325407508,0.16666666666666666,600,0.9857723577235773,False,0.0016638935108153,0,5
within_region_cross_layer__clr_true__thickness_absolute,l4,Lamp5,0.3191525823977731,0.16666666666666666,600,0.9857723577235773,False,0.0016638935108153,0,5
within_region_cross_layer__clr_true__thickness_absolute,l4,Lamp5_Lhx6,0.0829467338313067,0.16666666666666666,600,0.9857723577235773,False,0.0016638935108153,0,5
within_region_cross_layer__clr_true__thickness_absolute,l4,Micro-PVM,-0.0690073612414276,0.5,600,0.9857723577235773,False,0.4009983361064891,2,5
within_region_cross_layer__clr_true__thickness_absolute,l4,OPC,-0.1097181197625206,0.5,600,0.9857723577235773,False,0.4009983361064891,2,5
within_region_cross_layer__clr_true__thickness_absolute,l4,Oligo,0.0267877856196873,0.3333333333333333,600,0.9857723577235773,False,0.2013311148086522,1,5
within_region_cross_layer__clr_true__thickness_absolute,l4,Pax6,0.5528938910415143,0.16666666666666666,600,0.9857723577235773,False,0.0016638935108153,0,5
within_region_cross_layer__clr_true__thickness_absolute,l4,Pvalb,-0.4782969945990248,1.0,600,1.0,False,1.0,5,5
within_region_cross_layer__clr_true__thickness_absolute,l4,Sncg,0.0283177265361495,0.16666666666666666,600,0.9857723577235773,False,0.0016638935108153,0,5
within_region_cross_layer__clr_true__thickness_absolute,l4,Sst,-0.5386517084981101,1.0,600,1.0,False,1.0,5,5
within_region_cross_layer__clr_true__thickness_absolute,l4,Vip,-0.3968384341310458,1.0,600,1.0,False,1.0,5,5
within_region_cross_layer__clr_true__thickness_absolute,l5,Astro,-0.3903043128866111,0.6666666666666666,600,0.9857723577235773,False,0.6006655574043261,3,5
within_region_cross_layer__clr_true__thickness_absolute,l5,Chandelier,0.4137376827480833,0.3333333333333333,600,0.9857723577235773,False,0.2013311148086522,1,5
within_region_cross_layer__clr_true__thickness_absolute,l5,Endo,-0.0051672414607087,0.6666666666666666,600,0.9857723577235773,False,0.6006655574043261,3,5
within_region_cross_layer__clr_true__thickness_absolute,l5,L4 IT,0.5261511386133574,0.5,600,0.9857723577235773,False,0.4009983361064891,2,5
within_region_cross_layer__clr_true__thickness_absolute,l5,L5 ET,0.6937298139698971,0.3333333333333333,600,0.9857723577235773,False,0.2013311148086522,1,5
within_region_cross_layer__clr_true__thickness_absolute,l5,L5 IT,-0.3834954137709579,0.8333333333333334,600,0.9857723577235773,False,0.800332778702163,4,5
within_region_cross_layer__clr_true__thickness_absolute,l5,L5/6 NP,-0.0241405789877534,0.6666666666666666,600,0.9857723577235773,False,0.6006655574043261,3,5
within_region_cross_layer__clr_true__thickness_absolute,l5,L6 CT,-0.2888612282894855,0.5,600,0.9857723577235773,False,0.4009983361064891,2,5
within_region_cross_layer__clr_true__thickness_absolute,l5,L6 IT,-0.4922726596894201,0.6666666666666666,600,0.9857723577235773,False,0.6006655574043261,3,5
within_region_cross_layer__clr_true__thickness_absolute,l5,L6 IT Car3,-0.1377029404033343,0.8333333333333334,600,0.9857723577235773,False,0.800332778702163,4,5
within_region_cross_layer__clr_true__thickness_absolute,l5,L6b,-0.3625348262738778,0.8333333333333334,600,0.9857723577235773,False,0.800332778702163,4,5
within_region_cross_layer__clr_true__thickness_absolute,l5,Lamp5,-0.3950382519302252,0.5,600,0.9857723577235773,False,0.4009983361064891,2,5
within_region_cross_layer__clr_true__thickness_absolute,l5,Lamp5_Lhx6,-0.5400343759948004,0.5,600,0.9857723577235773,False,0.4009983361064891,2,5
within_region_cross_layer__clr_true__thickness_absolute,l5,Micro-PVM,0.0616127449307151,0.6666666666666666,600,0.9857723577235773,False,0.6006655574043261,3,5
within_region_cross_layer__clr_true__thickness_absolute,l5,OPC,0.0385133019829262,0.6666666666666666,600,0.9857723577235773,False,0.6006655574043261,3,5
within_region_cross_layer__clr_true__thickness_absolute,l5,Oligo,-0.2935410209645642,0.6666666666666666,600,0.9857723577235773,False,0.6006655574043261,3,5
within_region_cross_layer__clr_true__thickness_absolute,l5,Pvalb,0.5331026978172291,0.3333333333333333,600,0.9857723577235773,False,0.2013311148086522,1,5
within_region_cross_layer__clr_true__thickness_absolute,l5,Sst,0.1927528521478392,0.5,600,0.9857723577235773,False,0.4009983361064891,2,5
within_region_cross_layer__clr_true__thickness_absolute,l5,Vip,0.1648992974835451,0.5,600,0.9857723577235773,False,0.4009983361064891,2,5
within_region_cross_layer__clr_true__thickness_absolute,l6,Astro,-0.2610415032643415,0.6666666666666666,600,0.9857723577235773,False,0.6006655574043261,3,5
within_region_cross_layer__clr_true__thickness_absolute,l6,Chandelier,0.7148604565193875,0.16666666666666666,600,0.9857723577235773,False,0.0016638935108153,0,5
within_region_cross_layer__clr_true__thickness_absolute,l6,Endo,0.2786718241453753,0.8333333333333334,600,0.9857723577235773,False,0.800332778702163,4,5
within_region_cross_layer__clr_true__thickness_absolute,l6,L5 ET,-0.7132988528977589,1.0,600,1.0,False,1.0,5,5
within_region_cross_layer__clr_true__thickness_absolute,l6,L5 IT,-0.5089531570401576,0.5,600,0.9857723577235773,False,0.4009983361064891,2,5
within_region_cross_layer__clr_true__thickness_absolute,l6,L5/6 NP,-0.0418287020216167,0.3333333333333333,600,0.9857723577235773,False,0.2013311148086522,1,5
within_region_cross_layer__clr_true__thickness_absolute,l6,L6 CT,-0.5912930486299862,1.0,600,1.0,False,1.0,5,5
within_region_cross_layer__clr_true__thickness_absolute,l6,L6 IT,-0.3741774470005732,0.8333333333333334,600,0.9857723577235773,False,0.800332778702163,4,5
within_region_cross_layer__clr_true__thickness_absolute,l6,L6 IT Car3,-0.4611163299402111,0.6666666666666666,600,0.9857723577235773,False,0.6006655574043261,3,5
within_region_cross_layer__clr_true__thickness_absolute,l6,L6b,-0.4135345738871706,1.0,600,1.0,False,1.0,5,5
within_region_cross_layer__clr_true__thickness_absolute,l6,Lamp5,0.2645849101734092,0.6666666666666666,600,0.9857723577235773,False,0.6006655574043261,3,5
within_region_cross_layer__clr_true__thickness_absolute,l6,Lamp5_Lhx6,0.7895774298471593,0.16666666666666666,600,0.9857723577235773,False,0.0016638935108153,0,5
within_region_cross_layer__clr_true__thickness_absolute,l6,Micro-PVM,-0.1465078004455808,0.8333333333333334,600,0.9857723577235773,False,0.800332778702163,4,5
within_region_cross_layer__clr_true__thickness_absolute,l6,OPC,0.6754005356577157,0.16666666666666666,600,0.9857723577235773,False,0.0016638935108153,0,5
within_region_cross_layer__clr_true__thickness_absolute,l6,Oligo,0.3265558277060263,0.8333333333333334,600,0.9857723577235773,False,0.800332778702163,4,5
within_region_cross_layer__clr_true__thickness_absolute,l6,Pvalb,0.1511128921583718,0.16666666666666666,600,0.9857723577235773,False,0.0016638935108153,0,5
within_region_cross_layer__clr_true__thickness_absolute,l6,Sst,0.1194882694590026,0.3333333333333333,600,0.9857723577235773,False,0.2013311148086522,1,5
within_region_cross_layer__clr_true__thickness_relative,l1,Astro,-0.0387692335898625,0.6666666666666666,600,1.0,False,0.6006655574043261,3,5
within_region_cross_layer__clr_true__thickness_relative,l1,Endo,-0.0449558802968292,0.6666666666666666,600,1.0,False,0.6006655574043261,3,5
within_region_cross_layer__clr_true__thickness_relative,l1,Lamp5,0.126561182400752,0.5,600,1.0,False,0.4009983361064891,2,5
within_region_cross_layer__clr_true__thickness_relative,l1,Micro-PVM,-0.0312749950656673,0.6666666666666666,600,1.0,False,0.6006655574043261,3,5
within_region_cross_layer__clr_true__thickness_relative,l1,OPC,-0.2835335996034269,1.0,600,1.0,False,1.0,5,5
within_region_cross_layer__clr_true__thickness_relative,l1,Pax6,-0.2757041079713143,1.0,600,1.0,False,1.0,5,5
within_region_cross_layer__clr_true__thickness_relative,l1,Sncg,0.3906953153771301,0.5,600,1.0,False,0.4009983361064891,2,5
within_region_cross_layer__clr_true__thickness_relative,l1,VLMC,-0.4678118887158982,1.0,600,1.0,False,1.0,5,5
within_region_cross_layer__clr_true__thickness_relative,l2,Astro,0.0952131767871805,0.5,600,1.0,False,0.4009983361064891,2,5
within_region_cross_layer__clr_true__thickness_relative,l2,Chandelier,-0.3270123876996274,0.8333333333333334,600,1.0,False,0.800332778702163,4,5
within_region_cross_layer__clr_true__thickness_relative,l2,Endo,-0.1036103067915127,0.8333333333333334,600,1.0,False,0.800332778702163,4,5
within_region_cross_layer__clr_true__thickness_relative,l2,L2/3 IT,0.014138389569857,0.3333333333333333,600,1.0,False,0.2013311148086522,1,5
within_region_cross_layer__clr_true__thickness_relative,l2,Lamp5,0.2812336740593681,0.3333333333333333,600,1.0,False,0.2013311148086522,1,5
within_region_cross_layer__clr_true__thickness_relative,l2,Lamp5_Lhx6,0.1097476305556462,0.6666666666666666,600,1.0,False,0.6006655574043261,3,5
within_region_cross_layer__clr_true__thickness_relative,l2,Micro-PVM,-0.0283983879912388,0.6666666666666666,600,1.0,False,0.6006655574043261,3,5
within_region_cross_layer__clr_true__thickness_relative,l2,OPC,0.1753348445788138,0.5,600,1.0,False,0.4009983361064891,2,5
within_region_cross_layer__clr_true__thickness_relative,l2,Pax6,0.3523920817285187,0.16666666666666666,600,1.0,False,0.0016638935108153,0,5
within_region_cross_layer__clr_true__thickness_relative,l2,Pvalb,-0.1111971975694585,0.8333333333333334,600,1.0,False,0.800332778702163,4,5
within_region_cross_layer__clr_true__thickness_relative,l2,Sncg,0.2494275095654066,0.3333333333333333,600,1.0,False,0.2013311148086522,1,5
within_region_cross_layer__clr_true__thickness_relative,l2,Sst,-0.1141847156313523,0.8333333333333334,600,1.0,False,0.800332778702163,4,5
within_region_cross_layer__clr_true__thickness_relative,l2,Vip,-0.208563765485434,0.6666666666666666,600,1.0,False,0.6006655574043261,3,5
within_region_cross_layer__clr_true__thickness_relative,l3,Astro,-0.1263426041112278,0.8333333333333334,600,1.0,False,0.800332778702163,4,5
within_region_cross_layer__clr_true__thickness_relative,l3,Chandelier,-0.1193671341244317,0.8333333333333334,600,1.0,False,0.800332778702163,4,5
within_region_cross_layer__clr_true__thickness_relative,l3,Endo,0.008654314705221,0.5,600,1.0,False,0.4009983361064891,2,5
within_region_cross_layer__clr_true__thickness_relative,l3,L2/3 IT,-0.3079093100777932,0.8333333333333334,600,1.0,False,0.800332778702163,4,5
within_region_cross_layer__clr_true__thickness_relative,l3,L4 IT,-0.509326420791006,0.8333333333333334,600,1.0,False,0.800332778702163,4,5
within_region_cross_layer__clr_true__thickness_relative,l3,L5 ET,0.4453685952876733,0.3333333333333333,600,1.0,False,0.2013311148086522,1,5
within_region_cross_layer__clr_true__thickness_relative,l3,L5 IT,-0.3923843134773314,1.0,600,1.0,False,1.0,5,5
within_region_cross_layer__clr_true__thickness_relative,l3,L5/6 NP,0.0502782754296979,0.3333333333333333,600,1.0,False,0.2013311148086522,1,5
within_region_cross_layer__clr_true__thickness_relative,l3,L6 CT,0.3850883879996238,0.3333333333333333,600,1.0,False,0.2013311148086522,1,5
within_region_cross_layer__clr_true__thickness_relative,l3,L6 IT,-0.2844026587393518,0.6666666666666666,600,1.0,False,0.6006655574043261,3,5
within_region_cross_layer__clr_true__thickness_relative,l3,L6 IT Car3,0.3196773418383357,0.16666666666666666,600,1.0,False,0.0016638935108153,0,5
within_region_cross_layer__clr_true__thickness_relative,l3,L6b,0.4829597058077191,0.3333333333333333,600,1.0,False,0.2013311148086522,1,5
within_region_cross_layer__clr_true__thickness_relative,l3,Lamp5,0.3918408403817928,0.16666666666666666,600,1.0,False,0.0016638935108153,0,5
within_region_cross_layer__clr_true__thickness_relative,l3,Lamp5_Lhx6,0.1947139554188446,0.16666666666666666,600,1.0,False,0.0016638935108153,0,5
within_region_cross_layer__clr_true__thickness_relative,l3,Micro-PVM,-0.1612179418060903,0.8333333333333334,600,1.0,False,0.800332778702163,4,5
within_region_cross_layer__clr_true__thickness_relative,l3,OPC,-0.2009764216621385,1.0,600,1.0,False,1.0,5,5
within_region_cross_layer__clr_true__thickness_relative,l3,Oligo,0.0112528040613912,0.3333333333333333,600,1.0,False,0.2013311148086522,1,5
within_region_cross_layer__clr_true__thickness_relative,l3,Pax6,-0.2354613639697111,0.8333333333333334,600,1.0,False,0.800332778702163,4,5
within_region_cross_layer__clr_true__thickness_relative,l3,Pvalb,-0.4877478916746968,0.8333333333333334,600,1.0,False,0.800332778702163,4,5
within_region_cross_layer__clr_true__thickness_relative,l3,Sncg,0.3168759956676771,0.3333333333333333,600,1.0,False,0.2013311148086522,1,5
within_region_cross_layer__clr_true__thickness_relative,l3,Sst,-0.1421402872914678,1.0,600,1.0,False,1.0,5,5
within_region_cross_layer__clr_true__thickness_relative,l3,Vip,-0.0912021295899027,0.6666666666666666,600,1.0,False,0.6006655574043261,3,5
within_region_cross_layer__clr_true__thickness_relative,l4,Astro,-0.3386182487553291,1.0,600,1.0,False,1.0,5,5
within_region_cross_layer__clr_true__thickness_relative,l4,Chandelier,-0.1109370313608922,0.8333333333333334,600,1.0,False,0.800332778702163,4,5
within_region_cross_layer__clr_true__thickness_relative,l4,Endo,0.2425825399372464,0.16666666666666666,600,1.0,False,0.0016638935108153,0,5
within_region_cross_layer__clr_true__thickness_relative,l4,L2/3 IT,-0.357709093853171,1.0,600,1.0,False,1.0,5,5
within_region_cross_layer__clr_true__thickness_relative,l4,L4 IT,-0.6033785347537227,1.0,600,1.0,False,1.0,5,5
within_region_cross_layer__clr_true__thickness_relative,l4,L5 ET,-0.2667179811291884,0.8333333333333334,600,1.0,False,0.800332778702163,4,5
within_region_cross_layer__clr_true__thickness_relative,l4,L5 IT,-0.6976309826589993,1.0,600,1.0,False,1.0,5,5
within_region_cross_layer__clr_true__thickness_relative,l4,L5/6 NP,0.2280647333879203,0.16666666666666666,600,1.0,False,0.0016638935108153,0,5
within_region_cross_layer__clr_true__thickness_relative,l4,Lamp5,0.4342607255618663,0.16666666666666666,600,1.0,False,0.0016638935108153,0,5
within_region_cross_layer__clr_true__thickness_relative,l4,Lamp5_Lhx6,0.1814477073391701,0.3333333333333333,600,1.0,False,0.2013311148086522,1,5
within_region_cross_layer__clr_true__thickness_relative,l4,Micro-PVM,-0.0417046478763289,0.8333333333333334,600,1.0,False,0.800332778702163,4,5
within_region_cross_layer__clr_true__thickness_relative,l4,OPC,0.0572821456196097,0.5,600,1.0,False,0.4009983361064891,2,5
within_region_cross_layer__clr_true__thickness_relative,l4,Oligo,0.0477498591869491,0.6666666666666666,600,1.0,False,0.6006655574043261,3,5
within_region_cross_layer__clr_true__thickness_relative,l4,Pax6,0.7162311323558894,0.16666666666666666,600,1.0,False,0.0016638935108153,0,5
within_region_cross_layer__clr_true__thickness_relative,l4,Pvalb,-0.609126342270542,1.0,600,1.0,False,1.0,5,5
within_region_cross_layer__clr_true__thickness_relative,l4,Sncg,0.1485482468868725,0.3333333333333333,600,1.0,False,0.2013311148086522,1,5
within_region_cross_layer__clr_true__thickness_relative,l4,Sst,-0.6060021230065736,1.0,600,1.0,False,1.0,5,5
within_region_cross_layer__clr_true__thickness_relative,l4,Vip,-0.3362386496544124,1.0,600,1.0,False,1.0,5,5
within_region_cross_layer__clr_true__thickness_relative,l5,Astro,-0.4745738498310777,0.8333333333333334,600,1.0,False,0.800332778702163,4,5
within_region_cross_layer__clr_true__thickness_relative,l5,Chandelier,0.5540579919074132,0.3333333333333333,600,1.0,False,0.2013311148086522,1,5
within_region_cross_layer__clr_true__thickness_relative,l5,Endo,-0.12030138263357,1.0,600,1.0,False,1.0,5,5
within_region_cross_layer__clr_true__thickness_relative,l5,L4 IT,0.5186906411436856,0.3333333333333333,600,1.0,False,0.2013311148086522,1,5
within_region_cross_layer__clr_true__thickness_relative,l5,L5 ET,0.6526413109426044,0.3333333333333333,600,1.0,False,0.2013311148086522,1,5
within_region_cross_layer__clr_true__thickness_relative,l5,L5 IT,-0.3158992193976758,0.8333333333333334,600,1.0,False,0.800332778702163,4,5
within_region_cross_layer__clr_true__thickness_relative,l5,L5/6 NP,-0.129233215447828,0.6666666666666666,600,1.0,False,0.6006655574043261,3,5
within_region_cross_layer__clr_true__thickness_relative,l5,L6 CT,0.1138389325366674,0.5,600,1.0,False,0.4009983361064891,2,5
within_region_cross_layer__clr_true__thickness_relative,l5,L6 IT,-0.2478077752139043,0.6666666666666666,600,1.0,False,0.6006655574043261,3,5
within_region_cross_layer__clr_true__thickness_relative,l5,L6 IT Car3,-0.3497232232744052,0.8333333333333334,600,1.0,False,0.800332778702163,4,5
within_region_cross_layer__clr_true__thickness_relative,l5,L6b,-0.3094431966551358,0.8333333333333334,600,1.0,False,0.800332778702163,4,5
within_region_cross_layer__clr_true__thickness_relative,l5,Lamp5,-0.2033045185360787,0.8333333333333334,600,1.0,False,0.800332778702163,4,5
within_region_cross_layer__clr_true__thickness_relative,l5,Lamp5_Lhx6,-0.1306569706450596,0.5,600,1.0,False,0.4009983361064891,2,5
within_region_cross_layer__clr_true__thickness_relative,l5,Micro-PVM,-0.1793753343990341,0.6666666666666666,600,1.0,False,0.6006655574043261,3,5
within_region_cross_layer__clr_true__thickness_relative,l5,OPC,0.0347151325449621,0.5,600,1.0,False,0.4009983361064891,2,5
within_region_cross_layer__clr_true__thickness_relative,l5,Oligo,-0.3201731110519379,0.6666666666666666,600,1.0,False,0.6006655574043261,3,5
within_region_cross_layer__clr_true__thickness_relative,l5,Pvalb,0.2894206071137318,0.5,600,1.0,False,0.4009983361064891,2,5
within_region_cross_layer__clr_true__thickness_relative,l5,Sst,0.2905266280197772,0.5,600,1.0,False,0.4009983361064891,2,5
within_region_cross_layer__clr_true__thickness_relative,l5,Vip,0.3388633382950661,0.5,600,1.0,False,0.4009983361064891,2,5
within_region_cross_layer__clr_true__thickness_relative,l6,Astro,-0.2602588099297617,0.8333333333333334,600,1.0,False,0.800332778702163,4,5
within_region_cross_layer__clr_true__thickness_relative,l6,Chandelier,0.8323035432652922,0.16666666666666666,600,1.0,False,0.0016638935108153,0,5
within_region_cross_layer__clr_true__thickness_relative,l6,Endo,0.1068442718652242,0.5,600,1.0,False,0.4009983361064891,2,5
within_region_cross_layer__clr_true__thickness_relative,l6,L5 ET,-0.7905695535516546,1.0,600,1.0,False,1.0,5,5
within_region_cross_layer__clr_true__thickness_relative,l6,L5 IT,-0.4003341429283267,1.0,600,1.0,False,1.0,5,5
within_region_cross_layer__clr_true__thickness_relative,l6,L5/6 NP,0.3066908809628982,0.3333333333333333,600,1.0,False,0.2013311148086522,1,5
within_region_cross_layer__clr_true__thickness_relative,l6,L6 CT,-0.7418815368881478,1.0,600,1.0,False,1.0,5,5
within_region_cross_layer__clr_true__thickness_relative,l6,L6 IT,-0.6255290277348915,1.0,600,1.0,False,1.0,5,5
within_region_cross_layer__clr_true__thickness_relative,l6,L6 IT Car3,-0.2326879918296402,0.6666666666666666,600,1.0,False,0.6006655574043261,3,5
within_region_cross_layer__clr_true__thickness_relative,l6,L6b,-0.4701460808322998,1.0,600,1.0,False,1.0,5,5
within_region_cross_layer__clr_true__thickness_relative,l6,Lamp5,0.1328424388674841,0.6666666666666666,600,1.0,False,0.6006655574043261,3,5
within_region_cross_layer__clr_true__thickness_relative,l6,Lamp5_Lhx6,0.797915493344133,0.16666666666666666,600,1.0,False,0.0016638935108153,0,5
within_region_cross_layer__clr_true__thickness_relative,l6,Micro-PVM,-0.2952465455057768,0.8333333333333334,600,1.0,False,0.800332778702163,4,5
within_region_cross_layer__clr_true__thickness_relative,l6,OPC,0.7045493187363313,0.16666666666666666,600,1.0,False,0.0016638935108153,0,5
within_region_cross_layer__clr_true__thickness_relative,l6,Oligo,0.2568880783275503,0.3333333333333333,600,1.0,False,0.2013311148086522,1,5
within_region_cross_layer__clr_true__thickness_relative,l6,Pvalb,0.3570608450135601,0.16666666666666666,600,1.0,False,0.0016638935108153,0,5
within_region_cross_layer__clr_true__thickness_relative,l6,Sst,0.4177105775933872,0.16666666666666666,600,1.0,False,0.0016638935108153,0,5
