,Astro_1,Astro_2,Chandelier_1,Endo_1,L2/3 IT_1,L2/3 IT_2,L2/3 IT_3,L2/3 IT_4,L2/3 IT_5,L2/3 IT_6,L2/3 IT_7,L2/3 IT_8,L4 IT_1,L4 IT_2,L4 IT_3,L5 ET_1,L5 IT_1,L5 IT_2,L5 IT_3,L5 IT_4,L5 IT_5,L5/6 NP_1,L5/6 NP_2,L6 CT_1,L6 CT_2,L6 IT Car3_1,L6 IT_1,L6 IT_2,L6 IT_3,L6b_1,L6b_2,L6b_3,Lamp5_1,Lamp5_2,Lamp5_Lhx6_1,Micro-PVM_1,Micro-PVM_2,OPC_1,Oligo_1,Oligo_2,Pax6_1,Pax6_2,Pvalb_1,Pvalb_2,Pvalb_3,Pvalb_4,Pvalb_5,Sncg_1,Sncg_2,Sncg_3,Sncg_4,Sst_1,Sst_10,Sst_2,Sst_3,Sst_4,Sst_5,Sst_6,Sst_7,Sst_8,Sst_9,VLMC_1,Vip_1,Vip_2,Vip_3,Vip_4,Vip_5,Vip_6,Vip_7,Vip_8,Vip_9
1,0.011224034801703218,0.05162380735065375,0.0020264820410339753,0.00024982333858535093,0.002982478349285928,0.005596927790670989,0.010299970480647978,0.05345781871617068,0.016832784068334633,0.09420752286467014,0.014070868869557721,0.00797565237358032,0.0299152785044573,0.06051227753592179,0.02466916779752759,0.015622794009728345,0.01519166614462494,0.03188694925857409,0.039165003868259204,0.011068802248535153,0.012320251763513257,0.001101517357431381,0.04258292487748484,0.023216498570553204,0.014099449594892514,0.011848697144576306,0.0024040011152606905,0.024737912420854716,0.02363031067426586,0.012580543278750212,0.01599292689177854,0.004708301003101277,0.007623734385772107,0.005022557563224062,0.005606250292259303,0.0033237839875342986,8.22144247071974e-05,0.010287253949984164,0.0003207590600288141,0.08554086495768277,0.0013210174169663127,0.001960263428313419,0.0009928800751165165,0.0004812816361400003,0.0035855414077864147,0.006718246823977507,0.0046919192514202155,0.00024389059488546722,0.002846405726564312,0.0014738066219916186,4.2212960202231e-06,0.004005593285183043,0.0011419896427541766,0.0018794530655757474,0.0023435746656772613,0.0031330955308648966,0.003030559004667477,0.008669925815678287,0.00023374724856918262,0.0016002000272904468,0.008633447662670407,0.005880887823894149,0.000297012632302259,0.0020177541690489997,0.0013148169689821598,0.0011360051994006289,0.0008049733917926754,0.0019641699418807917,0.0018384763104918435,0.004371723605544883,0.0009138878318893381
3,0.011027868481015488,0.05180380526441703,0.0022647489152522724,0.0001653529846212657,0.0021421146744032156,0.004745594813092035,0.009525926899956658,0.06925044506648463,0.012746688359775889,0.09444046264716249,0.015555305026295766,0.005745204149837031,0.024528907601006414,0.06302324774695817,0.03125456520067099,0.014857586570374386,0.01653861401592655,0.02523417599072765,0.03799895472751472,0.011762450931350855,0.008717975929174013,0.001022115548512277,0.04039807527360854,0.02422677909714241,0.012404435102642053,0.009874137721459625,0.00141274589004523,0.02641641765286478,0.02171380393241298,0.011336732206494796,0.01357393798199668,0.005176225799712288,0.007073860633202829,0.005750183303146752,0.00512632957253794,0.0029324952518545075,0.00010043299937030384,0.010472338027167462,0.00043068792229862334,0.09961805059684642,0.0011077933694920643,0.001799291930031189,0.0009741005085052862,0.00043554101342493744,0.0035173037892584987,0.007344126679457713,0.004115021643630231,0.00021425562136823941,0.003093438032484361,0.0012382786050076924,1.3210819165274425e-05,0.0034980761146498353,0.0012080414446432746,0.001866490285010334,0.002259878954155587,0.003271375060237168,0.0029412765198148097,0.007117240325444646,0.00018747492871585788,0.0014270985428940616,0.008649380816771801,0.005755114976480433,0.0003007430775203034,0.0019554603412106327,0.001055438812495333,0.0010579260963908207,0.0009812856580222672,0.001832577898385298,0.002062651934418742,0.004218014842367519,0.0010136812243504265
5,0.011114566609637508,0.044731781368415297,0.002429051330004538,0.00029130695370227315,0.0028708098619330473,0.006486254151538646,0.010645348924641534,0.059770671798425525,0.016921708999768758,0.09449127499887351,0.0152641280350621,0.00841058611956084,0.03139729902014882,0.06933072995478091,0.03005370045489253,0.014966707250970683,0.01739062918830464,0.02763561790382545,0.043279533995725414,0.011064175965608599,0.00934673206438854,0.0013834399288959536,0.04357585815153582,0.02438301591402534,0.011905117648391058,0.010902040041968574,0.0021875505334784467,0.026827505362441748,0.02265895523028597,0.012725707866552314,0.015193225968188988,0.00479657145467878,0.00659692337874443,0.005162839384879294,0.004821997633928989,0.003054520123675988,0.00013693540048775863,0.009428603823397878,0.0003300964810644761,0.07230993450552341,0.0011457932992042035,0.0017925572572749671,0.0009533985357652734,0.0004255826820204909,0.003694471917058747,0.0066351918286225815,0.004047564305252369,0.0003008509783529402,0.0032254145408169028,0.0013617778267016598,2.246387583411011e-05,0.0035897335065325645,0.0010923018232177734,0.0017309602987199543,0.0022784386702829184,0.004183162182513021,0.0031968852460006916,0.007663832432120867,0.00019037717557571603,0.0015104174824630738,0.009059498453221904,0.007822444273251787,0.00033314341411136677,0.001804430440664979,0.0008222329921744011,0.0011970255399222692,0.0008878919069071471,0.0018421150294032516,0.0018147103840771117,0.004720855800864346,0.0011489386341385836
7,0.011586296794889777,0.05372900036983041,0.00227698086332748,0.00015426694204220207,0.002179242598917652,0.004515146595633419,0.009065855487562327,0.07197272022761772,0.011968205896001236,0.09468522161373977,0.015419431052944495,0.005209956698272048,0.022368077733770222,0.06152879473486195,0.03125183091158379,0.014686745274062354,0.015729587025167035,0.024147194148566104,0.036780556278257465,0.011590960611605167,0.008574703956682195,0.0009667754789396134,0.039781117053666326,0.023521977833463374,0.01224885528735165,0.009655039180690184,0.001250676414851255,0.025799661450703962,0.021143376083561153,0.010426774654192027,0.013182805550547773,0.004948454289028503,0.007383843479875342,0.0059542663497033806,0.0052720310014141274,0.003123327945679288,0.0001184968193110674,0.010778803632545204,0.0005574685924357224,0.10613332907404782,0.0010827306222336032,0.0018643403111347383,0.0009585114805339081,0.0004686517335947487,0.0034054718673433904,0.00755305522482343,0.004265815404247522,0.0002033433276353095,0.0030504148913180745,0.0012211744454720388,3.220722706453373e-06,0.0033712812973867245,0.0012565859385496984,0.0018801612695232867,0.0022237642961624618,0.0031529182748246246,0.0028879720121008402,0.006864897154293995,0.00019877214270040748,0.0014189068591104845,0.00883829553459568,0.006870977140950537,0.0003236423372817994,0.002079892047132995,0.0011932236880149677,0.0010648791719079704,0.0009967264827916132,0.0018758142518982266,0.0022059621774387105,0.004127809998471232,0.0009500633884743833
9,0.01235678121897075,0.053714713948979954,0.0019797441912042025,0.0005741675322106285,0.0024151773970537273,0.005027862463908472,0.010654933823360207,0.058293336371964884,0.014417890265088017,0.09802942364709208,0.012778912982027591,0.006212913237307354,0.025831706441253068,0.05649704558813427,0.025268545557181835,0.01631400887447315,0.015256138971075722,0.02872338703615677,0.037807987872430636,0.011546027622933988,0.010558596899074074,0.0011110881659001299,0.03945488247259157,0.023817122584370718,0.012682132561154337,0.011843669194915502,0.0018057086616894956,0.026453627399795315,0.022085293728321423,0.01158744544713262,0.015096799119253329,0.004960216736257759,0.007397342103442376,0.005283230063218115,0.005355936798769202,0.0030482618595976158,0.00015328018073933124,0.010600874714760091,0.0004219475874847677,0.10091999296368209,0.001159283225443264,0.0020217991472053255,0.0012098663675726568,0.00046081665804790405,0.003277308822422659,0.007753040466694366,0.004459275963731718,0.00026477906537616974,0.002722491047570927,0.0013210033594658005,2.1492308797331646e-06,0.0036644178641948057,0.001125563317274177,0.002072444423930155,0.002272605379616059,0.003318302074832175,0.003367169105067531,0.008253352582661291,0.00023839092295602156,0.001591290437558739,0.00801507419890293,0.006255528114523852,0.00030473355435083234,0.0021961903393510024,0.0012879533767807163,0.0011825221069059037,0.0008040660750459393,0.0019106392218312437,0.0019815222463783603,0.004121406374740769,0.0011126439749520993
11,0.010931019658501361,0.047930938018062405,0.0021981535835836007,0.0002574888034700798,0.0033213965053141272,0.00688454993588123,0.010223200085882171,0.048094965490306424,0.021820383562675603,0.09098706191789506,0.013635649956146726,0.01035861499535339,0.03341009460174508,0.06405428669342694,0.024506147956228064,0.01503124492189588,0.01563989870902166,0.0329378890863236,0.04024619965595406,0.010452116911934001,0.012175313181863356,0.0013266502473711895,0.045246889665536125,0.023469543262901505,0.014964574715484628,0.011878975910334901,0.0038012290951382737,0.024245795284875124,0.025920641071363396,0.015142009368309698,0.017536482429243248,0.004493083858851997,0.007425477970304181,0.004804975096057351,0.005425041389958272,0.0032750436828369272,8.041024631811143e-05,0.010136422252608902,0.0002900611886097044,0.06900017773330777,0.00131034052416218,0.0018515543603699889,0.0009660020155318024,0.0004957205028390498,0.00398581432577411,0.006011779118766692,0.004517710651226619,0.000305853856144362,0.0032257635319450496,0.0016323509460671444,9.99633103556009e-06,0.004103084796096945,0.001119710998720728,0.0018035436561347573,0.002407544061617198,0.003717143470858923,0.0030263637818364665,0.009148296912934194,0.00023418680666175497,0.0016944130352034648,0.009071480862090418,0.006721935091444913,0.00033688551665334124,0.0018640931073897337,0.0011984576520636557,0.0011382919110224207,0.000817975367299669,0.0019441699885393386,0.001705634009042287,0.004867971324776447,0.0009903460733525612
13,0.010958155763361725,0.04182333721434267,0.0023619879540411302,0.0003334528440182865,0.004230261515667232,0.008177933095617741,0.010432128177758184,0.04052685133015488,0.02872373928596255,0.09273613855298522,0.01137734381902074,0.013216871119110723,0.03773999753836149,0.07516716561938029,0.023948155342943266,0.012777499819630016,0.017744358673894872,0.03091624195981336,0.042582173027200784,0.011024106872428474,0.009754621553708417,0.0017022346265161354,0.0492804792631778,0.02145341593756074,0.013959747381492015,0.011899103876985987,0.0050201445509684695,0.02197888645864438,0.025553156905996046,0.01677387662788771,0.01813436998199813,0.003764898576322333,0.00671871704381025,0.004485247451825452,0.004936164072593691,0.0036769229807164924,9.747043582378127e-05,0.009724067193396283,0.0002433897272415156,0.05465337026901733,0.0011705868595121756,0.0018670705402789492,0.0008552045110800505,0.000516759332475125,0.004276160760108067,0.005473681786529655,0.004221063079086812,0.00045335966153459037,0.003637989140564617,0.0018867344931062385,4.222500987219155e-05,0.003949445391548397,0.0008014977520164779,0.0013039690313303852,0.0025880397065512054,0.005150038899396859,0.003800952948608684,0.009160968977257607,0.0002239112491862758,0.0018923717932096955,0.009179247768824452,0.008279415305730594,0.0004207957053986013,0.0018787626549559345,0.0009376401723148199,0.0011641213291095922,0.0008152520026552285,0.0019180856982425663,0.001590371410578016,0.005618935600373063,0.0009985916086106882
15,0.010807585238836777,0.0411986814359073,0.002576370917823007,0.0003227109538239486,0.0024677109742166203,0.005797799159674639,0.011700428449376233,0.06482564600355369,0.013724606702871036,0.1082083762198195,0.015031139681923603,0.0072708069210968675,0.029237302647329756,0.08363518861530865,0.0334901523454631,0.011972057886959774,0.018791268217426844,0.023224970079133045,0.04858105259390966,0.013081662526849176,0.006248144239332254,0.001330918492386549,0.041905010521322936,0.023042965189166074,0.009432699540252122,0.009803496942024922,0.001382160329159224,0.02637173305435345,0.01813219584890145,0.01118780282570421,0.013543649123883623,0.00501661298657516,0.005881047858024417,0.005203390997619396,0.004258104523769904,0.0033617305879371953,0.00010837553663114275,0.008652133355859041,0.0003234255481826453,0.07048631115646414,0.0010038178578963535,0.0017455918201475184,0.0008498054203043804,0.0003429742428926674,0.003341169177933042,0.006869685398978669,0.0034996777259724125,0.00030895135447116744,0.003172449065208598,0.0012971957869539793,3.245801695899623e-05,0.0031668152245900756,0.0009627444310191705,0.001611408790081008,0.0023500367433017043,0.00471087412347026,0.0040325368834801464,0.006775967010573061,0.00016777419265691436,0.0014278004960130062,0.008503081688761224,0.006871757872321348,0.0003651347303952411,0.0018778843254005375,0.0006339472498256541,0.0012745643842612165,0.0009529637939514212,0.001822216566835448,0.0018488605937353924,0.004845570183764537,0.0011919513391541094
17,0.012208917035552288,0.05128864118573374,0.0022689089972027362,0.0001504899493377278,0.001898952294003718,0.004946150418929664,0.011894487544992388,0.07140422514773881,0.012650972228230013,0.11613738040182392,0.01526102081236773,0.005469644327616003,0.02407031039063662,0.06611840181951595,0.03149675424585705,0.01325412830201536,0.016075234500945973,0.022874636964950276,0.03764942659242888,0.011916467631981013,0.007004092201355715,0.0009597068516991458,0.036710592161667215,0.023019909138968623,0.010858145215605216,0.011326334435163173,0.0010407520938586013,0.025184101898114916,0.02018410861360565,0.010555450504258155,0.012653338644330263,0.005108405113671726,0.007234538015982831,0.005454044394141617,0.0046538688624900805,0.002629079517855444,0.0001059788406434498,0.010590657311246069,0.00044480849826135463,0.08911390025718187,0.0009313258289219903,0.0017685691169070947,0.0007985170971037042,0.0003713985269500515,0.0031082004296534,0.0072272585299704255,0.003695655847318602,0.0002272103154119595,0.0033850066172996106,0.0014211278898633155,1.30943157526624e-05,0.002902555564378262,0.001148430352221525,0.0016392811509676481,0.002300750644547957,0.00328346565836201,0.003739575190068207,0.00652970679278792,0.00019499894569640743,0.0014305553505595922,0.007940113160979255,0.007205036637869511,0.0003141152534371013,0.0019977228961037515,0.0009224153257577966,0.001228971352723646,0.0009394384984498853,0.0018595406358107606,0.0020532587518398344,0.004273015237458792,0.0010024106374769853
19,0.010528055235118138,0.038298174604521985,0.0026307537345370536,0.00020676879944459678,0.0025921198834222927,0.006105752757151361,0.012995886742316502,0.0596003767651453,0.014984397354550068,0.11488095205468238,0.013833123326726792,0.007790201710285428,0.032815737294670425,0.09099877572784233,0.032660450379545285,0.009359818323910713,0.02003555538756555,0.02375628401391704,0.049118472126508154,0.015891844127197168,0.00580839708068299,0.0013567104389842165,0.042229530019993675,0.02126172438044085,0.008629110367752364,0.010472849159090311,0.001390277183024134,0.0243013754294505,0.017065187176490835,0.010992604473948177,0.013578440675127094,0.00479122798904486,0.006060679216195958,0.005134199460345246,0.004361531263854516,0.0034850852270830466,6.143325171286681e-05,0.008718476393606341,0.0002113499916405996,0.061571166444995766,0.0009950588600405796,0.0018413252671983845,0.0007677220927388886,0.0002791050020112532,0.0033266620196258046,0.006831174580784205,0.0033923906634564563,0.00041913916869250665,0.0035310898737624043,0.0014656663094605256,4.5627920019141696e-05,0.0029229627549043524,0.0008554162796684398,0.0013379690061729537,0.002484644568711997,0.0053322096560858255,0.004866200675192691,0.006464530753775818,0.0001575205360735173,0.0014527407605824678,0.00821786271466207,0.007185391446948306,0.0003834696008862354,0.002031251823770085,0.0007482874626001201,0.0013851842266830324,0.0010258718397672725,0.002145378295884726,0.0020623688261455077,0.0053392961896303265,0.0010653422346532117
21,0.010950012672861813,0.04121719333289873,0.0025207089975728928,0.00019132678323253543,0.0021051120975132463,0.0052709628316042765,0.012562691087374334,0.06717087478302064,0.012440758517214167,0.11829426588453788,0.014998831315725608,0.0063916592474108,0.02849392918865898,0.0863623427095598,0.03522413845425815,0.009748086244504779,0.019342437659195886,0.022021485792879904,0.04722240628120733,0.015593009890749021,0.005413702725632951,0.001215862364218816,0.040438407059570414,0.022614457102820663,0.008584755478758681,0.01034042593636821,0.0011603497236948,0.025358140344882436,0.016566391923567,0.010660773084196502,0.012653971746824911,0.005272617153467157,0.00636707954257927,0.005331562858542829,0.0042233540580841125,0.003245551758795177,6.899847116120152e-05,0.009068468715666026,0.00025588787320862574,0.07216938527052637,0.0009185657281777917,0.0017652521357665028,0.0007455171553164421,0.0002451659697941928,0.0031441390732661594,0.007116786855338437,0.003186648794453731,0.0003613272814938914,0.0035404941829334153,0.0014172168634643614,3.314708066704371e-05,0.002766964935459396,0.0009170996164312886,0.0013912927575562932,0.0023576050249872102,0.004632339431521368,0.004646180073826363,0.006095985042222299,0.0001441554799897349,0.0013494344392421954,0.007495970989553107,0.005767888475572091,0.0003574076344019562,0.0020286230278759245,0.0007325467368078906,0.0013549025667863152,0.0010193721492859488,0.0019788494831246457,0.002097221100205135,0.004948911308115003,0.0011227898033016868
23,0.011134232303493127,0.052062938817082294,0.0023366102509638663,0.00015376662321125995,0.0018819569906806971,0.004499826379546983,0.009562394213940607,0.07313138967567848,0.011506974372504992,0.09796821238317882,0.015689616084458364,0.005036287646655702,0.022890534752956288,0.06459794255579743,0.03270822998632639,0.014253452303573824,0.01676737947560595,0.023150633614996943,0.03803796529559385,0.012115563858752999,0.007518220842337668,0.0009813541254913819,0.039267975009556276,0.024090195474341762,0.011700606438601348,0.00948500193508212,0.0010948165255373029,0.02648360977712809,0.020744418658865702,0.010765703612960994,0.012867017451061112,0.005272155748110859,0.006979062002591209,0.005914770516732781,0.004961188971885019,0.0028619956940587614,0.00010973976370309688,0.010527135872687507,0.00047520051736669815,0.10255602048595634,0.0010351514284870317,0.001768997454826398,0.0009446762983328737,0.00042578702172900093,0.0034251140425917413,0.007530261828150129,0.003925540386814835,0.000211545274592077,0.0031752168421370903,0.00120544982898091,1.3785201957536372e-05,0.003292582355937265,0.001225960537009467,0.0018380195930199105,0.002262351843180311,0.0033513471807876086,0.0030806536321060095,0.006619927556819913,0.00017898619960868067,0.0014054479639995017,0.008561420860766045,0.0059303859769638725,0.0003102782182508702,0.002010478826372261,0.001012142919154999,0.0010659896754535946,0.0010227344829060985,0.0018203903398897898,0.0021507910347156483,0.004187351833800016,0.0010402407779209564
25,0.01167835705188522,0.05400236854690327,0.002320813257190423,0.00014469092952880045,0.0020356731446416762,0.004388948482856838,0.009047568165030485,0.07461997634209035,0.011291247448925096,0.09623320195800408,0.015556259830111017,0.004787932139689227,0.021262009356635636,0.06181547440233502,0.0321529768951404,0.01444587631369865,0.01578617032743697,0.022922715841244796,0.0364257148891422,0.011676669275126233,0.007913396513240118,0.000945209588486216,0.03908365979099435,0.02349045152790593,0.01189415426221665,0.009437060457451987,0.0010582014320866364,0.025884614883380036,0.020712751290890615,0.010088956329310853,0.012735601692491312,0.004984906744539555,0.007346667706395233,0.00607470013425826,0.005196436373042384,0.0030768725286436103,0.00012667589528773688,0.01084442430031715,0.0005920631016673373,0.10824981383816489,0.0010409321875777255,0.0018492593672345663,0.0009463220584747008,0.00046738914126525255,0.003359608470547458,0.0076685584433205485,0.004171796146731959,0.00019821930501551176,0.003100773069363361,0.0011957838860617387,3.4506846410207298e-06,0.0032481900133254885,0.0012726065099855635,0.0018731436380755404,0.0022236436379048817,0.003179157172818118,0.0029244908709899022,0.006578704288917166,0.00019409807048174508,0.001408427965978104,0.008868042656332151,0.00705412191017453,0.00032890883418160155,0.00210129271248213,0.0011698942072333224,0.0010699583679408917,0.0010303935475577514,0.001871564828327971,0.0022623240616358067,0.00409818876809873,0.0009648559275816887
27,0.010052751561706362,0.03692252527919753,0.002467912016351443,0.00020186718715772952,0.0034124956723130804,0.0064043114782250275,0.013138326842681907,0.0542521201029674,0.017701778114526577,0.11523841764459294,0.013380323750564783,0.008728554923220524,0.0330732184205885,0.09080722537378039,0.03197267880955656,0.008319184927730813,0.02028069286365309,0.02537513672497085,0.046888904677842624,0.01696945754662293,0.0061281362486155086,0.0013472557755694011,0.04301890731920166,0.0204804334347687,0.00915782281780924,0.011497660921193401,0.0017667561300572887,0.022943689103783988,0.018884643964074656,0.012089832863439613,0.01459678195724352,0.0043970608569889845,0.0062773927388206485,0.0049969203471241855,0.004610383963386485,0.0030776116877538457,9.114581334532724e-05,0.00870741044382495,0.00020313750554357346,0.06090887311768511,0.0009500114932100476,0.0019101980550842246,0.0007320885935444016,0.00023927774296233538,0.003324363707139324,0.006391193014823563,0.00319134861620419,0.00047948356224682034,0.003705625369596939,0.0015463403757165458,4.840465973053393e-05,0.003151887531585292,0.0007766279290958619,0.00119507628748839,0.0023441322708061918,0.005444345683668644,0.004809856890236148,0.006769507827107163,0.00017017970481228616,0.0014989702268761972,0.008257282940936138,0.006392381869271923,0.00038288840420851655,0.0019240125153898416,0.0007800833024829111,0.0013305902368712444,0.001014563442124589,0.0019894768152408926,0.0021119160404242847,0.005592746129139259,0.001024321413959434
29,0.01297005041149253,0.04908877605224886,0.002144375369845113,0.0002304931140523389,0.0018914140136993593,0.005354420492446288,0.015066369379037867,0.06971325514242797,0.014018123608960376,0.13585813416672293,0.015658312461047305,0.006299915676774525,0.026911469211235012,0.07059157380416535,0.03189905570932358,0.01155818777060229,0.01618107540759376,0.022379223338893528,0.0363796473898252,0.011783265436099987,0.0055521783051480705,0.0009531633826558247,0.03371178037260981,0.0224811566931576,0.009930661180909104,0.01396723167442878,0.000977779996595015,0.0239906718183328,0.019439233938760715,0.011188177284502264,0.012178207009335454,0.00507288710623351,0.007009206180188177,0.00486391342860022,0.00412750975501997,0.0022958685532791507,9.597350682897073e-05,0.0107165508369475,0.00035392486866256764,0.07266670496326307,0.0008290655045768045,0.0015898247797215017,0.0006403378760031834,0.00025341087608286237,0.002820451451228981,0.006853625350053196,0.003101874140584353,0.0002590809367481158,0.0036056480615058307,0.0016032390926269669,2.061202800976241e-05,0.002433293553932037,0.0009973317017278585,0.0014344163002882303,0.0022300744159943044,0.003420281269334479,0.004424807535464188,0.006457775245512008,0.00018673657509145035,0.0013375801617197683,0.006659728097749343,0.006862807340192825,0.000299402245147494,0.0016987286418718194,0.0006020567195833653,0.001335213460112342,0.0009312629156080482,0.0018384141743314271,0.001764395684185413,0.004413932121034169,0.001012741975515478
31,0.011631096359252191,0.04451163070111702,0.00244108630699609,0.00019402974196498885,0.0030886410596621065,0.005546907563573421,0.013527502489597968,0.06469735931634137,0.01458971224343191,0.12075812511873228,0.014981308877610337,0.007130471132205871,0.029509470209076804,0.0781324274875216,0.0333138204201481,0.010045144896413878,0.0189678074033843,0.02280588793013985,0.04225702148891918,0.014175691039045866,0.005355226774630077,0.001230252039710817,0.03872428478354457,0.023088334266577356,0.009480811307312282,0.014101264688165534,0.0011936971846938935,0.0254168510108598,0.019470008344751863,0.011476462703723262,0.013393407533413356,0.004915322406461278,0.0065291775556464106,0.005164358811112256,0.003917418874353201,0.004141319405470855,8.945031455156063e-05,0.010321770875179914,0.0002578073816384484,0.06936543497039012,0.0008748635812417632,0.0017087674971871386,0.0007056350341164303,0.0002366131900754039,0.0030726387024671373,0.006686963096429668,0.003139212108111786,0.00034889266792363676,0.003604412756285972,0.0015478182525461503,3.249914464990145e-05,0.00246987552854585,0.000858979430059858,0.0012913539134879188,0.0022838834370618962,0.004281717733580493,0.004177823957787581,0.006294399110082425,0.0001519322860222871,0.0013324538542256834,0.007047135133563075,0.005903814119400703,0.00041420441659074193,0.0017800289716470917,0.0005714400868207709,0.0013271744429498844,0.0009668517443185599,0.0019145990206848528,0.0018599227755898037,0.004732839823544915,0.0011229212499858057
33,0.012062075945081923,0.04807181337334109,0.0022876820439279777,0.0001834536490836292,0.0029320336971667966,0.0057272757077056055,0.014073170693114525,0.060162332653521666,0.01642209517598752,0.125178745754663,0.014315490702111277,0.0072446490967443475,0.02851764501367086,0.07177883334676156,0.029840212668066763,0.011326948331716134,0.01739857255702515,0.024284808772581268,0.03936903237476803,0.012585285184274873,0.006174703944849011,0.0011901155967892953,0.03637169836583751,0.022521739283164185,0.010225510851676773,0.015932991492440318,0.0011991060470609343,0.02439433404791665,0.021414030028283727,0.011436191963466267,0.013869950280242974,0.004498251876112357,0.0066843248534599435,0.004865464577505718,0.0040270978309356956,0.0037261169485051124,0.00014674492714567995,0.010777803105409666,0.000313524504401926,0.06881669436056048,0.0008480147313014985,0.0017844542353489595,0.0007332089183215377,0.0002965280606761281,0.002993041417104935,0.006647361395191885,0.003298852927725754,0.00030525143780809727,0.0035084691695643,0.0015914353828977686,2.6682094785432304e-05,0.002560797440552229,0.0009043979464148323,0.0013696173345019804,0.002405467047319013,0.004064578702584435,0.004277276135852314,0.00676104923945236,0.00019362219502293903,0.0015279032031597993,0.007533534730750281,0.0075502146948575695,0.0003752101311243123,0.0019025299732835733,0.0006896456681763898,0.0013881291090332706,0.0008879365931966987,0.001937713370986652,0.0018094723811750834,0.004571513083390664,0.0010697591445202493
35,0.01170162242467897,0.040895047583337174,0.0024962959421678792,0.00019165187781570065,0.0053453725507794925,0.006416278195356241,0.013236134168753275,0.05450108190598112,0.01991629261689423,0.11189314594708209,0.013566359003381628,0.009420048053689773,0.032431459855306655,0.08373920023555674,0.03211769581396551,0.009414460922326924,0.020122992388051812,0.02361404627269814,0.04273489980933848,0.014882807792177813,0.005819174563895311,0.0014088711402922172,0.04261806870939849,0.022047377660783414,0.010042486639374225,0.015904054334595585,0.0019480033315721044,0.023408524923134142,0.02141170970798124,0.01207518549304123,0.014675510669805708,0.004097426512831044,0.0065599156836881395,0.005114610483342683,0.004402217258116786,0.004268263830091862,0.00014830695359465152,0.01014962713825386,0.00021676288586115714,0.06086811472642343,0.0009171924083647765,0.0018080221929998208,0.0007163419039870371,0.0002287891379772943,0.0032854257050441557,0.006228562240069102,0.003217889198548554,0.0004498450848777807,0.0037712100741683573,0.0016925341165418787,5.6389256454798646e-05,0.0028531320654187823,0.0007758661523782757,0.001182336496970299,0.002416601148271792,0.005028381172854412,0.004202359617153937,0.007135704407154366,0.0001852973401203993,0.0014217239377103544,0.008120777591354475,0.006498458439608819,0.00043207658720654927,0.0018905544612486406,0.0007197104482914735,0.0013434124223460214,0.0010465235014795913,0.00209846312157093,0.001960696744713432,0.005557428188891586,0.0010528283752387728
37,0.01162309760146056,0.049209569349380075,0.002016146443711625,0.00019339162262570965,0.0026666120246513283,0.005590949607525749,0.012854163530673174,0.05141681565656708,0.0187935652346045,0.1206931049819492,0.013467040595023148,0.007962846961209647,0.027723661216256468,0.07736180395167255,0.027972770506259344,0.011340816303386977,0.01686981003695401,0.025479760367962477,0.041881321179716664,0.012231249743946552,0.00637626382448399,0.0012683610353286768,0.03709531800414426,0.02198168730776049,0.010908169915935833,0.018463625464482526,0.0015888671622946513,0.022379032976442045,0.021869539714630636,0.012089015874961532,0.014581569876337887,0.004043559808482047,0.006459096615699836,0.004314177399604172,0.004208982591215301,0.002930555301028218,0.0002845456161210456,0.01049699289417538,0.00037482838109179474,0.0683343076158962,0.000794880198190883,0.0019430205399411724,0.0008023269713677303,0.0003010428048246088,0.003073606928409317,0.00667933700915771,0.0033156185037584965,0.00030014372825303785,0.0032345471849639915,0.0015177837472428394,2.029204184022497e-05,0.0029101752803191963,0.0008573591368502376,0.001492363638838253,0.0024256096459235625,0.0046911982325075555,0.004906846895602053,0.007592906083813864,0.00023559367574255857,0.0016790231191259383,0.008317761304336984,0.008619524584869552,0.00028223478475367184,0.0022212737374019726,0.0008646423933981033,0.001456932343165856,0.0008363956152724989,0.002014231713359109,0.0018003612646252068,0.004552113514952467,0.0009248795620615768
39,0.012049833673807547,0.04980843584269982,0.0021701683056576343,0.0002064511345931975,0.001862777458396866,0.0053732198048229065,0.013828734796707248,0.06122496635586017,0.015373341465682278,0.13303372218235723,0.014376721722550799,0.0060770538704516845,0.024671217412170127,0.07085916611749458,0.030701383765105623,0.011939825004796923,0.015718082924675268,0.02369614525058488,0.03982281790010893,0.012077874147325513,0.0062768653010137855,0.0010979149879115065,0.03412195164457705,0.0219644360345412,0.009718619786561222,0.014862801356226316,0.0010413533649243907,0.02350606675100111,0.01970279890732829,0.010410677950086593,0.013128993550032466,0.004740850192730416,0.006781039111414662,0.004720060420395589,0.0042649129876086225,0.0025436994888874517,0.00019120494625808493,0.010139648398291982,0.00039669347453890637,0.07224392967017325,0.0008484535765775908,0.001924909545654636,0.0008120450612127014,0.0003675529591740766,0.0028128049059220127,0.007346122589185727,0.0033355611211436367,0.00024454028622566173,0.0032760612075368916,0.0015146877367690974,1.605627513380295e-05,0.002805333443613322,0.0009960615619683843,0.0015848872247207785,0.0025323066847735666,0.003990359360420718,0.004957667175666135,0.006884341952807532,0.00021887191478384114,0.0017379230159399134,0.008195297218042378,0.008341864374999647,0.00029884239820686593,0.002326146856453145,0.0009269516379709128,0.0015513059513242511,0.0008859042567374908,0.0019594404737480905,0.001975871527604941,0.004300333249922785,0.001050407134005356
41,0.011149331550179999,0.03801915313751276,0.0024257626696690803,0.0003107922211525665,0.004679945725089946,0.008012288109096556,0.012607559566364881,0.04066581373551109,0.026350745025383135,0.10346314617961226,0.011159169614849754,0.013204119521429428,0.03799689008808452,0.08849610688759046,0.025731397792075093,0.009884293323554748,0.020584143471771385,0.03371069289524475,0.046347612971949274,0.015563383557446178,0.007789567041644476,0.0014821461228068694,0.04665115659384225,0.019759141008425886,0.011693270219747922,0.012223309426860642,0.0027575239099811074,0.020212154601453175,0.020655821807043125,0.014232045922858252,0.017415082025878343,0.0036970462599047096,0.006278135548480676,0.004523850533493928,0.004824261374435014,0.003267273330205172,0.00013621831930968177,0.010227721377863371,0.0002775437170540699,0.045986526142688965,0.0010036187010228801,0.0018211475190452633,0.000788781439828106,0.00029789828187184536,0.003718454494035431,0.005488094021418469,0.0036034455970548355,0.0005085664899359848,0.0036990205748494457,0.001857020073348431,6.355637792666276e-05,0.0035618013296663587,0.0007076839409252834,0.0011370895875297403,0.002600244000613971,0.005630109684886341,0.00415026739943424,0.008387675361597426,0.00020333996196639955,0.0019128241254254895,0.008672201840392028,0.007405287037937835,0.0004755261972685361,0.0018003009300301353,0.0006665946360195083,0.0013396552698499954,0.0010328370048079388,0.0019973455178496596,0.0014925481192521286,0.00562705841636468,0.0010257506220734526
43,0.01060226555399879,0.04128760645755387,0.002199708022061491,0.00022173733792118293,0.005482347939378544,0.00643181135953814,0.01071601011422387,0.04370875019192054,0.02291737427504922,0.10099218663647884,0.011995811324202424,0.011434342002885112,0.03353327613232753,0.08507364614605623,0.028597673516118274,0.010091915367612801,0.020140398565546162,0.025240301612543297,0.04269076367478491,0.013229223303235935,0.00653846700992973,0.0015830518484336348,0.04611515633017649,0.022831962111067985,0.012666405690078583,0.0204988902825831,0.0029267520186950753,0.022721213342651096,0.02509160349768013,0.014935507106139934,0.0165007191816918,0.0034560824007707222,0.005996519004122091,0.004256341006789174,0.004619755130237647,0.003635497339634787,0.0003077520663261818,0.010076458805817406,0.00029833779532228055,0.06325755692333705,0.000884202234167837,0.0016741854735948995,0.000727695306330457,0.00022568456055709646,0.0035610211333021603,0.005365075673937406,0.003268536244843221,0.0004182258290807147,0.003451475854345084,0.0015762186227722065,5.8247664605912926e-05,0.0032689386429954593,0.0007085087861194989,0.0012481945970261032,0.00215774115193848,0.005420271610237693,0.0037789177378179406,0.008449532948929004,0.0001999663297859047,0.0013312943916782246,0.008837618371903331,0.005686380143344075,0.00033730944357333414,0.001656134367153774,0.0005655907792161888,0.0011365119372281547,0.0008870430936027446,0.0018229668558504655,0.0016544708063003053,0.005309958420082926,0.000803685882137947
45,0.010416014310172568,0.037788997302588445,0.002245334866869606,0.00020348774678245502,0.004988550006479797,0.006689922629206674,0.011098506090525975,0.04466223549583198,0.022177344021176718,0.10211988350720595,0.012311246669430165,0.011665747917587567,0.033305884525446125,0.08791595247725394,0.0295407773497918,0.009498492475473333,0.020344303785313527,0.025651595509420037,0.04409967525388178,0.014191267111528754,0.006514269784867162,0.0015748559017060959,0.04794104358612539,0.021919115447899328,0.012114880508592702,0.017616739254343677,0.003130238466944798,0.022460223152093426,0.02402674745543501,0.014591280629881463,0.016698503603932872,0.003656719666416868,0.005936589807533554,0.004521591394033002,0.004747730671743671,0.0036216019077291105,0.00021245151699296732,0.00938502505992748,0.00029128721803997317,0.061287654199612546,0.000887453366659815,0.0017098643893099015,0.0007190794948005696,0.00023458913860479412,0.0035461485482964506,0.005359759083822141,0.0033550410532248564,0.0004181422026265447,0.0033867713038078615,0.0015591651563218257,5.462599955796162e-05,0.0035397006104479893,0.0006627957514619279,0.0012357417499998325,0.0021765299454566765,0.005320206657164739,0.003792416199255985,0.008431223971099069,0.0001998598424413648,0.0013485599344136132,0.008752337664586869,0.005026079019779613,0.0003589138011893366,0.0016469086887928458,0.0005773291866721601,0.0011483538707906965,0.0008786649158480509,0.0017175215032929558,0.0017151140719312374,0.005474359797328094,0.0008603204558520803
47,0.010797290847648309,0.03804612537913504,0.0023388359002709845,0.00025318041346520433,0.004488266478290907,0.007085728828367772,0.01163451575402664,0.04386579757509228,0.022367031340880347,0.10209773197152941,0.01196269386589697,0.0117874997806559,0.03563850255145977,0.08779960079078059,0.028275464542947708,0.009449051473343312,0.020850928106249823,0.028520655247804217,0.045259922947893924,0.015073176862042861,0.0068211053870711365,0.0014991750258911902,0.04714849586220862,0.021291731533621884,0.011838183151237584,0.015583172731851277,0.0027956633869095,0.022038363080301132,0.02266807508679532,0.014401871503287783,0.016819984054471604,0.00391039782865752,0.006030385856925058,0.0045354446353966585,0.004746018201531977,0.0033419405076486495,0.00017789158700430523,0.00963264202307941,0.00027051722033408443,0.056386744116156524,0.0009516334110568592,0.001769462301799698,0.0007624378716867558,0.00025235033455268897,0.003610253512009733,0.005542009979952441,0.003394067519748774,0.00044108467734413467,0.0035013094795697257,0.0016642789257668318,5.875125586731026e-05,0.003535988330941324,0.0006911912931348195,0.001202422811861742,0.0023160585279408644,0.005535204517333927,0.004066489486739803,0.008323552092045014,0.00020165891378217887,0.0015280165657217126,0.008669235540487312,0.006075453056852247,0.0004113076362149171,0.0017496795163483947,0.000595434549516411,0.0012459317236291772,0.0009149715878223543,0.0018494048546545965,0.0016471794400730517,0.005468055007327872,0.0009260289458584488
49,0.012588418199147756,0.04026913940846475,0.0022352529900976047,0.0002954256563662204,0.004788010181090599,0.006845829692423139,0.009498905467733935,0.0375751831031466,0.028930546952960556,0.09454267742957538,0.011050659465096946,0.015008531676859598,0.03507808880854553,0.0849078043748175,0.026429801035565127,0.011206133070366978,0.020496211845042567,0.032289574726921705,0.045917719947401875,0.0126335964415488,0.0075426018788767165,0.0019084553501026824,0.052723039187785585,0.021705154164709785,0.015200444189379549,0.01794759107443838,0.00402147309798093,0.020731231891213807,0.023790689202347125,0.016255744892732234,0.017231076184034962,0.003065844880042855,0.006395297072731471,0.004244343215780558,0.005338247820172562,0.0036810838367762923,0.00030753669627716805,0.010666440985252787,0.0003787523485076966,0.050705445533425576,0.0012039998786799412,0.0015725699029222548,0.000807635682864912,0.0003820843203071925,0.003893539184096054,0.004900465192959429,0.003602687145518238,0.0004364999807687755,0.0034937423369528573,0.0019344802507117592,7.168501192257034e-05,0.003605527215700979,0.000668059758840682,0.0014489260760209904,0.002142537341742718,0.005613462653403609,0.0034449644730422295,0.009632413528323511,0.0002461998297293272,0.001420720679900255,0.009167624993334803,0.006371210954301533,0.00035233436524963435,0.0015226367020082755,0.0006431776981892993,0.0011411616108395013,0.0007781944996751364,0.0017112484012746741,0.001425023789518741,0.005417807416463417,0.0009722686469611693
51,0.010882363442689648,0.04593189921018098,0.002070678331712918,0.0001857370574113332,0.00529300357184162,0.006849099358895511,0.011256354186528369,0.039419499332182535,0.0273613295206203,0.10366057625022611,0.011645711972026926,0.012113664636395958,0.03285162010640227,0.08441927682387691,0.025307466634766008,0.010547804685010782,0.018445181980292463,0.026333822328974375,0.04057107169805079,0.011833674207037724,0.006582061105545468,0.001573618101413566,0.043899058501535936,0.021769845227617834,0.01362844094830873,0.023419884809806082,0.0031168402128907893,0.02026282021906083,0.025593834311316684,0.014968672601899078,0.017193654977825483,0.0032969240918280553,0.0063102254829887445,0.00411213778253443,0.004744678596854869,0.0035778755865186053,0.00032551472406394904,0.010620706656541657,0.0003664700237822815,0.05798410000259135,0.0009260161619951308,0.0018693849040223862,0.0007601620531815943,0.0002720470810586986,0.003633479239879955,0.005315860703489018,0.0035062270076081426,0.00040597107762345777,0.0034476991014921812,0.001706446319272287,4.2189283734767756e-05,0.003331510780706368,0.000769023486460556,0.0013495702425986905,0.002388773056727595,0.005420448706506297,0.004253151115754105,0.008921151062302941,0.0003046924259489967,0.0016924215054256748,0.009199994560804461,0.0066230211910533925,0.00031234438043991323,0.001927036679806641,0.000816026941927302,0.001250792139181307,0.0009088302646164184,0.0020522869737226975,0.0016466344048017497,0.005387691033075211,0.000812710073652999
53,0.011987293398651996,0.052585170044687275,0.002088520586734789,0.0005204319831740021,0.0016923515875149789,0.0039047519688332286,0.009993340634864125,0.07153608315293564,0.010594132870793296,0.11222248282288078,0.014290737108836701,0.0037740119081717646,0.01827126818220059,0.059771308483597456,0.037972860314738226,0.015046544169617888,0.01580350401109597,0.020632606681290917,0.03781110749829318,0.011915827939184184,0.0068123427554665295,0.0011514001903488434,0.03610226976159938,0.024977467764913067,0.009775158640641022,0.011386269816238127,0.0008684310260653646,0.027667894603168607,0.018345896510076634,0.009322877684797351,0.012408004908787362,0.005311712154385942,0.006795521417205047,0.005511519910697223,0.00472795339413485,0.002610675227285932,0.00019080221226709358,0.010170474817961787,0.0005137307995581946,0.10737305607209816,0.0008972364968416055,0.0019861412272029785,0.00126661711799231,0.00040895689877993766,0.0028334234087649475,0.008992974881920072,0.0038200987969731906,0.0002217994740306036,0.002667935901598762,0.0011188545958109625,4.120908388404848e-06,0.003118172398882138,0.0011114964630503515,0.002069450862852068,0.002152497232984433,0.0034005648682383935,0.0041167441904230466,0.006757690895533419,0.00019959052111758317,0.0014713435490243403,0.007920360674778918,0.0075894657028005574,0.00029024640035999437,0.002418686296112814,0.0011163693526685138,0.0013224431617498782,0.0008659680715011792,0.0017142473581625256,0.002175013273411424,0.0037573763770756157,0.0011092999538610633
55,0.012328567932743648,0.054863762480025,0.0021623240322337918,0.0004490572552451557,0.0018946606140721558,0.004129413975394816,0.009452999559165324,0.07374184483217053,0.010941939861415959,0.09690816630235422,0.014209913876502282,0.004222715194156564,0.01976105013662878,0.05626212946638015,0.03176426796376934,0.016228345220450135,0.015502116710160179,0.022299400619413445,0.035202748297028304,0.01159218759926853,0.0079961739718848,0.0010400045705557814,0.0378164543242245,0.02456905847186674,0.011279268398864638,0.01015389537392773,0.0010008242518842522,0.02781226552303419,0.020429904596132968,0.009902559387812425,0.012806843967781933,0.005174809291254587,0.007101917547538354,0.005904504971602583,0.005092420280621276,0.002873328301786349,0.00015603442035032263,0.010953047697132793,0.0005834614841506724,0.11826626000810307,0.0009808427810082442,0.001881377660974095,0.0011995720451490036,0.00042306554389152066,0.0031460071391078426,0.008458667087001943,0.00419395289975761,0.00022005644943855213,0.002785126556942045,0.001083981865650156,2.498769095898533e-06,0.003205418173498052,0.0012031806299927757,0.002076128727794439,0.0021061072617640573,0.003121031911615597,0.003064318688506917,0.006846031286776321,0.00020801982923629342,0.0013564755155667898,0.008037632253840616,0.007032483463353365,0.00030900384379361015,0.002099362090631662,0.0011249435281467629,0.0010915840722894722,0.0008948945850151538,0.0017236086759725574,0.0021891320314874566,0.0038798088424128155,0.0010714326906436198
57,0.0128210858201354,0.0541780889304081,0.0019487296402858725,0.0007624842044337666,0.0016662538169233247,0.003679121753384753,0.009961957864478278,0.07180004961014727,0.010272010453124336,0.1052410882118215,0.01316578036879238,0.003441722534889658,0.017499127495059576,0.053604531605838904,0.03556609855452564,0.0170992317789443,0.01552519159921661,0.02072145842648457,0.03592345717037195,0.011744241986321369,0.007333990259775126,0.0011975354455838873,0.03599339468802371,0.025869934683836478,0.009872273118518116,0.011472744777112496,0.00087803421855413,0.029427744319665012,0.01886363183049039,0.009423785539674838,0.012671203083385962,0.0054096479828776856,0.006709833976300915,0.005538910550102306,0.004771913875224162,0.0025135078098461167,0.00019945544994738013,0.010609146812793197,0.0005327937364454966,0.12136835388089258,0.0008600754593829434,0.00198655425942624,0.0014729467908875732,0.00036745849646282607,0.002770089176535096,0.009529182701603668,0.003992176850306867,0.00024312236521761092,0.002427409406915126,0.000997130417594514,2.0464833468203202e-06,0.0031252212260236,0.0010736230987432292,0.0022531566543906845,0.001991545880114547,0.003224862473012455,0.003824559128200745,0.007031532045778618,0.0002135106959299325,0.001337058778522002,0.007151276745593626,0.007611344643968165,0.00027716757236203275,0.0022892872868852648,0.001078195541386255,0.0012422652336628157,0.0007405594936451034,0.001577610363647731,0.00211274167305115,0.0036117836238756334,0.0011741493327859119
59,0.013089488410374644,0.05643110781034738,0.002021863496608271,0.0007557151250352582,0.0017885367195889436,0.003963757369511166,0.00987593535366635,0.07314639435547074,0.010774618633256716,0.09414074515999284,0.012666025448026492,0.003751425361073711,0.018568553829028493,0.049343553341677664,0.029074295922029966,0.01848005407148017,0.015089425774786926,0.022166656008378166,0.03320563824912213,0.011446940424882208,0.008424609215832952,0.0011104509439752717,0.03677318492095924,0.02550342597663704,0.010994531546340327,0.010640486449348023,0.0009718799949058116,0.029916414937893945,0.020746226141207153,0.009853403028871057,0.013005552277346004,0.005337946749915942,0.006907796593701127,0.005813171033895119,0.005082308981862565,0.002730204424707374,0.0001792103656943,0.011267677960527649,0.0005927476760128358,0.13153360739842507,0.0009440968699443694,0.0018870128720529628,0.0014532465251453153,0.0003844351444047216,0.002997015700737172,0.00915504164409208,0.0043153668932796735,0.00024295110619168632,0.002477133978823422,0.0009627505687346016,1.3529332901296452e-06,0.0031813094387506415,0.0011553672313656573,0.002294184296053325,0.0019926071684653944,0.0029988082986535354,0.0029505670604743454,0.00716753196246476,0.00022661089469124787,0.0012941794938482348,0.007209564087741663,0.006815823902793812,0.00029489896588868894,0.00202431374925224,0.001081507337122673,0.0010656762623398094,0.0007615448219957068,0.001573273659542957,0.002114024159791884,0.0036834691633613305,0.0011847967729823974
61,0.011072396908493697,0.0490872466761159,0.0019308399839476859,0.00028014877960574853,0.001651717299749001,0.004884409350240858,0.012369409102247451,0.056194879590195645,0.014070779508623142,0.12614398096477394,0.014562251879764435,0.005121105525360432,0.021889993062425575,0.07637424943686666,0.035420546780855294,0.011326451186566753,0.01717886233672896,0.023499717443072457,0.0446034265852914,0.013139491564852166,0.005773296897714249,0.0012221905804498901,0.036014554095514885,0.022387912780815276,0.00856767277837484,0.015877406528324638,0.001027962159460576,0.023462712931702885,0.018325831483939074,0.00973835270720498,0.01358605959369312,0.004713731141072084,0.006240473686064432,0.004636471618385912,0.004189280970320998,0.0027028838456088144,0.0002659300491516308,0.009137687467434192,0.00034935763528909586,0.07623990749578273,0.0007972901757605758,0.002321810640552441,0.001043973904677295,0.000362835038768547,0.0027408777792882724,0.008124124155459538,0.0033012298114740387,0.0002498989612853133,0.002728679853765211,0.001325555437765496,1.0745106721559817e-05,0.0032749498416388663,0.0008530195087688085,0.0016901987627244014,0.0024927814272952477,0.004612277379834637,0.005898812702178853,0.007162048265995102,0.00021293136045754827,0.0018718187106579265,0.008589660265485488,0.007877106260257592,0.00028172884094225206,0.0029677030671605223,0.0011869207389053067,0.0016683769648888095,0.0007958485298472772,0.0019863500964061183,0.002108218002129381,0.003973710765342477,0.001080219871903262
63,0.011599087646146911,0.05212685825231775,0.002444817252676878,0.00018641718320623133,0.001795932565945096,0.005119396061325959,0.011971969247467662,0.07135865036129341,0.012939734453560201,0.12305691281677694,0.01486867086461029,0.005095287627302763,0.022269563390387558,0.06379132612886831,0.03150015741595769,0.013388639120361537,0.015052389190130027,0.022201089054334464,0.036771810344219225,0.011594292060257043,0.007005344105129098,0.0009771313961561034,0.034759704445609725,0.022713671042732246,0.010485764213283778,0.011561033088496542,0.0009355401929928175,0.025193622591576127,0.019810033979797022,0.009962243423292902,0.012370329875497717,0.005169953007400626,0.007167189934600371,0.005431009281681704,0.004772594812851,0.0028186700321712,0.0001453626326232895,0.010327585673927884,0.0005002453220059589,0.08810156494473315,0.0010306221453479025,0.0017729256972449565,0.0008438363259580147,0.0004644368836636844,0.003040136324993043,0.007550512463314846,0.00370027982768628,0.00020192696553441477,0.00325250811341777,0.001411572939481706,1.266014360550819e-05,0.0029126071191262863,0.001234449357383568,0.0017499920679769107,0.0025417514511527784,0.0034013856268174914,0.0038578451741597083,0.006498191954411546,0.00020071112206023723,0.00169367928729214,0.008767390545568172,0.0068278072713852085,0.0003302260950193235,0.0022181865037901854,0.001029288100052874,0.0013651209533622568,0.001066740516708753,0.0019214833195388718,0.0021560275214216103,0.0041443292935857134,0.001084161929978259
65,0.012345401689672443,0.04696778958090585,0.0016289651773365322,0.0003812752547866462,0.0020981657801044137,0.0056259792388187995,0.013848620784446371,0.055188705330053295,0.013033001042369104,0.12155929669266828,0.013393389832183243,0.005827382307576253,0.02577192624448012,0.07320045319376581,0.02851499581090121,0.01158312579845993,0.019828695415978592,0.02673091093350655,0.047089067138298114,0.015136895379161673,0.007921794092139242,0.0013761873968866733,0.03826321322268712,0.021174935186157543,0.00882054140348277,0.012809727844587743,0.0012896697033584733,0.024220661687927518,0.01912567384291728,0.010139176679269842,0.0142900328672084,0.004453598278838124,0.006626673298846415,0.004992399859830312,0.004575270355889307,0.0017404060324906659,0.00030930571134061993,0.00835501424758815,0.00026905977062650823,0.07169071592034192,0.0007967427376054695,0.0025115977444908947,0.0011957756941669156,0.00048281159481775227,0.002845121343725383,0.008034183896270473,0.0038009966507740996,0.0002851965960434096,0.0027088877885662493,0.0015317033237910495,7.059845904803269e-06,0.0035828194792738724,0.0008519587464650951,0.0015591221660166622,0.002507859008802709,0.004021968273150313,0.0059670295106796474,0.007409569780281202,0.00023710231870122198,0.0019501991372331369,0.007698993505982736,0.009501670233902363,0.00027331319434402917,0.00356279414566269,0.00134505544711863,0.0016051979461869299,0.0007611542515773027,0.001982076275419897,0.0021709086141706736,0.00438789825083148,0.001176665258656983
67,0.013007440289803086,0.05335806102161092,0.0019211747108142687,0.0007819080103491519,0.001756279382897907,0.004235455294743067,0.010952223106878012,0.0646764182348421,0.011298713906310756,0.10822783518216249,0.012784021560426009,0.004159587502767615,0.020703075150469662,0.057087527963515905,0.030858903239833643,0.0159894722649897,0.01610427950342782,0.023760993625289384,0.03902874377137836,0.012425061491193812,0.007913110818573477,0.0012036918906338189,0.0362906288925359,0.024645568001532163,0.010034756043596844,0.012082499356248964,0.0010546861202025866,0.028049640743342274,0.019198686891589083,0.009971333995428464,0.013447370161246242,0.0051671666980011716,0.006843400290840144,0.00541360520125367,0.004832429154318908,0.0025010163663615153,0.00022483475996089132,0.010299737237212425,0.0004720195845714194,0.10804427065615446,0.0009113329550289243,0.002159992729424095,0.0013960440146687043,0.0004262807521374155,0.002832898196199202,0.009085244590158845,0.003958364923455832,0.0002751759772793158,0.002564932583072906,0.0011702278089989295,2.239892616185712e-06,0.0032463253410145,0.00104042586136572,0.002111587820551196,0.002176042789878605,0.003600170340147409,0.004347044540583833,0.0074110256374125515,0.0002260241567176479,0.001563300404320838,0.0075337254474016945,0.007744079242397233,0.0002946027544306067,0.0025970295912473166,0.0011905522268598687,0.001368139605976512,0.0007858592768586113,0.0018103577012018935,0.0021415447753666056,0.003815307019109983,0.0012422629075346666
69,0.00937631544678046,0.045145737125371364,0.002078725054549968,0.00021608733287061901,0.0031893231220372067,0.005500438692168423,0.01029657759710919,0.046884671630920936,0.0241332021233413,0.11798278337694884,0.013791868381205514,0.00973441925474567,0.02599390850307165,0.10207879789012203,0.026349981558905364,0.008699001836343284,0.017963839744258893,0.029108986791931496,0.0476548853185399,0.014851024742717303,0.006170843577233816,0.0011862951895103134,0.03453809074586846,0.01967459611719641,0.009319336782459773,0.016646550679559856,0.0020648752487440855,0.020406562685304386,0.02057050368604631,0.010029072534907093,0.012424769621660461,0.0023719560410178603,0.006248379691110516,0.0043963083253056685,0.004146585113247425,0.0036332845527838036,0.00039379220708595864,0.010794988402850631,0.00023308474879997466,0.05495960554998599,0.0009051397014257967,0.0022416116830746694,0.0006502521598725573,0.000283510992940631,0.0034653045035866765,0.005988339951822581,0.003666307439999618,0.0002852459547010573,0.0033373919345670243,0.001332396149600092,6.671303527410115e-05,0.002772612071335963,0.0008052136455372479,0.0015786816269811109,0.0024163963588763712,0.006147470470893604,0.0058750916683096835,0.00714123282412196,0.00032356640295127886,0.0017119985412874558,0.009189188926718644,0.00920307204640232,0.000248802362618816,0.0027102693708643158,0.0008855715056142582,0.0017423595973080092,0.0009278349283660954,0.0023604204835922416,0.002081076970612426,0.005609957775938396,0.0008104550196951175
71,0.0115682960943254,0.04462385268208888,0.001635647168164342,0.00021581126051872147,0.0018172270183945795,0.005450870518620538,0.013347288961387123,0.050833309768204,0.013511864130678317,0.12234709228420179,0.017648434783659933,0.005271323069571422,0.022762993053616044,0.07719069264880252,0.04445915184398351,0.00969770974688276,0.019831181585656273,0.023113731703406443,0.04408564983559666,0.014972850885765691,0.005328360295506206,0.001130735541858891,0.03782151174946642,0.02227240262871826,0.007455612985336238,0.015712583510032272,0.0012458831331147245,0.02263401795743686,0.020339448123107447,0.010178524931312029,0.013687236047118136,0.004485790071045241,0.00603644670665305,0.0046354898303337016,0.004218329222539834,0.002550157221891228,0.00028454061422179204,0.008584093529227453,0.0004229867469594175,0.07278163513013144,0.0006270215098549928,0.002650511432326325,0.0011161387177159178,0.0002601292043346511,0.002757360235791216,0.008171267501501094,0.003439361358250125,0.00022034850016725525,0.0024751236945335115,0.0014262146799177483,1.3681440051492687e-05,0.0034008856192573817,0.0006356094060344971,0.0013565871327824695,0.002162699529890401,0.004696834572829825,0.007535282935543338,0.006836515131714706,0.00023904678417171208,0.0016624286946464737,0.007854109000140627,0.008715448974662955,0.0003002772050796019,0.0035472877313461595,0.0011990601582663987,0.00189901613364839,0.000589331663082192,0.0019919403370005453,0.00207533961139864,0.004048221655588367,0.001123772342859432
73,0.010853627912311488,0.04722470803663022,0.0017764353784320262,0.00019373800548178955,0.0023531987829975604,0.0055928969977381586,0.01168782823616857,0.04331974252001759,0.019255371951878705,0.11504351509521568,0.016129975332728103,0.008039302128261363,0.027365864641014547,0.07810292487826659,0.04401839928515394,0.00978916081964202,0.018000145959303767,0.025376234546047777,0.043352521238880844,0.012903372000509453,0.005394937491083064,0.001282018826579743,0.03817232596931352,0.022759353217829282,0.009875738789266283,0.01970104342983609,0.0018841018451056825,0.020025971938009014,0.020902694891176243,0.011376657921319257,0.015653326660443233,0.004241415193307042,0.006186609349955187,0.004337372401575393,0.0042154656147376564,0.0027598237617141854,0.00033177468205447346,0.009210652920809862,0.0002905864749033977,0.063539471961727,0.0008106607324012737,0.0023935678398568526,0.00097221509134769,0.0002904761802536069,0.0030811746702258907,0.007223834795812774,0.0035063590794651048,0.00026993538065322445,0.0026131308659343416,0.0014695378498699784,2.275475753729378e-05,0.003450048771473521,0.0006733911286123787,0.0015478548111987436,0.002286295190144265,0.005333123387643274,0.006650593290666809,0.007730853935310149,0.000324168631057377,0.0018135441653422749,0.008725328430530697,0.008064753975787022,0.0002761567236937,0.002932505886927875,0.0011522822388907244,0.0017512064084411873,0.0007150210877852667,0.0020262678382832965,0.0020166535512682157,0.004461696603937636,0.0010600381233052676
75,0.008805194281035897,0.04572710050260069,0.0017776525767549591,0.00012698584772210598,0.0020389221856518236,0.005196608002426744,0.013119199894150698,0.04694805690601418,0.015798703800468338,0.11691509398173748,0.015810803577220464,0.006325524022777007,0.024580693588861023,0.09334227693997459,0.028797220467654695,0.008871265601813163,0.020572575566638072,0.025821277456664307,0.043950515939566025,0.015986698834991177,0.006031587677868973,0.0011101139436374204,0.037874112685196554,0.020526743103902394,0.008118642741231044,0.016212699893541117,0.0013924248032951263,0.022568273352023552,0.02246766354084707,0.010149328185696081,0.013793231028010902,0.00381379876420766,0.00572832765188574,0.004413298324169591,0.004334654354897857,0.002514523103724709,0.00018370598096099051,0.009134608247057674,0.0002505341061994365,0.07114485546480885,0.0006674364044060576,0.0023989531895399993,0.0009683097689048239,0.0002541328764901085,0.0032415386362990785,0.00694281174748732,0.003677394973572739,0.0002255986275537875,0.0026614813376370366,0.0014709555810382385,2.6170741703345977e-05,0.0035683295151275533,0.0006408735096881625,0.0014984918737684042,0.002176277286607302,0.005542149576115649,0.006841157480653367,0.007280970145762186,0.00030167748364119397,0.0016624025508978565,0.008465258934610205,0.004820547663648909,0.000288274649519561,0.0032105544121454545,0.001235710539402493,0.001885770130973542,0.000756604950823896,0.002055398543193174,0.0020340306740502757,0.004721203819740668,0.001058513875813006
77,0.010110985050257523,0.047476587945037826,0.0018641213283669663,0.00019726838587736634,0.0033030944435450816,0.00671183104273873,0.01122400073603054,0.03696359319257332,0.027138167712293104,0.10795847380591028,0.013061495137447834,0.01142689012137707,0.03229458727481199,0.08712885893490839,0.02475199387717579,0.009740493716873114,0.017603359839206006,0.029399174225357445,0.04341137774514564,0.01235723239667628,0.006634599384845873,0.0014395955583543457,0.03934881818693235,0.020405198812107297,0.01242550401616892,0.022168701923808376,0.0026946861520486206,0.01818386819387903,0.02412288141065943,0.013173578753012222,0.017393663800809422,0.002985367491216243,0.00656310302477487,0.004091764520049148,0.004389801327169987,0.0029125108957795552,0.00037104718177137025,0.00993495603404247,0.00019812294259477742,0.05284675033862837,0.0010469378588240108,0.002305094154046608,0.0007839617628014374,0.00033410099754811284,0.003478707084683744,0.005609289797080089,0.004019697499546682,0.00032226066602016203,0.002861031589322678,0.001644543690463756,3.7053613370411664e-05,0.003676396499194992,0.0007377147117565225,0.0016391811012636335,0.002639777292041314,0.005909654595202634,0.006092673260168679,0.008992631244230961,0.0004133580162293918,0.0020410043692305688,0.009867418463989438,0.008378223812904128,0.00029954869729826406,0.002973492659548229,0.0011522627252282083,0.0016657973912709851,0.000770148621809822,0.0021882530971576754,0.0019323829950211328,0.005365755851219058,0.0009662997913232913
79,0.009601993420247756,0.04540423487311085,0.0018799252264848421,0.00018289819594056748,0.0023687548655747814,0.006014872254804579,0.013335061765536727,0.045885386095517205,0.018692193907805195,0.11814736572462287,0.014892147929013586,0.008103644227222416,0.027712626848914575,0.09133240087083497,0.024998211027602354,0.009091037532565526,0.01890270965104074,0.02775808921595635,0.046525986027418004,0.016010682643169336,0.00624368974261272,0.0011118796667121667,0.03665746846191974,0.020361839532802004,0.008907167124318324,0.016650439254750758,0.001617922963974576,0.020803654973041267,0.021907613322097994,0.010661124155129707,0.014739740257259373,0.003541946895519606,0.006091674369854447,0.0043300498708879285,0.004236444552898261,0.0024851558826401166,0.00026721515538059636,0.009449334498476946,0.0002775648543847717,0.06086619603399546,0.0008027302646084658,0.0024555866601866454,0.000827402589586931,0.00031570350523229537,0.0032132325440375627,0.006620473616826154,0.0037974722074146532,0.00024828072919439196,0.0027996251465650015,0.0014770390237918902,3.756128429872356e-05,0.0033342707024108533,0.0007113166629455976,0.0016843265340349264,0.002505899392479146,0.0057406438377267015,0.006824822181111608,0.007606984153759999,0.00033923603350827035,0.0017774869972140368,0.009222540580794506,0.008308422404662168,0.0002909406205879754,0.0032624586232130725,0.0011758230743334252,0.0019014696381400506,0.0008099464166304233,0.0021602975233434188,0.002170392383060664,0.005116635856402773,0.0010393851760592638
81,0.007910948838950228,0.04448465245343939,0.0019919117746109516,0.0001517518797661074,0.002109143939117904,0.004818552882287078,0.012893649330580166,0.05183114448892677,0.01466491612476364,0.12227999465370655,0.016926907549955846,0.006085555936485894,0.019905922158527264,0.10580089700703335,0.026591467659791847,0.007772472316782908,0.01917706695228813,0.024509828954620835,0.047279850646360824,0.01772451973201694,0.005418401109249018,0.0009506370017357613,0.0349754382726579,0.020416973518055135,0.00791191920279578,0.013642601084342437,0.0011418545169983813,0.023472176851117785,0.021506802055266998,0.00948709739981182,0.012423959488675904,0.0037770450760608257,0.005263599919911696,0.004502283746591068,0.00396578184915634,0.0025229546919464723,0.00018487614304328414,0.009523668894761056,0.0002512375352332683,0.07111620985387523,0.0006702645386282148,0.00225598650610193,0.0008085816732754446,0.00027401565700554655,0.0032945302656753046,0.006999736755866828,0.003512361032221677,0.00016825198564949506,0.002603651877619106,0.0013653147346924751,3.592288823929e-05,0.0030782165777713416,0.0006755293284688336,0.0017963533168978533,0.002073379182508004,0.005729122612099726,0.0071524422981781655,0.0064190939736960126,0.0002754420345151337,0.0014636895329095722,0.008182376202724953,0.005108195215189476,0.00027948041550391586,0.0030504263800263157,0.001086540639916792,0.002157510585675582,0.000913837129751604,0.0020875053319764306,0.002143797167732097,0.005005540516288798,0.0010313464930910496
83,0.00838723085586367,0.04519247337828292,0.001940604054298132,0.00015330874275084157,0.0022371096864016913,0.005356200041664657,0.013080032366229438,0.04864360152584543,0.017474775493461624,0.12057093657943646,0.01553428909720285,0.006842521253672843,0.02380735837989794,0.10131454167524434,0.024335305034180004,0.008334471390131958,0.019061717013121416,0.026185838054207843,0.045050259381228475,0.016510836502402915,0.0058932975177774394,0.0010326447531111807,0.03561789108026956,0.01977635262847558,0.008393834332941942,0.015062529452465844,0.0014226905317856215,0.022070946637443335,0.02225483735193222,0.009953811788877909,0.013378296832225432,0.0034446496792094523,0.005783038550841842,0.00444687793640964,0.004187336712801746,0.0025972657393763384,0.00022290964108117307,0.009647863607450409,0.00021161705455364973,0.06651893562371751,0.0007154718586450761,0.0024027421662534834,0.0008216648041209437,0.0003057540570521691,0.00333625889005185,0.006710351059882025,0.003594264154991549,0.0002118590718851071,0.0027792910188086505,0.0014913739873139511,2.9637745287955422e-05,0.003254299967776147,0.0006992591844908954,0.001620273847247589,0.002279661031258073,0.005733339284192461,0.00677330732236857,0.006998192043436401,0.00030147571842511676,0.001710353295159202,0.0087470219698898,0.00511744664805259,0.0002776907426203208,0.003239211421233444,0.00118483371514629,0.002038696170623705,0.0008318384347614336,0.0021530350795343355,0.00212837654081464,0.005132798661671492,0.0010260555367479101
85,0.00819789955524123,0.044861540996416246,0.0018394212016227534,0.00012715268693395411,0.002196582667869726,0.0051932777897819886,0.013828553876105917,0.050712261894614676,0.01520126967448307,0.12153773950464883,0.016581552925886076,0.006306489503199754,0.019853378089465936,0.1017765706163465,0.0256442778858456,0.008062625086257463,0.01969774474360768,0.024837927403046425,0.04648214568024402,0.017646165196161565,0.005845460550065323,0.0009761298027157768,0.03695744367044404,0.01988701885010182,0.007920856073742199,0.014013786775936253,0.0012778348616583524,0.02316267802822566,0.021679396474188987,0.009942482121412652,0.012999976737380486,0.0038187857126552737,0.005243088360865011,0.004475150549511368,0.004088523050776946,0.0025423839110014852,0.00019293594381281036,0.00931538537993982,0.00027253246427148906,0.07171667101980166,0.0006127866732505907,0.0023493081727386017,0.0009276702613812294,0.00026811711232956954,0.0033505704751274333,0.006947370403358358,0.0036357261763947835,0.00016979636138646405,0.002497991775937531,0.0013892017444524804,3.477125117204924e-05,0.0032840348473608164,0.0006506191133429122,0.001728829095450669,0.002086492910686701,0.005548527515692043,0.007338344376389312,0.006759260450581368,0.000293631774005425,0.001475337730623778,0.008024504365182395,0.00454533187330721,0.0003022461876434842,0.0030480139011188267,0.001183087107080597,0.0020588292658128733,0.0008628061795577274,0.0020473716553442334,0.002122114803733817,0.0049925376538503315,0.0010490090026270037
87,0.008517884776728428,0.04619535100844845,0.0019233379787254345,0.0001287215193489742,0.002194766198338399,0.005439223549007932,0.013252681960390783,0.04594930208044362,0.01701056255708252,0.1177467282960741,0.01529712808153225,0.007101846417444459,0.025536293583358093,0.09797870894484101,0.024491867245050876,0.008577034494391698,0.01956489459924563,0.026731951638424855,0.04400630562825142,0.016279819161107382,0.006211625056948056,0.001065349266762723,0.036486271760093475,0.01988182359959735,0.008556477212045445,0.016214268916194475,0.001463735635644007,0.02184802768169977,0.022729278226708678,0.010106627836618651,0.013871961389465403,0.003615867315699331,0.005792466867552089,0.004381233282860784,0.0042046903871907,0.0025355095286995004,0.000191280186229261,0.009653850692722085,0.00022520448559091086,0.06734019784838752,0.0007166789615474212,0.0024294814321128037,0.0008415231721701892,0.0002827541797410947,0.0034053733815045885,0.0066356699255390224,0.00372922600264913,0.0002177869702107064,0.002719459509212767,0.0015193680689535797,3.489979116515962e-05,0.003414278859315814,0.0006798782360344944,0.001656701310378496,0.0022733012599435503,0.005856690044878608,0.0067686475175678515,0.007299690080854735,0.00032365596293159975,0.0016837371929214985,0.008723532117758056,0.004514300199489764,0.00029140019522910755,0.0031653436004015186,0.0012192205058667346,0.0019787313742422137,0.0008399296156253351,0.0021523423128120456,0.0020669668131035367,0.005149044587365997,0.001073628999499859
89,0.008724216792333732,0.0421553896556725,0.0020635306236786045,0.00019309890192647814,0.0018151554485143703,0.004904297705056292,0.01279200443341211,0.05995597925163909,0.012686911004758668,0.1280604432901655,0.018977475973460774,0.005011208983227035,0.014829447365303948,0.10705336892793015,0.029686918565203925,0.007652792622968005,0.017417582537086605,0.02278549860661827,0.053663547976724874,0.01788098081287661,0.004553100689929055,0.0009041728547309896,0.033065158356955594,0.02048396664572273,0.00674545419863312,0.011704607050718975,0.000889398721452706,0.02354922686869468,0.0187750569267565,0.009030239626088522,0.01175829616101343,0.003887022833003764,0.005179369380308022,0.0047063224056628165,0.0037701339905970885,0.0024137124581640585,0.0002021550962699373,0.008972436839736917,0.0002426778840330254,0.07037016156584411,0.0006403562843986806,0.0022075335362184987,0.0007980693005215537,0.0002725952721581657,0.0027664688623353123,0.008087037425568573,0.0031221085114945014,0.0001514987675448612,0.002469162104437403,0.0012504048727336253,2.3087430040533536e-05,0.0026158489552578447,0.000638428816166706,0.0016951710138308417,0.0020042259360369494,0.005297296159468709,0.007578186106496348,0.0054135556122749725,0.00023217988093688358,0.0012760893515643688,0.008280640262774622,0.008855473334506344,0.00024208146557894777,0.0034101692864223583,0.0010069625659473538,0.0023939491031421778,0.0008243179445741298,0.002036939223357633,0.0023354575365228045,0.004551130219834769,0.0010356992536436657
91,0.008297660430870482,0.044660595975132104,0.001916407887136355,0.0001388438389006471,0.0020809436915449745,0.005085161051665154,0.013527607930841715,0.0522674376147975,0.014598695357110003,0.12213551411169044,0.017070139529557837,0.00604999758909708,0.01884368379323068,0.10311113848288582,0.02618560481127102,0.007939003002350063,0.01923578995241799,0.02446502263753714,0.04803844545856397,0.0178508547511473,0.005590052578309414,0.000952661929826459,0.035968177398731364,0.020032492567135803,0.007721329974654621,0.013546231000662096,0.0011859332079765732,0.023326808126436435,0.021223726143242593,0.009757113446518317,0.012642169030166054,0.003885589859894619,0.005203011102127515,0.004523175371070891,0.0039913910997706374,0.0025887273906452578,0.00019828617183474616,0.00940427578204215,0.00026748634563694614,0.07183072842620587,0.0006266598634438385,0.0023118882728587475,0.0008938966762626385,0.00027187789043483075,0.003257417100869242,0.007182559705951508,0.0035246178000504056,0.00016307592703225385,0.0024907420121595644,0.0013615817750850564,3.3366512152111816e-05,0.0031357199290839013,0.0006473103750590692,0.0017698228396440703,0.002065303727490363,0.005575646839146666,0.007400106819421286,0.006478475671490336,0.0002812072440187846,0.0014269360317655782,0.008044298963835069,0.005533344523234069,0.0002935616161704154,0.0031274099222326065,0.0011357349381987845,0.002154300413218459,0.00086910601915,0.0020649677427815806,0.002167346656294227,0.004914327096531939,0.001049087346151623
93,0.007799499712771295,0.04354697120867335,0.0020739354374910593,0.00018175047193871963,0.0021126047039541117,0.0046959848599482865,0.01231840194280286,0.05332958105484769,0.01477995234714455,0.12417577996366992,0.017116086025288524,0.00597292495374446,0.020023015195559827,0.10833266633851853,0.027617255245983113,0.007632991612502875,0.018651507369969608,0.024273859895558848,0.04792537893880411,0.017470785988498043,0.005102244065843638,0.0009489275196881982,0.033691849581303626,0.02067785957022525,0.007823164636748436,0.013354089684198798,0.0010924641284377938,0.023454738351679945,0.021083545777149652,0.009172429570799204,0.012205140281195404,0.003612591596339677,0.005384513645470504,0.004525153405518875,0.003932331979059953,0.0024296109414300945,0.00018589070341891505,0.009433676147283892,0.00022621144516718673,0.06922308012006204,0.0007027071372593212,0.0022174396803436485,0.000736038092176878,0.00028037016230607255,0.0031883132212192373,0.0070420778284773534,0.003412230677041342,0.00017578953776227612,0.0027099032270279347,0.0013512768464781185,3.371466207316578e-05,0.0029312184911427126,0.0007040047740597229,0.0017582604072271558,0.002092459386813069,0.005714656815099678,0.006958861996142695,0.006195271016621912,0.0002623387602778433,0.0014891490230119256,0.008397314194894258,0.005688090434922386,0.00025606812107520794,0.003074209702668771,0.0010357321556090956,0.0021959673636745285,0.0009205413147593106,0.0020927293282803493,0.002175241783973369,0.005010598227907441,0.0010044999043203203
95,0.007742633474020502,0.04374165547283541,0.002076007299612349,0.0001727966162467856,0.002056746832333817,0.0045738393187527955,0.012298590637495508,0.05362048859866518,0.01414881297499276,0.12396688168746747,0.017352700080022317,0.005810545581113199,0.019409490686368693,0.10877645971125816,0.027707532974422317,0.0075679232572539315,0.018676269908312323,0.024061889766767788,0.048245765873537995,0.01770352372780488,0.00502101639823488,0.0009320748979086663,0.03355355419668345,0.020788918934844084,0.007783011988076744,0.013152796294700883,0.0010252253567276466,0.023666363367383512,0.02106449916967854,0.009112126582976868,0.011998912358756586,0.0037139141288420148,0.005275977298872272,0.004540535866810563,0.0038869212612558037,0.002441509550405333,0.0001766036448303028,0.009508308176728125,0.0002363042933417589,0.07049467480457194,0.000701626648463371,0.002187849827498187,0.0007268263391516477,0.0002759392030270159,0.0031986680487775514,0.007119419081422244,0.0033973534545630856,0.00016678891885391308,0.002667357515157062,0.0013365811592705897,3.5140178925999084e-05,0.00289991409125816,0.0006898971013610412,0.0018004337103067036,0.0020584586297849898,0.0057646300592298924,0.007056692818374791,0.006082574159042361,0.0002578162040978467,0.0014441286150870534,0.008315842515681522,0.0056375401967961505,0.00025735248968374865,0.00307308083816863,0.0010189192968153317,0.002226122005581495,0.0009346898662603384,0.0020963390656012605,0.0021721132257743344,0.0049689433507523065,0.0010167055586004607
97,0.008112386364498896,0.04525402088541984,0.001880882057508614,0.00012691318871825707,0.0021739050010311763,0.005112051228751426,0.013685022301316461,0.05011937638213661,0.01516603139022638,0.12067024257900795,0.016518215576445828,0.006352352678713273,0.020036841685286685,0.10241833393127583,0.025330015622014302,0.007983903766627616,0.019767098141870696,0.024905958479437103,0.04633321123101254,0.017837339143286716,0.005866594907123945,0.000965498876001684,0.03672172738639822,0.019945597960482817,0.00800501387345499,0.014049938370101784,0.0012686936762767611,0.02330325403691164,0.02191998861950781,0.009924309414280652,0.012874067536049616,0.003861092497849034,0.005213553670885856,0.004467596284193164,0.0040542762111984805,0.002620891549933322,0.0001953127553977939,0.009504834747969797,0.0002732278568122443,0.07211148243631976,0.0006238497453766908,0.0023367713794839443,0.0009154889437355244,0.0002709700411755137,0.0033998037388782688,0.00689471493304696,0.0036413386700718214,0.00016675662282803665,0.0025101814734274073,0.0013904072319649787,3.668177355858098e-05,0.0032803724871427247,0.0006554716577949007,0.001791547630830023,0.0020810898439885613,0.005655401700340213,0.007322684989764085,0.006777415832775197,0.00029463423749324425,0.001472241415014383,0.007974949361577556,0.004493714080380174,0.0003069736006937977,0.00302372440110688,0.0011680174977890024,0.0020821666855705733,0.0008884938984277626,0.002069416987762249,0.0021179739202890962,0.005035353475978252,0.0010480111323255589
99,0.007944472417989387,0.04464931241266781,0.001967177811853288,0.00014594684003318062,0.002122166471532632,0.004874515428920709,0.013076210939135231,0.05151927658600579,0.014734516151512807,0.12193960447420644,0.016860964819746933,0.006130599616113849,0.0198127089374426,0.1051542965031759,0.026313130064732435,0.007805689333855537,0.019318113779540774,0.02455927505659382,0.04712291015017674,0.017793663324598762,0.005513415466392545,0.0009516877672423781,0.035374192356703756,0.02031475092895699,0.007923624298774613,0.01368683867703967,0.001166216534810767,0.02347525357667991,0.021591496186951213,0.0095839656695365,0.012500929796838034,0.0038044773309977224,0.0052371667003575815,0.004495591133632336,0.003981171287224765,0.0025494589486273417,0.00018757824138524964,0.009522021288468446,0.000257230786940188,0.07147107995927188,0.0006578527579895428,0.0022712158096651245,0.0008341768330596745,0.0002731366347752857,0.0033197608942541895,0.006979198059288581,0.0035397166151484587,0.00016658565153009625,0.0025773704294245123,0.0013679826789155353,3.616775274221921e-05,0.003121057448974047,0.0006705113696844894,0.0018004790170373835,0.002069953233440583,0.005710293116565693,0.007202024166148223,0.006489564903306084,0.0002790799732641474,0.0014604922210491023,0.008116210902994477,0.004973780259046709,0.00028616612939102255,0.003039843237214692,0.0011030769078086142,0.002143320856424824,0.0009096695130815293,0.0020818290896210383,0.002138571940786732,0.005010308660370537,0.0010343367001772992
101,0.008001429388803756,0.043449517461274706,0.002067510860638174,0.00017519506131082074,0.0019935969420138548,0.00466442327013268,0.012450283285045842,0.055035602998123295,0.01380322680301346,0.12479380989689005,0.017724844623995498,0.005624483488567974,0.018337448825424863,0.10812384510049003,0.028071876092311647,0.007608285720054552,0.018386663615300065,0.023793650090274985,0.049515497235492756,0.017744303927068387,0.004926200459932043,0.000926050412058461,0.03349429736290122,0.020692136579254734,0.007543921572697375,0.012834295483361024,0.0009951159599851027,0.023612352800661433,0.02054411530953694,0.009115779540542539,0.011956092484629068,0.0037655378482363724,0.005251557839447806,0.004580674875770015,0.0038616967499053223,0.0024440546495390634,0.00018312826384997153,0.009396695216503442,0.000238908819768509,0.0705509962074067,0.0006867584750754202,0.0021958959540603375,0.000746752149190534,0.0002754866833304153,0.0030997836451236243,0.007356823307296432,0.0033346714704863534,0.00016310209183570973,0.002614466058774344,0.001318796015872332,3.221507872470171e-05,0.002838353239532212,0.0006747311883717083,0.0017752336882108529,0.002047515544712402,0.005657595401092012,0.007193538634344767,0.005933369917472389,0.000252422594905618,0.0014047505345006507,0.008308386276511395,0.006402182721486961,0.0002547224977332493,0.0031630588176091005,0.0010196232547922811,0.0022656613595950937,0.0009058754628691861,0.0020847651618437647,0.002210039745129314,0.004864341237863744,0.001024184968512309
103,0.00789211236525338,0.03914512267392858,0.002263811170388387,0.0002858502975868534,0.0021006110907721173,0.004422335171610119,0.011591957705629362,0.06108129350620601,0.012850529094746406,0.1323646544685745,0.019466774587558962,0.005083774149512958,0.01393630027621137,0.11602436464691575,0.03281344982815885,0.006801736943161941,0.01727558171230335,0.022000393897672603,0.05418971873126411,0.018087111111434555,0.0042562855157497696,0.0008818546939974381,0.030938409148386945,0.021374104005351627,0.006697655282252237,0.010790977016594563,0.0008849110653415111,0.02449461768196992,0.01841738814436711,0.008458362699747273,0.011368576886754751,0.003526878951541428,0.005235538638029276,0.00463434647924496,0.0036945206963512763,0.0020940694328311646,0.00020430383394789468,0.008576285689340867,0.00021437390681315323,0.06771932681645827,0.0006564165069822284,0.0020721006408004807,0.0006858422997082394,0.0002588515873918459,0.00271557737493875,0.007645102537135981,0.003107724581398419,0.00015323422665785265,0.0027069713907459385,0.0011874577739321266,2.7991717824608968e-05,0.002492216062038261,0.0007523803849232461,0.0017677049683193084,0.0018956268856416888,0.005272411271603649,0.007157689622613735,0.005177943656844088,0.00020922074481637178,0.001263306004748942,0.008253764971183682,0.008749042129961708,0.00021932740859584882,0.0030024857597039335,0.0008727764919805317,0.0023619875918818095,0.0009280387465216812,0.0019564112431321953,0.0023516375454879536,0.004760981188874099,0.0009328652427079401
105,0.00969297893674365,0.04074268841553782,0.0019070297006265353,0.00018081128340462178,0.001748868783991421,0.005358988148568753,0.01371074746119398,0.063432328591974,0.012009439888669215,0.13036755505728456,0.019986448819187992,0.004550549110871285,0.011063972697038411,0.10266620855075524,0.031295903058781195,0.007972531747043533,0.016689175078735328,0.02215919624918232,0.05756338985007485,0.017867245330406675,0.004491435598278739,0.0009539412321825198,0.03433430235834651,0.020132371599683223,0.006046660597738376,0.010871834415148477,0.0009203248235104474,0.02315640947544272,0.017139325715311075,0.009418746274450298,0.012180516353571185,0.00403909051639132,0.005027735051367538,0.004759450164659949,0.003776528888247169,0.0023411309193322053,0.00023283795292689712,0.008401991559679649,0.0002521875043207805,0.07059913743740674,0.0005525332638611906,0.002232579550646776,0.0009256490722972041,0.00026693206731783067,0.002473327899234375,0.008749278214550283,0.0029846865943205857,0.00013712194503836004,0.0021921901524906383,0.0012056582266243084,1.1085563177494505e-05,0.0025834669415490683,0.0005688031477902133,0.0015370704201207893,0.0019423161022747793,0.004786242567016073,0.008024232363443807,0.005112769478293035,0.00021661636110049235,0.0011452887280166794,0.008262781078144172,0.01122592074147365,0.00023531194810120864,0.003658352542040792,0.001054034551287826,0.0023970710901474917,0.0006610478233960455,0.00194004754315206,0.002413610283486607,0.004157532719223145,0.0010555729750152888
107,0.009475785860443751,0.041550708573632945,0.0019880320847892917,0.00019276686057066394,0.001710164900169485,0.005263137574952141,0.013503929829650483,0.06308595325820517,0.01206719131752514,0.13013688916847357,0.019761683601819895,0.004624901086520128,0.012232868117766426,0.10411896767508258,0.030216339200597967,0.007838718339558766,0.016828308244923238,0.022278111055116165,0.056405375310370535,0.017895282299857485,0.004446915575844519,0.0008942683346515527,0.03345850131830503,0.020041127246535513,0.006165851813980285,0.01102728304009858,0.0008569015931353867,0.023215297567593052,0.01751828990203513,0.009161654948634797,0.011824730099356296,0.00399607087684612,0.005137444437072926,0.004806618968118843,0.003754452100331332,0.0024237174679205367,0.0002196328020939389,0.008634347725647196,0.0002571037625641963,0.07048492274557704,0.0005893477365883394,0.0022667467411501938,0.0008814895941325997,0.0002709606313582727,0.0025399324139621345,0.008671472378722378,0.0030063203801474173,0.0001446534725607527,0.002319056683663095,0.0012192070135071775,1.5652074661163884e-05,0.002524556588278718,0.000593440886264297,0.0016024034744632255,0.001994923691079411,0.004988113767968927,0.00799021493967288,0.005141910084396556,0.00022565015150393606,0.0011912343323058638,0.008244808521201793,0.01048292047755064,0.00024271724846397776,0.00365100884527888,0.0010447444249418387,0.0024611592917297485,0.0007384875988517423,0.0020035355453401267,0.002428766400141381,0.004296186853796348,0.001063008842889456
109,0.0076442455090429025,0.04053451356379542,0.0023919837674761407,0.0003325661549054722,0.005325486639133347,0.0041439794255194095,0.009880553116995596,0.05947248631843001,0.018973595194031335,0.12873191950908375,0.01845058390945898,0.006038155929443029,0.015188287645891562,0.1162880831040868,0.03401101063175492,0.006969927404576008,0.016499915614028905,0.022439589763623466,0.05098001768723397,0.016729392150784093,0.004160702298543058,0.0009781543068814803,0.031618627950798874,0.021693129469949998,0.008565125288893503,0.010772451492362615,0.0014933154327237358,0.02410638009218402,0.018444585728956717,0.008932230196183881,0.011871142692915067,0.002997385372146705,0.005378724656606183,0.00473959323681709,0.003913276393835246,0.002879085905425,0.00021315872297609877,0.00919479579423833,0.00019222250620200618,0.0650946154172113,0.0008409025261740211,0.0019941535959898866,0.0006225996854058358,0.00027579697992342715,0.002897813836062862,0.006950568213619175,0.0032836233224961976,0.00019678847511777283,0.0028656284029708865,0.0011506413028730704,4.510196861751739e-05,0.0024679567486042974,0.0008028540980511951,0.0016967205331003348,0.001847264502955832,0.005168070082865989,0.006426614270128196,0.005249710260154551,0.00034044672594591357,0.0012739424334944876,0.008368069850554515,0.009300297334167778,0.0002031814579130321,0.0025804198846636223,0.0007929721074944778,0.0021981533958184826,0.0010146372932877987,0.001867447692899074,0.0022665609827075394,0.00511351663900395,0.0008236939404277124
111,0.01067684838663222,0.04147873614975208,0.001958337305477173,0.000263496339861951,0.017347441130063118,0.004973355872514196,0.011394931794189392,0.05094442714992053,0.016650983606225397,0.11486525492012166,0.01819816996201142,0.0071762782443626025,0.013745676606232132,0.097197766906169,0.028569476203978525,0.008903890573188238,0.016529481662112554,0.023766441584060598,0.04946097259158199,0.015100591874208355,0.006162191154996498,0.0013249069273361229,0.040496095099426255,0.020374347746660092,0.01151827110057831,0.011473148207601739,0.003335919013394079,0.02089840286171861,0.01794822826532006,0.013374534946124835,0.01569525564392253,0.003180702820516895,0.00554182791733766,0.004611681370133804,0.004189870655143528,0.0024031253319013843,0.00038474422920524036,0.008739421697734503,0.00028252711757180876,0.0692937339891702,0.0008605318706015482,0.002269634207090523,0.0010038798043684298,0.00026109380711887017,0.0035126750367616404,0.006886093358094618,0.0035962863444096824,0.00019390284897123685,0.0025249609658603454,0.0013067898071063141,2.055762759848545e-05,0.0033071091225407544,0.0006692988569168334,0.0016824270130167158,0.0017405096468592228,0.004969680042257175,0.006373437786963439,0.006295884691488523,0.00031725366745609124,0.0012350962171122195,0.008712690380633782,0.010942791139172356,0.0002558429387349509,0.0027153519522124157,0.001028518340912307,0.0018158459530448823,0.0007292726893882105,0.0017328977539529612,0.002228213191336205,0.004728659419796144,0.0009189605753957509
113,0.010192896086063117,0.039334454075952575,0.001647580742670694,0.00021190938610029213,0.004441554608860422,0.005690144501854357,0.014313703431045223,0.05140489289448994,0.01659296873257196,0.12640600511108596,0.018105679986750462,0.006604682418298081,0.012810041015097539,0.10079726888411991,0.027940717043347326,0.007867331898122937,0.018452163326644715,0.024558372051513698,0.05290518188900256,0.01722230621538488,0.0063635106538336315,0.0011623542129537345,0.03886165740095175,0.019777712006400223,0.007944029903819894,0.012060501651828101,0.002299781660708353,0.022002919886357396,0.01944278055148418,0.011195170374721735,0.01444114083234269,0.0034454922216028317,0.0052488478088422484,0.004314748405947764,0.004250430600562848,0.0020771833440060257,0.0003207149754006091,0.008145973965046965,0.0002464637386690036,0.0680187118512049,0.0005425570273564577,0.0023155370981033244,0.001024761664663492,0.00025981702991511365,0.003119709222318919,0.007065731871282061,0.003548189314632273,0.00016306259009638452,0.0023873052404340856,0.0014075942315584162,1.6822723635856053e-05,0.0033946717602785573,0.0006392052496680245,0.0015360720535961415,0.0018929812108260946,0.00486122868266183,0.00740396737902811,0.0064197617707044425,0.0002606902283846582,0.0013554231501033364,0.008375350316025978,0.008862945241525715,0.00028531321139433274,0.003023278788640783,0.0011397030188705717,0.0017722028279156528,0.000598169499655931,0.0017563421980594874,0.002223026478625634,0.004654314118546518,0.0009646910513004955
115,0.009861179923308521,0.042298384198960697,0.0022042775587420875,0.00028596901745271615,0.013520761033825584,0.004620939178285962,0.010835436857336666,0.05355549526963392,0.016652001028411283,0.11874157603966949,0.01874837584437652,0.006593718530892003,0.01368314325436454,0.10298207290666021,0.0296088468160924,0.008319535640604149,0.01596095679398243,0.023758420699114956,0.05072380951255084,0.015747176398327904,0.005501638691320333,0.0011304033106409666,0.035770189115675595,0.020666011424592255,0.010460026711450902,0.011062976506394312,0.0023361438405900617,0.021803230658428884,0.01805960313142158,0.011956339876847034,0.01414087376863102,0.003269915420873928,0.005597526186123236,0.00476618504676841,0.003986259227358044,0.0027473872003169228,0.000352983440151118,0.009387398986035099,0.0002761912926486128,0.06838902916942315,0.0008959472841833923,0.002186349302600582,0.0008491036416924488,0.0002754283900649128,0.0032418943959120028,0.007170153141681776,0.0034513717365026587,0.000202584954035859,0.0026878924218648437,0.001275652569683041,2.9619845674269502e-05,0.0029254377830253437,0.0007097747886538897,0.0017819284334261026,0.001779768320106292,0.005259252689388798,0.006680112021306215,0.0057893025659335575,0.0003214857401403513,0.0012368637054006,0.008778542742355388,0.011001143711614264,0.0002455021054570718,0.00287761923456639,0.0009328510552816666,0.0020860727763895204,0.0008475138725995513,0.0018861694893903026,0.0023225739435753998,0.004723030285007518,0.0009299428330331999
117,0.013107935411270802,0.056419934508685404,0.0022230818908676167,0.000327912750353704,0.019360182984086302,0.0054868824663280216,0.006558189536608489,0.03651697845482457,0.05225304939389793,0.09148980859822153,0.012187531518232465,0.0126421408019016,0.018365305868910678,0.07803275764407357,0.02461285732233317,0.010843633863287284,0.012395532941307123,0.031881642239743546,0.040918228404880845,0.009232333584803472,0.0073043555296286216,0.0016587777959965835,0.04168749311319911,0.01898266271394903,0.018456946307252746,0.01471513924912131,0.005664052685079345,0.01693050224976742,0.021128253376733453,0.016096329593510914,0.017017921798518645,0.0014974938466626945,0.006433257549700217,0.00528285859270285,0.005499012794730161,0.00807422805665597,0.0004987478021708889,0.014546190151893627,0.0002596409218929389,0.05714216961440582,0.0016850924531620945,0.0021416671021914388,0.0008025211748977334,0.00040051245441847226,0.0039987313952495945,0.004897686354591962,0.004526467247256794,0.0004510441712297556,0.0030077013211760612,0.0014521312694595276,0.00011413944157723124,0.003172632144270611,0.0006857410411692667,0.0012072294036071056,0.00185146268495255,0.004956521656476345,0.004921733676289964,0.00715886688203825,0.0010467378820356056,0.0014033100968441166,0.00979732889402648,0.017630969070345153,0.0002746657207468222,0.0021429444816317336,0.0008567539072336222,0.0012035184965923278,0.0008588939503104944,0.0017813493916494,0.0019100210324978222,0.0057449191605096605,0.0006475562020134889
119,0.0070434577250213576,0.03287121665255903,0.0010196790769046026,0.00010935053939719538,0.0038022381532672625,0.0056664339338747495,0.01532365760115726,0.05577565730213541,0.017469383251946587,0.13342110247870256,0.017096297002610575,0.006153694656353228,0.012504548620132509,0.10440466804255545,0.03776538284189627,0.007888130990560986,0.020435466419609513,0.021497726614739407,0.049973692653234675,0.01720577949958575,0.005706094338738812,0.0015089066871976572,0.046941666495157526,0.021534955441534664,0.0070326993155401555,0.012519277869261403,0.002197030889741572,0.023459028522857302,0.018385223868703435,0.01052551892590931,0.01617945504147867,0.0029807005620748265,0.004255784985026493,0.003694307295385928,0.004593148223728514,0.0010105995402277413,0.00020408175266382534,0.005331222206580975,0.000150073022255676,0.06731936262144632,0.0002247015113128517,0.002015778785634312,0.001253174333044656,0.00020838631674760402,0.0030084776535883213,0.005858481534225256,0.0035626909262039975,0.00010589107696500149,0.001724384152527117,0.00112695684880624,5.171480157729804e-06,0.004007010812757996,0.000607257744759668,0.0008958454810950765,0.0017151651189180213,0.0032783139492565307,0.006383555613167741,0.006750452646448609,0.000209017398795388,0.001186896195342864,0.007670109854156741,0.005759496800267322,0.00016759490077662402,0.001833801776270864,0.001191135436491024,0.0010123809924695816,0.0003306846201525173,0.0010976104826872948,0.0018063493198706053,0.004861536448612555,0.0006763420273335707
121,0.008365136152502079,0.04511669089670612,0.001717571232580663,0.0001090479358261141,0.0020473692874288466,0.004947153881941489,0.012980188346942657,0.04837080346234826,0.01518132881044515,0.11730481085545418,0.016189377234432423,0.00596659581266439,0.02301876460181345,0.09493213520502908,0.030173437885893137,0.008792773970161026,0.02091266089570961,0.025062265442334433,0.04412490238916764,0.016013219498184676,0.00588469857308812,0.00112182098214534,0.03855258119992899,0.020738629052749414,0.00791267277089827,0.015893559865104455,0.0013486444507048237,0.02323277598440091,0.02233377221889696,0.010165221957813055,0.013655121757026833,0.003866426976204393,0.0055431185360481925,0.0044000131546275065,0.004365697351403484,0.0024095760022032914,0.00016648478991516152,0.00881153265522024,0.00023720705957656,0.07314432979227335,0.000621882031638349,0.002315009270637583,0.0010047322481434389,0.0002383364529908518,0.0032152003126072613,0.006947867499941391,0.003643603066474148,0.00021508288553299284,0.0025996714129704005,0.001433484876352523,2.2737491848366566e-05,0.003620930374101483,0.000627112609432862,0.0014409598932620463,0.002060676446866613,0.0053623168193382515,0.00681109122805401,0.007192857703870112,0.00028596941342596513,0.001603104448970744,0.008298741679492008,0.004071838605296924,0.00028019303919364104,0.003079716370060055,0.0012297159743965016,0.0018354141051450865,0.0007385394174541318,0.0019613778077733762,0.0019896804213754868,0.0046013272604018135,0.0010358541721809868
123,0.007552093891859808,0.04067046352702232,0.0014358858948463054,8.207784881189068e-05,0.0024517208072162367,0.00499758263277656,0.013922901545427514,0.054810355321017856,0.014460359887173669,0.12491600515591489,0.017250870603547654,0.005708970963637405,0.01719706903873837,0.10058584041996385,0.03002974732729082,0.008683106980605888,0.020684448980027595,0.023124060652052247,0.04731301576036567,0.016927695931418785,0.0057071294992254405,0.0011452818921869406,0.041179188647521466,0.02062642683618229,0.007581037078923933,0.013507447969728586,0.0013674330346261161,0.02446320969489042,0.021078498508115308,0.010516111435244576,0.01410339841601587,0.0038324967834512764,0.004924763124730806,0.004293905865925197,0.0044003993765201685,0.0016229759098871856,0.00016720234693933677,0.007455220054086494,0.00025067685238033507,0.0745138942699898,0.00045333327818036995,0.002147857142072192,0.0010387137861067512,0.0002086923279110079,0.0031293315332607406,0.0065523417199689505,0.003702866405577521,0.0001626946341069172,0.00223292878021451,0.0012955329559161796,1.7640110763809685e-05,0.0035364011349451607,0.000614959318710466,0.001266166484271531,0.0018000278041856563,0.0044015991995718165,0.006915261282150174,0.006843822272018733,0.00024637883823667284,0.0014176545617777736,0.00787017347598978,0.003862131683242817,0.00024596069055535567,0.0026404323407449213,0.0011890711927752525,0.0016484010245839179,0.0006361551650838151,0.0016484062219967097,0.0018995502538259063,0.0045101709177909274,0.0009567099153446593
125,0.007128093227541975,0.04281017642851967,0.001008574313813172,2.2910059891454998e-05,0.002239855189720452,0.004748918120035212,0.013104773194935505,0.05644265253225385,0.012833652406800186,0.12116038413359267,0.015241771734844247,0.004842868276193184,0.018666178510495696,0.08999988872099453,0.029703961579648587,0.01012907068815551,0.026005072829844985,0.021830287189613506,0.04394646537422035,0.015233069809973151,0.005817440595215421,0.0013539774911224785,0.045681478020584025,0.02020572056371384,0.008199287917086117,0.01211361005017271,0.0012069306436482661,0.025876252696714945,0.022338130135253938,0.00962158091836991,0.013282227294558272,0.0038497655709496914,0.005291653607517829,0.004646120838540197,0.004614533398529834,0.0014456116856623163,0.0001135333840190089,0.006859590001657444,0.00011011212751853332,0.08756621492352908,0.0005560908818808624,0.001960976097822941,0.0012175441146031005,0.00021984902598652358,0.002956196313777893,0.005917587240714532,0.0038472876436767686,0.0001701485860533492,0.0025979412615485206,0.0015658730730680418,4.288729563907505e-06,0.0040950627352914866,0.0006266244178424554,0.0010791763763060983,0.0017108408553418014,0.0031425990916635078,0.005601444317194772,0.007172344312710122,0.00021436189730874138,0.0018744691662955608,0.006747387827761985,0.0029357007318846985,0.0002552620112912146,0.0026544893148085303,0.0010907336980718078,0.0013014199976107274,0.0007177971944944497,0.001435249951921193,0.0019987565535570977,0.004275192259865758,0.0010313734829683946
127,0.006436080402619304,0.036929738952661245,0.0008623866466770759,7.180787118768946e-05,0.003175289520788507,0.005588496799418576,0.014751108906225947,0.05598791593948073,0.015387135062971673,0.12973473127882282,0.015931101501040122,0.005872298270711227,0.01727220047592505,0.09743735619612034,0.030164153622190607,0.009294089230948004,0.024307734067959635,0.022131860287373854,0.04611227382283627,0.01650583045217839,0.006112092677495787,0.001485800469329569,0.04691555374302387,0.019491730474347352,0.0075004072249258945,0.012189285828215471,0.0017080137237078328,0.024924085201543097,0.021093914315418183,0.009775959566517483,0.014862237209510227,0.0033052906907976745,0.00454111422371534,0.004178730683868249,0.00464705047797905,0.0007065966978590168,0.0002645141830414539,0.005900160918897822,0.00023231882736073466,0.07643297923611814,0.0003471561550114546,0.0018826323009444416,0.0012473498180146784,0.00017454099104731918,0.0030038662797868747,0.005888147462921851,0.003989398298648222,0.00015855002595584856,0.0021159212549060323,0.0014316880446328959,3.0457285190630973e-06,0.004015572460249626,0.0006107958332693478,0.000819880622523118,0.0014938786329113686,0.002816555161755532,0.0059595042625444255,0.00742386330179584,0.0001921420417285053,0.0016344862648202518,0.006845877772930412,0.0030555607636275966,0.00018843478657835428,0.0020733514954045284,0.0013992255591664905,0.0010438796066001453,0.00047760612242878206,0.0012656267007460956,0.001735418728270865,0.004436265171700343,0.0008942521163414061
129,0.008582485956532153,0.044488043896110906,0.001235740872860422,8.01541920309111e-05,0.0018618160038517111,0.00506511839440413,0.014006086889278176,0.05742358254820017,0.012377252082799689,0.12491468168063034,0.014986911188329349,0.004718133198531842,0.018194104539278888,0.08524192627808845,0.02837303558917434,0.010809705819649029,0.024128665043535454,0.023586670816278573,0.04577075404169683,0.01591590462460556,0.006287502262563535,0.001257585173907615,0.042381759755681224,0.02042256617381403,0.007720979016436568,0.012530605181364072,0.0011557181835349158,0.025665730872425796,0.021133781681433497,0.009198944190581385,0.012901476592027552,0.003956935475365478,0.005907165684727188,0.0048065023781748775,0.004705846594937838,0.002046203893678625,0.000209695546352483,0.007531657305822046,0.00022858164251465032,0.07849870931930991,0.000618690950066624,0.0022705864753856447,0.001186919130920208,0.00029832552801746526,0.0028490914294979006,0.00669979125360932,0.0037359123833295526,0.00021204318627522891,0.0026673323866657646,0.0014624559437129345,7.186515132289125e-06,0.0037709170710207673,0.0006727879270210081,0.0012792127144176412,0.0019207592354322082,0.0037015079045169437,0.006407878796667883,0.007039531153807598,0.0002354027001600972,0.0018676671952147495,0.007487184912758736,0.0045663925036437784,0.00030618012442304877,0.002951014023873927,0.0012374907285625338,0.001382031909175581,0.0007265888796464637,0.0016742533071157644,0.0020584651606833015,0.004234903029571572,0.0010695381201635177
131,0.0085111111949629,0.04455581150539548,0.0012188427254698738,9.852547306269203e-05,0.0019457581774214392,0.004875817168937873,0.013632687582924276,0.05754380722639869,0.012357606553997914,0.12414321892726067,0.014798327059644708,0.004632279884506779,0.019045430991476427,0.08422134932088968,0.028941017550050352,0.010819222362862903,0.02430297469859055,0.023220376705529837,0.04503876498638609,0.015614774701992639,0.006128113731691302,0.0013017902188502469,0.04263477707239503,0.020363315336781682,0.007957050531292224,0.012087543301235681,0.0011024023380955547,0.025704650831241228,0.020750582082604524,0.009248115643988343,0.012847331551643967,0.003941559548093191,0.005743601847644602,0.004888640981055885,0.004653390078747469,0.0018380251954254563,0.0001850174722173287,0.00745935549865703,0.00019470815156251257,0.0821189392776234,0.0006416683160548913,0.0022263599946625674,0.001232089215503127,0.0003117084250185855,0.0028766683428743615,0.0067697594049395725,0.003730798905129281,0.00020857229080137,0.0026625717583034173,0.0014893105604159907,6.003439003202299e-06,0.00383560386425911,0.00069113777773706,0.0012563700914081793,0.0019177632965212104,0.00359269264972743,0.006141938193017058,0.007061838972004263,0.00022413463987789873,0.0018852440520140579,0.007243029745493217,0.004781726900578752,0.00029087214358105613,0.0030038134420984266,0.0012239834599699943,0.0014040037953625968,0.0007295382952102777,0.0016572385719163811,0.002090558814798147,0.0043174891154665485,0.0010636530246395555
133,0.007156671333879594,0.04111395165570672,0.0010835847757279902,3.616539148297031e-05,0.002253417284719664,0.004750075877863012,0.01344340963795621,0.05818450394031636,0.012585315141207953,0.124815750400454,0.016197986392915312,0.00473558960505908,0.016010866770232196,0.09365652942789102,0.030801288170080484,0.009985978616811383,0.02493201955643275,0.021637489625017204,0.0464972550244867,0.01606090628883457,0.005708728950475836,0.0013300000491376185,0.044940494824966884,0.020834537965937316,0.007538650611114606,0.01245725214482025,0.0012484993460897382,0.026408213795535703,0.021438763745858316,0.009720310344395404,0.01339230222408783,0.003863749936352075,0.005316269533533188,0.00454391393419887,0.004625208236283715,0.0015857622967352185,0.00016648110725820886,0.00669971532114939,0.00019669845959519155,0.081324232137894,0.0004677905601842987,0.0020260397535422194,0.0011786297071924013,0.00021690071181723494,0.0029409739762114367,0.006118973749769443,0.0037435792059911555,0.00018658909456448433,0.0023950385929343287,0.00138387969695189,4.365102286855343e-06,0.003891569938228526,0.0006192743568249254,0.001116743354588563,0.0016455569168961604,0.0033339216126341523,0.006206123416598233,0.006997365456879353,0.0002102986749838823,0.0017629204570106542,0.007148924749259868,0.003250308432040947,0.00026058340843713854,0.002533953309415096,0.0011292111266592475,0.0012692997833717668,0.0006617881892457284,0.001419934517307911,0.0019290831010262265,0.004119565918765891,0.0010085682263878916
135,0.00694500775436339,0.03513970319755118,0.0010471998008844475,4.912782390921621e-05,0.0029736282960786207,0.005015753007174676,0.014432889360273014,0.05992059334681714,0.0141371132019885,0.13155874057527486,0.01790808176048309,0.005330983262398813,0.013315299002563572,0.1019429565355145,0.03461852772707752,0.009029431462179374,0.020839589619828527,0.021197510096467653,0.049199242939086646,0.0166524596806778,0.005374674489246153,0.00134374341191001,0.04520519211434955,0.021224248001262526,0.0071721439169716,0.01231684357630562,0.0015023692704303163,0.025402808622601847,0.019432433455081846,0.011034408283208888,0.015374208648621613,0.0036926576005901915,0.0044363487664426556,0.004078053331610372,0.0046034570724043595,0.0006550382315697263,0.0001576587567130787,0.005561053326740112,0.00023277644043485262,0.07496054808220436,0.0002680571436437498,0.001934510141648158,0.0011434675776100748,0.00015802292240682918,0.002919437217945714,0.006212073486715126,0.0037505993084677542,0.00013559327956802727,0.0018500293326189205,0.0011594124780392704,3.3983252708277842e-06,0.0036826989101539733,0.000588104343590799,0.0008472569800459128,0.001519388563534661,0.0031883264316851126,0.006583231679992658,0.0067223484991316826,0.00019739149306957152,0.0012878092484593054,0.007694699056326059,0.00356224076174751,0.00018496144108968518,0.0021738067471031735,0.001204903674246869,0.0012454800056585155,0.00040852131886555144,0.001240137558789731,0.0017169129673787066,0.004170757601045276,0.0008660881999950846
137,0.0069266028341134645,0.03681385406686154,0.0010600378240925388,4.132837981602304e-05,0.0027092497033747802,0.005084436963047098,0.014229544388400793,0.0575722399591286,0.014297127678047018,0.12767916357468967,0.01756933988354884,0.005527575443406495,0.015068147641531925,0.09959345330554842,0.03190398587811047,0.009224788810501997,0.021711343615950212,0.022535464652371086,0.048149646537053725,0.016539266759267805,0.0061556600476812395,0.0012782121574052095,0.04501873620151015,0.020910441239919086,0.0074520898972428974,0.012955057271265764,0.0015767755572270756,0.02534181300357871,0.021326986044874558,0.010939388801607311,0.01517291976641483,0.003773600761842213,0.004770135401673178,0.004167224380612966,0.004694860515283257,0.0008301524193079311,0.00014119989306748468,0.00585294778379216,0.0002285006131615755,0.07499863860956942,0.00032905158091801456,0.0020273440895786678,0.0010932381684783067,0.0001731741329583746,0.002981505866726929,0.006045160192672227,0.0038282113177214006,0.00015578215985193218,0.0020402780543505097,0.0012538702665611519,4.823182823643035e-06,0.003767772812329819,0.0005964070862897379,0.0008767783785585093,0.0016163441211785327,0.003407206383006399,0.006576235641779889,0.0070604623595796724,0.0002265003901558274,0.001413310175382881,0.007772157198875515,0.0034142108918851053,0.0002040962576736042,0.0022895327604545365,0.001210803133530023,0.0013124712681165795,0.0004557109498954909,0.001334535938641313,0.0017463055423068714,0.00424108802855357,0.000863440170815857
139,0.009518716497066657,0.04408382977170342,0.0013318874612200048,0.00015131327092485718,0.0019318667873533576,0.005840520874976986,0.013959670920758714,0.054031920418658154,0.013728804115051365,0.12240587409049478,0.014840018662252612,0.0054006954367273674,0.020237572848241306,0.08246403304654773,0.02889434587343843,0.01086259991750902,0.022555685724603283,0.025319226111279177,0.046034129462355765,0.01566611887279019,0.00724498124446927,0.0012616666492847,0.041269659063801714,0.020546077971425287,0.008021590405870273,0.014844826121505268,0.0014453589768142442,0.024686516380978126,0.02220402087730893,0.009755333880962247,0.01403021934205964,0.0041604407270795125,0.006019095478786143,0.004739371615384238,0.004676103955292679,0.002083990919482261,0.00018836020799381503,0.007996602924250897,0.00020809712416451515,0.07335955487672902,0.0006431244237342834,0.0024927342325816453,0.001190000599425085,0.0003014882389174183,0.00287594985261188,0.007138387297894798,0.0038022537245133883,0.00023260131377648424,0.002542365138616337,0.0014770207114100907,9.171475389664338e-06,0.003658188123735591,0.0006905620444127383,0.0012856049989005535,0.0022525032620051805,0.004000916626059542,0.006523059660384976,0.007545596126877755,0.0002597352633400606,0.0018927672399263187,0.00798813218370873,0.006687033825897627,0.00029654012197578074,0.0031017375012441584,0.0012680809957456717,0.0015284988645879673,0.0006366044609191501,0.0018081778401656862,0.0020075321032973097,0.004208943440918511,0.001085685987944019
141,0.007158657697418384,0.03951686693917064,0.001189421743060027,4.794993464692385e-05,0.0023803705242519237,0.00518479348037216,0.013493319205325843,0.051443482188632546,0.015005649302939012,0.1199799476993642,0.016643874873238023,0.005978801225572751,0.019283837943842193,0.09500005757032562,0.030571614504635473,0.009351659161654494,0.022735788673495676,0.02515172698675985,0.04577010961692284,0.016283882682631725,0.007310761759534242,0.001243730912515847,0.04395882955109606,0.02091221910113926,0.007936258442038968,0.014603752887608411,0.0017708077159580048,0.02476245329534079,0.024107336801762868,0.010660808127782471,0.01494185659927994,0.0038263457618678103,0.005325899252189291,0.004287087369565649,0.004749150361315742,0.0013951996879702454,0.00011021578372335362,0.006685858450104019,0.00020892962454445598,0.07310231914313275,0.0004585525299905032,0.002184402051526892,0.00102053151163164,0.00020899808630640848,0.003106360900846597,0.006025894844655882,0.003883649559669311,0.00019023370528024574,0.0023530793837600967,0.0013989038665328645,9.060795443554215e-06,0.003945363027718573,0.000616913060733132,0.0009936032721944371,0.0018393118549952622,0.004047929051890174,0.006481613865945642,0.0076036907880350805,0.0002816295960851017,0.0015983627256856187,0.008013276420019366,0.0035933283815876506,0.0002392401180767608,0.002546562169813152,0.0012405605291247698,0.0014567304320226395,0.0005400442890721839,0.0015667905226244905,0.0018368061870871815,0.004415190407087802,0.0008702885919467569
143,0.007034963980100151,0.036661299429927366,0.0010841568748226845,4.833698131161079e-05,0.002728825541261503,0.004964476340860065,0.014344749451131674,0.059439196796617626,0.013862459505249836,0.12965497408890023,0.01797928530082637,0.005241456155242889,0.013960197368419336,0.10071547435704656,0.032942760413124085,0.009100350491980064,0.02115889355843291,0.02153724543903343,0.048753600763880085,0.01655315198747873,0.0055579634615916295,0.0012633784805326687,0.0446023974542279,0.020995371122071737,0.007216131225908148,0.012567844019895785,0.0014345781036434533,0.025432715612702512,0.020178691513445465,0.010967156283321337,0.014996594270409832,0.003794163170392096,0.004602467287463301,0.004164169996738364,0.004627844324601218,0.0007993584944260355,0.0001497470951020224,0.005819907568993825,0.00024021984375966447,0.07619165289026829,0.0003045637037033783,0.001994988018648956,0.0011254467732788472,0.0001627569428042407,0.002929692793090921,0.0062623171844111945,0.0037529343364459075,0.00014788101698123997,0.0019689676465299536,0.001202838504041844,4.287317763739958e-06,0.0036708409526759215,0.0005859917693750368,0.000886462260238075,0.0015659965722360936,0.0033707458146076774,0.006699441911599054,0.006789907267182429,0.00020689620762402052,0.0013385456293350448,0.007713221952039348,0.0034463195571515478,0.00019904380622808862,0.0023051865452329992,0.0011959296153312338,0.0013322633984289625,0.0004502279420668235,0.001308697538277855,0.0017461015820705139,0.004157091000790906,0.0008819050824528303
145,0.010814948075007928,0.04418420353627969,0.0014974269840514589,0.00020328955540796812,0.0019601802010901503,0.006881165605292689,0.014973096186605734,0.05175362551449478,0.014774360676005202,0.12353203844802052,0.015873297344631578,0.005792287703169252,0.023039285709995316,0.07775081059182656,0.0306783324777763,0.010950843765852446,0.020255415028536894,0.025623551312683984,0.0452655376921362,0.014544061646398033,0.007162043475352036,0.0011466437095726287,0.03954505344672674,0.02060868742005694,0.008023360403821608,0.017074116013216366,0.0014930500926766792,0.023103569784054912,0.023011111405106144,0.010697445269876463,0.015109417660865576,0.004218870763771935,0.005992150919138677,0.004637260687079174,0.00445185273466376,0.0023313549673324514,0.0002433755349069395,0.008018302565092715,0.0003393793058052966,0.06801720509663353,0.0006514801914542764,0.002758861191809575,0.0010962690044226285,0.00030024876187412095,0.002737518934908845,0.007614607093712231,0.0037030434524957514,0.00024432405774908527,0.002477154451500205,0.001512777717651142,9.928198810965079e-06,0.0036573822811000124,0.00068512337432345,0.0012168046663150447,0.0024360500381458306,0.004129027301643164,0.007194871641967539,0.007462068306463856,0.00023559492899833472,0.0018458502350202429,0.008214369523096537,0.008395004410444445,0.00033149495665171964,0.0034804203432199326,0.0012715300285226576,0.0016469877697167107,0.00057576646111286,0.001874853159511302,0.0020331231072286543,0.004065932048607569,0.0011391008525430488
147,0.0087987292094912,0.03902516186786428,0.0009700734877209141,8.23053889275119e-05,0.003192285538565389,0.006233936797175923,0.015439693111900889,0.05224045899879366,0.015857974510702717,0.12320111975041256,0.01434901700191481,0.006782462873684637,0.02339020141678439,0.09043878726393696,0.025639002587480753,0.009778608669221958,0.02371173023143682,0.025097678928303144,0.046929246816031486,0.017327091581713278,0.007818654603945704,0.0015416273699106896,0.044729774146146095,0.019571189214865548,0.008638841295558891,0.012781730382401924,0.0019397255578440396,0.024852550414677814,0.02299486344724121,0.010832752737379488,0.0161419366807144,0.003394710073785149,0.00518321695049013,0.004323094489247117,0.0044457243475317775,0.0007672879108128097,0.00021809474038671483,0.006547315727164184,0.00011964402528887732,0.06912157276888463,0.00048314436136411595,0.001989538537255142,0.0012641878769452802,0.0002580622498369685,0.003033163542679357,0.006099748359995034,0.004178794013121442,0.00018209415159811963,0.002289173448156565,0.0015146510683713278,7.7118444825221e-06,0.004309497891527911,0.000624316707318487,0.000970687270397539,0.0019179313534648495,0.003062365901618953,0.005814017609570735,0.007682506697555207,0.00022923653454775964,0.0016225897949452184,0.006975163078529074,0.0054669155097158825,0.00016689697318206557,0.0024901337514354905,0.0014887489678852748,0.0011707812997619528,0.0005002402863900045,0.0014636788075237438,0.0018667792808214681,0.0046619924167450085,0.0009898752902991585
149,0.011888568104470981,0.04525565523027925,0.001371544454597366,0.00016245567392091838,0.0025574019976280313,0.00661957862844379,0.015316584612847586,0.049713462182280385,0.014236145977836496,0.11583559769968724,0.013003246590257849,0.0073207064849221464,0.030605006419610215,0.07869726939856607,0.02098011378135145,0.01081533145214495,0.022524697687381662,0.029324611573954926,0.04835949661101006,0.01685448180728144,0.009288789265483273,0.0014620627647912556,0.04102603396953556,0.019420263360694898,0.009340431034668008,0.012607316204369626,0.0016245667461889971,0.023859033979020474,0.022408228281014353,0.011232155433340168,0.015635639875222523,0.004169401931449958,0.006456286637775423,0.004816997476359799,0.004549349828829052,0.0012631689310980106,0.00029476608645100577,0.007803954660667401,0.00017192775643856708,0.06406175719111677,0.0007600314871654647,0.0024005316660006223,0.0011671043377312947,0.00044761055818360224,0.003144295895546183,0.006683441332907727,0.004255893598586464,0.0002668214069524367,0.002709203983764952,0.001652514020056209,8.827451616493561e-06,0.004153885077901111,0.0007372883248888415,0.001287620509609497,0.002569765707841718,0.0037626606523215966,0.00581001215971262,0.007691581696442607,0.00026509139692590405,0.0019243064077546462,0.007225595543026774,0.00845803582505474,0.00023177112153402563,0.0034661651595273807,0.001425676209136092,0.0015166919856382144,0.0006851337039965381,0.00189638582665949,0.002088612930773877,0.004687188611675688,0.0011761605292957768
151,0.007117928913388227,0.03185647303492078,0.0008934946976526881,0.0001323683849422247,0.004040246220044436,0.005327765008631577,0.013913190245821211,0.05300142306663747,0.016581610332854314,0.13292176180253315,0.01575294857038057,0.006666920329666325,0.0177280755584025,0.0995472123750444,0.04148157112790142,0.008733834438525254,0.020873540169785963,0.023030034518529523,0.04777872806730766,0.016253060708130627,0.006263510834641362,0.0018108703191308006,0.0466965432703405,0.02275831462848221,0.007931078149406951,0.012870893497901912,0.0022930323300205946,0.02465730253026699,0.019129992761093676,0.010470015084152118,0.017423207810627166,0.0027355756095940637,0.004335065740375921,0.003696367331127786,0.004562950130968833,0.0005447256479334941,0.00019134934583651502,0.005483064701345927,0.0001202414648153155,0.062173590096334705,0.00030126512359976746,0.001767809808782745,0.0012724673248711569,0.00021112194021231505,0.002967965008898296,0.005705797462126055,0.003907978186033429,0.0001203043563820258,0.0017574831150350503,0.0012486071007181214,5.042064008064946e-06,0.004284506076593006,0.0006462370289814096,0.0008166487014616934,0.0015930221948973304,0.0028887656993702954,0.005569071916945725,0.0073563380019843,0.00019466625230490456,0.0012976314864211525,0.007869116905774687,0.005077116421242941,0.00013341585581139672,0.0018451847455680408,0.0013946921407852347,0.0008824472754706798,0.00031752619890986015,0.0011849265926837512,0.0017403658858982346,0.004507486311279418,0.0007769221494641438
153,0.01107244286274496,0.039597674199639395,0.001158772853888105,0.00028952987362199106,0.0032408730403631026,0.006666846206178405,0.014689711898751694,0.046891735909308424,0.015804970731535035,0.12067363202489792,0.014010453593932314,0.007919685111553531,0.026822713877680784,0.08650454725323553,0.023935393319221628,0.009949652773658998,0.02032644267969131,0.03002808933494605,0.04889303829448511,0.016328809180784918,0.009226920311989597,0.0014468522109795793,0.043084920375306764,0.02132866009890144,0.00991883890075647,0.01348935689607427,0.0021494078535823392,0.0238042543194826,0.022146936439649184,0.011793628601988512,0.01802091025067091,0.003659244684255291,0.005675873141648735,0.004125721157104629,0.004841473060252813,0.0013258303967319891,0.0002497981667109385,0.0071074618013299215,0.00018868443123273024,0.05821778676505545,0.0006815851921663064,0.002369423848588496,0.0011745343903318242,0.0003635412793019278,0.0029937840566247893,0.005857952655054325,0.004095017794392692,0.00021687865541620134,0.002430217508752382,0.0015569080354319149,6.745136864782801e-06,0.004070290268403314,0.0007173217604887888,0.001092270175228239,0.002312450953031982,0.0035454035633770108,0.005587278604003789,0.008138280284737495,0.0002561410285365045,0.0018284969126495755,0.007862000372219466,0.006684243503237797,0.00022838278291682174,0.002671957434899441,0.0015357152516090322,0.001156594523800995,0.0005454280457073069,0.0018164682625844827,0.0019552532160948826,0.004606034374082465,0.0010635839124054798
155,0.011367347451700871,0.048115769310755056,0.0018689571972821401,0.0005183542070345778,0.0014786340177993205,0.0033158627955395654,0.010117857960183538,0.06853386276119515,0.009509316239953592,0.13107418150048317,0.015283320682836454,0.0031803436991894303,0.01630411479891816,0.06867875263938727,0.04993864328978444,0.012396298447274754,0.01719796633426919,0.01822752096331434,0.04324948950216465,0.012712674697373142,0.004820567409364353,0.0013114700083872823,0.035319786328233085,0.02561798305589152,0.0076784290640620565,0.012843292765314034,0.0007149952005102108,0.026899385644519568,0.014996272897934306,0.008526452446861418,0.011807052441750312,0.005373275700770939,0.006371809205882367,0.005018099939902796,0.004165550608895223,0.002163454593108451,0.00022533073186112784,0.008894358171747095,0.0003901056116835231,0.08909052400116604,0.0007166863714722365,0.002205073459823868,0.0013214782727625865,0.00036142094530985973,0.0024197818124443693,0.009612881628052742,0.0032491912589404925,0.00022487089996911896,0.0025618473251481032,0.001173702566111596,4.540442026360451e-06,0.003055334404528416,0.0009320932523944851,0.001965437750297495,0.0020817897058661903,0.0038195892595791576,0.005786672764792358,0.0065457154866995285,0.00017641856722934888,0.0015266227859882305,0.007671781364583586,0.00889186993877498,0.00025592216757453927,0.0029111481281908665,0.0011201486518397866,0.0016153865596156096,0.000794802520001774,0.0017116600824477206,0.0021578305894792145,0.00364087240973479,0.0010700176603582472
157,0.011091257819463442,0.04882276491178798,0.001821575434943501,0.0002619822486662143,0.0016488368367982248,0.00519552450373866,0.012888631755144977,0.0539846648470293,0.014303521054072949,0.12447710594206685,0.014445287310929075,0.005200990264803701,0.022552810704377278,0.07745752982164965,0.03352510634039181,0.011224284406516337,0.017859333782601284,0.024407010851317638,0.045036733180789684,0.013402318290596989,0.006018827515263207,0.001214706227740547,0.03666819376526853,0.02193799655196163,0.008523148244806773,0.016569076944889877,0.0010770694558144727,0.023239762062049574,0.019074341154455953,0.009893512552620663,0.013890086263198107,0.0045722158955933765,0.006125041130324311,0.0045865896041346185,0.004187222537513108,0.0027707888129643444,0.0002656224325082408,0.009082182729064855,0.0003113184226712966,0.07507033796621505,0.0007741942694360483,0.0024236969858061866,0.0010521699469085645,0.00033658451357031026,0.0027520598261990175,0.007943539000250695,0.003344757909980415,0.0002569951148462916,0.0026819574901315577,0.0013420902763500878,1.0957553319444427e-05,0.003353285902192426,0.0007926755996887999,0.0016130055840937398,0.002495988887945517,0.004675050430232817,0.006094671683858624,0.007304788738302627,0.00021676075552505526,0.0018997003265743238,0.008492375102218747,0.007679383919284764,0.00028652442332147816,0.0030575897222164675,0.0012124375259856416,0.001666979465148834,0.0007364346890936342,0.002013818736202623,0.0020839213572410704,0.003958458854585645,0.0010816701968358745
159,0.010667120186015306,0.046775020124088365,0.0015933435541177654,0.0003150897822434777,0.0016206252126246203,0.004168806047033871,0.012001592085602966,0.06372430489631925,0.010837564185448133,0.12890862416815285,0.015022738301171006,0.0038529700556301006,0.017223382673237253,0.07449280041281635,0.03951493828624982,0.011882130243471054,0.01990302909322473,0.020995327290735548,0.04477259469056966,0.014263060122463304,0.005482663029310079,0.0012955510564821356,0.03799403377386933,0.02292515629974732,0.007639965511577748,0.01255451811285701,0.0008725880549601867,0.025898248696849816,0.017092497822818343,0.00873344094206945,0.012274457118226858,0.004648610179987571,0.006203803309884044,0.0050302883003880885,0.004401315084777609,0.002090717673758359,0.00021691661703174495,0.008361604975987492,0.00031496078429510654,0.08357567977193903,0.0006908878047342833,0.0023415923947617792,0.0012982038236747822,0.00036707011460027284,0.002581913097353635,0.008669771176729941,0.0034171151567095825,0.0002270857451389566,0.0025970321699881,0.0013120453565766384,6.329496476552505e-06,0.0033513702402290287,0.0008159804425289568,0.001660580028704623,0.0021102019808869645,0.0038539295115969326,0.006322261856622929,0.00676642495244011,0.00020458357462366247,0.0016738562332082375,0.007677138362087554,0.008178014513615578,0.0002780543992166328,0.003122013713248575,0.0012368790012476513,0.0015971712053092445,0.0007426219919742341,0.0017545427405582933,0.002153136080904133,0.004014591368688414,0.0010571440078342592
161,0.011644482300004165,0.04748916950886638,0.0017715331588030055,0.0004303637720369352,0.0016859386853656712,0.00398335526167928,0.011534168676089562,0.06615629587350998,0.010836968805856993,0.12706144775233413,0.014883530065054237,0.0038078455529291866,0.017736570017081354,0.0706950774727609,0.04167783082434993,0.012376261973022997,0.018233030767471018,0.02017296251293108,0.044605487995628634,0.013710503527785882,0.005496991235703252,0.0013492076734941867,0.036672963261313016,0.023676753329898693,0.007760675392932938,0.012478453986778602,0.000854828073138602,0.025856816951523223,0.01599689636979179,0.008692927218421017,0.012330705577621838,0.004888352809516932,0.006399533199426447,0.005094574717663206,0.004297135181087832,0.0019863708282622226,0.0002493488465547744,0.008670279514650709,0.00035825911580408544,0.08690066272253284,0.0006926666237578366,0.002318216192358201,0.0013039476260205932,0.00040037245740895514,0.0025448238640928193,0.00936235616407985,0.0034041120345289434,0.00024297504832190907,0.002541194730546409,0.0012826939651940945,6.156092081211458e-06,0.0031933840225637816,0.0008944244005423165,0.0018300564269385826,0.0021804385216488073,0.0038310954743833903,0.00591154185709428,0.006671636192446267,0.00019037265852388962,0.0016339298497892402,0.007572674042098465,0.010114984622210742,0.0002612313918940916,0.0032294458526663673,0.0011548596913665986,0.0016445530519036157,0.0007522047370886333,0.0017324580511503774,0.002169916461688458,0.003913095807206919,0.0010636143205627988
163,0.010797078818741548,0.04980268485157589,0.0017630860164415964,0.00018548750262602464,0.001863016726283826,0.005613701480131462,0.012804753437738594,0.04418771720616489,0.016930060264420267,0.11479260929251706,0.015309331563987819,0.006975321427603606,0.02642450294673213,0.07926217132427521,0.03655859037994968,0.010423852983287253,0.01831874222095379,0.02620048693562426,0.04292270829911895,0.012643847262177963,0.0059479471316164125,0.0012005443949907957,0.03832299088580486,0.021710641261675975,0.009570121565184388,0.020898883380672202,0.0015436284692376004,0.020899640558859456,0.021831633289171294,0.011075320234892695,0.015592550626965865,0.004523218827268494,0.00618415129435843,0.004454126499452007,0.00428750190637098,0.002892148058734507,0.0002688796661297828,0.009560862336872283,0.00032993194268191175,0.06786043299684044,0.0007804348454407777,0.0024021646665787,0.0010396801031424552,0.0002911704517925234,0.003131665454877057,0.007155205405723157,0.0034618236866734357,0.0002676266352446766,0.002630461895863183,0.0014482825907080937,1.1933363888548865e-05,0.0035170854006372453,0.0007190195303937774,0.001423445470851587,0.0024535975496961025,0.005016277292305156,0.006422187386881852,0.007867135096873349,0.0002201716606165293,0.0018977823389174301,0.008444247759179959,0.00693638979318404,0.00028171834833610375,0.002915319148640605,0.0012233428415851944,0.0016304687520430632,0.0007260211339081209,0.002074794559168898,0.001991746192988751,0.004136079454370096,0.0010971176824656908
165,0.010864943378283557,0.04924025519030024,0.0018519356989888834,0.00016925331511419934,0.00438830745705649,0.007261606828123621,0.010230788294917225,0.030207557310013382,0.03435208519479086,0.09954134866148501,0.010346670956538318,0.014018480753223478,0.03200079046422028,0.08433888748406769,0.020954319010466096,0.010909424133554347,0.01704923095673506,0.02774539663359797,0.03754392094991146,0.009775320235440416,0.006887190522648117,0.0017967608125590605,0.044920093468437595,0.021138085100522036,0.016809516249706714,0.02777402381821493,0.004359058589151561,0.017828761634560777,0.028134503515859968,0.016783811383398534,0.01902190392483465,0.0028558894854047168,0.006262342310522057,0.003843989234565831,0.00511518502178378,0.0036056168617001343,0.0003896164370628073,0.010924463713825145,0.0004312392536646021,0.05454867328903309,0.0010414586149995145,0.00192977204026928,0.0007925704062345553,0.000332196125128251,0.0040001012987097,0.0046217639195747316,0.003848643407697673,0.00037404692973146044,0.003331956777832323,0.0017662686791819415,3.1476072551781594e-05,0.0037616988913146687,0.0007553283911574969,0.0014429792422003714,0.0024220538502009313,0.005493209791473085,0.004386357796963809,0.010321686785150278,0.0004312227062976854,0.001986150789005695,0.009637901984245282,0.006741466263133614,0.00025442387858841566,0.0019586943288052855,0.0010125407603475865,0.0012592817475400354,0.0008121860534145261,0.0021577857711186166,0.0014631430290178366,0.005638490494614353,0.0007339381140249094
167,0.010335165784797906,0.0508909571400204,0.0018072914720861915,0.00012293201930920996,0.00329530865300062,0.007170447070967409,0.012097760266388998,0.0329134008814308,0.030324396014059583,0.10829349705526374,0.011572293778621357,0.012160461699174414,0.030329732325709242,0.0864008836156323,0.020407008955427835,0.010948676344591875,0.015879265864954202,0.02953235277198296,0.04044961287974564,0.010740489859331064,0.0068573671296973835,0.00149703821819814,0.041270732682252224,0.019512054365507688,0.014387674678634828,0.024897884886429942,0.0032451431464174296,0.016752192521129937,0.025097706085898112,0.01455153210858163,0.018451866958161815,0.0033663966912982186,0.006402333747677711,0.0038724370986720187,0.00484877602674797,0.002925740657581752,0.00033101809873754384,0.010540791125488226,0.0004771855117929192,0.05524227072773722,0.0009002585454868546,0.002163167602852284,0.0008359366227729708,0.0003479141682414431,0.0036787705211599854,0.0054159073494915375,0.0038778426276293593,0.00035787352441668844,0.0030536655839295507,0.0016927897219743938,6.954649780151898e-06,0.0037465697026730187,0.0008057392937498276,0.0015764278078367255,0.0026552803040142785,0.005474031642519654,0.005082114963342259,0.009529216570097577,0.00040979663293381997,0.002232106883871301,0.009621679627916149,0.007334049156877132,0.00023749359142119693,0.002331693888482427,0.0012095449819889683,0.0013995927126068631,0.000845771863281087,0.0021984351377845068,0.0016565913767623208,0.0052350615986219776,0.0008581938514205416
169,0.01011170562334442,0.050785520649626596,0.001786693688970331,0.00014444290275724306,0.0036333147302449915,0.007597172059869865,0.011714113379759998,0.029659801754070198,0.03221803112010592,0.10158549423836172,0.011302203650965445,0.013138559743021465,0.0316196248132147,0.08450501805027168,0.02072163128643082,0.011101583318470233,0.016384463137207077,0.030876200268026226,0.03977806791340771,0.010345969501412458,0.007131705466106064,0.0016069736580474816,0.04344573099471206,0.019636365122820274,0.015472801687380596,0.02701418925549557,0.003773228419692838,0.01623359070471662,0.026818760009273433,0.014950049448201231,0.01991049276489096,0.003178145543344856,0.006485373499089256,0.003930776665348144,0.004908578900972197,0.0028394159442592178,0.0003455520746068,0.010117406808239882,0.0003096766368196217,0.05181093815161445,0.0009563249788859875,0.0021976233776866143,0.0008617677357526831,0.00035501232571235545,0.003888224155571856,0.005108570864349649,0.004006319332762862,0.00036024363724260054,0.002767290188189073,0.0017051730945263385,1.4314993426781101e-05,0.003959229261113733,0.0007288405704414548,0.001549244365467049,0.0025434845830901555,0.005467580357926126,0.0052093033766842465,0.010005253267126972,0.0004546275789737429,0.002171879087045605,0.009520309927448905,0.00764806565599603,0.0002490837981219315,0.0023636703590352004,0.0012882286252486382,0.0014214243176324918,0.0007715883705788684,0.0020989115268246063,0.0016566136821214907,0.005297337620451266,0.0008804336853846821
171,0.010484463404506018,0.050842929098319514,0.0018451724733423262,0.00015217751655531464,0.002139827617292832,0.006008061845626334,0.013371321473360526,0.040175002790828376,0.02058985384574777,0.11289367773329242,0.013186366697627043,0.00831930116778659,0.028099773427286187,0.08529472110916256,0.02353897957726704,0.010578111457095857,0.01717517240448708,0.02909283115493574,0.04431854202426289,0.012778923180058667,0.0065276058753020085,0.0012253751196500404,0.038652536868401303,0.020121010221141183,0.010853783510341301,0.020801083786198365,0.0018059859435720046,0.019751435244799966,0.02250242394278776,0.011718408207234743,0.016509959546217458,0.004073405157431476,0.006224659878502398,0.004197925683669615,0.0043197496897304085,0.002859021943076188,0.00029994807504012897,0.009794664833795999,0.00037090854203651136,0.06610495736013364,0.0008321457288799517,0.002305108758131833,0.0008738753658383307,0.0003255199683610773,0.0033041752893349483,0.006362659718275348,0.0034964947169358633,0.0003039850295568767,0.002776683249158828,0.0014229832537272864,1.1791336107559363e-05,0.0035734291722547217,0.0007498583621383183,0.0015136977257079612,0.0026322547261879627,0.00536964890627693,0.005645540148186774,0.008363906237068681,0.00026096672528406475,0.0020406635965054837,0.009006567388400132,0.00673293336153776,0.0002646537921112716,0.002628837794269869,0.0012316023277501081,0.0015041029269184671,0.0007627914595453158,0.0021314589506656683,0.0019335989151846797,0.004489212399987342,0.0010176864019063791
173,0.010542349759511143,0.050598619555955744,0.0018624950357108666,0.00015111763267281383,0.0024234584471969937,0.00618066365081465,0.012842711291239444,0.04025165903152287,0.022732330070136062,0.11345443341735917,0.012890349841457848,0.009052277956366756,0.02781966691929596,0.08472508566462349,0.02366550638799992,0.010770864057355552,0.016673636073485328,0.028508677285901948,0.04356175033353792,0.012340747299307502,0.006496132576936631,0.001309422421139657,0.03898314183892907,0.020138026144884944,0.011611677098831683,0.021058551666773558,0.002124478241274139,0.0192940953649652,0.022541713799859392,0.012298921945999146,0.016645596553593395,0.003946999124108868,0.006276198101786114,0.004152939530373882,0.004450919535802198,0.002841911751192605,0.0003107742412843301,0.009954835432072333,0.00040732114677728286,0.06427860931021148,0.0008440836125269871,0.002253950495954472,0.0008788264036732501,0.00034267078359584077,0.0033319403588012667,0.006352740549187671,0.00356980727881605,0.0003145981992178444,0.002871069913810679,0.0014904573479263357,9.871434752472228e-06,0.003578443518374005,0.0007861242658720509,0.00157290362684095,0.002633016529579641,0.005335489089978374,0.0054808273498092985,0.008537536133480279,0.0003005633571729426,0.002086808663311104,0.009184914638330204,0.007263179597188561,0.00025850155162514304,0.0025863816621496333,0.0012152078564355115,0.001507850747509693,0.0007993359542976676,0.002139252722033425,0.001875323987014726,0.004674277072686133,0.0009767308987991435
175,0.016834749972290185,0.047526591153551075,0.001476401953365241,0.0006156608370687614,0.0024161813097961045,0.008372633570772456,0.014833329684871999,0.0381930661008049,0.014802791089830479,0.10460337469979374,0.01210692724951566,0.009275400112940016,0.03683675046210449,0.0634236651800658,0.014623435422574136,0.01166028298392716,0.017867920002140426,0.0397846447830432,0.047651074945225746,0.015385663560058,0.012966601913450755,0.0011521719241391855,0.038716292293383234,0.021869782739683166,0.01281247908597167,0.014587636614250313,0.0020084754124881496,0.022495181046728874,0.024858227811606362,0.013480984399622316,0.0189593585313323,0.004722219595183515,0.007215580208331779,0.004595277443232685,0.005362087261827782,0.0026993183661776815,0.00036202002333340954,0.00937267749133065,0.0003063739732126186,0.052190277853629445,0.0012011781743864855,0.0031877415456885994,0.001079103813895283,0.0005297081831039494,0.00293507067196155,0.0061306734124951775,0.004058102152481148,0.0003571684136352918,0.003245941582979623,0.001944374012935634,1.1041543517563443e-05,0.0036494674748260474,0.0008188548589217918,0.001359644946590301,0.0031096480585296733,0.004423224678977778,0.005312044773785363,0.009120966119586342,0.0003173393410991853,0.0026777093073187147,0.007986670218676786,0.008289490844507095,0.0003830621665382545,0.003593925345748873,0.0016585959526874538,0.0013467865821296771,0.000849158821117778,0.002690896996315112,0.002208849763017395,0.004531720582899758,0.001386953688094626
177,0.013507536322445246,0.04902068288909183,0.0017960828826319812,0.0003754033297311008,0.0038053771843609896,0.008625892594578499,0.012048577567251804,0.028376250423618264,0.026333074519079527,0.09520148846195606,0.009995360541398142,0.01276100020960287,0.03679208074212565,0.061288730498106306,0.01394182275208965,0.012509730904927838,0.014777065875349032,0.04351945662692088,0.042622518724544624,0.011857268395012688,0.01564226072621774,0.001297230714148071,0.04509273315157028,0.020664111183928947,0.018820121218467628,0.013997828805737392,0.005103003972730174,0.020099883316057356,0.029495384799163638,0.01746359443923736,0.02174451249199795,0.003923615384918051,0.008160499649929888,0.004200786882391619,0.005925628654290476,0.0035835164524740727,0.00015057559376337396,0.010530749516798395,0.0002691122556653159,0.051877381863847494,0.001626571133948429,0.0025364370426574656,0.0009765585544403348,0.0006152442192480942,0.003812432526895901,0.005233361397585364,0.004689307164598213,0.0003857017052810478,0.0033197228245655,0.0022345184291352738,6.179837447726348e-06,0.004508097591180748,0.0010000315707914319,0.0017066827187133928,0.0029295436664300493,0.004027272791348511,0.003989655108877589,0.010888361642300151,0.00037182366945072605,0.0023671928559375003,0.008488684496115324,0.007167257157724398,0.0003944860057415217,0.002628992742783974,0.0018965674956339855,0.0012267604553281928,0.0007590248856932725,0.002553129250731916,0.0016920341520517638,0.005248273208054511,0.0010942161358280709
179,0.01092921114767041,0.047046331224138524,0.002071139854889135,0.00044033297069177467,0.005008443822467619,0.00884608902386958,0.008782529678119187,0.02695199838059405,0.03907810918613493,0.08278533857938576,0.009311609291984569,0.016234817457461196,0.03771087219906677,0.06371354909182476,0.017225673705901744,0.014647506724645591,0.014478191347345057,0.035470568480625984,0.036386165823167366,0.008122989674425592,0.013680535389506159,0.0018221306332254694,0.05306323744766113,0.021892365371662535,0.01854083892642427,0.012647921313156724,0.00873884758372014,0.020342594579736892,0.032274277668073656,0.020855052534293005,0.020959340423702403,0.0031248298338301043,0.007983035196367992,0.004221761682431835,0.00568158456546594,0.0039415701217815746,3.7179628346276836e-05,0.010805224312211321,0.0002392750960037335,0.0516541883144782,0.0013906258038948098,0.001815844740606208,0.0008913980096425231,0.0007228992456875916,0.004869329317538811,0.004462807396586567,0.0048874652354521445,0.0004706787347811963,0.003727908836756008,0.0022052118577739065,2.189092791217662e-05,0.004534912168728164,0.0008299439653434199,0.0014479321148235032,0.00272521774417672,0.004425097306543203,0.003200787324626094,0.011499873719457026,0.0002971088137982974,0.0020106623153970274,0.009607743059822047,0.0073875272788712,0.00039152739374854345,0.0018205696896433593,0.0014732209022121675,0.0009485109939091702,0.0007043886160664874,0.001816182238641628,0.0014095282745832283,0.006213007786118947,0.0009115620244194382
181,0.008895744769975537,0.03390732770867848,0.001013212523815286,0.0002338045668587591,0.003888618848412178,0.005801809300882417,0.013927926124859645,0.05136693790328793,0.01610947825688716,0.12872569979509796,0.01579742267360386,0.007158927502253748,0.020595611457518755,0.0933746407779951,0.04115730279447357,0.009030034686013093,0.019821567709542853,0.02516435886292094,0.047605133372452306,0.015941056331757516,0.007069955449608185,0.00175704658327441,0.04560769981637626,0.023077454136351306,0.008488361024274325,0.012948466411237992,0.00226908380396891,0.023480304146231274,0.018914710436168453,0.01074217109637008,0.01749067880979663,0.0029815654039300407,0.004948295102513271,0.0038222341784881495,0.004686501941252331,0.0009310006712256487,0.00022670780238678672,0.006063038466590966,0.00014514682301574046,0.05882036835141684,0.0004461479239202152,0.0020214114728483584,0.0012519401887759337,0.00025193733250272477,0.0030369556218195174,0.005808057573313346,0.003945749758461209,0.00015707920300584222,0.002027199232609952,0.001404639977964114,8.332597451548979e-06,0.004209415979090672,0.0006875586703595734,0.0008927109626040344,0.0018450110971094432,0.0031485542288667437,0.005474749503273683,0.007452119719308709,0.0002176435110620721,0.0014580799910404506,0.007837327944290323,0.006420001763510762,0.00016208985691727406,0.0021046690517603672,0.0013902762973543518,0.0009904600560740827,0.000388404190890431,0.0014248113035290097,0.0018569290981980452,0.004500222053625778,0.0008459321381462491
183,0.012886203627678993,0.05021786210918771,0.0018155701115274833,0.00043415249889880073,0.0035396145552284747,0.007728063975241617,0.01212232901187909,0.03144633517397829,0.02361184883598712,0.09974205866070586,0.010292203947029456,0.01132491310781388,0.03546259474656348,0.062154436464624874,0.015519435654855607,0.012829969952870548,0.01479109580994995,0.0415330291963747,0.04276132374730326,0.01186373657285159,0.014691499639152436,0.0012121476314542344,0.043678971146238775,0.020736126164116724,0.01765232876306474,0.013905720788289206,0.004250294938312576,0.02065312531943514,0.027256952993177933,0.016194547286798765,0.02062578237401381,0.00414053800304237,0.008205715994167992,0.004334314970853637,0.005862365751605623,0.0035449605605867313,0.00014956914104505728,0.010375871828663527,0.00026357892046876614,0.05840826473227025,0.0015640583288095884,0.002407709097282149,0.001005347673521697,0.000593162002286401,0.0037031796283119203,0.005640626509909388,0.004683114514985326,0.0003560518432295875,0.0031732156281174214,0.0020794459238180543,2.4849517664145685e-06,0.004457634247213519,0.001050753031949927,0.0018516783371315708,0.0028246156967304532,0.003938068851902256,0.003999616555396683,0.010577467259295481,0.0003413247005949948,0.0022392901615055265,0.00846874840030871,0.0064487674457641515,0.0003718459018181302,0.002563834751431224,0.0018332865126827827,0.0012873030843663098,0.0007867329193107906,0.0025101844264010563,0.0017328246321600344,0.0050192350435847004,0.0011146715733747973
185,0.015805234101688725,0.04943439234818711,0.0016069574526843757,0.0006196497466639525,0.002402501583469079,0.007829197367758558,0.014039033928272148,0.0367343160468671,0.015394466404959539,0.10461492039722804,0.010981955504041957,0.009045894821958006,0.03696415681052807,0.062330483340206216,0.014745701010094772,0.012279801261182837,0.017420964963818408,0.04002998693540228,0.04729649318436345,0.014521852554276392,0.01309991353735011,0.0011516590541446868,0.038770161631338944,0.021760858948737066,0.013380820676138242,0.014730314420510206,0.002117685341564574,0.023082199916163334,0.024979174356167397,0.013819024626104813,0.018854171343716072,0.004854294889112255,0.007312239104750172,0.004625534326534312,0.005412933342794006,0.0028248591398597977,0.00031848716494920106,0.009669468327713784,0.0003082462299763404,0.055982425024351294,0.0012636316296779971,0.0029742128102067133,0.0010755223558498123,0.0005779064308197013,0.0030110583570767367,0.006327933990788395,0.0041089167710550685,0.0003612898261647435,0.0031622519081933404,0.0018396171593498085,4.706025246080913e-06,0.003745500236558837,0.0008806174197722234,0.001562770268835565,0.0030691379197388758,0.0044607262860984435,0.005132143320465245,0.009395879098254577,0.00031153375875096686,0.002582889693617441,0.00827820195926655,0.0071099343226663945,0.0003920689487083158,0.003443983784090086,0.0017033068697632477,0.0013709799727333828,0.0008797055058461292,0.0026722981643043666,0.002116256315573005,0.004552227672089514,0.0014021442331983637
187,0.011162398453807598,0.0416086691663535,0.002341385006011299,0.00036505266963697693,0.005719606179103107,0.009053899331131045,0.009994809473762464,0.03153779010040661,0.03908132685917081,0.09323726246687924,0.009714848805888633,0.017297059423887422,0.038705738301459944,0.07907676664984817,0.02162682422974978,0.01196328550918138,0.01729575414005718,0.035156127140286784,0.04001487488791888,0.010909481632056755,0.009868732687328298,0.001937718217587886,0.05282560609931718,0.019818759446451725,0.016506115629644973,0.012833917039274239,0.005935354644740717,0.01810700206776056,0.025379503801901397,0.018272628002530295,0.019554110209434598,0.0026874023491802383,0.007000698082839027,0.004440508128329682,0.005557595604515338,0.004081306070218904,9.597895666525886e-05,0.010833213442542247,0.00033224134901772726,0.04288801590848695,0.0011781298063712623,0.001833666534078131,0.0007596866332814546,0.0005613842890066245,0.0043468190655526285,0.004566540359638957,0.004158189422706462,0.0005387437901098825,0.003976249979614135,0.00237206885482709,6.600232801505913e-05,0.00419501164227047,0.0007148981180032293,0.0011418784047674835,0.0025421361160595634,0.005123733885701504,0.0034064064189514402,0.009968578168213742,0.00027672504649206857,0.002209793307220879,0.009015475430527362,0.006179803700606823,0.00043721179116714754,0.001699403359608286,0.0009365607471301559,0.001210741277933174,0.0008978769053423567,0.0019274264068653748,0.001450749035668502,0.006086842116438359,0.0009520909578452476
189,0.005603963868170964,0.02706329845584559,0.0008370290179060514,7.830899733295198e-05,0.004584210260512554,0.0044401470836464094,0.01217577621122416,0.0548229185655506,0.015938564862932977,0.13642358604861302,0.01646916711690907,0.0058095386216279726,0.013116380184286121,0.10014267620206113,0.06552806051602776,0.008468389668027978,0.019520648809789938,0.020706024910510972,0.046555351279004786,0.015212563796305801,0.004817707020620784,0.002221979971725199,0.048823727790243625,0.02592695581002035,0.007015978574306485,0.01274833249434038,0.0022404403141523506,0.025037141540177665,0.016163942287129366,0.010100859570910902,0.01707167050097633,0.002430521547717205,0.0034179526787979377,0.003423948586574703,0.004449148960897058,0.00038867101859284107,0.00015084392936450477,0.004883278429328132,0.00010732699574739331,0.061816674910743365,0.00013742327523361993,0.0014359399695911346,0.0013476601682436517,0.0001559858758276244,0.0029489021601925205,0.005822559281564969,0.0035631134203719344,8.60266650351789e-05,0.0012780874520010525,0.0009500876002948184,2.105020610651674e-06,0.0043656486272105124,0.0006120161496511637,0.0006947655467861533,0.0012603328208933083,0.0027698830323615413,0.00533169890020903,0.006705784242866676,0.0001559278175863375,0.0010370630045663876,0.008117618665135143,0.004057408344781194,0.00011319691660234282,0.0013834977704063156,0.0012432437535951357,0.0007133319557209464,0.00022107127882447502,0.0008932980412192613,0.0016205349247966066,0.004313396574924529,0.0006091845917773679
191,0.005438596519809528,0.025495743823614265,0.0007850438476139439,7.38539806021454e-05,0.004867600423843613,0.004076342921295764,0.011128963894377559,0.05409609394389573,0.015471313258882164,0.1366556248567998,0.01628988524426687,0.005713199451608732,0.01321648953123226,0.09630074980031701,0.07826053607676242,0.008569125489278306,0.019058881891555798,0.020389831802271004,0.04482686287779907,0.014456725262950339,0.004615418042925086,0.0025016821983894467,0.049612045594258726,0.027815040412311073,0.007019493230898479,0.012819913877116389,0.0023062571077405425,0.025294638753716348,0.015326965479497504,0.01007163346771218,0.017219379822046924,0.0023249807402826498,0.0032616620868547042,0.003337622468278704,0.004420596736283027,0.0003066156567199652,0.0001521784445068633,0.004839825139843096,0.0001050473669580832,0.06007003967542818,0.0001216917926219137,0.0013037372331353356,0.0013902544991539908,0.00014337681227257672,0.002992008588916932,0.005816532174138962,0.00351524791896584,8.597251127404436e-05,0.001164948660131365,0.0008979292655432884,1.8367077034039301e-06,0.004470593782783313,0.0006057774404870228,0.0006311987412380648,0.0011476053961052986,0.002631011738470783,0.004979004013057709,0.006640226614376846,0.0001410483022666893,0.0010094584715821709,0.008124179021257342,0.003710119795864327,0.00010238477440125298,0.0012189899133878382,0.0012354926749288165,0.0006118021624677148,0.00018814401788408192,0.0008292296981376552,0.0015786778005619298,0.00418392202922097,0.000565469558774577
193,0.005324873744957609,0.02307047830504116,0.0007499063183799507,6.961521369108828e-05,0.005310565134726815,0.003531595988876663,0.009442474395961211,0.05342650798810481,0.014445161034596815,0.13635472176869368,0.016331244443894857,0.005467328009349606,0.012939192186254948,0.08992257619757851,0.10105901290450864,0.008682627110182094,0.017814606129384965,0.01992476496958298,0.0425580625671106,0.013163761063945987,0.004235380613305003,0.0029339555152431258,0.050867911318101124,0.031066710830317923,0.006866106468457735,0.01283311928204269,0.0023312249226742055,0.025137957208646235,0.013348487836627322,0.010037012882029175,0.017183057036299357,0.002208834560483051,0.003020037459468814,0.003220169786457004,0.004356018714893854,0.0002889296121146611,0.00013534102758447976,0.004792008635129092,0.00010345637589208225,0.05684874016584269,0.0001017401677156598,0.0011464347298932329,0.00145445955755767,0.00012832273277574088,0.003082625844304014,0.005912605575764041,0.00335575886211658,8.576378427016082e-05,0.000980246361675368,0.0007863471759099186,1.6238794711033484e-06,0.004583595723736144,0.0005956723114016274,0.0005567540813460642,0.0010191286473305112,0.0025444535777451828,0.004481435284394232,0.006320778557578274,0.0001245558114745123,0.000919632346720508,0.008140407513294107,0.003540396337419292,8.988788530793693e-05,0.0010127063919557217,0.0011616040376447123,0.0005132252759446369,0.00014628846845765278,0.0007397872529547559,0.0015553588988878406,0.004002048650477677,0.000482789150043975
195,0.006947100918333594,0.03316124707998188,0.0010971630167713093,0.00010589529835265373,0.003557193891909507,0.005480024978877931,0.014903913399909232,0.056464443909748016,0.016534229021790407,0.13337426464600516,0.01744705682005934,0.00583440869249528,0.012173850123975507,0.104642355988093,0.03884650806532646,0.00797695379928877,0.019991544338301994,0.021556761756808065,0.050755337399026296,0.01723113663482433,0.005464652881735877,0.0014945070593309331,0.04555108490627743,0.021728588626613442,0.006843706602601689,0.012374418489100439,0.0018498059834363653,0.023696381077606406,0.01814158509671769,0.010345089546855467,0.01587557685813313,0.00306384431983121,0.004200743276173869,0.003771456794866364,0.004463631147508883,0.0010631475006872605,0.00020639621425819755,0.005640743668851447,0.00015732952635809483,0.06744242590439205,0.0002434226382385127,0.0019439357958356547,0.0012303286857388352,0.00020811054329375315,0.0029029440983492833,0.00615378621311383,0.003506371123326346,0.00010507243155973025,0.0017030982920683156,0.0011112914682895002,5.251598849245575e-06,0.00392195688858974,0.0006050390409466178,0.0009462066160245519,0.0016677077021405395,0.0033876454922391985,0.0065218933888483935,0.0065559284822013135,0.00019949798605351562,0.0011468889753707696,0.007826983204184923,0.006230877147672582,0.00016236277026056138,0.0019815958851710715,0.0011819485455386576,0.0011274526923529741,0.00034455860647024714,0.0011675877459900847,0.001846940197351558,0.0046808764069370115,0.0007105720790082923
197,0.005530453816297618,0.02643041138511047,0.0008013456863191448,7.749553099624493e-05,0.004707990983778185,0.004284345628305284,0.011728538222865528,0.05422957858813014,0.01581675184660545,0.13649248062421515,0.01625863291813786,0.005824118755004704,0.01348457783033301,0.09848609289127569,0.06992209264471567,0.008544961026702675,0.019506105455364794,0.020646661935424818,0.04568317065927094,0.014915742730476847,0.004794953903876751,0.0023458677934760997,0.04916428712339385,0.026652427690202925,0.007111864656865404,0.012833168296275396,0.0023009663856545935,0.02531404119677714,0.01606973463669301,0.010104434627803867,0.017253488030536352,0.0023718082733517865,0.00336500957853489,0.0033834804994603944,0.004444333965433983,0.000316572741770418,0.00015641454140331122,0.00486962814781825,0.00010396323509623564,0.061091023791671376,0.00013421232198962424,0.0013668991879045107,0.0013672983873364425,0.00015041617529236442,0.0029653898194624277,0.005778858147130758,0.00357771851854796,8.680136446098134e-05,0.0012409616783179457,0.0009439059199014317,1.9696217294049056e-06,0.004436276830690766,0.0006111599526102715,0.0006628109917225798,0.0012026638046998964,0.002671639130305283,0.005138345742542985,0.006763010778601593,0.00014838780745592435,0.0010437221165663973,0.008115435625337914,0.0038314360733354073,0.00010690611807909337,0.0013053062399239715,0.0012597118338889485,0.0006515643234612501,0.00020550623205730606,0.0008677795382316518,0.0015908935164238543,0.004249533043962879,0.000598421755823358
199,0.0068800298743094705,0.03269167865837308,0.0010177435981750446,5.6810577240404205e-05,0.003391764178238926,0.005052889002488156,0.014331982120860023,0.06016020881987613,0.014617121540463966,0.13422684539434301,0.01770778075769044,0.00547321704085434,0.01257492232897455,0.10305414189834863,0.03965849438457101,0.008851539065525204,0.020057218521201067,0.020805661982311947,0.04961930320226011,0.016638341974971473,0.005046303441852527,0.0015069788311333596,0.04577350498290505,0.021938480216145542,0.0070781129887894844,0.012036633358825394,0.0016322791573303323,0.025174161456078592,0.018013972841062532,0.01101827839216608,0.015911659672695578,0.00344967387558321,0.004179146020075165,0.003953294394576887,0.004523956740675942,0.0005323278906288585,0.00015561967789783247,0.005282396228079029,0.00020609606923283118,0.07208232134263287,0.00022386237238626277,0.0018353618720065201,0.0011775187855387317,0.00015661006128401896,0.002895127973751071,0.00625798756866482,0.003702373314129807,0.00011593134448828424,0.0016627483253223484,0.0010857887266217938,2.9491191252862985e-06,0.0037132044101636018,0.0005950427125265554,0.0008116422586506915,0.0014755656730856674,0.0030142147954390465,0.006396682438686298,0.0065643423198668855,0.00018735426798012475,0.0011917959533878112,0.007759350542093283,0.0038948258406940645,0.00016554943572410225,0.0020173827657257422,0.0012200354339516196,0.0011373461887276717,0.0003507558270273357,0.001164660256016652,0.001711993725104256,0.0042177077273329545,0.0008402352185231704
201,0.008710155508733783,0.04032911562113866,0.001489810891550142,0.00013408437110324657,0.0024210966704783965,0.005666567804374531,0.015160677157707601,0.05888526205551457,0.01436822821641781,0.13138137421205603,0.017956720855368973,0.005431013559278196,0.014668480565778194,0.09994107586253385,0.02959440546798306,0.008318594817825927,0.01887441543592005,0.022985065880660984,0.049843177122309304,0.017003095768658067,0.00528821296435783,0.0010288498476393251,0.03882001489341807,0.01959838668268145,0.006821945350050815,0.01222969556321074,0.0012318654768053402,0.02282759727682,0.01872605131952773,0.009956241413796562,0.013506735208900762,0.0035803416547305375,0.005103193231852442,0.004578546862578521,0.0042440352058851095,0.001893372112817538,0.00017693284122043758,0.007570984496546692,0.0002846321665389143,0.07058028114088391,0.0004629212558879246,0.0023656123243546807,0.0010599754749612187,0.00023821310162702928,0.0028874149368991312,0.007618680340477103,0.0034872556636700394,0.0001603349265525981,0.0022387632626739984,0.0012790402540056843,1.8597370572171058e-05,0.0031771714798412573,0.0005978499862545376,0.00127549470127236,0.002007005154129138,0.004487593521583559,0.0077437232754905,0.0061652050307556,0.00026088042535255603,0.0013470056380178418,0.008047424125301145,0.00542885601914403,0.00026132932507446304,0.003165486900073667,0.0012611402044321993,0.001928448469248625,0.0006600523122291892,0.0018005770836745894,0.0021958748395989607,0.004545092925807723,0.001037708283073807
203,0.0055408798626322975,0.025377655507931803,0.0007892348705275043,7.336422196187393e-05,0.004872522129838777,0.004003443107087793,0.010839618846532806,0.05460188133433112,0.015034172514361396,0.1369062660880713,0.016443673344057518,0.005630211234274651,0.013021441339062488,0.09447962364323123,0.08264633824758708,0.008632507272788087,0.0186554940388492,0.020243941563657122,0.044390464820288786,0.014191262049877054,0.004493625678305608,0.002552713921451819,0.049539709584909414,0.028296673712986307,0.0069027487925901725,0.012647847474795668,0.002250784154856251,0.02518313519753778,0.014745655621875131,0.010101583973441975,0.017013899922695065,0.00239169207139091,0.0032979140319765415,0.0033606837527296357,0.004413905349987134,0.0003146573333256406,0.0001550339135878994,0.004885170895299377,0.0001239507660142558,0.059876960375246396,0.00012531030831348247,0.001299041412463016,0.0013826145721528068,0.00013902012149486707,0.003006666964044675,0.005912253861972764,0.003489663391803563,9.010933638235394e-05,0.0011483053584946542,0.0008788018118109884,1.8806468054996487e-06,0.0044037210621706785,0.0006047811790377296,0.0006124659434443655,0.0011308494912845768,0.0026268452489548216,0.005010910491430169,0.006515622393514621,0.00013919440238155015,0.0010052818118339146,0.008100248482699173,0.003640140422539997,0.00010553529502852456,0.0012200678517726255,0.0012358666838570163,0.0006248314499596228,0.0001865879330700323,0.0008433028226132496,0.0015884246784435992,0.004126350737128087,0.0005631911575764157
205,0.007531597564221907,0.033410838829616665,0.0012475831585162813,0.00010004561572050711,0.0032193016597838672,0.005102815517329458,0.013810220692439206,0.06032208051031986,0.014204721855532638,0.13366665693288576,0.018107519873678916,0.00527419736755516,0.01206637845023244,0.10220954435184192,0.043561105676142485,0.00845452392355117,0.01866564455742283,0.02123276020934706,0.05151746894774797,0.016734378915811907,0.004820262839745641,0.001502004211997694,0.04303148168314728,0.02239023487686253,0.00676491895673699,0.011782300133405593,0.0015534455025934168,0.02435358607609666,0.01708687500970851,0.010403699317129459,0.015126618298729971,0.0033748724502349085,0.004244438652989547,0.004108000490182943,0.004260278346382851,0.0010530154968171794,0.00015820741463766486,0.006048671199231705,0.00018943909076457504,0.06902722478797557,0.0002968841212336533,0.0018855795337163004,0.0011447192721373597,0.0001916887153801196,0.0027770113529168782,0.007010007810730446,0.0034287993491285505,0.00011327256057340326,0.0017042451617383116,0.0010737142496278422,5.536530277206224e-06,0.0034954280280888113,0.0005950326416241596,0.0010011632743552286,0.0016084333809114712,0.003502290854704881,0.006674179071652231,0.0060856326003871945,0.00019697083956163832,0.0011165468002630988,0.007974535082785773,0.006115413987119709,0.00017652958462280565,0.002392066998398291,0.0011700018235459974,0.0014332956772506666,0.00041273490930957,0.0013467409198158766,0.0019295763444194688,0.004270985901420905,0.000858823974678783
207,0.0058389823462398375,0.029929775858753848,0.0008229469080229031,8.738302168149936e-05,0.004111817309881315,0.004938784814408767,0.01352751745005174,0.05542004145823947,0.016233061983883277,0.13740938285617765,0.0163795221964688,0.005938551964168103,0.013632066903525572,0.10194534503745852,0.04870734215430231,0.008577308417689892,0.02103456656910186,0.021085356769478602,0.04714175890061867,0.01613238701404212,0.005173046652684032,0.0019075773090888083,0.047827229626483524,0.0231083709630436,0.007096003140225685,0.012512597315146494,0.002133185302327137,0.025310935393415453,0.018056664815528294,0.010064186505657697,0.016715081928313592,0.002723092103378036,0.0037832623519166737,0.003605780111184133,0.004558172490144194,0.00036611252858941603,0.00024605001601278256,0.005136105591737466,0.00019714559839609035,0.0652986632947418,0.0001656510081285419,0.0015880618046726273,0.0012917348249687757,0.00015602444462478165,0.0029246488305267383,0.005809299185480226,0.0037719049830884804,0.00010976247670547586,0.0015003139175035023,0.0010859473591176224,2.1337905817059455e-06,0.004189887240589441,0.000609366669076177,0.0006955210918012794,0.0013008858126485573,0.0027023685710785865,0.00583586572985564,0.0070718702789675375,0.00015906353038520047,0.0012354447736869904,0.007790187252840585,0.0036361228673724923,0.00013414349003717065,0.0015444535487262176,0.0013907696692496763,0.0007805820323070362,0.0002728152076532284,0.0010082927884030105,0.0015949422761813953,0.004332330789539518,0.0007001860661626706
209,0.00645313007647619,0.03416245986148599,0.0008946818128470022,9.009224423428247e-05,0.003389195520099406,0.005484344058030143,0.014996010804238591,0.057228384780246694,0.015493793059939745,0.13562453762916435,0.01693304000269735,0.00575811731412109,0.013824019589483965,0.10220201279780063,0.03318986434219737,0.00882500633458977,0.022320558349177646,0.021556331607434063,0.048246817917333686,0.01698052620628098,0.005557637928270185,0.001501756464288373,0.046770793095687074,0.020305582631545322,0.007086249633126645,0.012169534459141559,0.0017626797529231952,0.025015646422891454,0.01975529410773958,0.010258904959486986,0.01565707647915818,0.0033569058360318235,0.004280308013883485,0.003929335138448632,0.004673109116177381,0.0005235865134628427,0.0003247357911991462,0.005540967971858731,0.00032337300762120505,0.07112717707758955,0.00022373238674890073,0.0018743613291604462,0.001220145265284376,0.00015573542553614034,0.0029668122170934223,0.0059699091229837705,0.003892414116053913,0.00014663837158375732,0.0018147100512908236,0.0012221342608997022,2.2999238564964586e-06,0.0038768176180948542,0.0005934589814106523,0.0007439813360798829,0.0014125745924706062,0.0028294845588445936,0.006440224411252675,0.007166206270689329,0.00017367171352804855,0.001431898605584382,0.007257986732296293,0.003414585712722792,0.00017273055178650644,0.001881400580934943,0.0014154027827144892,0.001004027948515686,0.00037656722345752805,0.0011742254274440425,0.0016121898855222905,0.004283179841032195,0.0008146088331019746
