phenotype,outcome,roi,observed,prediction
meg,delta,1,0.3312916154744195,0.30553998448417624
meg,delta,3,0.3474726275951033,0.314988372678265
meg,delta,5,0.3684006973515825,0.3166645445975367
meg,delta,7,0.3182067388416367,0.3084160710161108
meg,delta,9,0.315159804163835,0.2960706732110274
meg,delta,11,0.3557986833198726,0.3241799849496877
meg,delta,13,0.3777055015326828,0.3137161954918898
meg,delta,15,0.3709044175747349,0.29972016224062
meg,delta,17,0.3487081979329769,0.3071543556703493
meg,delta,19,0.3787669936033684,0.2832530250436911
meg,delta,21,0.3703134693102163,0.2848102030534565
meg,delta,23,0.3564299208803411,0.31353505256501013
meg,delta,25,0.3300296043648439,0.30992494362115686
meg,delta,27,0.3879905657126353,0.2846998589791544
meg,delta,29,0.3509188285447601,0.3007824307489352
meg,delta,31,0.3667995685531247,0.30278405082865023
meg,delta,33,0.3559415842572304,0.31208108701612625
meg,delta,35,0.3735224713172231,0.2901104054744068
meg,delta,37,0.3650270022904675,0.3230195931586658
meg,delta,39,0.343929482055894,0.31613093287843386
meg,delta,41,0.3896590704443278,0.2948273162486148
meg,delta,43,0.3845199593726326,0.32172366309826517
meg,delta,45,0.3916300362048868,0.30721753749809544
meg,delta,47,0.3988013029398031,0.28936659824211064
meg,delta,49,0.2926410560200854,0.29309714199728903
meg,delta,51,0.3749839792036897,0.3229484487953169
meg,delta,53,0.3068494006603179,0.29976353711072057
meg,delta,55,0.3004796670108545,0.2986319645627409
meg,delta,57,0.2742923192617272,0.2871568877027306
meg,delta,59,0.290942380459685,0.2869053505524141
meg,delta,61,0.3304006175389365,0.3150327222940912
meg,delta,63,0.3354861549148459,0.31755117655782394
meg,delta,65,0.2747198615696831,0.27672830519726266
meg,delta,67,0.2937715676888613,0.2855599940748319
meg,delta,69,0.2534230885931024,0.3562205907984625
meg,delta,71,0.2952363053011516,0.3151348656300758
meg,delta,73,0.3239434494882448,0.3456968973435806
meg,delta,75,0.3022195824980735,0.33151373179124477
meg,delta,77,0.3519408268806261,0.3636684707130916
meg,delta,79,0.3485582078496615,0.3500791586688088
meg,delta,81,0.323961194493983,0.3692940338176429
meg,delta,83,0.3614415369058018,0.3467920350198302
meg,delta,85,0.3008723246251664,0.34069712087064463
meg,delta,87,0.3268921210075155,0.3533757732603109
meg,delta,89,0.3481399723842962,0.384289061585617
meg,delta,91,0.3098150319778002,0.35040747557357593
meg,delta,93,0.3648597479394052,0.3843041531315739
meg,delta,95,0.349924834253632,0.3819708115696423
meg,delta,97,0.3039292583938773,0.3485286874527971
meg,delta,99,0.3213188887986922,0.36639335968393844
meg,delta,101,0.3354593215303288,0.38458051944954447
meg,delta,103,0.3419125774327446,0.42779077155511563
meg,delta,105,0.304538010122677,0.3438438354756439
meg,delta,107,0.3146443436683064,0.36033252565456486
meg,delta,109,0.3337153325110306,0.43597831643221935
meg,delta,111,0.3299388984839121,0.3721673804897029
meg,delta,113,0.3202541866085746,0.3464455203974092
meg,delta,115,0.3388395187182304,0.42496742016529365
meg,delta,119,0.3141647052764892,0.2859676670828861
meg,delta,121,0.3002410697631347,0.34160629502037965
meg,delta,123,0.2953240187307404,0.30100054134205845
meg,delta,125,0.2510429917205691,0.28161537821659544
meg,delta,127,0.2489283233880996,0.26447384987760825
meg,delta,129,0.2637118275121132,0.2785097577227764
meg,delta,131,0.2573943099667949,0.27549851058280395
meg,delta,133,0.2587473253050004,0.28066647071607614
meg,delta,135,0.2681629652754542,0.2907741761854455
meg,delta,137,0.2715111245729805,0.2927045675162367
meg,delta,139,0.2777935496127385,0.2809455965372963
meg,delta,141,0.2804742403539437,0.2971910332757122
meg,delta,143,0.2827162044768286,0.29296964434916306
meg,delta,145,0.2964197648583718,0.2985137552490785
meg,delta,147,0.2558715104504868,0.2797471208829772
meg,delta,149,0.2654093284553019,0.2934843113357608
meg,delta,151,0.2721725658458822,0.2773868533472004
meg,delta,153,0.2787284243960595,0.2862042245468845
meg,delta,155,0.2889064519493668,0.29080754390611796
meg,delta,157,0.3089090347290039,0.3105388436463301
meg,delta,159,0.2661181280452214,0.28587506687209013
meg,delta,161,0.2641820545096534,0.28464271742165553
meg,delta,163,0.3149499800913503,0.31803952389720946
meg,delta,165,0.3621949767166713,0.3595305220737163
meg,delta,167,0.3529400797990652,0.344667117483864
meg,delta,169,0.3461492644703906,0.34609649854814917
meg,delta,171,0.3270654591985724,0.32841674391599857
meg,delta,173,0.3423168601261245,0.33405036547640593
meg,delta,175,0.3019506811321555,0.30358166593264635
meg,delta,179,0.3645754058635672,0.3971617933665738
meg,delta,181,0.2297153693009046,0.2768850471630936
meg,delta,183,0.32922376304244,0.33443275634381303
meg,delta,185,0.3073662995828866,0.3060367852450926
meg,delta,187,0.2581802616144884,0.3888233492746943
meg,delta,189,0.3001927650045781,0.24797489986652738
meg,delta,191,0.2707411281050068,0.24379215730555817
meg,delta,193,0.2770546208771448,0.2397536442064876
meg,delta,195,0.3137857650240807,0.2600809317706669
meg,delta,197,0.2933355672783596,0.2502052273846272
meg,delta,199,0.2758034105469559,0.2754867464285732
meg,delta,201,0.2865556787913013,0.286568061198733
meg,delta,203,0.2818476366996765,0.24243564068072865
meg,delta,205,0.2947694547581741,0.2817923187721865
meg,delta,207,0.2490744125952414,0.24975439888198261
meg,delta,209,0.2576366575837832,0.2564280594046092
meg,theta,1,0.3099467358628257,0.26275925928208993
meg,theta,3,0.3164290766936439,0.2606049667552418
meg,theta,5,0.3118081570932152,0.2560221582735149
meg,theta,7,0.3074202339140757,0.2624831079952961
meg,theta,9,0.2949260397599293,0.26735591306171624
meg,theta,11,0.3145563038643341,0.261697780864841
meg,theta,13,0.2982031907285413,0.2542719955710005
meg,theta,15,0.3014770204520357,0.24750801092485877
meg,theta,17,0.2956741031163778,0.2546006193403645
meg,theta,19,0.2885732921793705,0.2420207884550597
meg,theta,21,0.2853635014589473,0.24099179947979207
meg,theta,23,0.3076505228602813,0.25920412661835673
meg,theta,25,0.3043166658457588,0.2617954989623941
meg,theta,27,0.273238978936122,0.24042009638139283
meg,theta,29,0.2852055771010263,0.24519576563393372
meg,theta,31,0.2785361761046994,0.24677404373148043
meg,theta,33,0.2738624496819222,0.24786651000709384
meg,theta,35,0.2713185657347952,0.24377873287394214
meg,theta,37,0.2766510975953624,0.2485055528866169
meg,theta,39,0.269666333359184,0.24909057389622336
meg,theta,41,0.280861123016587,0.2465243128229925
meg,theta,43,0.2681180573561612,0.24635166542564066
meg,theta,45,0.265390057304052,0.24347230692350627
meg,theta,47,0.2655311322691452,0.24262947901601978
meg,theta,49,0.1989334711305252,0.24740661427246505
meg,theta,51,0.2699746394891874,0.2480512085275126
meg,theta,53,0.2705152182875272,0.25696082064961867
meg,theta,55,0.2888439235140065,0.26576356969537074
meg,theta,57,0.2661460608410902,0.263751392617129
meg,theta,59,0.2851060454782687,0.2717497590930132
meg,theta,61,0.2540826942712542,0.25002617006642097
meg,theta,63,0.2834996597590736,0.255229505905661
meg,theta,65,0.2586258863358153,0.2513293830384122
meg,theta,67,0.2773593902378015,0.26657495054873964
meg,theta,71,0.2469640828314281,0.26072047076786825
meg,theta,73,0.2445483857056586,0.26410129286935213
meg,theta,75,0.2464528449624776,0.26964427388347006
meg,theta,77,0.2425159309154901,0.2655360972107786
meg,theta,79,0.2469056118031342,0.2680753532145783
meg,theta,81,0.248061980351363,0.28660726024888583
meg,theta,83,0.2456697195314514,0.272136125342116
meg,theta,85,0.2438253096145827,0.2701259479154965
meg,theta,87,0.2473038681951405,0.2769424103768585
meg,theta,89,0.2417777242945201,0.28867255039385764
meg,theta,91,0.2460288829528368,0.27345987988692344
meg,theta,93,0.2406260754946058,0.2937086128959566
meg,theta,95,0.2460502514215273,0.2934184911963306
meg,theta,97,0.2436310548818748,0.27451732848667465
meg,theta,99,0.2486805264887056,0.28475023467080685
meg,theta,101,0.2440516958013177,0.29465854878000003
meg,theta,103,0.2405030586701982,0.3133897949729346
meg,theta,105,0.2305851239270676,0.26345269938582927
meg,theta,107,0.2430181023940234,0.27437126441456705
meg,theta,109,0.2242968908430617,0.3169845023343118
meg,theta,111,0.2380492535599491,0.27462108466152463
meg,theta,113,0.2411684136499058,0.2630344953219943
meg,theta,115,0.2380934670949593,0.30906594900031487
meg,theta,119,0.2402609618504842,0.21961346828200037
meg,theta,121,0.2476593238420975,0.27338757123681307
meg,theta,123,0.2443457255556001,0.24937349977711676
meg,theta,125,0.2372242205274042,0.2512320718631107
meg,theta,127,0.2260079325461874,0.22958619274233416
meg,theta,129,0.2433757906930047,0.24889699148310776
meg,theta,131,0.2476335115490421,0.2503458122239915
meg,theta,133,0.2402234623231083,0.24308447117538817
meg,theta,135,0.2242416473880909,0.2349121735098899
meg,theta,137,0.2402424027486082,0.23825373990882903
meg,theta,139,0.248114009698232,0.24801138947457635
meg,theta,141,0.2489585702130997,0.24632547453696274
meg,theta,143,0.238432154004084,0.23818395237090104
meg,theta,145,0.2525103712419294,0.2526577988524379
meg,theta,147,0.232388105822934,0.2439790044388483
meg,theta,149,0.2482799279255483,0.2615470881637157
meg,theta,151,0.2234108882726927,0.21652669952005832
meg,theta,153,0.243420972155323,0.23410374531306752
meg,theta,155,0.2573265456711804,0.25650997879713566
meg,theta,157,0.2523745768948605,0.25357643822377857
meg,theta,159,0.2428971214240856,0.25475317053874214
meg,theta,161,0.259176943311365,0.25261250372216454
meg,theta,163,0.2470535332313641,0.25041389460789826
meg,theta,165,0.2600573858000197,0.24823033801612865
meg,theta,167,0.2698074576946405,0.24676229970408667
meg,theta,169,0.2484461483748062,0.2440296355865057
meg,theta,171,0.2511900433931838,0.24816655546681693
meg,theta,173,0.2615581390758355,0.2488603724533916
meg,theta,175,0.2582719169911884,0.2558514595787619
meg,theta,179,0.3015251872739242,0.3179837462977858
meg,theta,181,0.1790479007694456,0.22440628902374016
meg,theta,183,0.28783053252846,0.2869553200972852
meg,theta,185,0.2675370248179362,0.25556890289370404
meg,theta,187,0.1949436667768713,0.28337855122108196
meg,theta,189,0.2172896082379988,0.2055571946994888
meg,theta,191,0.2110712969956332,0.20416869019924105
meg,theta,193,0.2121121019479774,0.20129053923809734
meg,theta,195,0.2332906786301364,0.21320196427561555
meg,theta,197,0.2248143025887856,0.20858249276000906
meg,theta,199,0.2164237680829989,0.22299169342006392
meg,theta,201,0.2313009740630532,0.23494201239545803
meg,theta,203,0.2115657150286894,0.20396153593097108
meg,theta,205,0.2172918467854903,0.2239364489333854
meg,theta,207,0.2042735689276949,0.21321920013735804
meg,theta,209,0.2199800619256426,0.22401416297839105
meg,alpha,1,0.2159518640549456,0.2899128775393844
meg,alpha,3,0.1948020516955939,0.3041432563915172
meg,alpha,5,0.1788149490457287,0.2581348139771803
meg,alpha,7,0.2253735953947309,0.3050333278836638
meg,alpha,9,0.2422702985696303,0.31102446913277443
meg,alpha,11,0.1914889438633333,0.26911293038251205
meg,alpha,13,0.1802050909928737,0.23614398395080327
meg,alpha,15,0.187447729031684,0.26962057001463424
meg,alpha,17,0.2110146957330214,0.2905996733526305
meg,alpha,19,0.1886883100538741,0.25583176594149737
meg,alpha,21,0.1970342203685781,0.2752869076421414
meg,alpha,23,0.1930902217246272,0.3045427765115318
meg,alpha,25,0.2182320142493528,0.3071527431133817
meg,alpha,27,0.1893096155845202,0.2510515947819338
meg,alpha,29,0.2187257894223794,0.26887294660284794
meg,alpha,31,0.207223101585142,0.25522886050534377
meg,alpha,33,0.2210097636466157,0.24925026307243012
meg,alpha,35,0.2082231933517115,0.23569351544937137
meg,alpha,37,0.2203059699489266,0.26314210893865386
meg,alpha,39,0.2407941772794047,0.27952291820593755
meg,alpha,41,0.1916950257426058,0.228929998145981
meg,alpha,43,0.2105430878260556,0.240569366955494
meg,alpha,45,0.213232844027394,0.2438305140169401
meg,alpha,47,0.1986806671224047,0.2350020838877646
meg,alpha,49,0.1794861549647843,0.21935953579811063
meg,alpha,51,0.2170243912963505,0.23043259402812982
meg,alpha,53,0.271499562179875,0.31404263456479087
meg,alpha,55,0.2534737207850472,0.32279961255344136
meg,alpha,57,0.2983023389046933,0.3335678717163831
meg,alpha,59,0.2654434399385201,0.33937001060209965
meg,alpha,61,0.280858484147087,0.29562046674764425
meg,alpha,63,0.2342648410624124,0.28712076448506596
meg,alpha,65,0.3190328388689309,0.31210782293031125
meg,alpha,67,0.27053252093389,0.32556910996225
meg,alpha,69,0.1628306265308263,0.2708498280544856
meg,alpha,71,0.3412296061477964,0.3234009384444505
meg,alpha,73,0.312624937133809,0.29960281931665234
meg,alpha,75,0.3342733033001422,0.33502465240466045
meg,alpha,77,0.247096650646283,0.2717035923618904
meg,alpha,79,0.2831732389330864,0.299065311969391
meg,alpha,81,0.3106800483004882,0.3311336509100674
meg,alpha,83,0.2648308929906884,0.3231932127971213
meg,alpha,85,0.3380413635111436,0.3476198159209596
meg,alpha,87,0.3137009975637898,0.32371550255414405
meg,alpha,89,0.2949227757418333,0.3042290973448828
meg,alpha,91,0.330039504246834,0.3350646802783279
meg,alpha,93,0.2640165246165959,0.31968131707851966
meg,alpha,95,0.283885407670636,0.3237937408553787
meg,alpha,97,0.3379494702543011,0.34598709244074266
meg,alpha,99,0.3118588626384735,0.33553225871156156
meg,alpha,101,0.3036262699299388,0.3228385462674202
meg,alpha,103,0.2967344760018237,0.2955825871824286
meg,alpha,105,0.3532360884518669,0.31696004723082033
meg,alpha,107,0.3288743381768885,0.3076296222502485
meg,alpha,109,0.2681730040061621,0.29031216356837725
meg,alpha,111,0.3132988674598828,0.27228600129008396
meg,alpha,113,0.3200935753909024,0.30723787296019406
meg,alpha,115,0.3038238905943357,0.2838822482820004
meg,alpha,119,0.3222100234031677,0.3520414495081293
meg,alpha,121,0.3377944088899172,0.33773854861128605
meg,alpha,123,0.3428476751874812,0.35997114118878093
meg,alpha,125,0.3704884468884992,0.3291608914521995
meg,alpha,127,0.3895298609928209,0.36272306707977925
meg,alpha,129,0.3460304502004422,0.3185507053590029
meg,alpha,131,0.3433725557980999,0.31721919774295504
meg,alpha,133,0.3598399921114665,0.3421976216396051
meg,alpha,135,0.3876675084304581,0.36869972059834866
meg,alpha,137,0.3509315971482606,0.3641832400618235
meg,alpha,139,0.3255053637814482,0.31711760902160946
meg,alpha,141,0.3317971216567461,0.3411672907244653
meg,alpha,143,0.3575201884354695,0.3648016993912757
meg,alpha,145,0.3226028397960483,0.31884479382177816
meg,alpha,147,0.378540731911306,0.3532912704351098
meg,alpha,149,0.3463829029445073,0.3141100121680397
meg,alpha,151,0.3825214652584009,0.37441561828416514
meg,alpha,153,0.3469339115075787,0.3361731058701403
meg,alpha,155,0.2980559621475361,0.2990843596644078
meg,alpha,157,0.3071830094644898,0.2938489753147804
meg,alpha,159,0.3326052837827232,0.3024537038590103
meg,alpha,161,0.3175219407934226,0.30307280717927915
meg,alpha,163,0.3120534420013428,0.3075586924558895
meg,alpha,165,0.2390310259641341,0.23059595450585169
meg,alpha,167,0.2368508885686214,0.2593682812525535
meg,alpha,169,0.2795509888750055,0.2730102151217416
meg,alpha,171,0.2894992824982513,0.279177525229451
meg,alpha,173,0.2600550531513161,0.27104385774119627
meg,alpha,175,0.2958166934711077,0.25650969872982593
meg,alpha,179,0.2017396144685945,0.166616171211192
meg,alpha,181,0.2347940221136691,0.36246006708074474
meg,alpha,183,0.2397555938611427,0.21225627786911916
meg,alpha,185,0.2736212753261309,0.25100682966180743
meg,alpha,187,0.1351640138396604,0.1468041427896597
meg,alpha,189,0.377904000913813,0.31924900839827836
meg,alpha,191,0.4141239452035459,0.310577405421162
meg,alpha,193,0.40681011880201,0.2944875682118886
meg,alpha,195,0.3390783288707472,0.3407625528039847
meg,alpha,197,0.3684576703991503,0.326716776943647
meg,alpha,199,0.393942256736602,0.35879824471777505
meg,alpha,201,0.3715545703081568,0.35325415593213977
meg,alpha,203,0.3937851119958437,0.30932921282637854
meg,alpha,205,0.3716754034719824,0.3518318191881263
meg,alpha,207,0.4307239871779713,0.34860124818702193
meg,alpha,209,0.3969549028671276,0.3633344362786004
meg,beta,1,0.1079102963941996,0.12951787417940788
meg,beta,3,0.103601349241252,0.13362821923036924
meg,beta,5,0.0960881000784228,0.11504015388032864
meg,beta,7,0.1136112702897715,0.1373855965703538
meg,beta,9,0.1134318438860086,0.15219018426259595
meg,beta,11,0.1004683822393417,0.1181476545015813
meg,beta,13,0.0955868171507953,0.08787790947629354
meg,beta,15,0.0978362031527975,0.09508406031158435
meg,beta,17,0.1083411146815006,0.12494355723248132
meg,beta,19,0.0958125487439275,0.06998444981942975
meg,beta,21,0.1007840482523236,0.07924919353240081
meg,beta,23,0.1047884869657776,0.13193315782241938
meg,beta,25,0.1128857079089856,0.13808979853669512
meg,beta,27,0.0933348072836032,0.06824462395627985
meg,beta,29,0.1072182087297726,0.1092510253270448
meg,beta,31,0.1014805280873852,0.09152054241913027
meg,beta,33,0.1037196196003319,0.09876292957549661
meg,beta,35,0.0964901590985911,0.0739943618421468
meg,beta,37,0.0979905628203028,0.10330744946139027
meg,beta,39,0.1042645016671918,0.10463045505003277
meg,beta,41,0.0918142736234046,0.06758596534801894
meg,beta,43,0.0898152602946057,0.08274398828983442
meg,beta,45,0.0853934934643726,0.07371636382846022
meg,beta,47,0.0866353792611079,0.06732626275336505
meg,beta,49,0.0656735855041117,0.07869919337180095
meg,beta,51,0.09337683841233,0.08324489405461578
meg,beta,53,0.1181783204177816,0.1313841389582706
meg,beta,55,0.1231834289724709,0.15523250592974688
meg,beta,57,0.1285863257005435,0.1568404415229762
meg,beta,59,0.1224756267509962,0.1781051929182289
meg,beta,61,0.0971248581295921,0.10353746642918622
meg,beta,63,0.1104070884925079,0.12110623952121662
meg,beta,65,0.1167575881858052,0.1131787277327296
meg,beta,67,0.1241564968941916,0.15864475491379065
meg,beta,71,0.09029567163615,0.10520202375651706
meg,beta,73,0.0875563066780068,0.09918040572908915
meg,beta,75,0.0871679445728659,0.10040350620643221
meg,beta,77,0.0790571399988272,0.0920763998527153
meg,beta,79,0.0830339855452378,0.09326158052626375
meg,beta,81,0.0813692073420722,0.08551891354253659
meg,beta,83,0.0817433831655434,0.0896163434528567
meg,beta,85,0.086211536306797,0.08297018692649215
meg,beta,87,0.0808218275521127,0.08836140287953202
meg,beta,89,0.0788339335304587,0.0875207224837423
meg,beta,91,0.0836355909705162,0.08065383303181728
meg,beta,93,0.0816401371122461,0.08979098929995415
meg,beta,95,0.0791057722173004,0.08772096776385865
meg,beta,97,0.0841673000054505,0.08019298587193716
meg,beta,99,0.0825384897284938,0.08308681753785205
meg,beta,101,0.0798287376657956,0.08722917130873918
meg,beta,103,0.0818241792566636,0.09977955769113657
meg,beta,105,0.082353566068049,0.08166159466511057
meg,beta,107,0.0820700144054184,0.08123407421374335
meg,beta,109,0.0757035506360324,0.10203088915643832
meg,beta,111,0.0829380601644516,0.0767771006322062
meg,beta,113,0.084935504401272,0.08503527895405046
meg,beta,115,0.0819280235431133,0.0976743552905906
meg,beta,119,0.0872281367580096,0.08247323922490618
meg,beta,121,0.0870544669337761,0.09318090562172661
meg,beta,123,0.0899242252060228,0.09925228605307311
meg,beta,125,0.1126490761940391,0.09987986606834498
meg,beta,127,0.1080814429995965,0.09543206207673328
meg,beta,129,0.1199308084034771,0.09666062887608338
meg,beta,131,0.121049870839042,0.10025745826949892
meg,beta,133,0.1144268479811618,0.09565686909792984
meg,beta,135,0.094245592747151,0.09308316740441819
meg,beta,137,0.1106175275236858,0.09364314374654023
meg,beta,139,0.1187903864100151,0.09477629959205004
meg,beta,141,0.1085510622864195,0.09112176318895805
meg,beta,143,0.095489415054274,0.0937182831547924
meg,beta,145,0.1006942669738013,0.09649104213458787
meg,beta,147,0.1056536824338966,0.09582564674121895
meg,beta,149,0.1119513388479774,0.09944814797052573
meg,beta,151,0.0946352527779171,0.08514131787684143
meg,beta,153,0.1026713058589624,0.09310082379750621
meg,beta,155,0.1231866762925077,0.10965468927568192
meg,beta,157,0.0997959609094419,0.10129861705800597
meg,beta,159,0.1285470210936632,0.11013202134235466
meg,beta,161,0.1258999861891959,0.10818774811264584
meg,beta,163,0.09254080275362,0.09396671779632737
meg,beta,165,0.0902831375880061,0.07801854757952738
meg,beta,167,0.0986039891265905,0.08041476418328433
meg,beta,169,0.0862534562854663,0.07595074730316481
meg,beta,171,0.093843861313706,0.0835632528291349
meg,beta,173,0.0960587844321573,0.08405034227502607
meg,beta,175,0.1083772132794062,0.10272530616636394
meg,beta,179,0.0973811072360782,0.09980305894645065
meg,beta,181,0.06880895362473,0.09761136293913729
meg,beta,183,0.1060019367141649,0.09971785239280453
meg,beta,185,0.1138286285218179,0.10179600583931885
meg,beta,187,0.0641792682721653,0.08952702549864663
meg,beta,189,0.0797309789008327,0.06292845060275093
meg,beta,191,0.0815794815143493,0.05850582861696157
meg,beta,193,0.0794187032632411,0.049988382506527734
meg,beta,195,0.083765060342338,0.07783469639921928
meg,beta,197,0.086219952102358,0.06900046989745903
meg,beta,199,0.0867467081096394,0.09002305840431687
meg,beta,201,0.0837302585458679,0.09310408468564037
meg,beta,203,0.0832427852199627,0.058199169497466854
meg,beta,205,0.0843171540229052,0.08560571464465361
meg,beta,207,0.0898122778589572,0.08141551089303105
meg,beta,209,0.09968810881439,0.09665556040249919
meg,gamma1,1,0.0248076506447596,0.022396696704057303
meg,gamma1,3,0.0257071818195627,0.02218392245077063
meg,gamma1,5,0.0289152691146398,0.022467523113075417
meg,gamma1,7,0.0252454318642959,0.022340034140463438
meg,gamma1,9,0.0246719162624615,0.023000879559446845
meg,gamma1,11,0.0255845384999063,0.022541835019737493
meg,gamma1,13,0.0306226584850059,0.022180320753110203
meg,gamma1,15,0.0275251829780597,0.021509202987514076
meg,gamma1,17,0.0246464254286808,0.02206283198375834
meg,gamma1,19,0.0303651515878443,0.020931533108895943
meg,gamma1,21,0.0296222830082901,0.020812904290517516
meg,gamma1,23,0.02570648259409,0.022117181683462044
meg,gamma1,25,0.0244524603161741,0.02230810969381856
meg,gamma1,27,0.0341073646854895,0.02096545268071446
meg,gamma1,29,0.0251122643064735,0.02193450761149666
meg,gamma1,31,0.0290625683482616,0.022028633928057612
meg,gamma1,33,0.0285923025022222,0.022346443594813685
meg,gamma1,35,0.0309070175247533,0.021736313680998022
meg,gamma1,37,0.0256767017324326,0.02243081648475984
meg,gamma1,39,0.0260960368954754,0.021966894038262907
meg,gamma1,41,0.0289491604651427,0.021827096391361614
meg,gamma1,43,0.028687884034041,0.022308062844989422
meg,gamma1,45,0.027033221559318,0.021617587480429516
meg,gamma1,47,0.0304528651899428,0.021478634249886382
meg,gamma1,49,0.0192469362589735,0.02237126802877277
meg,gamma1,51,0.0276238494045079,0.022659510538015758
meg,gamma1,53,0.022703576385079,0.022050943622226326
meg,gamma1,55,0.0245900436136566,0.022791884722801265
meg,gamma1,57,0.0242286196463749,0.02280866348906747
meg,gamma1,59,0.0259426043908062,0.023470909948893993
meg,gamma1,61,0.0231254507329255,0.02177317870543416
meg,gamma1,63,0.0241896546983939,0.022236023611770572
meg,gamma1,65,0.0226236491550489,0.021409187763928295
meg,gamma1,67,0.0251241336432351,0.023147417829300073
meg,gamma1,69,0.0178849677262311,0.02617512664818315
meg,gamma1,71,0.0167874649019231,0.023096363422013322
meg,gamma1,73,0.0193839565515674,0.024063620451654194
meg,gamma1,75,0.0182777983509004,0.023393245995258254
meg,gamma1,77,0.0227052601293111,0.02508555204167434
meg,gamma1,79,0.0225660092197358,0.023832516052109527
meg,gamma1,81,0.0209452820628291,0.024946188070072893
meg,gamma1,83,0.0263223888229597,0.02410328784679479
meg,gamma1,85,0.0187947355755945,0.023378613959432363
meg,gamma1,87,0.0186964415641589,0.024309067284508833
meg,gamma1,89,0.0212429226167611,0.025904815596237783
meg,gamma1,91,0.0183936630447323,0.024230727657643187
meg,gamma1,93,0.0275541625389483,0.025651832041516477
meg,gamma1,95,0.0234857857854009,0.025544330849725495
meg,gamma1,97,0.0183606230803118,0.02398728436520599
meg,gamma1,99,0.020804024378496,0.024809323030022323
meg,gamma1,101,0.021491422641298,0.025672963203480084
meg,gamma1,103,0.0227933992522166,0.027504219655628256
meg,gamma1,105,0.018131387119476,0.02391154215919792
meg,gamma1,107,0.0188985700653472,0.024990810365530497
meg,gamma1,109,0.0212811542973842,0.027856200978905135
meg,gamma1,111,0.0213269162923097,0.025248645179306074
meg,gamma1,113,0.0202390346506779,0.02394823995555963
meg,gamma1,115,0.0221252812980077,0.027504310691074275
meg,gamma1,119,0.0217468022803465,0.01877025547207588
meg,gamma1,121,0.0169375808384173,0.02355229529101074
meg,gamma1,123,0.0172214578145865,0.01999937167170517
meg,gamma1,125,0.019985635642996,0.019827198656400303
meg,gamma1,127,0.0188507481345108,0.01815515607784181
meg,gamma1,129,0.0192520613637492,0.019830820614407704
meg,gamma1,131,0.0218465954786346,0.020052645954672054
meg,gamma1,133,0.0188650121934801,0.019266508050255614
meg,gamma1,135,0.0170283870187779,0.01829425540856836
meg,gamma1,137,0.0180931406425928,0.018468774579663536
meg,gamma1,139,0.0200403954715185,0.019809840060471318
meg,gamma1,141,0.0195093719625524,0.019019051290505296
meg,gamma1,143,0.0168070100008113,0.01846194184425743
meg,gamma1,145,0.018246253340874,0.020478766585912505
meg,gamma1,147,0.019275206092883,0.01853250657170875
meg,gamma1,149,0.0203223435264361,0.020018827977909694
meg,gamma1,151,0.0181685026231869,0.01744508019929457
meg,gamma1,153,0.0196432511344433,0.019430485988884715
meg,gamma1,155,0.0223760837150944,0.02229316034567579
meg,gamma1,157,0.0203225749348731,0.022355514397514847
meg,gamma1,159,0.021133347801613,0.02209821084713012
meg,gamma1,161,0.0241832637308251,0.021577521765517253
meg,gamma1,163,0.0209953221317115,0.020410430887701347
meg,gamma1,165,0.0288615979359678,0.023332511561722103
meg,gamma1,167,0.0260375082636108,0.021262045451281172
meg,gamma1,169,0.0236082670845739,0.020354418098226343
meg,gamma1,171,0.0236564760350368,0.020597140377170826
meg,gamma1,173,0.024719165103441,0.02100846773271942
meg,gamma1,175,0.0239520732361774,0.024581177272247248
meg,gamma1,179,0.0236370825155087,0.030628422808678248
meg,gamma1,181,0.0164744807102906,0.019182262139082324
meg,gamma1,183,0.0251959257972581,0.025745477367756724
meg,gamma1,185,0.0256408826192271,0.024736074861753762
meg,gamma1,187,0.0174410489193577,0.030800622378145653
meg,gamma1,189,0.0160770408609615,0.017450088919561877
meg,gamma1,191,0.014945767916841,0.017517634158970032
meg,gamma1,193,0.0158251191615053,0.017692458655694278
meg,gamma1,195,0.0186825339669642,0.017741749006140582
meg,gamma1,197,0.0175508879581932,0.01754363087979737
meg,gamma1,199,0.0175642399386865,0.01791200572826444
meg,gamma1,201,0.0169469213801299,0.01910923458326052
meg,gamma1,203,0.0185894004255533,0.017516072568418927
meg,gamma1,205,0.019885172573608,0.018321233409268972
meg,gamma1,207,0.0172076474174583,0.017298329704511266
meg,gamma1,209,0.0174629906116173,0.017810143789074993
meg,gamma2,1,0.0100918413277287,0.009277485257833897
meg,gamma2,3,0.0119877111964344,0.010586106029476345
meg,gamma2,5,0.0159728293169256,0.010236742425407914
meg,gamma2,7,0.0101427274141514,0.010401109726530883
meg,gamma2,9,0.0095400969115778,0.009047870951002675
meg,gamma2,11,0.0121031459747699,0.010160370442506584
meg,gamma2,13,0.0176767422542256,0.009164770728754889
meg,gamma2,15,0.0148094482308263,0.010321641814590828
meg,gamma2,17,0.0116154610107724,0.012157600274998726
meg,gamma2,19,0.0177937059069243,0.010365331984657793
meg,gamma2,21,0.0168824780144189,0.011078472843153261
meg,gamma2,23,0.0123343635379033,0.011181591064892148
meg,gamma2,25,0.010083543198804,0.010884566072197463
meg,gamma2,27,0.0220186670382435,0.011812291341211027
meg,gamma2,29,0.0128193340243253,0.014449257781803171
meg,gamma2,31,0.0168980611428137,0.013400817313818867
meg,gamma2,33,0.0168742804902873,0.014647832342561057
meg,gamma2,35,0.0195385948488754,0.012926970209694124
meg,gamma2,37,0.0143486622190977,0.015401231169484782
meg,gamma2,39,0.0152494625538481,0.013700553149498215
meg,gamma2,41,0.0170213477427346,0.011707076655591642
meg,gamma2,43,0.018315753740642,0.015332732628436773
meg,gamma2,45,0.0173203468052202,0.013626059159033609
meg,gamma2,47,0.0198986545560797,0.012440021618906873
meg,gamma2,49,0.0123114760130325,0.01334961603600823
meg,gamma2,51,0.0170163018099292,0.015750122775272362
meg,gamma2,53,0.0102539255520802,0.010469337661561053
meg,gamma2,55,0.0094292172948356,0.009737984830982066
meg,gamma2,57,0.0084443335403122,0.008979357308430908
meg,gamma2,59,0.0100899029376083,0.008509248903716028
meg,gamma2,61,0.0144079019921639,0.012562839984298711
meg,gamma2,63,0.0121526003503154,0.012826697775275286
meg,gamma2,65,0.0082401760783417,0.008730920259241316
meg,gamma2,67,0.0090558860372279,0.008915859806827126
meg,gamma2,69,0.0132901436373801,0.016432070759685505
meg,gamma2,71,0.0094868689139802,0.012516347222785402
meg,gamma2,73,0.0119429636672606,0.014991032841016012
meg,gamma2,75,0.011608533123508,0.013663239235057953
meg,gamma2,77,0.0156585519416974,0.0164239841916927
meg,gamma2,79,0.0157629477170606,0.015025874533018435
meg,gamma2,81,0.0149822861952061,0.01593519572540298
meg,gamma2,83,0.0199920773543984,0.014837550301237517
meg,gamma2,85,0.0122547275329962,0.01408108955331357
meg,gamma2,87,0.0125847462341604,0.015167680512876123
meg,gamma2,89,0.0150826663307067,0.01688725632747271
meg,gamma2,91,0.0120873283236645,0.014729758855210521
meg,gamma2,93,0.021303352677321,0.016903740345477574
meg,gamma2,95,0.0175479472849831,0.016673061361878513
meg,gamma2,97,0.0119622979483759,0.01461919558563418
meg,gamma2,99,0.0147992043048703,0.015692589653245298
meg,gamma2,101,0.0155425531621504,0.01679778132136743
meg,gamma2,103,0.0162323092055671,0.019808187169266564
meg,gamma2,105,0.0111558255308066,0.01424339143454047
meg,gamma2,107,0.01249463257288,0.015279078100149366
meg,gamma2,109,0.0151016667692197,0.020373841165694326
meg,gamma2,111,0.0144479988273559,0.015552990116409064
meg,gamma2,113,0.0133092802441255,0.014307525857601196
meg,gamma2,115,0.015189807742643,0.019537269030847827
meg,gamma2,119,0.014389365799725,0.010485706758777026
meg,gamma2,121,0.0103131529087057,0.014364900531020137
meg,gamma2,123,0.010336902270996,0.011068753706015302
meg,gamma2,125,0.008609628290211,0.010169437342586133
meg,gamma2,127,0.00860169374441,0.009271181922020767
meg,gamma2,129,0.007699064355089,0.010309849192739291
meg,gamma2,131,0.0087031511079159,0.009874435117282133
meg,gamma2,133,0.0078973573460486,0.01029325419050608
meg,gamma2,135,0.0086538989673943,0.010272743437720371
meg,gamma2,137,0.0086042086476327,0.010427514350745817
meg,gamma2,139,0.0097562948747271,0.010569783186857794
meg,gamma2,141,0.0107096368933912,0.01118936469503743
meg,gamma2,143,0.0090350278683172,0.010425300355584949
meg,gamma2,145,0.0095265030078941,0.011626592651697933
meg,gamma2,147,0.0082707665981379,0.009460842751277515
meg,gamma2,149,0.0076541620477491,0.009762586339818944
meg,gamma2,151,0.009091322403604,0.009704872050416381
meg,gamma2,153,0.0086021346857756,0.010256910056350587
meg,gamma2,155,0.0101482813281041,0.010127441406197861
meg,gamma2,157,0.0114148386705078,0.012301871999427462
meg,gamma2,159,0.0086990981153474,0.009950680282483599
meg,gamma2,161,0.0090358125839472,0.009650860516888649
meg,gamma2,163,0.0124069232275421,0.011922709201513091
meg,gamma2,165,0.0195718746685053,0.015157925077245508
meg,gamma2,167,0.0157600785533969,0.013717743055225978
meg,gamma2,169,0.0159918739328808,0.013130942603819735
meg,gamma2,171,0.0147448779634115,0.012750243738911277
meg,gamma2,173,0.0152919989044743,0.01311801403969559
meg,gamma2,175,0.0116314174913805,0.01054383057368896
meg,gamma2,179,0.0111416052510054,0.017324146893584507
meg,gamma2,181,0.0097213652824946,0.009255371945470697
meg,gamma2,183,0.0119922471349127,0.011642241947457865
meg,gamma2,185,0.0120058867385504,0.01114658792694824
meg,gamma2,187,0.0092361225512496,0.0190829060274727
meg,gamma2,189,0.0088056111181642,0.010371927863842396
meg,gamma2,191,0.00753837994185,0.010549467097949563
meg,gamma2,193,0.0087793360460579,0.011005806853980265
meg,gamma2,195,0.0113976338061771,0.009984023538412812
meg,gamma2,197,0.0096216192259895,0.010101256748755776
meg,gamma2,199,0.0095196153213931,0.009358302054307302
meg,gamma2,201,0.0099115996965604,0.01093667373993063
meg,gamma2,203,0.0109693494525093,0.010538461450543185
meg,gamma2,205,0.0120609669250997,0.010192282899317683
meg,gamma2,207,0.0089081034722199,0.009300355071849932
meg,gamma2,209,0.0082772790865526,0.008776745861960002
enigma,22q,1,0.44637533124590056,0.2629361087469532
enigma,22q,3,0.5006282794160579,0.2699466126371716
enigma,22q,5,0.5181688733836879,0.25056043722435695
enigma,22q,7,0.4818936991930848,0.2690529907834923
enigma,22q,9,0.4406077087948714,0.27523258358502173
enigma,22q,11,0.4311931250292391,0.25761666904278757
enigma,22q,13,0.47986236919354747,0.23994841950399712
enigma,22q,15,0.6700507615745832,0.2395113137447324
enigma,22q,17,0.540096957051281,0.2625142853852376
enigma,22q,19,0.6806114444881893,0.21798604495183765
enigma,22q,21,0.6783666494182794,0.23118963710697904
enigma,22q,23,0.5689762763496928,0.26832407954405346
enigma,22q,25,0.49137513501960844,0.26985773006036634
enigma,22q,27,0.6069856156923068,0.2195974488575151
enigma,22q,29,0.5539323496240598,0.2578067415063458
enigma,22q,31,0.5860230946451606,0.24668578069308672
enigma,22q,33,0.5502455011643835,0.2487385228091165
enigma,22q,35,0.5062568326428565,0.22924000147724155
enigma,22q,37,0.5625338670718234,0.2500397834356686
enigma,22q,39,0.5337116597163123,0.24491735576384432
enigma,22q,41,0.48947598560185196,0.21073070704599814
enigma,22q,43,0.48381813335294116,0.24913634974869067
enigma,22q,45,0.4884938248044696,0.24080764137110153
enigma,22q,47,0.5060746701507541,0.22421322204021762
enigma,22q,49,0.5141439601020409,0.2434267123950526
enigma,22q,51,0.5208120676777249,0.24863103281733473
enigma,22q,53,0.4646097390581166,0.26380487827349236
enigma,22q,55,0.42930998806557397,0.27984662912066804
enigma,22q,57,0.4830971173949585,0.27948876376685255
enigma,22q,59,0.446703369894737,0.2926338522418142
enigma,22q,61,0.5070478354285717,0.24324386474429277
enigma,22q,63,0.4450343461213713,0.2590981364795489
enigma,22q,65,0.4914488292783498,0.22846357725521466
enigma,22q,67,0.5164761471126755,0.2738633673404268
enigma,22q,69,0.02151123151455396,0.5210334548385136
enigma,22q,71,-0.2692703247365083,0.48892351193013855
enigma,22q,73,-0.2502891470669455,0.5033890012228032
enigma,22q,75,-0.2458467957099998,0.46068702560385316
enigma,22q,77,-0.151499254585641,0.5091509271869036
enigma,22q,79,-0.3171810824466666,0.47735760820557804
enigma,22q,81,0.30869195970297,0.4843142032048292
enigma,22q,83,0.18982050513299473,0.4708937735677981
enigma,22q,85,0.24954438628048814,0.45744181874087664
enigma,22q,87,0.11688568388022276,0.47705772736122765
enigma,22q,89,0.2505971011940299,0.5294897712470555
enigma,22q,91,0.275131728076923,0.48582342089576525
enigma,22q,93,0.24677062657522134,0.4987434556425888
enigma,22q,95,0.31477190364485985,0.496768148580528
enigma,22q,97,0.30863117580152644,0.46750080947962047
enigma,22q,99,0.307853237593985,0.48188398455500003
enigma,22q,101,0.27783356687499994,0.5011628340960257
enigma,22q,103,0.04560223340941168,0.5342207781447875
enigma,22q,105,0.2077559829392973,0.5086117464985672
enigma,22q,107,0.21485652229577412,0.5264415898929314
enigma,22q,109,0.11614599356419755,0.5396199118642295
enigma,22q,111,-0.37661791017543833,0.5040112367055144
enigma,22q,113,-0.383556238818182,0.49136747077427523
enigma,22q,115,-0.16203590615384614,0.5353015711384016
enigma,22q,117,0.14836112777777777,0.5381409918178233
enigma,22q,119,-0.2530120581577335,0.40673735282185464
enigma,22q,121,-0.07892412482564107,0.4567799145941651
enigma,22q,123,0.0730758424089349,0.39667680396488253
enigma,22q,125,0.2850924089005242,0.2896570897056417
enigma,22q,127,0.2829345975918365,0.25950025208371813
enigma,22q,129,0.3079418996894401,0.21342030099117643
enigma,22q,131,0.3251369709354841,0.21772823718169196
enigma,22q,133,0.26888974891566353,0.2838016314457527
enigma,22q,135,0.2509412934449761,0.2579409702805321
enigma,22q,137,0.295002876380256,0.2527436611673546
enigma,22q,139,0.5725018327470691,0.13231249095782294
enigma,22q,141,0.4687763208453158,0.19366577027696022
enigma,22q,143,0.2683868207549509,0.25438145913064186
enigma,22q,145,0.4448599959283029,0.12028264373426589
enigma,22q,147,0.3497073421111115,0.17296906160618375
enigma,22q,149,0.3749370406783917,0.06063132810474031
enigma,22q,151,0.375297489237473,0.24852044045959845
enigma,22q,153,0.34941062079575574,0.11345608894463188
enigma,22q,155,0.5691764676296301,0.31467175898160793
enigma,22q,157,0.6161093886315794,0.27660264647742405
enigma,22q,159,0.5552799295955053,0.3202117314710808
enigma,22q,161,0.5304089237086085,0.23284737304332687
enigma,22q,163,0.5338065233472811,0.19879001797732765
enigma,22q,165,0.674519436666666,0.33440750978900263
enigma,22q,167,0.7398478410769245,0.2178268853172704
enigma,22q,169,0.309342689646739,0.18903828675051582
enigma,22q,171,0.7714972599431827,0.18109292872562535
enigma,22q,173,0.7354543840277773,0.20254307418724116
enigma,22q,175,0.14807392251515153,0.2418759298031152
enigma,22q,177,-0.1475472171014493,0.3895640094013646
enigma,22q,179,0.1849379427801046,0.574135321547775
enigma,22q,181,0.29913957723008877,0.295025992759261
enigma,22q,183,-0.014015835604166681,0.4207059016164863
enigma,22q,185,0.111138353246114,0.27237060756141185
enigma,22q,187,0.35231017174825185,0.5304867869897876
enigma,22q,189,0.3766668207142861,0.3210999222205988
enigma,22q,191,0.5552551396164381,0.33649082979501027
enigma,22q,193,0.4950450900793648,0.3564295811294145
enigma,22q,195,0.28905717770917727,0.27320536581178734
enigma,22q,197,0.4608213143523321,0.30754191582433965
enigma,22q,199,0.22741808922829543,0.3024597777989037
enigma,22q,201,0.24419140722929952,0.20322051851206058
enigma,22q,203,0.258247883907692,0.33805814436345244
enigma,22q,205,0.22682668524495697,0.2509616968920921
enigma,22q,207,0.31233466266055043,0.3002729779055212
enigma,22q,209,0.2693859513157892,0.3087719606306323
enigma,adhd,1,-0.04441071178032765,-0.02116397543855795
enigma,adhd,3,-0.03532796459367405,-0.0009852682310609526
enigma,adhd,5,-0.030610375040181173,-0.036125271991076374
enigma,adhd,7,-0.0414314963948125,0.00413247052480031
enigma,adhd,9,-0.042733627597435854,-0.009137598061295653
enigma,adhd,11,-0.04582446769590613,-0.037958823078034956
enigma,adhd,13,-0.035885940154301056,-0.04509937826410551
enigma,adhd,15,0.02002217432513813,-0.013147426198298784
enigma,adhd,17,-0.013895003477384617,0.014984676574866233
enigma,adhd,19,0.023655097170866165,-0.013954353351236022
enigma,adhd,21,0.024201233280886397,0.0019950647561160495
enigma,adhd,23,-0.006716758617208591,0.008026914459836748
enigma,adhd,25,-0.029840646247058785,0.011320913275915126
enigma,adhd,27,0.027084446168076853,-0.010553991728703707
enigma,adhd,29,-0.014569232172180452,0.022717770290122223
enigma,adhd,31,-0.004470828800322579,-0.005721518817321684
enigma,adhd,33,-0.0156365314452055,0.0016891994514432532
enigma,adhd,35,-0.018493850164285706,-0.01486331600098751
enigma,adhd,37,-0.015093219422928166,0.010231130768869383
enigma,adhd,39,-0.022196234723404235,0.018483917319687786
enigma,adhd,41,-0.05882782252499991,-0.04440755774198982
enigma,adhd,43,0.015879227554058822,-0.016574185090756713
enigma,adhd,45,0.022186124151396654,-0.016403914376588752
enigma,adhd,47,-0.02556509887286434,-0.02720759194519027
enigma,adhd,49,-0.03775712974557823,-0.041819732107476526
enigma,adhd,51,0.007045143088246439,-0.019456529733874094
enigma,adhd,53,-0.03417644098777557,0.020825449420580924
enigma,adhd,55,-0.05653778496721311,0.011425123759985282
enigma,adhd,57,-0.02402085227478987,0.01855087399201791
enigma,adhd,59,-0.04992017414736847,0.009339495637663162
enigma,adhd,61,-0.03220022431730161,0.020643685540175427
enigma,adhd,63,-0.05018121567546169,0.013331982294297707
enigma,adhd,65,0.0011401156663230153,0.016231117863322403
enigma,adhd,67,-0.021595197147887383,0.005295961764397471
enigma,adhd,69,-0.00954904518422535,0.021420222793643105
enigma,adhd,71,0.029623630274920657,0.028199382783828792
enigma,adhd,73,0.01987411553891212,0.013605252521429072
enigma,adhd,75,0.030681942059999977,0.037913150330925544
enigma,adhd,77,0.02539535582871797,0.0009265520523074021
enigma,adhd,79,0.03435513588666668,0.02005957032085673
enigma,adhd,81,0.015431132663366348,0.0450451312525974
enigma,adhd,83,0.018711807751269023,0.032288084954502486
enigma,adhd,85,0.02180185065548778,0.05077098059629293
enigma,adhd,87,0.02316508548467968,0.03376681189688746
enigma,adhd,89,-0.0028401951388059682,0.054206220255801886
enigma,adhd,91,0.0008454619239743603,0.05002877295290209
enigma,adhd,93,0.0004074532911504419,0.04628345004250861
enigma,adhd,95,0.007855384415887857,0.04631053095574561
enigma,adhd,97,0.011347606381068716,0.04839705186532604
enigma,adhd,99,0.00728197333872181,0.04782845017036859
enigma,adhd,101,0.00014233417277777826,0.04802546629830825
enigma,adhd,103,0.006370444662058827,0.058234235415809195
enigma,adhd,105,0.012478791395207663,0.05621933444485201
enigma,adhd,107,0.0016026015826760508,0.05242997867989892
enigma,adhd,109,-0.03529627330246913,0.05942122346036575
enigma,adhd,111,0.06102022692982458,0.021413134901045985
enigma,adhd,113,0.07265652130909088,0.047617136622288066
enigma,adhd,115,0.014020329917948708,0.05039111005238313
enigma,adhd,117,-0.03597151044444444,-0.01411049129183695
enigma,adhd,119,0.09569435149333326,0.08404819961167868
enigma,adhd,121,0.01861527094871794,0.03989828875057265
enigma,adhd,123,0.0230083028316151,0.0707425100460172
enigma,adhd,125,0.09094464045026175,0.04536063221339054
enigma,adhd,127,0.09144552557551039,0.0695777200324105
enigma,adhd,129,0.0905604661614908,0.032777639277221694
enigma,adhd,131,0.08813198665806456,0.0288062185330173
enigma,adhd,133,0.09780369001606463,0.05705841564374018
enigma,adhd,135,0.08706379383014337,0.07512906021310002
enigma,adhd,137,0.07602607950639821,0.07053265673547487
enigma,adhd,139,0.031319313110552645,0.020722993407387418
enigma,adhd,141,0.034801847172113244,0.049102007762471984
enigma,adhd,143,0.07294106303589033,0.07099997988441761
enigma,adhd,145,0.02302449473113197,0.014788010474307832
enigma,adhd,147,0.05217559456296284,0.05252670245357039
enigma,adhd,149,0.038818432258542625,0.014308721952568914
enigma,adhd,151,0.052574706407407384,0.08384708277360346
enigma,adhd,153,0.03679914577267878,0.03644317009730477
enigma,adhd,155,0.025812350435851828,-0.0036158580165769286
enigma,adhd,157,0.03271787330578949,0.0032071160866059515
enigma,adhd,159,0.05380411972359551,-0.0005651723629067542
enigma,adhd,161,0.038765013031788045,0.0022424975661868175
enigma,adhd,163,-0.002506638053849372,0.029488344959339875
enigma,adhd,165,0.0070606975614583315,-0.02000249733698845
enigma,adhd,167,-0.004923052882221531,0.00185433371506857
enigma,adhd,169,0.009904042426956527,0.0024394723372703937
enigma,adhd,171,-0.007535762043749999,0.023637640105979775
enigma,adhd,173,-0.016147513329722224,0.014148086944948986
enigma,adhd,175,-0.016652481957142865,-0.02739470481782726
enigma,adhd,177,-0.10868384881159425,-0.05925939560071403
enigma,adhd,179,-0.07552177390575916,-0.08050139252397516
enigma,adhd,181,0.05113224701769906,0.07118486538261702
enigma,adhd,183,-0.09318825174999991,-0.04595386896456424
enigma,adhd,185,-0.0716601498290155,-0.035700426899533885
enigma,adhd,187,-0.08262213711888101,-0.04011299919792034
enigma,adhd,189,0.10240863492857148,0.09261002068183674
enigma,adhd,191,0.08233784482739727,0.09323835892512664
enigma,adhd,193,0.0903017552857143,0.09604638461533925
enigma,adhd,195,0.0875632216,0.08838415630553469
enigma,adhd,197,0.07668123537305721,0.08801666802843369
enigma,adhd,199,0.12945627386173628,0.08243029383492022
enigma,adhd,201,0.09865911872292997,0.05013150921019367
enigma,adhd,203,0.13259383618461537,0.09292113159781283
enigma,adhd,205,0.12042632855907774,0.07425035244820628
enigma,adhd,207,0.10503409478899083,0.08498118204761676
enigma,adhd,209,0.09531520021052624,0.07919477090615681
enigma,asd,1,0.10507979740983586,0.02647587866086326
enigma,asd,3,0.10576521691970786,-0.010359329022506802
enigma,asd,5,0.10999999640483338,-0.004025274472758564
enigma,asd,7,0.10415516188472607,-0.020599905640899446
enigma,asd,9,0.08222873874948713,0.04377369597221474
enigma,asd,11,0.10323586852631546,0.026818621896755435
enigma,asd,13,0.10052413267473104,-0.008077048137277637
enigma,asd,15,0.10998030142541394,-0.04462193416924882
enigma,asd,17,0.06587114008717959,-0.05746967204452468
enigma,asd,19,0.10994300782677131,-0.08232929159911466
enigma,asd,21,0.10088040270914114,-0.08012278436920565
enigma,asd,23,0.08390818698773006,-0.031499608999787064
enigma,asd,25,0.07230370755686265,-0.036386769097506266
enigma,asd,27,0.08929252271923073,-0.08240736349783268
enigma,asd,29,0.009457768969172933,-0.08325022627131469
enigma,asd,31,0.04494970160903228,-0.10573546431077545
enigma,asd,33,-0.006180121533561645,-0.1159236068144089
enigma,asd,35,0.05203877615000004,-0.11459268610387656
enigma,asd,37,0.0016492009806077287,-0.11313777374953414
enigma,asd,39,-0.000776700289361704,-0.09152290761742615
enigma,asd,41,0.06944533959259254,-0.035327161810416924
enigma,asd,43,0.013624030014117628,-0.08806735752814532
enigma,asd,45,0.010022102519385479,-0.0717008322774048
enigma,asd,47,0.05239477628140697,-0.04965687871080696
enigma,asd,49,0.04482484572244889,-0.011007811780604324
enigma,asd,51,0.010401278740284358,-0.10174564882136017
enigma,asd,53,0.05244575378625237,-0.03973907112554152
enigma,asd,55,0.08953009624590157,0.005015255004580693
enigma,asd,57,0.03619228510560227,0.017499195993075492
enigma,asd,59,0.07565572512631578,0.05705016098772915
enigma,asd,61,0.03590017145015871,-0.07909346234566278
enigma,asd,63,0.07545052424274411,-0.0465857454321251
enigma,asd,65,-0.04519830909278348,-0.04937622413110963
enigma,asd,67,-0.012257571448591556,0.03592475288462588
enigma,asd,69,-0.14675691394366205,-0.054970816294975196
enigma,asd,71,-0.139266735168254,-0.08600926455727761
enigma,asd,73,-0.16209664650627578,-0.07983976031969679
enigma,asd,75,-0.13047475650999987,-0.07285139978388705
enigma,asd,77,-0.13561603376923087,-0.10014057861244398
enigma,asd,79,-0.14627433803333342,-0.05870697916522123
enigma,asd,81,-0.12501076084158408,-0.04487668262522373
enigma,asd,83,-0.13320939842639581,-0.07621283751111858
enigma,asd,85,-0.10455663514024405,-0.06662314449032748
enigma,asd,87,-0.12234062541504186,-0.0685878333398696
enigma,asd,89,-0.16901914029850754,0.029169547638747552
enigma,asd,91,-0.16013953628205138,-0.04118530444381741
enigma,asd,93,-0.15691100070796452,-0.019320832485538765
enigma,asd,95,-0.14434251336448609,-0.02519081144723537
enigma,asd,97,-0.1400975321374045,-0.06525147102556658
enigma,asd,99,-0.14447061924812019,-0.04455089236990515
enigma,asd,101,-0.16033909534722227,-0.01770049568149843
enigma,asd,103,-0.17435625708823538,0.05912616013597734
enigma,asd,105,-0.16134351723961712,0.002004091314279019
enigma,asd,107,-0.17002958701408466,0.01537586558694428
enigma,asd,109,-0.21351017246913573,0.07253536801878498
enigma,asd,111,-0.14058063652631575,0.019823170041931515
enigma,asd,113,-0.12873143043636376,-0.0033292343457793916
enigma,asd,115,-0.17888535461538457,0.06484527542015868
enigma,asd,117,-0.18813997000000002,0.04479533148410308
enigma,asd,119,-0.07684370913333334,-0.036586796231774486
enigma,asd,121,-0.09650925213846157,-0.07886093999844619
enigma,asd,123,-0.0823558734810997,-0.058642622953442275
enigma,asd,125,-0.08849074240314134,-0.0017145849748085723
enigma,asd,127,-0.08766053261632656,-0.015158797039896268
enigma,asd,129,-0.08637478649068317,-0.02761327588774288
enigma,asd,131,-0.08611981764838701,-0.015491891118498788
enigma,asd,133,-0.08603404848594365,-0.018406526566275998
enigma,asd,135,-0.05392342195693785,-0.026709464175011757
enigma,asd,137,-0.06116505490859233,-0.029092041637981965
enigma,asd,139,-0.08591417190787266,-0.07129134684845473
enigma,asd,141,-0.08283352818082812,-0.05639910479045519
enigma,asd,143,-0.055237951081682876,-0.02863279393838801
enigma,asd,145,-0.09948100304339672,-0.09675510678816458
enigma,asd,147,-0.08202926489629604,-0.03927769083698277
enigma,asd,149,-0.07416756929145737,-0.0339671342101683
enigma,asd,151,-0.07186046331764696,-0.053485940833707064
enigma,asd,153,-0.05812180797586198,-0.04377217263355308
enigma,asd,155,-0.03637717753835557,-0.026554597710571767
enigma,asd,157,-0.06387587251578936,-0.057825941025860625
enigma,asd,159,-0.07548879645168535,-0.018273412260311754
enigma,asd,161,-0.04992483494693163,-0.03296888308239877
enigma,asd,163,-0.12046136635983276,-0.09360446845682824
enigma,asd,165,-0.05644219856250002,-0.060975584015060605
enigma,asd,167,-0.057837836615384525,-0.053323606570138835
enigma,asd,169,-0.11488178063586968,-0.05621092607087301
enigma,asd,171,-0.07504753755113634,-0.08494338774981319
enigma,asd,173,-0.053531110500463,-0.06591029030907852
enigma,asd,175,0.032254577041558395,-0.0894519069419599
enigma,asd,177,0.042654921826086954,0.05143269838810561
enigma,asd,179,0.060147450753926676,0.14527630449956017
enigma,asd,181,0.014369297552654888,-0.06819573440023106
enigma,asd,183,0.05603706816666664,0.06254287797746494
enigma,asd,185,0.019047785398963724,-0.06084213866637331
enigma,asd,187,0.04130120782517486,0.15551807800845968
enigma,asd,189,-0.03243326097619045,-0.0775113550556539
enigma,asd,191,-0.030857045312328787,-0.07497335226277371
enigma,asd,193,-0.022399742531746022,-0.06916439583191122
enigma,asd,195,-0.055337211172602735,-0.08355852976027592
enigma,asd,197,-0.03808965449533679,-0.07902075992195828
enigma,asd,199,-0.028727131553054557,-0.05314380027354094
enigma,asd,201,-0.055882120070063615,-0.09832741382207455
enigma,asd,203,-0.02201914908000004,-0.0739097741669211
enigma,asd,205,-0.040241846945245005,-0.07699194724869302
enigma,asd,207,-0.07497665035321109,-0.08054816345996685
enigma,asd,209,-0.08068443432163754,-0.06486234410970068
enigma,epilepsy_gge,1,-0.007647625901967214,-0.04051382490050939
enigma,epilepsy_gge,3,-0.02848548926593677,-0.05730973097106433
enigma,epilepsy_gge,5,-0.009600825769969765,-0.05220754243994554
enigma,epilepsy_gge,7,-0.07596386261095096,-0.05584506901550889
enigma,epilepsy_gge,9,-0.03909727914794881,-0.0049498462778076666
enigma,epilepsy_gge,11,-0.005440765296783618,-0.02446460948789097
enigma,epilepsy_gge,13,-0.012057006912096765,-0.012379740010976997
enigma,epilepsy_gge,15,0.013796367780442012,-0.07718123907445776
enigma,epilepsy_gge,17,-0.167430780503077,-0.11475430027944201
enigma,epilepsy_gge,19,0.015535770594488147,-0.08601849138058007
enigma,epilepsy_gge,21,0.014295903522160713,-0.11061077487416753
enigma,epilepsy_gge,23,-0.10140109226840506,-0.07187372417567067
enigma,epilepsy_gge,25,-0.20851087029803936,-0.0654678711929958
enigma,epilepsy_gge,27,0.021322575815000033,-0.09080765092397534
enigma,epilepsy_gge,29,-0.09156581342105265,-0.18085981068709217
enigma,epilepsy_gge,31,-0.007167243058064512,-0.15066365104831547
enigma,epilepsy_gge,33,-0.021532292845890418,-0.17155289650531066
enigma,epilepsy_gge,35,-0.004922383945714276,-0.1384337028494244
enigma,epilepsy_gge,37,-0.015535794993646388,-0.11270471295410603
enigma,epilepsy_gge,39,-0.11358658980141852,-0.11571825631717779
enigma,epilepsy_gge,41,-0.0016718280212963006,-0.0097436477204048
enigma,epilepsy_gge,43,0.056175861176470554,-0.07617008744314319
enigma,epilepsy_gge,45,0.0787420999245812,-0.07819767206032371
enigma,epilepsy_gge,47,0.029948492666934688,-0.06071179602177559
enigma,epilepsy_gge,49,0.03220996201598636,-0.027297608817884553
enigma,epilepsy_gge,51,0.03482186142890997,-0.0981274563174663
enigma,epilepsy_gge,53,-0.2858409535070145,-0.05101568732625096
enigma,epilepsy_gge,55,-0.3568110545901639,-0.020944718958301807
enigma,epilepsy_gge,57,-0.24455197641736637,0.010217088231568333
enigma,epilepsy_gge,59,-0.30680607105263213,0.02693063084181098
enigma,epilepsy_gge,61,-0.25375722905396836,-0.07631926685335107
enigma,epilepsy_gge,63,-0.3333579121899734,-0.12261630380418216
enigma,epilepsy_gge,65,-0.13511855061168385,-0.018345235520425107
enigma,epilepsy_gge,67,-0.20015655452112685,0.02448391846764339
enigma,epilepsy_gge,69,-0.12340688577934286,-0.04430508134453366
enigma,epilepsy_gge,71,-0.05271642554920641,-0.07725043879502277
enigma,epilepsy_gge,73,-0.048908963403765784,-0.05114828710698703
enigma,epilepsy_gge,75,-0.05307603249000003,-0.07166598534865518
enigma,epilepsy_gge,77,-0.04481050596410254,-0.026009647071098034
enigma,epilepsy_gge,79,-0.044796799706666675,-0.047558522177056556
enigma,epilepsy_gge,81,-0.0932337007920792,-0.07197792846970126
enigma,epilepsy_gge,83,-0.08491772880710657,-0.06220509842883116
enigma,epilepsy_gge,85,-0.0975941304207318,-0.07490959082464053
enigma,epilepsy_gge,87,-0.08624184416991652,-0.06307182255112284
enigma,epilepsy_gge,89,-0.05937228986567162,-0.08541066031277969
enigma,epilepsy_gge,91,-0.04691775649999999,-0.0787701464318223
enigma,epilepsy_gge,93,-0.0702347323893805,-0.07384836942346248
enigma,epilepsy_gge,95,-0.06751083949532706,-0.07418589498733891
enigma,epilepsy_gge,97,-0.0702375666946564,-0.07401082335687684
enigma,epilepsy_gge,99,-0.06532846363909765,-0.07412405061411752
enigma,epilepsy_gge,101,-0.045419597013888785,-0.07607865537565645
enigma,epilepsy_gge,103,-0.08154113556764722,-0.08219081898702801
enigma,epilepsy_gge,105,-0.09651284633865846,-0.08698762172938945
enigma,epilepsy_gge,107,-0.0780334918140846,-0.08709105545320098
enigma,epilepsy_gge,109,-0.15143269276543211,-0.08276097967768088
enigma,epilepsy_gge,111,-0.014577908570175458,-0.06582595372174535
enigma,epilepsy_gge,113,0.0021068375454545486,-0.07656620402916857
enigma,epilepsy_gge,115,-0.08167901294871789,-0.07888575188023186
enigma,epilepsy_gge,117,-0.1592268544444444,-0.03661220630381664
enigma,epilepsy_gge,119,0.02308211753333333,-0.07716747442449735
enigma,epilepsy_gge,121,-0.07021294934358967,-0.06667142036408197
enigma,epilepsy_gge,123,-0.08905095938487956,-0.08451954734481755
enigma,epilepsy_gge,125,-0.11884645382198954,-0.06856603805592205
enigma,epilepsy_gge,127,-0.12030338296734688,-0.06644511565363066
enigma,epilepsy_gge,129,-0.12548915773913039,-0.06714546030633842
enigma,epilepsy_gge,131,-0.10401413302258061,-0.07451375033330426
enigma,epilepsy_gge,133,-0.1329731706024096,-0.06724111173615087
enigma,epilepsy_gge,135,-0.12765069619617223,-0.06716209267875088
enigma,epilepsy_gge,137,-0.12985162786106041,-0.06629570018078038
enigma,epilepsy_gge,139,-0.1111477824235516,-0.0626977540827909
enigma,epilepsy_gge,141,-0.13469855688453156,-0.05463983776442004
enigma,epilepsy_gge,143,-0.12574878332054448,-0.06666199632401959
enigma,epilepsy_gge,145,-0.1104574423792455,-0.06547784159987753
enigma,epilepsy_gge,147,-0.05548905566296294,-0.061098268189168935
enigma,epilepsy_gge,149,-0.06543306891206047,-0.06092562753030459
enigma,epilepsy_gge,151,-0.04764359003267978,-0.06050252005566162
enigma,epilepsy_gge,153,-0.027419736158620648,-0.050764396452065264
enigma,epilepsy_gge,155,-0.04519989292177793,-0.10799306473852305
enigma,epilepsy_gge,157,-0.017176086819210536,-0.08913121834278274
enigma,epilepsy_gge,159,-0.0010471000368089671,-0.10480380836010447
enigma,epilepsy_gge,161,-0.045988758438631254,-0.10512565504080293
enigma,epilepsy_gge,163,-0.06559340255648535,-0.07291711083595426
enigma,epilepsy_gge,165,-0.0013030444062499859,-0.05181089603095773
enigma,epilepsy_gge,167,-0.02969677264923078,-0.05884569940406037
enigma,epilepsy_gge,169,-0.04904881125543477,-0.05119914460770901
enigma,epilepsy_gge,171,-0.07925431752272726,-0.06615691734168765
enigma,epilepsy_gge,173,-0.09680293337499997,-0.06536701832103324
enigma,epilepsy_gge,175,0.027588550129870135,-0.06213637476762575
enigma,epilepsy_gge,177,0.08071658295652177,-0.054923312900998
enigma,epilepsy_gge,179,0.01632567504083767,-0.057217010783023436
enigma,epilepsy_gge,181,-0.0013802487637168078,-0.0706852263360641
enigma,epilepsy_gge,183,0.06058831334895826,-0.07228977107191033
enigma,epilepsy_gge,185,-0.00031724938082906156,-0.068392647987684
enigma,epilepsy_gge,187,-0.023558379923076928,-0.04970897882868428
enigma,epilepsy_gge,189,-0.03434555925178567,-0.070977251224446
enigma,epilepsy_gge,191,-0.051026756052328724,-0.07127121550247116
enigma,epilepsy_gge,193,-0.06403305091269838,-0.07107447734937171
enigma,epilepsy_gge,195,-0.017588613645863012,-0.07094903014269334
enigma,epilepsy_gge,197,-0.03669859477215883,-0.07028258030922362
enigma,epilepsy_gge,199,-0.1265791946302252,-0.07532807797577701
enigma,epilepsy_gge,201,-0.11294784102547752,-0.07615450030569694
enigma,epilepsy_gge,203,-0.11930691353538446,-0.07157956109432051
enigma,epilepsy_gge,205,-0.11761427789049006,-0.07525359530445759
enigma,epilepsy_gge,207,-0.12186087645871556,-0.07231846679823811
enigma,epilepsy_gge,209,-0.12922491505847924,-0.07392728684478524
enigma,epilepsy_rtle,1,-0.33399233721311405,-0.35276043011334013
enigma,epilepsy_rtle,3,-0.3415064647445254,-0.33609588789488454
enigma,epilepsy_rtle,5,-0.32785386151057355,-0.3688357924431663
enigma,epilepsy_rtle,7,-0.3734211543515852,-0.31998265545985416
enigma,epilepsy_rtle,9,-0.3558191923846155,-0.4062635988292296
enigma,epilepsy_rtle,11,-0.3262072991228061,-0.30445295973392383
enigma,epilepsy_rtle,13,-0.2861799686290317,-0.19146268521641324
enigma,epilepsy_rtle,15,-0.18389968712707147,-0.22321827747821787
enigma,epilepsy_rtle,17,-0.28434039635897435,-0.31095254577168874
enigma,epilepsy_rtle,19,-0.17356006039370062,-0.04527234665346344
enigma,epilepsy_rtle,21,-0.15620195509695273,-0.08704456690780688
enigma,epilepsy_rtle,23,-0.2613988051533741,-0.3057540043352242
enigma,epilepsy_rtle,25,-0.34660622360784304,-0.3118884934922709
enigma,epilepsy_rtle,27,-0.14239171420000013,0.0347364449761606
enigma,epilepsy_rtle,29,-0.2214031967669175,-0.2909494902456263
enigma,epilepsy_rtle,31,-0.15344636238709697,-0.17101126335503913
enigma,epilepsy_rtle,33,-0.15290613219178095,-0.25024457289582985
enigma,epilepsy_rtle,35,-0.15515759121428574,-0.05743841985120904
enigma,epilepsy_rtle,37,-0.12816742193922662,-0.22721101946187935
enigma,epilepsy_rtle,39,-0.2425088352482273,-0.27062583701012716
enigma,epilepsy_rtle,41,0.03141449279166666,0.09073254935082425
enigma,epilepsy_rtle,43,-0.07505124689411771,-0.024068905082944125
enigma,epilepsy_rtle,45,-0.023434861487742993,0.016471792008747543
enigma,epilepsy_rtle,47,0.021684514732160813,0.04706575070523794
enigma,epilepsy_rtle,49,0.03985803780306123,-0.028599347895179122
enigma,epilepsy_rtle,51,-0.08338752988625589,-0.052427730578321896
enigma,epilepsy_rtle,53,-0.4757043829458918,-0.3463901016269457
enigma,epilepsy_rtle,55,-0.4972639652131142,-0.3929102217293591
enigma,epilepsy_rtle,57,-0.4600400119607847,-0.4439849855861575
enigma,epilepsy_rtle,59,-0.4908633998947364,-0.49434708183366444
enigma,epilepsy_rtle,61,-0.41244590511111134,-0.2540138196539967
enigma,epilepsy_rtle,63,-0.45952483897097707,-0.3388507712453772
enigma,epilepsy_rtle,65,-0.45213055731958757,-0.3150313295341427
enigma,epilepsy_rtle,67,-0.49130672327464736,-0.4295394978783693
enigma,epilepsy_rtle,69,-0.12441269901408461,-0.19015583221273838
enigma,epilepsy_rtle,71,-0.18767116714285728,-0.26173910003806466
enigma,epilepsy_rtle,73,-0.165336388023012,-0.1463846148782768
enigma,epilepsy_rtle,75,-0.1669993198,-0.2880528127219338
enigma,epilepsy_rtle,77,-0.11260681257435892,-0.09536224393523207
enigma,epilepsy_rtle,79,-0.13637214464666667,-0.19904010844269857
enigma,epilepsy_rtle,81,-0.10917756762376235,-0.28097027333462954
enigma,epilepsy_rtle,83,-0.10725863612690348,-0.2563653123123145
enigma,epilepsy_rtle,85,-0.1451928002439024,-0.2837261446791247
enigma,epilepsy_rtle,87,-0.12875356513927574,-0.2530286380915331
enigma,epilepsy_rtle,89,-0.08951153179104468,-0.2955824477699736
enigma,epilepsy_rtle,91,-0.06992099202564107,-0.2842942870250186
enigma,epilepsy_rtle,93,-0.08991384831858415,-0.2891141927008163
enigma,epilepsy_rtle,95,-0.07966068400000002,-0.2880938118748845
enigma,epilepsy_rtle,97,-0.08693836068702293,-0.28245070610630557
enigma,epilepsy_rtle,99,-0.07980139581954898,-0.2846987554465578
enigma,epilepsy_rtle,101,-0.06690433183333334,-0.2911069925826491
enigma,epilepsy_rtle,103,-0.11415143618235295,-0.3201692560324479
enigma,epilepsy_rtle,105,-0.18616551939297116,-0.2788072455469333
enigma,epilepsy_rtle,107,-0.12066287553521143,-0.279842105442241
enigma,epilepsy_rtle,109,-0.12121222432098765,-0.323676937688713
enigma,epilepsy_rtle,111,-0.04828752424561405,-0.1314308533366519
enigma,epilepsy_rtle,113,-0.05619592139090908,-0.238727672308634
enigma,epilepsy_rtle,115,-0.0756600759230769,-0.2834944969288863
enigma,epilepsy_rtle,117,-0.12304776055555555,-0.08282874517763922
enigma,epilepsy_rtle,119,-0.10454534370666663,-0.2447467383295331
enigma,epilepsy_rtle,121,-0.18343681097435885,-0.2742294630443306
enigma,epilepsy_rtle,123,-0.20708916336769756,-0.30526834009788806
enigma,epilepsy_rtle,125,-0.39858694617801105,-0.3774607173324728
enigma,epilepsy_rtle,127,-0.39477695122449014,-0.35041413515575587
enigma,epilepsy_rtle,129,-0.3839754161180134,-0.4169100554465318
enigma,epilepsy_rtle,131,-0.3930243349677425,-0.4322766706478728
enigma,epilepsy_rtle,133,-0.384864867871487,-0.35567469387327183
enigma,epilepsy_rtle,135,-0.2618920351435405,-0.2567375670231722
enigma,epilepsy_rtle,137,-0.2773579497989025,-0.2639639920397516
enigma,epilepsy_rtle,139,-0.3554186568844245,-0.3532981166645702
enigma,epilepsy_rtle,141,-0.32071214226579486,-0.29639147886201056
enigma,epilepsy_rtle,143,-0.24324119381187914,-0.26201503143881877
enigma,epilepsy_rtle,145,-0.3146844873584915,-0.3067566270308789
enigma,epilepsy_rtle,147,-0.386789831888888,-0.30400703460854694
enigma,epilepsy_rtle,149,-0.39497334572864334,-0.26794292399037156
enigma,epilepsy_rtle,151,-0.35267048912854043,-0.2786663542517073
enigma,epilepsy_rtle,153,-0.30871340307692247,-0.19991566042900027
enigma,epilepsy_rtle,155,-0.37332635354074123,-0.46188571625039665
enigma,epilepsy_rtle,157,-0.324545594078948,-0.35139856217963295
enigma,epilepsy_rtle,159,-0.3472633677078646,-0.4721066107009649
enigma,epilepsy_rtle,161,-0.377540395121412,-0.4786813523793354
enigma,epilepsy_rtle,163,-0.12366090155648535,-0.1766263473485481
enigma,epilepsy_rtle,165,-0.02430740603125002,-0.06668130563728042
enigma,epilepsy_rtle,167,-0.04725406145384622,-0.12216415075058296
enigma,epilepsy_rtle,169,-0.07097051904347829,-0.11261843963973694
enigma,epilepsy_rtle,171,-0.09598081439772725,-0.06235584801469157
enigma,epilepsy_rtle,173,-0.11778586021759249,-0.11813551815155529
enigma,epilepsy_rtle,175,-0.04600758770303037,-0.24679332102459425
enigma,epilepsy_rtle,177,-0.06451473466666661,-0.21080564005291688
enigma,epilepsy_rtle,179,-0.15965117121989517,-0.444347588597044
enigma,epilepsy_rtle,181,-0.06794762738318573,-0.31090993194166966
enigma,epilepsy_rtle,183,-0.12463071438541647,-0.3255458338336943
enigma,epilepsy_rtle,185,-0.22740843543005201,-0.2982940625017501
enigma,epilepsy_rtle,187,-0.0008795523155245124,-0.1813736059000895
enigma,epilepsy_rtle,189,-0.33788855952380975,-0.15147641093448588
enigma,epilepsy_rtle,191,-0.3063685247671237,-0.13836578317782347
enigma,epilepsy_rtle,193,-0.2886117422222223,-0.0984534209263756
enigma,epilepsy_rtle,195,-0.3087531420547948,-0.1660091027901096
enigma,epilepsy_rtle,197,-0.3168826112262521,-0.1743638933342183
enigma,epilepsy_rtle,199,-0.2598014612861741,-0.2060795133107153
enigma,epilepsy_rtle,201,-0.20946331878662397,-0.2122142953499454
enigma,epilepsy_rtle,203,-0.2575058884923077,-0.1380042032514439
enigma,epilepsy_rtle,205,-0.2469135290201736,-0.1831469702360279
enigma,epilepsy_rtle,207,-0.359610704678899,-0.2366230504062174
enigma,epilepsy_rtle,209,-0.3661215433918134,-0.2735731249180638
enigma,epilepsy_ltle,1,-0.37569409255737735,-0.23789131488784707
enigma,epilepsy_ltle,3,-0.40147315656934357,-0.25613512224581797
enigma,epilepsy_ltle,5,-0.3830994013595173,-0.24299595704759047
enigma,epilepsy_ltle,7,-0.42136176985590745,-0.2566786336631399
enigma,epilepsy_ltle,9,-0.3903287612820511,-0.248894554443961
enigma,epilepsy_ltle,11,-0.36074028374269085,-0.22908549081129806
enigma,epilepsy_ltle,13,-0.33225898946236593,-0.22721378736354048
enigma,epilepsy_ltle,15,-0.23266865759668548,-0.2629191297946155
enigma,epilepsy_ltle,17,-0.36182555705128167,-0.26492441819394863
enigma,epilepsy_ltle,19,-0.22178562397637752,-0.26453714163961084
enigma,epilepsy_ltle,21,-0.20753002047091454,-0.27539130205116813
enigma,epilepsy_ltle,23,-0.33893852021472404,-0.26214977117502614
enigma,epilepsy_ltle,25,-0.4197612188235287,-0.2619213041562712
enigma,epilepsy_ltle,27,-0.18131977102307692,-0.26220153940792307
enigma,epilepsy_ltle,29,-0.263722332406015,-0.26939156193630936
enigma,epilepsy_ltle,31,-0.23158745470967762,-0.2584493436180709
enigma,epilepsy_ltle,33,-0.22390804746575346,-0.2546380434240357
enigma,epilepsy_ltle,35,-0.24134669692857144,-0.25362923258113396
enigma,epilepsy_ltle,37,-0.18042407591436446,-0.24894783579844257
enigma,epilepsy_ltle,39,-0.2708603739716314,-0.2615953157140519
enigma,epilepsy_ltle,41,0.00165320218106481,-0.2401920294559201
enigma,epilepsy_ltle,43,-0.08875179009294118,-0.2343635675436737
enigma,epilepsy_ltle,45,-0.06104517506983249,-0.2424386676594191
enigma,epilepsy_ltle,47,-0.01666023721165831,-0.24403617887978282
enigma,epilepsy_ltle,49,0.004385556959875499,-0.21915999633146344
enigma,epilepsy_ltle,51,-0.09494648428720383,-0.2297097654671306
enigma,epilepsy_ltle,53,-0.45325715623246415,-0.26923716540062287
enigma,epilepsy_ltle,55,-0.48207798422950926,-0.26347162578120725
enigma,epilepsy_ltle,57,-0.438231462661065,-0.2693605522158506
enigma,epilepsy_ltle,59,-0.4705664699473689,-0.26343217305175554
enigma,epilepsy_ltle,61,-0.3802758671111118,-0.26372695697909737
enigma,epilepsy_ltle,63,-0.4552828068073869,-0.2645207778760182
enigma,epilepsy_ltle,65,-0.4313380671477666,-0.2682958857942937
enigma,epilepsy_ltle,67,-0.4335413440492953,-0.2617265218513073
enigma,epilepsy_ltle,69,-0.28475139319248843,-0.14933859627111948
enigma,epilepsy_ltle,71,-0.33076301015873016,-0.24638256404865821
enigma,epilepsy_ltle,73,-0.26998271166318033,-0.07301842624449498
enigma,epilepsy_ltle,75,-0.3249517418500002,-0.2139296238394615
enigma,epilepsy_ltle,77,-0.27407891876923085,-0.033167453078875225
enigma,epilepsy_ltle,79,-0.36891949519999967,-0.14650722281435227
enigma,epilepsy_ltle,81,-0.2583247158415842,-0.21551272700713953
enigma,epilepsy_ltle,83,-0.29238770477157366,-0.1684459339592329
enigma,epilepsy_ltle,85,-0.2289154781707318,-0.22497356618722936
enigma,epilepsy_ltle,87,-0.29064239192200564,-0.17509287673690188
enigma,epilepsy_ltle,89,-0.2536216656716417,-0.35289080854175714
enigma,epilepsy_ltle,91,-0.22269178205128198,-0.2664888277267464
enigma,epilepsy_ltle,93,-0.25331717203539805,-0.24008195479801991
enigma,epilepsy_ltle,95,-0.23875798345794405,-0.23608119378632586
enigma,epilepsy_ltle,97,-0.240453798625954,-0.21559392976577307
enigma,epilepsy_ltle,99,-0.23413538225563912,-0.22616280646384984
enigma,epilepsy_ltle,101,-0.21954564145833333,-0.2503111735593149
enigma,epilepsy_ltle,103,-0.33684340023529397,-0.3247519536302621
enigma,epilepsy_ltle,105,-0.3528951346006387,-0.3674132547155092
enigma,epilepsy_ltle,107,-0.294810444901409,-0.37233064460393894
enigma,epilepsy_ltle,109,-0.4042255302469131,-0.3337646617883029
enigma,epilepsy_ltle,111,-0.33058438210526314,-0.2248182512024764
enigma,epilepsy_ltle,113,-0.3162205127272727,-0.3275347975783539
enigma,epilepsy_ltle,115,-0.3739434994871794,-0.3100967311480418
enigma,epilepsy_ltle,117,-0.34091077000000003,-0.13188061048435415
enigma,epilepsy_ltle,119,-0.2934544254666667,-0.33276985459691544
enigma,epilepsy_ltle,121,-0.1992174313333334,-0.17744171217487092
enigma,epilepsy_ltle,123,-0.17985081893470756,-0.31173530808990446
enigma,epilepsy_ltle,125,-0.48165880523560123,-0.26889975240865127
enigma,epilepsy_ltle,127,-0.47486055191836746,-0.271982346879985
enigma,epilepsy_ltle,129,-0.43624666360248265,-0.2643150812595271
enigma,epilepsy_ltle,131,-0.45584402909677274,-0.27193616738048226
enigma,epilepsy_ltle,133,-0.4487146844578301,-0.27020242337994105
enigma,epilepsy_ltle,135,-0.28098838918660396,-0.27303463679625123
enigma,epilepsy_ltle,137,-0.283980326032906,-0.2710032911522486
enigma,epilepsy_ltle,139,-0.303676622479062,-0.25469086807778635
enigma,epilepsy_ltle,141,-0.2786324354466231,-0.2539145870514043
enigma,epilepsy_ltle,143,-0.2450892787376229,-0.27145432449231455
enigma,epilepsy_ltle,145,-0.28605915267924537,-0.25284507365187103
enigma,epilepsy_ltle,147,-0.5230126997037036,-0.2646358492363386
enigma,epilepsy_ltle,149,-0.4982810934673368,-0.2585066853323088
enigma,epilepsy_ltle,151,-0.46888455527233025,-0.2685275728025438
enigma,epilepsy_ltle,153,-0.4520444489389916,-0.25066687335102844
enigma,epilepsy_ltle,155,-0.3612006989777767,-0.29732034173334554
enigma,epilepsy_ltle,157,-0.29241214686052636,-0.2737620388715536
enigma,epilepsy_ltle,159,-0.3446163453707871,-0.2947603995576167
enigma,epilepsy_ltle,161,-0.3773081301324504,-0.29646694425817693
enigma,epilepsy_ltle,163,0.0007781729041840931,-0.2607362473108007
enigma,epilepsy_ltle,165,0.05387849152499998,-0.14631075635146973
enigma,epilepsy_ltle,167,0.04370484815423082,-0.18963073427437593
enigma,epilepsy_ltle,169,-0.07324284116413046,-0.16503128493447078
enigma,epilepsy_ltle,171,0.04127781685795457,-0.23160126186727106
enigma,epilepsy_ltle,173,-0.01346983246759265,-0.22559554966540404
enigma,epilepsy_ltle,175,-0.13992750518181815,-0.28400826722005945
enigma,epilepsy_ltle,177,-0.022451453579710172,-0.24481747858986413
enigma,epilepsy_ltle,179,-0.09985926606282731,-0.24161995151172538
enigma,epilepsy_ltle,181,-0.1618010802300886,-0.3225100841323487
enigma,epilepsy_ltle,183,-0.07728114116145843,-0.2960022314821843
enigma,epilepsy_ltle,185,-0.25519124665803145,-0.2912288403452967
enigma,epilepsy_ltle,187,0.015497455020979042,-0.17892548372300662
enigma,epilepsy_ltle,189,-0.3376914607738096,-0.32075319649098033
enigma,epilepsy_ltle,191,-0.2503737716986303,-0.31750263589527594
enigma,epilepsy_ltle,193,-0.26174349841269845,-0.3087518442401098
enigma,epilepsy_ltle,195,-0.3442283768493152,-0.33016894789688045
enigma,epilepsy_ltle,197,-0.32316494122625183,-0.3225936202432232
enigma,epilepsy_ltle,199,-0.3131281063022511,-0.35308017730689917
enigma,epilepsy_ltle,201,-0.2868787832802556,-0.34047078655458224
enigma,epilepsy_ltle,203,-0.3055414061846157,-0.31822615705495083
enigma,epilepsy_ltle,205,-0.31828268772334356,-0.35112831356583474
enigma,epilepsy_ltle,207,-0.40040938380733937,-0.34086213623624845
enigma,epilepsy_ltle,209,-0.42565432625731037,-0.35206630745466605
enigma,depression,1,-0.0647953138491802,-0.022722895289547025
enigma,depression,3,-0.06036203235523127,-0.021110307527246033
enigma,depression,5,-0.0621100125287008,-0.045854981868803546
enigma,depression,7,-0.05687982156772314,-0.010808179636626253
enigma,depression,9,-0.058189004423076875,-0.002967151271221921
enigma,depression,11,-0.06395329267543846,-0.04341826845017709
enigma,depression,13,-0.06922397083602141,-0.07413661543374547
enigma,depression,15,-0.04111644877071847,-0.0699620078259748
enigma,depression,17,-0.02199660260641022,-0.03582175859833515
enigma,depression,19,-0.039634270767716535,-0.09654960841469432
enigma,depression,21,-0.039397206421052766,-0.09485694630669256
enigma,depression,23,-0.029399529495398733,-0.023436428867210937
enigma,depression,25,-0.022719978886274538,-0.009405529528210499
enigma,depression,27,-0.04034133110769234,-0.10976312512504272
enigma,depression,29,-0.04951974106015037,-0.06722274418174563
enigma,depression,31,-0.05118818175483871,-0.09359804040601746
enigma,depression,33,-0.06025605469863012,-0.0809045849619883
enigma,depression,35,-0.05598968732857142,-0.09847167056963149
enigma,depression,37,-0.06352828280386744,-0.06463842060929473
enigma,depression,39,-0.05304936260283683,-0.046685494372686584
enigma,depression,41,-0.11445043149074074,-0.12720150631247196
enigma,depression,43,-0.05578614008823533,-0.1006945200224118
enigma,depression,45,-0.05207864851955306,-0.10923953277274677
enigma,depression,47,-0.09007189718090451,-0.12196564200890157
enigma,depression,49,-0.10001386923129245,-0.0972739481225031
enigma,depression,51,-0.06068459843601898,-0.09417465723769147
enigma,depression,53,-0.008387329773547095,0.002969405558030179
enigma,depression,55,-0.024227782518032762,0.008125580814630239
enigma,depression,57,-0.0031915073770308108,0.0251698175541053
enigma,depression,59,-0.02510761286894735,0.02381363032535666
enigma,depression,61,-0.023282914191428583,-0.028784120290826776
enigma,depression,63,-0.02418482969920845,-0.03292436723819119
enigma,depression,65,-0.006128432494872863,-0.016115294061183238
enigma,depression,67,-0.011428901496126756,0.013693424355236294
enigma,depression,69,-0.01753448508544599,-0.05120648898927577
enigma,depression,71,-0.007253871248517461,-0.03665989186002021
enigma,depression,73,-0.014868746015753125,-0.04991424852167907
enigma,depression,75,-0.015339226599500018,-0.042605807725812066
enigma,depression,77,-0.01825128616687179,-0.061986031404703934
enigma,depression,79,-0.009722233795133327,-0.050689428087225125
enigma,depression,81,-0.07762733641584153,-0.039905326880936884
enigma,depression,83,-0.06187835884771573,-0.04835185122254998
enigma,depression,85,-0.0749947829817073,-0.039093148635437606
enigma,depression,87,-0.06133453502228409,-0.04656503678449768
enigma,depression,89,-0.06967208313432836,-0.023298508616405495
enigma,depression,91,-0.055660578974359005,-0.03457143420330493
enigma,depression,93,-0.06075174441592928,-0.03627264332367055
enigma,depression,95,-0.06517606286915895,-0.03691536244853433
enigma,depression,97,-0.06485633809160304,-0.04016580707090536
enigma,depression,99,-0.06378716266165407,-0.03851869720283586
enigma,depression,101,-0.0548121112291667,-0.03502138940272566
enigma,depression,103,-0.08383871457941186,-0.022381069410397327
enigma,depression,105,-0.09766822466453677,-0.022633905266343828
enigma,depression,107,-0.08513916309577449,-0.023299091270311007
enigma,depression,109,-0.05987797551851851,-0.02055415397611799
enigma,depression,111,-0.0721205232982456,-0.03379306567126224
enigma,depression,113,-0.08090839699090908,-0.028903874814854867
enigma,depression,115,-0.06152747523076922,-0.02374290691541716
enigma,depression,117,-0.03976939677777777,-0.05334844894179308
enigma,depression,119,-0.055582540720000025,-0.01901291521656061
enigma,depression,121,-0.04635503299487179,-0.046100226403746385
enigma,depression,123,-0.057810021357388254,-0.029139455451319397
enigma,depression,125,-0.007867475757068037,-0.043505355495491824
enigma,depression,127,-0.008994583562040814,-0.04012465500451805
enigma,depression,129,-0.010035381866770169,-0.04647072330974453
enigma,depression,131,-0.0006685097524838687,-0.046365033707441564
enigma,depression,133,-0.010855922472289108,-0.04164503652857823
enigma,depression,135,-0.051630717866028464,-0.039005439014433874
enigma,depression,137,-0.05158889409506392,-0.03989706367016162
enigma,depression,139,-0.0298088426757119,-0.04977871118118094
enigma,depression,141,-0.047062604283224486,-0.0448131160298911
enigma,depression,143,-0.060498192340346785,-0.039781579545829934
enigma,depression,145,-0.03376714572792455,-0.051162723830681614
enigma,depression,147,-0.020144395196296277,-0.04406270674288501
enigma,depression,149,-0.018600281494974898,-0.05164838344506212
enigma,depression,151,-0.01807297839623094,-0.03696761599523721
enigma,depression,153,-0.037190039347480115,-0.04711263211555949
enigma,depression,155,0.021627900067703744,-0.04553233861077699
enigma,depression,157,0.007120358013421058,-0.048893130049043394
enigma,depression,159,0.01906964229442702,-0.0451487769556529
enigma,depression,161,0.019639004985651208,-0.04657666330707402
enigma,depression,163,-0.07495810243514651,-0.0024633531905230432
enigma,depression,165,-0.0820311973229167,-0.05857592951657489
enigma,depression,167,-0.09033847450769228,-0.04257133214159786
enigma,depression,169,-0.06035601772282605,-0.04340753010911271
enigma,depression,171,-0.08715597998863646,-0.04497306769989702
enigma,depression,173,-0.08782248860648151,-0.04098970078485858
enigma,depression,175,-0.08882795994372275,-0.06489435477579598
enigma,depression,177,-0.07312808747826087,-0.09726001968073138
enigma,depression,179,-0.07144287693717283,-0.0631316460726121
enigma,depression,181,-0.07331289219911498,-0.01714553161716531
enigma,depression,183,-0.06561394031249995,-0.06267480045919083
enigma,depression,185,-0.06372394407772013,-0.05779288454274675
enigma,depression,187,-0.1256804402937061,-0.0724222237479507
enigma,depression,189,-0.0038214572232143046,-0.02953715389437707
enigma,depression,191,0.05118599594356167,-0.02143910394590791
enigma,depression,193,0.03813803593499997,-0.011270073057090421
enigma,depression,195,-0.02219320449983561,-0.045189566610593174
enigma,depression,197,0.016790147758963734,-0.032762520671309005
enigma,depression,199,-0.026924133633440477,-0.05489130059202238
enigma,depression,201,-0.04046740415923558,-0.04461531874479357
enigma,depression,203,-0.014155935990769244,-0.020344795114852775
enigma,depression,205,-0.03248116313544662,-0.05405010349464875
enigma,depression,207,0.0013417480035963288,-0.04251745097545394
enigma,depression,209,-0.016602607606725134,-0.04758321776731103
enigma,ocd,1,-0.06482510091803269,-0.053665156088242114
enigma,ocd,3,-0.07188476931873473,-0.05559573967988394
enigma,ocd,5,-0.07248757533232598,-0.05508672414186534
enigma,ocd,7,-0.06597004222190175,-0.05463041739487214
enigma,ocd,9,-0.058992777212820424,-0.05119704178365288
enigma,ocd,11,-0.06296319020467826,-0.05360526732308346
enigma,ocd,13,-0.07105770084139784,-0.05495905599015162
enigma,ocd,15,-0.09129929628176778,-0.0598498139704963
enigma,ocd,17,-0.08576207268717957,-0.057919777717140665
enigma,ocd,19,-0.0926045361062993,-0.06312783226818301
enigma,ocd,21,-0.0898208923296399,-0.06441994828822718
enigma,ocd,23,-0.08844440989570547,-0.056441098985505936
enigma,ocd,25,-0.0777347935803921,-0.05510729578003195
enigma,ocd,27,-0.08820916732307701,-0.06448658333137573
enigma,ocd,29,-0.07829612821804513,-0.0608102178948287
enigma,ocd,31,-0.06806609740645161,-0.06100019018345228
enigma,ocd,33,-0.06828455539041091,-0.05982239915863147
enigma,ocd,35,-0.043583637292857184,-0.06209600666361387
enigma,ocd,37,-0.05952694388121536,-0.0584687947794277
enigma,ocd,39,-0.07175044128368786,-0.0590225593919057
enigma,ocd,41,-0.08020159603703707,-0.06057344009870238
enigma,ocd,43,-0.080330098464706,-0.059380898095133874
enigma,ocd,45,-0.09341517149720653,-0.06155776866354389
enigma,ocd,47,-0.0861036834170854,-0.06196726804409932
enigma,ocd,49,-0.0879696619149659,-0.05685859534340406
enigma,ocd,51,-0.07202562232701425,-0.058239395027664134
enigma,ocd,53,-0.03372839951503006,-0.055479251786477814
enigma,ocd,55,-0.04191636804590159,-0.05219226870879748
enigma,ocd,57,-0.03203470785994394,-0.05110832467275733
enigma,ocd,59,-0.038859673089473676,-0.04865664439723384
enigma,ocd,61,-0.04064664815238092,-0.05829909688070824
enigma,ocd,63,-0.04775316076253295,-0.056997357962912464
enigma,ocd,65,-0.032253840975944935,-0.059240472668344535
enigma,ocd,67,-0.021894507838028175,-0.05056010542733856
enigma,ocd,69,-0.007265044554225349,-0.06547243966472782
enigma,ocd,71,-0.01890052335555556,-0.06350607605997735
enigma,ocd,73,-0.014244364917364031,-0.06389967664059419
enigma,ocd,75,-0.02838971931099997,-0.06549118149525522
enigma,ocd,77,-0.020775658266666674,-0.06395916299265479
enigma,ocd,79,-0.024107060958666687,-0.06489285312264706
enigma,ocd,81,-0.08802196340594057,-0.06636468859948755
enigma,ocd,83,-0.07352601973604057,-0.06606974471916263
enigma,ocd,85,-0.08781072953048787,-0.06676227552924648
enigma,ocd,87,-0.06878168458217268,-0.06576497611147529
enigma,ocd,89,-0.0935661345671642,-0.06557228444814522
enigma,ocd,91,-0.08888826920512824,-0.06607326788689376
enigma,ocd,93,-0.08158241951327437,-0.06634898134674261
enigma,ocd,95,-0.08935009445794385,-0.06632041513494981
enigma,ocd,97,-0.0889224146183206,-0.06655959796553024
enigma,ocd,99,-0.08877506336842109,-0.06646297487939776
enigma,ocd,101,-0.0886021141041666,-0.06627739769362376
enigma,ocd,103,-0.08553416991764695,-0.06662780490289322
enigma,ocd,105,-0.10044226324600657,-0.06538103988746027
enigma,ocd,107,-0.09793086267042243,-0.0650022575313198
enigma,ocd,109,-0.06925562300000002,-0.06670019372832535
enigma,ocd,111,-0.0652827316666667,-0.06430443597383584
enigma,ocd,113,-0.07059227603636369,-0.06539801360246403
enigma,ocd,115,-0.06501837330769233,-0.06616332678728985
enigma,ocd,117,-0.03739830772222222,-0.06378126753578268
enigma,ocd,119,-0.05896075298666663,-0.06847121361431101
enigma,ocd,121,-0.052545366846153914,-0.06631254762488085
enigma,ocd,123,-0.07082445556013757,-0.06815409878594579
enigma,ocd,125,-0.0672821235759162,-0.06535514754688476
enigma,ocd,127,-0.06864169935102034,-0.06580243705729134
enigma,ocd,129,-0.0648432587795033,-0.06485118744504137
enigma,ocd,131,-0.058061211651612876,-0.06465584483668235
enigma,ocd,133,-0.06970827689558233,-0.06565855536112476
enigma,ocd,135,-0.12387986658133965,-0.06579386309684493
enigma,ocd,137,-0.11703358487751364,-0.06571801125924888
enigma,ocd,139,-0.04992999470854259,-0.0637596894970517
enigma,ocd,141,-0.07093499803485825,-0.0650990752470473
enigma,ocd,143,-0.12700712614727747,-0.06573056734310931
enigma,ocd,145,-0.043453158830188604,-0.06313482234343147
enigma,ocd,147,-0.08989756977037051,-0.06519504605989195
enigma,ocd,149,-0.07775216265577903,-0.06412759041441976
enigma,ocd,151,-0.0860291294488019,-0.06519464500929234
enigma,ocd,153,-0.09180505828912458,-0.06402036932449608
enigma,ocd,155,-0.026707180601481473,-0.06153935947611475
enigma,ocd,157,-0.03197244562631575,-0.0627598590114654
enigma,ocd,159,-0.03285596734382024,-0.061582343816287265
enigma,ocd,161,-0.030637827578366434,-0.062009691396920724
enigma,ocd,163,-0.04621802915481171,-0.022347653089292353
enigma,ocd,165,-0.07547000141666671,-0.02635214926505973
enigma,ocd,167,-0.06948959250000004,-0.025816619697945083
enigma,ocd,169,-0.04072643515760872,-0.015577326058431422
enigma,ocd,171,-0.05732952803409089,-0.044449058835693125
enigma,ocd,173,-0.06491673661111108,-0.037029028727342414
enigma,ocd,175,-0.06760397631168825,-0.05077064618605919
enigma,ocd,177,-0.03398404374173917,-0.07557438025925463
enigma,ocd,179,-0.044717302268062815,-0.07454811441156615
enigma,ocd,181,-0.06961332497787623,-0.06238311947566483
enigma,ocd,183,-0.035291301632916695,-0.06198853709600673
enigma,ocd,185,-0.0471608681606218,-0.04817891871899854
enigma,ocd,187,-0.07660040546153847,-0.07969038555430608
enigma,ocd,189,-0.056877876363095256,-0.09307150218179379
enigma,ocd,191,-0.025588185254794473,-0.09393490601891243
enigma,ocd,193,-0.031923197844841274,-0.09522248050204513
enigma,ocd,195,-0.06213676543561649,-0.08786842497376712
enigma,ocd,197,-0.04953747675820374,-0.09126808232421843
enigma,ocd,199,-0.08171818654983945,-0.08690691534476058
enigma,ocd,201,-0.08757587025796168,-0.07407538869021577
enigma,ocd,203,-0.06811853271384616,-0.09389007049043091
enigma,ocd,205,-0.07689968917579244,-0.08341105139141827
enigma,ocd,207,-0.0613341195229358,-0.08982491119780871
enigma,ocd,209,-0.07790635312280693,-0.08577063991405035
enigma,schizophrenia,1,-0.4068707255081954,-0.2080812171499585
enigma,schizophrenia,3,-0.417068562798054,-0.18101047642919074
enigma,schizophrenia,5,-0.4165493418428998,-0.21444071937931616
enigma,schizophrenia,7,-0.406630926772335,-0.17204193482941438
enigma,schizophrenia,9,-0.38700515766666704,-0.2128607764824606
enigma,schizophrenia,11,-0.3990765347368426,-0.23050234245090365
enigma,schizophrenia,13,-0.3887023700268817,-0.27040847678919944
enigma,schizophrenia,15,-0.3709627061602201,-0.22410096999133527
enigma,schizophrenia,17,-0.35952208958974363,-0.1468186718168446
enigma,schizophrenia,19,-0.3676364852362202,-0.24072347353091328
enigma,schizophrenia,21,-0.36023784684210397,-0.19446618251225922
enigma,schizophrenia,23,-0.3720842915644171,-0.16902508743864708
enigma,schizophrenia,25,-0.3636396642745098,-0.16308521479739932
enigma,schizophrenia,27,-0.3542369553461535,-0.22267906039495328
enigma,schizophrenia,29,-0.36428676887218026,-0.12203360953567582
enigma,schizophrenia,31,-0.35821289877419304,-0.17974669202805676
enigma,schizophrenia,33,-0.3650774480821918,-0.18989672251500506
enigma,schizophrenia,35,-0.3403188017857142,-0.20341648563675127
enigma,schizophrenia,37,-0.3646646912707184,-0.26030416110581556
enigma,schizophrenia,39,-0.3608815814893619,-0.2642098005502349
enigma,schizophrenia,41,-0.24577541606481457,-0.2505566160441627
enigma,schizophrenia,43,-0.3730479017647054,-0.27783902209817424
enigma,schizophrenia,45,-0.3839100362290502,-0.26138073310992793
enigma,schizophrenia,47,-0.2944272298994975,-0.23960929058057617
enigma,schizophrenia,49,-0.29437559714285705,-0.20892453187665785
enigma,schizophrenia,51,-0.3707270631279622,-0.27316760107833893
enigma,schizophrenia,53,-0.3038706378156318,-0.21158118929260533
enigma,schizophrenia,55,-0.3261480513114752,-0.189956545727862
enigma,schizophrenia,57,-0.297837813837534,-0.2320186554497369
enigma,schizophrenia,59,-0.3247607816842109,-0.2190804770520648
enigma,schizophrenia,61,-0.3201048930793649,-0.3159072055756687
enigma,schizophrenia,63,-0.32769435976253347,-0.2176223000396713
enigma,schizophrenia,65,-0.2671213032302403,-0.2948630679315913
enigma,schizophrenia,67,-0.2776319993661969,-0.2422931936876457
enigma,schizophrenia,69,-0.31851335150234766,-0.3593399425970015
enigma,schizophrenia,71,-0.41155421463492076,-0.38208612862787267
enigma,schizophrenia,73,-0.39303885583681997,-0.36480399986695616
enigma,schizophrenia,75,-0.41929113570000065,-0.3389955279461767
enigma,schizophrenia,77,-0.42302037415384586,-0.3803227613165077
enigma,schizophrenia,79,-0.43582411759999995,-0.36876178900693934
enigma,schizophrenia,81,-0.438161655742574,-0.371839006234009
enigma,schizophrenia,83,-0.4390120024873099,-0.3554395813074587
enigma,schizophrenia,85,-0.4134749059756097,-0.3453301839181455
enigma,schizophrenia,87,-0.43277787671309276,-0.36998733239521886
enigma,schizophrenia,89,-0.4609792074626868,-0.45000873175365946
enigma,schizophrenia,91,-0.451399676153846,-0.3781700023699126
enigma,schizophrenia,93,-0.43897311513274334,-0.3892967024838938
enigma,schizophrenia,95,-0.4471024513084114,-0.3840917212311853
enigma,schizophrenia,97,-0.44318450251908353,-0.3479070955474956
enigma,schizophrenia,99,-0.4458814776691728,-0.3676751344708699
enigma,schizophrenia,101,-0.45142828784722205,-0.3905239609336929
enigma,schizophrenia,103,-0.39704641329411816,-0.4497507627239892
enigma,schizophrenia,105,-0.464405318370606,-0.42565983389441236
enigma,schizophrenia,107,-0.4642713529577462,-0.45119791536308274
enigma,schizophrenia,109,-0.2861262164197531,-0.45870319279561644
enigma,schizophrenia,111,-0.28966143982456155,-0.3978037570217713
enigma,schizophrenia,113,-0.3272441394545453,-0.3922697599198235
enigma,schizophrenia,115,-0.2622772666666666,-0.4453828056992962
enigma,schizophrenia,117,-0.2731929722222223,-0.3903301441658422
enigma,schizophrenia,119,-0.3021933714666666,-0.35165466841841325
enigma,schizophrenia,121,-0.38682345266666635,-0.3441252932207647
enigma,schizophrenia,123,-0.3766514942268037,-0.3333157187936573
enigma,schizophrenia,125,-0.22288470083769701,-0.43733472372813553
enigma,schizophrenia,127,-0.22516345930612228,-0.3582561679754464
enigma,schizophrenia,129,-0.2353316038509316,-0.37892758871967613
enigma,schizophrenia,131,-0.22186087741935515,-0.40224809543705853
enigma,schizophrenia,133,-0.22466134060241041,-0.3783748759017832
enigma,schizophrenia,135,-0.33707785729665035,-0.346344787040136
enigma,schizophrenia,137,-0.3415124056672763,-0.35304264028274496
enigma,schizophrenia,139,-0.360717440217756,-0.3762073013848082
enigma,schizophrenia,141,-0.38868903485838896,-0.3627630191995171
enigma,schizophrenia,143,-0.3658773246287121,-0.35324349614896455
enigma,schizophrenia,145,-0.38973926794339736,-0.4164963096162331
enigma,schizophrenia,147,-0.282330753814815,-0.3837531480565719
enigma,schizophrenia,149,-0.2802427102010045,-0.4059229832855724
enigma,schizophrenia,151,-0.28229267187363843,-0.2732612967227108
enigma,schizophrenia,153,-0.30231333058355503,-0.30305158022892403
enigma,schizophrenia,155,-0.2762355026222224,-0.2587276042274206
enigma,schizophrenia,157,-0.2980522172105266,-0.3143076179938956
enigma,schizophrenia,159,-0.2702139208988763,-0.26254000026509194
enigma,schizophrenia,161,-0.26131121286975706,-0.2848682324670946
enigma,schizophrenia,163,-0.37339107807531374,-0.3571197011116733
enigma,schizophrenia,165,-0.4048815494791671,-0.35576247056420507
enigma,schizophrenia,167,-0.39752347423076906,-0.3596357161240042
enigma,schizophrenia,169,-0.41872421505434804,-0.36019382495202673
enigma,schizophrenia,171,-0.38796201323863627,-0.3598725010608686
enigma,schizophrenia,173,-0.3889028169444444,-0.3592554490391141
enigma,schizophrenia,175,-0.30814930463203444,-0.36214569130770097
enigma,schizophrenia,177,-0.23578074857971032,-0.3601245306048877
enigma,schizophrenia,179,-0.26441868612565456,-0.3533146262474625
enigma,schizophrenia,181,-0.3129797206194689,-0.32910912446336293
enigma,schizophrenia,183,-0.25931048324999983,-0.35555882312213116
enigma,schizophrenia,185,-0.2989026253367882,-0.36135125984378735
enigma,schizophrenia,187,-0.21808147223776225,-0.35136214397236004
enigma,schizophrenia,189,-0.34287408017857157,-0.3359341283086596
enigma,schizophrenia,191,-0.19562450782465735,-0.3355187887121061
enigma,schizophrenia,193,-0.21753810694047618,-0.335166899904719
enigma,schizophrenia,195,-0.36456691679452097,-0.33847256435304973
enigma,schizophrenia,197,-0.25385540034542364,-0.33604076504798047
enigma,schizophrenia,199,-0.32656903231511336,-0.3387215478145425
enigma,schizophrenia,201,-0.3650074963694267,-0.35108397905638083
enigma,schizophrenia,203,-0.3117096479384628,-0.33558611446454945
enigma,schizophrenia,205,-0.3503558056195969,-0.34281296397282895
enigma,schizophrenia,207,-0.22715562655963276,-0.33642649420852794
enigma,schizophrenia,209,-0.2428259334502924,-0.3377872838671233
enigma,bipolar,1,-0.2247327639016388,-0.15002988592139888
enigma,bipolar,3,-0.23762437299270017,-0.13258316717564977
enigma,bipolar,5,-0.23876791202416894,-0.12900762860361645
enigma,bipolar,7,-0.22773644521613917,-0.11922802349856385
enigma,bipolar,9,-0.2119541885641031,-0.11915070860260789
enigma,bipolar,11,-0.22140336435672509,-0.1609320943411369
enigma,bipolar,13,-0.22557701298387167,-0.15556173536127382
enigma,bipolar,15,-0.26987892345303893,-0.12384931706340184
enigma,bipolar,17,-0.26183939605128265,-0.11558674057021825
enigma,bipolar,19,-0.2720260053149607,-0.1406315617070347
enigma,bipolar,21,-0.27550855595567825,-0.12744831705548054
enigma,bipolar,23,-0.264254885398773,-0.12305700171784599
enigma,bipolar,25,-0.24607356137254877,-0.11206631997614841
enigma,bipolar,27,-0.2533327118461539,-0.13855292429270302
enigma,bipolar,29,-0.27237100218045107,-0.10855204760694633
enigma,bipolar,31,-0.2789522933548388,-0.12803791218964367
enigma,bipolar,33,-0.2861983950684934,-0.13459119930357308
enigma,bipolar,35,-0.2642419709285713,-0.13505472792787837
enigma,bipolar,37,-0.26359831837016595,-0.14713543178126798
enigma,bipolar,39,-0.2651025394326242,-0.15048203844236738
enigma,bipolar,41,-0.19250847069444457,-0.14218560891119766
enigma,bipolar,43,-0.22738809082352962,-0.15526122519044677
enigma,bipolar,45,-0.21818156625698307,-0.15458331970738073
enigma,bipolar,47,-0.203807350603015,-0.14571270863987523
enigma,bipolar,49,-0.20351678207482987,-0.13077713394564572
enigma,bipolar,51,-0.23114169563981063,-0.15733662410577257
enigma,bipolar,53,-0.15954527903807625,-0.11049971067917604
enigma,bipolar,55,-0.1871579849508195,-0.09900448163322174
enigma,bipolar,57,-0.15175973450980412,-0.08826522738339782
enigma,bipolar,59,-0.18072611673684205,-0.08834432760387641
enigma,bipolar,61,-0.17480933116825398,-0.1580151924393241
enigma,bipolar,63,-0.19966731994722944,-0.13728398631182895
enigma,bipolar,65,-0.14886130752577326,-0.15375434495956464
enigma,bipolar,67,-0.15143294813380304,-0.09768614388711552
enigma,bipolar,69,-0.15161708655399042,-0.21543643974163976
enigma,bipolar,71,-0.2086747438412694,-0.1856628580409223
enigma,bipolar,73,-0.1880666787656907,-0.17478296267815258
enigma,bipolar,75,-0.2150252250000001,-0.1890959933218133
enigma,bipolar,77,-0.20361854738461538,-0.17477802221168343
enigma,bipolar,79,-0.21518065506666653,-0.18722151789800212
enigma,bipolar,81,-0.24760768623762394,-0.20933992732990991
enigma,bipolar,83,-0.24053737553299478,-0.19702172465613985
enigma,bipolar,85,-0.24054881560975583,-0.195501280665897
enigma,bipolar,87,-0.23669568437325858,-0.196962271940871
enigma,bipolar,89,-0.2606811464179103,-0.26006942118690063
enigma,bipolar,91,-0.2524733362820511,-0.21141148673026847
enigma,bipolar,93,-0.24528479867256647,-0.22488822147950216
enigma,bipolar,95,-0.25082692700934567,-0.22002669547994586
enigma,bipolar,97,-0.24824908893129755,-0.19410070798093454
enigma,bipolar,99,-0.25012803330827077,-0.2080323838791148
enigma,bipolar,101,-0.25244691805555547,-0.22423245875694642
enigma,bipolar,103,-0.19223681683235327,-0.274068115753198
enigma,bipolar,105,-0.2688868413738017,-0.23996801119131764
enigma,bipolar,107,-0.2631384481971828,-0.2542526135525754
enigma,bipolar,109,-0.10631413729629628,-0.2822060344376752
enigma,bipolar,111,-0.05511689766666669,-0.19766574910097962
enigma,bipolar,113,-0.08718716710000006,-0.23024528839529335
enigma,bipolar,115,-0.05383722715384614,-0.2684604789399545
enigma,bipolar,117,-0.10966186477777777,-0.2476033408048454
enigma,bipolar,119,-0.08306408305333336,-0.20712741512284533
enigma,bipolar,121,-0.21440287512820505,-0.19339331558086437
enigma,bipolar,123,-0.22426505274914113,-0.21407601890833586
enigma,bipolar,125,-0.16824412120418855,-0.3219440746427903
enigma,bipolar,127,-0.17003308738775522,-0.26197262934210275
enigma,bipolar,129,-0.17188933810559034,-0.2524189862727534
enigma,bipolar,131,-0.15481040732258075,-0.2786502643656044
enigma,bipolar,133,-0.1715543442570286,-0.260738067251387
enigma,bipolar,135,-0.24207790610047863,-0.20081249944507512
enigma,bipolar,137,-0.24696077058500876,-0.20712347312237928
enigma,bipolar,139,-0.22211446075376953,-0.2019960156196977
enigma,bipolar,141,-0.2536835693464057,-0.206835831971998
enigma,bipolar,143,-0.25910772831682827,-0.20708901227894222
enigma,bipolar,145,-0.23176654292452797,-0.19026023843675044
enigma,bipolar,147,-0.19925952688888954,-0.2790381378359848
enigma,bipolar,149,-0.1886134791959798,-0.2914245963874858
enigma,bipolar,151,-0.18457420344226583,-0.1427898541867444
enigma,bipolar,153,-0.19669595360742687,-0.17241213860263274
enigma,bipolar,155,-0.11758082418370379,-0.126727842636984
enigma,bipolar,157,-0.1348699477999997,-0.15648091886085438
enigma,bipolar,159,-0.1265128949865167,-0.13559856694914618
enigma,bipolar,161,-0.1198051138432669,-0.14808279829601723
enigma,bipolar,163,-0.1825253362761505,-0.23115407406957486
enigma,bipolar,165,-0.20531175968750015,-0.23636213821272276
enigma,bipolar,167,-0.21728336084615368,-0.24789627339567638
enigma,bipolar,169,-0.20138074407608703,-0.26770577595099904
enigma,bipolar,171,-0.1876600588636361,-0.2717625719584811
enigma,bipolar,173,-0.21664551375000038,-0.25130066288883735
enigma,bipolar,175,-0.1551738248484849,-0.06210383259656643
enigma,bipolar,177,-0.13918769088405786,-0.11863427834145066
enigma,bipolar,179,-0.16702718371204178,-0.16102876023706844
enigma,bipolar,181,-0.15298127628318614,-0.11692304212472784
enigma,bipolar,183,-0.15293646478124992,-0.1506061149890291
enigma,bipolar,185,-0.16272885834196932,-0.07771097939796848
enigma,bipolar,187,-0.1745252216083916,-0.1819772064504397
enigma,bipolar,189,-0.19360109214285695,-0.12090763773994889
enigma,bipolar,191,-0.07332729364520534,-0.11058389255012249
enigma,bipolar,193,-0.08540740564880951,-0.09107392239628555
enigma,bipolar,195,-0.20347513922191762,-0.14422790806684727
enigma,bipolar,197,-0.13122338382383394,-0.12939957125189722
enigma,bipolar,199,-0.17044565424437275,-0.1919028918327806
enigma,bipolar,201,-0.19559576786624208,-0.20804743413466634
enigma,bipolar,203,-0.14476274867692296,-0.10958981733310576
enigma,bipolar,205,-0.17383524827089333,-0.18252240572783363
enigma,bipolar,207,-0.14310406029816525,-0.16096124047079302
enigma,bipolar,209,-0.18144869213450282,-0.19494721718666025
enigma,obesity,1,-0.14494321629508142,-0.054661750462779754
enigma,obesity,3,-0.1492992039172747,-0.0386906136724991
enigma,obesity,5,-0.14282364319637433,-0.06599716549626286
enigma,obesity,7,-0.15770319729106566,-0.03530899973594036
enigma,obesity,9,-0.15596191615384614,-0.01828426332244798
enigma,obesity,11,-0.14194747327485327,-0.0725378154561701
enigma,obesity,13,-0.1372539776532258,-0.11082116569390593
enigma,obesity,15,-0.10413925935635351,-0.09374781570170923
enigma,obesity,17,-0.15640806683333314,-0.04022803065253269
enigma,obesity,19,-0.10133940487401588,-0.14553799963378816
enigma,obesity,21,-0.09413020967035994,-0.11420820914151439
enigma,obesity,23,-0.1422448896411041,-0.038532330832615314
enigma,obesity,25,-0.1713244638039217,-0.03161657768672875
enigma,obesity,27,-0.10020175664230771,-0.1460030116068351
enigma,obesity,29,-0.14681723413533837,-0.04159480151694249
enigma,obesity,31,-0.0896679187354839,-0.0970783573422262
enigma,obesity,33,-0.11094138571917808,-0.09116900842142198
enigma,obesity,35,-0.05758905803571425,-0.1332840199349068
enigma,obesity,37,-0.10048767430939208,-0.11849236989284072
enigma,obesity,39,-0.15363706234042565,-0.1056788885617315
enigma,obesity,41,-0.09267801760185176,-0.16167283489322856
enigma,obesity,43,-0.10969575111176458,-0.14310723434979017
enigma,obesity,45,-0.118943452142458,-0.14220866908058538
enigma,obesity,47,-0.09985844255276365,-0.14791268253902543
enigma,obesity,49,-0.10196363051020432,-0.11773257562920714
enigma,obesity,51,-0.1062211528672984,-0.14287189156547372
enigma,obesity,53,-0.16172725045490988,-0.04586607017718816
enigma,obesity,55,-0.1943091895737707,-0.006095537637760301
enigma,obesity,57,-0.1476501322464983,-0.005331021716915019
enigma,obesity,59,-0.18424951115789479,0.026524684668546322
enigma,obesity,61,-0.16469812461587258,-0.12079132328418428
enigma,obesity,63,-0.1894304338258575,-0.05107355625911654
enigma,obesity,65,-0.13961881013745672,-0.1261587425118667
enigma,obesity,67,-0.1610689905985914,-0.01498715285611582
enigma,obesity,69,-0.18390750323943642,-0.10974332658776756
enigma,obesity,71,-0.2176811757142855,-0.12207239768489873
enigma,obesity,73,-0.2202172405020926,-0.14125302007852877
enigma,obesity,75,-0.2214646026499999,-0.13227732757868765
enigma,obesity,77,-0.22423986307692337,-0.14354519068125898
enigma,obesity,79,-0.23840939199999994,-0.14400262177332168
enigma,obesity,81,-0.22394864564356443,-0.13155260853752104
enigma,obesity,83,-0.22853686111675128,-0.13807325783456145
enigma,obesity,85,-0.20312776067073154,-0.1272091875258049
enigma,obesity,87,-0.2247986504735374,-0.14198051681131196
enigma,obesity,89,-0.2604721467164179,-0.12214858500695863
enigma,obesity,91,-0.23737227025641042,-0.12400685909764779
enigma,obesity,93,-0.239388018938053,-0.12933277170952037
enigma,obesity,95,-0.2293600099999999,-0.12918623995360173
enigma,obesity,97,-0.224908404503817,-0.12642624897621166
enigma,obesity,99,-0.22852977857142875,-0.12793085739056362
enigma,obesity,101,-0.2366997555555558,-0.12772982862866925
enigma,obesity,103,-0.24285014176470537,-0.12374459715199809
enigma,obesity,105,-0.284199532939297,-0.11601066905843788
enigma,obesity,107,-0.27598968960563414,-0.1208581375630297
enigma,obesity,109,-0.19947640790123455,-0.1229366418613799
enigma,obesity,111,-0.1406885388421054,-0.1141019063828884
enigma,obesity,113,-0.1586251303636363,-0.11737038746673342
enigma,obesity,115,-0.15172284179487192,-0.12056499106613762
enigma,obesity,117,-0.18064462888888888,-0.09042699405813037
enigma,obesity,119,-0.10293318146666662,-0.10060415673917042
enigma,obesity,121,-0.1974106274358974,-0.13949754262959296
enigma,obesity,123,-0.17798086982817873,-0.1261632233153601
enigma,obesity,125,-0.09073874019371717,-0.12739388718212666
enigma,obesity,127,-0.09095717731428563,-0.10275307744403045
enigma,obesity,129,-0.08932560005279506,-0.1498831182410139
enigma,obesity,131,-0.08216714333870967,-0.15169149679745353
enigma,obesity,133,-0.0882186108995981,-0.11691674865511456
enigma,obesity,135,-0.11153943472248791,-0.10533198735977145
enigma,obesity,137,-0.11819146342778789,-0.11304236030780118
enigma,obesity,139,-0.12343930543718572,-0.1779483660197961
enigma,obesity,141,-0.14329625453812625,-0.14680778205058426
enigma,obesity,143,-0.1261220366856445,-0.11249889977553196
enigma,obesity,145,-0.1527654777849052,-0.19105675162425423
enigma,obesity,147,-0.11787708304814817,-0.1310763755907897
enigma,obesity,149,-0.12397693745477345,-0.17792445272225818
enigma,obesity,151,-0.11035804312200462,-0.08616436988502436
enigma,obesity,153,-0.12824649368700294,-0.12539713678918188
enigma,obesity,155,-0.07664464228444438,-0.16198698116603072
enigma,obesity,157,-0.07909401556842108,-0.1737617913966748
enigma,obesity,159,-0.060783275743820225,-0.15571633916728417
enigma,obesity,161,-0.07496229678366435,-0.17219945751589902
enigma,obesity,163,-0.1745155760669453,-0.1682171019964418
enigma,obesity,165,-0.1588408638541667,-0.17038739595326624
enigma,obesity,167,-0.15497420812307688,-0.19120901859057166
enigma,obesity,169,-0.20442980668478264,-0.20032642268708775
enigma,obesity,171,-0.17001871477272723,-0.1972013078974529
enigma,obesity,173,-0.1729450008333337,-0.19130375363000526
enigma,obesity,175,-0.15673662515151515,-0.13198074205909877
enigma,obesity,177,-0.14469041286956513,-0.1475777677988586
enigma,obesity,179,-0.10464137699999987,-0.13874948853297447
enigma,obesity,181,-0.11813285811061955,-0.07246282749834702
enigma,obesity,183,-0.13077480517187492,-0.1440954717543903
enigma,obesity,185,-0.18458695020725382,-0.14577015521188608
enigma,obesity,187,-0.09666238830769251,-0.0773782393685918
enigma,obesity,189,-0.08125816572023807,-0.09565785292548765
enigma,obesity,191,-0.01458471761863013,-0.08979124631562593
enigma,obesity,193,-0.0196699056038095,-0.0823158711467964
enigma,obesity,195,-0.11562489114794525,-0.10874839249090062
enigma,obesity,197,-0.05654893585803122,-0.09637634044513715
enigma,obesity,199,-0.0685746678553058,-0.12200862916519836
enigma,obesity,201,-0.11212492229936295,-0.17195494302147632
enigma,obesity,203,-0.05334476007692309,-0.08997344776388683
enigma,obesity,205,-0.09129410255907774,-0.14248146523572147
enigma,obesity,207,-0.06994924644954117,-0.10153089808167592
enigma,obesity,209,-0.09174626504678365,-0.10309599645479993
enigma,schizotypy,1,-0.0016499596078688524,-5.4136427611246526e-05
enigma,schizotypy,3,-0.0018552311955596097,-0.003269493094234712
enigma,schizotypy,5,-0.002061037489957706,-0.005644135035873672
enigma,schizotypy,7,-0.007098477128789649,-0.005409273528656778
enigma,schizotypy,9,-0.00844533756735897,-0.011847968676176676
enigma,schizotypy,11,-0.0011289257059064327,0.0042200148836515055
enigma,schizotypy,13,0.004798528073091391,0.011484807974539912
enigma,schizotypy,15,0.0030053692347292837,0.0048483436184915945
enigma,schizotypy,17,0.0012585207778205154,-0.006136982747970507
enigma,schizotypy,19,0.0033840545844488184,0.01787873823235078
enigma,schizotypy,21,0.002658340552077564,0.016103196441038144
enigma,schizotypy,23,0.004503014194110423,-0.003555144802718768
enigma,schizotypy,25,-0.0023124329829411717,-0.006769648743945934
enigma,schizotypy,27,0.007973121046538453,0.019156400356348715
enigma,schizotypy,29,-0.012175957652631578,-0.005687314909297089
enigma,schizotypy,31,-0.0067849697078709624,0.003957776887816478
enigma,schizotypy,33,-0.011946979568493148,-0.005544671346703888
enigma,schizotypy,35,-0.005541347535799998,0.01227765786943174
enigma,schizotypy,37,-0.008694414997237575,-0.01322148359841942
enigma,schizotypy,39,-0.01832862176595744,-0.005366480420474105
enigma,schizotypy,41,0.04802462197685182,0.02192372337736147
enigma,schizotypy,43,0.0064336996958823615,0.0037373532059674654
enigma,schizotypy,45,0.009001743625418999,0.014148212407571819
enigma,schizotypy,47,0.035754007145728656,0.020095136758751034
enigma,schizotypy,49,0.0360631086802721,0.013139862295331406
enigma,schizotypy,51,0.003288580285345971,0.0028884526698845473
enigma,schizotypy,53,-0.03000972620841685,-0.009035188701580625
enigma,schizotypy,55,-0.03334763218032787,-0.01533021648779799
enigma,schizotypy,57,-0.027393853028011207,-0.020286538049516457
enigma,schizotypy,59,-0.0331220357631579,-0.026257233430727226
enigma,schizotypy,61,-0.026677864384126986,-0.0015051340194980494
enigma,schizotypy,63,-0.029803671852242735,-0.0024052528353851305
enigma,schizotypy,65,-0.030596533618556705,-0.009253484012394252
enigma,schizotypy,67,-0.040518161214788725,-0.01983403799925394
enigma,schizotypy,69,0.00643566797896713,-0.0028884276716744798
enigma,schizotypy,71,0.001968715584793651,-0.0068842793787078
enigma,schizotypy,73,0.008034896868238484,-0.0032620814770206326
enigma,schizotypy,75,0.002574770588409997,-0.005069628542939884
enigma,schizotypy,77,0.0012094983332923074,-0.0009896126568851075
enigma,schizotypy,79,0.001288353144863333,-0.0029169689209922484
enigma,schizotypy,81,-0.0006067022868316836,-0.0053238232011487766
enigma,schizotypy,83,-0.0011093259578375634,-0.004034326559326594
enigma,schizotypy,85,0.0034015485629268266,-0.005113950150987045
enigma,schizotypy,87,0.0010587823425013945,-0.004351826687335705
enigma,schizotypy,89,-0.013577267688059705,-0.008174722412801285
enigma,schizotypy,91,-0.005539627797435901,-0.006372919910793352
enigma,schizotypy,93,-0.006571969872566368,-0.005811982459812804
enigma,schizotypy,95,-0.0026636302869158888,-0.005817142877528523
enigma,schizotypy,97,-0.0016969053961832068,-0.0052506069508950655
enigma,schizotypy,99,-0.002345789374436091,-0.005529101512567579
enigma,schizotypy,101,-0.005144875102777777,-0.006148151886439441
enigma,schizotypy,103,-0.019169281340588238,-0.007393985548084552
enigma,schizotypy,105,-0.030020942422044727,-0.008107564028822026
enigma,schizotypy,107,-0.020220329180281656,-0.008607347383325024
enigma,schizotypy,109,-0.019988533969135802,-0.007526334806919667
enigma,schizotypy,111,0.0011288121140350857,-0.005177363748857199
enigma,schizotypy,113,-0.0004143746918181804,-0.006790668263649913
enigma,schizotypy,115,-0.007328721484615383,-0.007089887536090929
enigma,schizotypy,117,-0.0077458734,-0.002148035792619704
enigma,schizotypy,119,0.001970682015546667,-0.003783357786449661
enigma,schizotypy,121,0.011498347167692309,-0.004135475848884945
enigma,schizotypy,123,0.00901374576219934,-0.004748965016959957
enigma,schizotypy,125,-0.015981641303664963,-0.00046005224276361896
enigma,schizotypy,127,-0.015940505670204077,0.0001304046509843569
enigma,schizotypy,129,-0.017523090335403745,-0.0011631746163696295
enigma,schizotypy,131,-0.016332618453225804,-0.0031175459390394024
enigma,schizotypy,133,-0.017519672891566314,-0.00012854854164745652
enigma,schizotypy,135,-0.003583512166028715,-0.00021449686833702446
enigma,schizotypy,137,-0.008545262535831733,-1.3413765705952516e-05
enigma,schizotypy,139,-0.0185229801298158,-0.0013048131953081108
enigma,schizotypy,141,-0.01651790358932464,0.00225787885089297
enigma,schizotypy,143,-0.003830773552821788,-9.030632465777946e-05
enigma,schizotypy,145,-0.01585560536416982,-0.0029828356883246075
enigma,schizotypy,147,-0.003058531432111109,4.878102772494118e-05
enigma,schizotypy,149,-0.00837068022311558,-0.0019234951925550688
enigma,schizotypy,151,-0.0020867212697167747,0.0009043141806451605
enigma,schizotypy,153,-0.002328680330847481,0.0012903918136082547
enigma,schizotypy,155,-0.011696703299555565,-0.012672860604668509
enigma,schizotypy,157,-0.008993821901578936,-0.008558485133509233
enigma,schizotypy,159,-0.008711887197528077,-0.011542822109566598
enigma,schizotypy,161,-0.012913470650551897,-0.01258626846227028
enigma,schizotypy,163,0.0034731448776569034,-0.004117123986853284
enigma,schizotypy,165,0.001230097185416667,0.00029916526523121514
enigma,schizotypy,167,-0.0025996477790769215,-0.0011958440537235462
enigma,schizotypy,169,-0.0004626642234239138,0.00035909018841745813
enigma,schizotypy,171,-0.0050605121048295405,-0.0027561467234309862
enigma,schizotypy,173,-0.008888190977314808,-0.0025684243091768444
enigma,schizotypy,175,-0.006272595045231609,-0.002332224541681529
enigma,schizotypy,177,0.015361960231884061,0.00012519918948656998
enigma,schizotypy,179,0.013241725250261766,-0.00015319696984445082
enigma,schizotypy,181,-0.016378575313274323,-0.002781231930437733
enigma,schizotypy,183,0.011571377640104177,-0.0030378444763244023
enigma,schizotypy,185,-0.0048102671631088095,-0.0032872968103753535
enigma,schizotypy,187,0.039562003769230775,0.0009267110672296075
enigma,schizotypy,189,-0.0070267101845238045,-0.005541818451271878
enigma,schizotypy,191,-0.010698341648767118,-0.0053534329731414415
enigma,schizotypy,193,-0.0012429012628571426,-0.004895293578828594
enigma,schizotypy,195,-0.015178592341643805,-0.006444132266077205
enigma,schizotypy,197,-0.00877236932709844,-0.00555779433188245
enigma,schizotypy,199,0.026211762309967898,-0.007679298030514842
enigma,schizotypy,201,0.019325796883439498,-0.00857550988343559
enigma,schizotypy,203,0.029464243481538397,-0.005442770434771323
enigma,schizotypy,205,0.023883097444380406,-0.008214479491981622
enigma,schizotypy,207,-0.007524497494724762,-0.006550768399841987
enigma,schizotypy,209,-0.01449578057046786,-0.007103274637087774
enigma,parkinson,1,-0.09593758573442596,-0.06896412898456873
enigma,parkinson,3,-0.10594485139902651,-0.07262640990495009
enigma,parkinson,5,-0.10185380028700879,-0.0718958031785866
enigma,parkinson,7,-0.09894417116714685,-0.069375005216912
enigma,parkinson,9,-0.10648218915384623,-0.07243792797868534
enigma,parkinson,11,-0.0915653807204676,-0.06362916846069573
enigma,parkinson,13,-0.09331365184408608,-0.06118054967561308
enigma,parkinson,15,-0.09029465890331495,-0.09412914978777698
enigma,parkinson,17,-0.111807819851282,-0.0766420042065808
enigma,parkinson,19,-0.08942876337795276,-0.10772982885612149
enigma,parkinson,21,-0.0843023364432135,-0.11289839273075729
enigma,parkinson,23,-0.11495486384662562,-0.0745517970429043
enigma,parkinson,25,-0.11605762560000013,-0.06973884959344301
enigma,parkinson,27,-0.08814216942692306,-0.10999679709175858
enigma,parkinson,29,-0.043175499105263145,-0.08291195958273512
enigma,parkinson,31,-0.05366368993548388,-0.08707424325154264
enigma,parkinson,33,-0.029281876582191804,-0.07821011608431348
enigma,parkinson,35,-0.0684288083071428,-0.0910822203157705
enigma,parkinson,37,-0.04687662045856355,-0.07632093839840307
enigma,parkinson,39,-0.027828724978723428,-0.08831215149345757
enigma,parkinson,41,-0.08386899530092584,-0.0988177522821364
enigma,parkinson,43,-0.11478882361176469,-0.07102550622733744
enigma,parkinson,45,-0.11989390468435744,-0.08394779133672335
enigma,parkinson,47,-0.10050679636683413,-0.09410548202216293
enigma,parkinson,49,-0.10322447209183672,-0.06001730792601073
enigma,parkinson,51,-0.09902524012796202,-0.0632037591007389
enigma,parkinson,53,-0.0656320812845692,-0.08362050757086618
enigma,parkinson,55,-0.059817484937704835,-0.07232818558687873
enigma,parkinson,57,-0.07164269832212883,-0.0818281253864365
enigma,parkinson,59,-0.06617679675263156,-0.0738153521517873
enigma,parkinson,61,-0.05826759514920651,-0.09499032234552676
enigma,parkinson,63,-0.060399691044854875,-0.07886774121567947
enigma,parkinson,65,-0.11499752455326484,-0.1253710427843324
enigma,parkinson,67,-0.09867667967253511,-0.08478065416261876
enigma,parkinson,69,-0.10302956276056328,-0.0920417924372708
enigma,parkinson,71,-0.0995826723746031,-0.09944258014346602
enigma,parkinson,73,-0.08358596388912147,-0.08342598520470239
enigma,parkinson,75,-0.10601778371500009,-0.11192951071672223
enigma,parkinson,77,-0.08654472433846153,-0.07629359659800924
enigma,parkinson,79,-0.10716988427666681,-0.09851285836422842
enigma,parkinson,81,-0.15888680306930703,-0.11258428807535915
enigma,parkinson,83,-0.15099209291370558,-0.10776892045340936
enigma,parkinson,85,-0.149376881890244,-0.11958362000569135
enigma,parkinson,87,-0.13674089428969377,-0.10726275535287791
enigma,parkinson,89,-0.19417921955223888,-0.11415778517682686
enigma,parkinson,91,-0.19202250128205117,-0.11651368490070732
enigma,parkinson,93,-0.18000521097345154,-0.1116659328673167
enigma,parkinson,95,-0.17843302252336452,-0.11183112454826037
enigma,parkinson,97,-0.17702109160305354,-0.11698315789946823
enigma,parkinson,99,-0.1785512140601501,-0.11465724064607515
enigma,parkinson,101,-0.1918945988888887,-0.11235552351364089
enigma,parkinson,103,-0.16541850820588253,-0.1139663846784465
enigma,parkinson,105,-0.18664972507987213,-0.11858105196452608
enigma,parkinson,107,-0.19347030870422552,-0.11478173745705808
enigma,parkinson,109,-0.12466722237037037,-0.11389043561119035
enigma,parkinson,111,-0.12654432757894735,-0.09945337324195785
enigma,parkinson,113,-0.13927125590909087,-0.11856605960117109
enigma,parkinson,115,-0.11688829853846151,-0.11020101339166491
enigma,parkinson,117,-0.10671914138888888,-0.07134456792342722
enigma,parkinson,119,-0.12495612541333327,-0.1405975580059783
enigma,parkinson,121,-0.11010556061538433,-0.11281422221872171
enigma,parkinson,123,-0.12372380671477676,-0.13858036275444766
enigma,parkinson,125,-0.14666006581151825,-0.13746825992016592
enigma,parkinson,127,-0.1475472051836736,-0.14503690478758036
enigma,parkinson,129,-0.14534333968944144,-0.13422387568838923
enigma,parkinson,131,-0.14042412612903202,-0.13350324797342805
enigma,parkinson,133,-0.14922665558232967,-0.1401654100523816
enigma,parkinson,135,-0.18009181313397166,-0.14191672709507291
enigma,parkinson,137,-0.17432518519195606,-0.14166677994756632
enigma,parkinson,139,-0.12979179166499194,-0.12868918324958148
enigma,parkinson,141,-0.14276518332244012,-0.13936209092108992
enigma,parkinson,143,-0.1790936901980205,-0.14167251227305894
enigma,parkinson,145,-0.12034542956226431,-0.11978916844488019
enigma,parkinson,147,-0.15376780751851843,-0.14299427940101891
enigma,parkinson,149,-0.14689669798994984,-0.13632727617442972
enigma,parkinson,151,-0.15062997721132862,-0.13738130807421503
enigma,parkinson,153,-0.1590375250663127,-0.133702262870493
enigma,parkinson,155,-0.09815557306518513,-0.10210066985509648
enigma,parkinson,157,-0.10321914986315829,-0.10441367905607767
enigma,parkinson,159,-0.11810177273932604,-0.10411147620364156
enigma,parkinson,161,-0.10738166238410601,-0.108871536077732
enigma,parkinson,163,-0.057533289456066845,-0.10068798180335553
enigma,parkinson,165,-0.07258102335416669,-0.05643718503823553
enigma,parkinson,167,-0.04995601101538462,-0.0740918636600022
enigma,parkinson,169,-0.060824998548913045,-0.06896276926763757
enigma,parkinson,171,-0.045613666732954555,-0.10269731764481856
enigma,parkinson,173,-0.0350079469675926,-0.0915080392909917
enigma,parkinson,175,-0.16608022593073568,-0.11892651458494564
enigma,parkinson,177,-0.07568173798550727,-0.09957329157343647
enigma,parkinson,179,-0.028174111473821963,-0.07563715488535097
enigma,parkinson,181,-0.16164032486725644,-0.13579297292315476
enigma,parkinson,183,-0.06219713034583326,-0.09786490627134461
enigma,parkinson,185,-0.14070215527461155,-0.11316731572663183
enigma,parkinson,187,-0.03648261108601399,-0.08166951420258559
enigma,parkinson,189,-0.12414443076190469,-0.15343416468264542
enigma,parkinson,191,-0.09161687343013708,-0.15140245986492465
enigma,parkinson,193,-0.10378457043253966,-0.1482808479701227
enigma,parkinson,195,-0.12720246251780828,-0.15500828292732383
enigma,parkinson,197,-0.11490818362003495,-0.15347271625471284
enigma,parkinson,199,-0.1673885114790993,-0.15636294936844625
enigma,parkinson,201,-0.17257104375796187,-0.15027569124440748
enigma,parkinson,203,-0.15749838148307713,-0.15116673934893804
enigma,parkinson,205,-0.16690810184438018,-0.15538045523257513
enigma,parkinson,207,-0.14220103317431196,-0.1575956179581876
enigma,parkinson,209,-0.15368530801169591,-0.15694632458800495
