branch,layer,ctype,r_obs,p_value,n_perm_used,p_adjusted,reject_H0,p_value_original,unique_mismatch_extreme_count,n_unique_mismatch
within_layer__clr_false__thickness_absolute,l1,Astro,0.0959979531776211,0.6666666666666666,600,0.8290598290598289,False,0.6006655574043261,3,5
within_layer__clr_false__thickness_absolute,l1,Endo,0.1972635526253474,0.5,600,0.8290598290598289,False,0.4009983361064891,2,5
within_layer__clr_false__thickness_absolute,l1,Lamp5,0.2637901284082237,0.5,600,0.8290598290598289,False,0.4009983361064891,2,5
within_layer__clr_false__thickness_absolute,l1,Micro-PVM,0.5310684343178046,0.3333333333333333,600,0.7698412698412698,False,0.2013311148086522,1,5
within_layer__clr_false__thickness_absolute,l1,OPC,0.2867633039268197,0.16666666666666666,600,0.6217948717948717,False,0.0016638935108153,0,5
within_layer__clr_false__thickness_absolute,l1,Pax6,0.1587412237308454,0.8333333333333334,600,0.8599290780141845,False,0.800332778702163,4,5
within_layer__clr_false__thickness_absolute,l1,Sncg,0.3569530212317264,0.16666666666666666,600,0.6217948717948717,False,0.0016638935108153,0,5
within_layer__clr_false__thickness_absolute,l1,VLMC,-0.1411417888201071,0.5,600,0.8290598290598289,False,0.4009983361064891,2,5
within_layer__clr_false__thickness_absolute,l2,Astro,0.3631993248402747,0.6666666666666666,600,0.8290598290598289,False,0.6006655574043261,3,5
within_layer__clr_false__thickness_absolute,l2,Chandelier,0.0920597157362916,0.6666666666666666,600,0.8290598290598289,False,0.6006655574043261,3,5
within_layer__clr_false__thickness_absolute,l2,Endo,0.1349336403857775,0.6666666666666666,600,0.8290598290598289,False,0.6006655574043261,3,5
within_layer__clr_false__thickness_absolute,l2,L2/3 IT,-0.3481117248929383,0.5,600,0.8290598290598289,False,0.4009983361064891,2,5
within_layer__clr_false__thickness_absolute,l2,Lamp5,0.5534719225738667,0.5,600,0.8290598290598289,False,0.4009983361064891,2,5
within_layer__clr_false__thickness_absolute,l2,Lamp5_Lhx6,0.2097764099426155,0.6666666666666666,600,0.8290598290598289,False,0.6006655574043261,3,5
within_layer__clr_false__thickness_absolute,l2,Micro-PVM,0.3864181763684627,0.6666666666666666,600,0.8290598290598289,False,0.6006655574043261,3,5
within_layer__clr_false__thickness_absolute,l2,OPC,0.3478505269812844,0.6666666666666666,600,0.8290598290598289,False,0.6006655574043261,3,5
within_layer__clr_false__thickness_absolute,l2,Pax6,0.6369452315364534,0.6666666666666666,600,0.8290598290598289,False,0.6006655574043261,3,5
within_layer__clr_false__thickness_absolute,l2,Pvalb,-0.0835139901968408,0.6666666666666666,600,0.8290598290598289,False,0.6006655574043261,3,5
within_layer__clr_false__thickness_absolute,l2,Sncg,0.6365101608583222,0.6666666666666666,600,0.8290598290598289,False,0.6006655574043261,3,5
within_layer__clr_false__thickness_absolute,l2,Sst,0.197359925616457,0.6666666666666666,600,0.8290598290598289,False,0.6006655574043261,3,5
within_layer__clr_false__thickness_absolute,l2,Vip,0.4617449183198365,0.6666666666666666,600,0.8290598290598289,False,0.6006655574043261,3,5
within_layer__clr_false__thickness_absolute,l3,Astro,0.3606472363926433,0.8333333333333334,600,0.8599290780141845,False,0.800332778702163,4,5
within_layer__clr_false__thickness_absolute,l3,Chandelier,0.2365747462227354,0.8333333333333334,600,0.8599290780141845,False,0.800332778702163,4,5
within_layer__clr_false__thickness_absolute,l3,Endo,0.2578310221482378,0.3333333333333333,600,0.7698412698412698,False,0.2013311148086522,1,5
within_layer__clr_false__thickness_absolute,l3,L2/3 IT,0.1292789066315645,0.3333333333333333,600,0.7698412698412698,False,0.2013311148086522,1,5
within_layer__clr_false__thickness_absolute,l3,L4 IT,-0.4529707113112298,1.0,600,1.0,False,1.0,5,5
within_layer__clr_false__thickness_absolute,l3,L5 ET,-0.0750128409291106,0.3333333333333333,600,0.7698412698412698,False,0.2013311148086522,1,5
within_layer__clr_false__thickness_absolute,l3,L5 IT,-0.2043031975397684,0.8333333333333334,600,0.8599290780141845,False,0.800332778702163,4,5
within_layer__clr_false__thickness_absolute,l3,L5/6 NP,-0.2615635814399775,0.3333333333333333,600,0.7698412698412698,False,0.2013311148086522,1,5
within_layer__clr_false__thickness_absolute,l3,L6 CT,-0.3226473461090382,0.3333333333333333,600,0.7698412698412698,False,0.2013311148086522,1,5
within_layer__clr_false__thickness_absolute,l3,L6 IT,-0.4782653653893781,0.8333333333333334,600,0.8599290780141845,False,0.800332778702163,4,5
within_layer__clr_false__thickness_absolute,l3,L6 IT Car3,0.0185055551871379,0.3333333333333333,600,0.7698412698412698,False,0.2013311148086522,1,5
within_layer__clr_false__thickness_absolute,l3,L6b,-0.1324802933909493,0.3333333333333333,600,0.7698412698412698,False,0.2013311148086522,1,5
within_layer__clr_false__thickness_absolute,l3,Lamp5,0.4061726847692192,0.6666666666666666,600,0.8290598290598289,False,0.6006655574043261,3,5
within_layer__clr_false__thickness_absolute,l3,Lamp5_Lhx6,-0.0165913145130597,0.5,600,0.8290598290598289,False,0.4009983361064891,2,5
within_layer__clr_false__thickness_absolute,l3,Micro-PVM,0.389052478816806,0.8333333333333334,600,0.8599290780141845,False,0.800332778702163,4,5
within_layer__clr_false__thickness_absolute,l3,OPC,0.1948909516483221,0.8333333333333334,600,0.8599290780141845,False,0.800332778702163,4,5
within_layer__clr_false__thickness_absolute,l3,Oligo,0.0354905362267239,0.6666666666666666,600,0.8290598290598289,False,0.6006655574043261,3,5
within_layer__clr_false__thickness_absolute,l3,Pax6,0.3362290143027,0.8333333333333334,600,0.8599290780141845,False,0.800332778702163,4,5
within_layer__clr_false__thickness_absolute,l3,Pvalb,0.1064894140190129,0.8333333333333334,600,0.8599290780141845,False,0.800332778702163,4,5
within_layer__clr_false__thickness_absolute,l3,Sncg,0.3899327328268597,0.8333333333333334,600,0.8599290780141845,False,0.800332778702163,4,5
within_layer__clr_false__thickness_absolute,l3,Sst,0.3663529959404502,0.3333333333333333,600,0.7698412698412698,False,0.2013311148086522,1,5
within_layer__clr_false__thickness_absolute,l3,Vip,0.574720329510431,0.3333333333333333,600,0.7698412698412698,False,0.2013311148086522,1,5
within_layer__clr_false__thickness_absolute,l4,Astro,0.2778743695317524,0.16666666666666666,600,0.6217948717948717,False,0.0016638935108153,0,5
within_layer__clr_false__thickness_absolute,l4,Chandelier,0.1723788253526902,0.5,600,0.8290598290598289,False,0.4009983361064891,2,5
within_layer__clr_false__thickness_absolute,l4,Endo,0.039502848070312,0.5,600,0.8290598290598289,False,0.4009983361064891,2,5
within_layer__clr_false__thickness_absolute,l4,L2/3 IT,0.5319302911568367,0.16666666666666666,600,0.6217948717948717,False,0.0016638935108153,0,5
within_layer__clr_false__thickness_absolute,l4,L4 IT,0.4470997653248177,0.16666666666666666,600,0.6217948717948717,False,0.0016638935108153,0,5
within_layer__clr_false__thickness_absolute,l4,L5 ET,0.3731617218574355,0.16666666666666666,600,0.6217948717948717,False,0.0016638935108153,0,5
within_layer__clr_false__thickness_absolute,l4,L5 IT,0.2949457901086744,0.16666666666666666,600,0.6217948717948717,False,0.0016638935108153,0,5
within_layer__clr_false__thickness_absolute,l4,L5/6 NP,0.6306363498349936,0.16666666666666666,600,0.6217948717948717,False,0.0016638935108153,0,5
within_layer__clr_false__thickness_absolute,l4,Lamp5,0.5043572308187989,0.16666666666666666,600,0.6217948717948717,False,0.0016638935108153,0,5
within_layer__clr_false__thickness_absolute,l4,Lamp5_Lhx6,0.6070439497691339,0.16666666666666666,600,0.6217948717948717,False,0.0016638935108153,0,5
within_layer__clr_false__thickness_absolute,l4,Micro-PVM,-0.0245699202638714,1.0,600,1.0,False,1.0,5,5
within_layer__clr_false__thickness_absolute,l4,OPC,0.3537811935379972,0.16666666666666666,600,0.6217948717948717,False,0.0016638935108153,0,5
within_layer__clr_false__thickness_absolute,l4,Oligo,0.5734405574144518,0.16666666666666666,600,0.6217948717948717,False,0.0016638935108153,0,5
within_layer__clr_false__thickness_absolute,l4,Pax6,0.5107147329918623,0.16666666666666666,600,0.6217948717948717,False,0.0016638935108153,0,5
within_layer__clr_false__thickness_absolute,l4,Pvalb,0.4386897723432481,0.16666666666666666,600,0.6217948717948717,False,0.0016638935108153,0,5
within_layer__clr_false__thickness_absolute,l4,Sncg,0.2364380705801348,0.16666666666666666,600,0.6217948717948717,False,0.0016638935108153,0,5
within_layer__clr_false__thickness_absolute,l4,Sst,0.3197298354831252,0.16666666666666666,600,0.6217948717948717,False,0.0016638935108153,0,5
within_layer__clr_false__thickness_absolute,l4,Vip,0.3479587507225456,0.16666666666666666,600,0.6217948717948717,False,0.0016638935108153,0,5
within_layer__clr_false__thickness_absolute,l5,Astro,0.5270612997625029,0.3333333333333333,600,0.7698412698412698,False,0.2013311148086522,1,5
within_layer__clr_false__thickness_absolute,l5,Chandelier,0.4915186678751989,0.5,600,0.8290598290598289,False,0.4009983361064891,2,5
within_layer__clr_false__thickness_absolute,l5,Endo,0.1960244289246812,0.5,600,0.8290598290598289,False,0.4009983361064891,2,5
within_layer__clr_false__thickness_absolute,l5,L4 IT,0.2535003670119298,0.5,600,0.8290598290598289,False,0.4009983361064891,2,5
within_layer__clr_false__thickness_absolute,l5,L5 ET,0.4279783212026837,0.3333333333333333,600,0.7698412698412698,False,0.2013311148086522,1,5
within_layer__clr_false__thickness_absolute,l5,L5 IT,-0.4298698254571957,0.8333333333333334,600,0.8599290780141845,False,0.800332778702163,4,5
within_layer__clr_false__thickness_absolute,l5,L5/6 NP,-0.3040389259622562,0.6666666666666666,600,0.8290598290598289,False,0.6006655574043261,3,5
within_layer__clr_false__thickness_absolute,l5,L6 CT,-0.0750007188575437,0.5,600,0.8290598290598289,False,0.4009983361064891,2,5
within_layer__clr_false__thickness_absolute,l5,L6 IT,-0.3548189792105279,0.8333333333333334,600,0.8599290780141845,False,0.800332778702163,4,5
within_layer__clr_false__thickness_absolute,l5,L6 IT Car3,0.1017781197981349,0.8333333333333334,600,0.8599290780141845,False,0.800332778702163,4,5
within_layer__clr_false__thickness_absolute,l5,L6b,-0.2156496373480441,0.6666666666666666,600,0.8290598290598289,False,0.6006655574043261,3,5
within_layer__clr_false__thickness_absolute,l5,Lamp5,0.1469387470100972,0.3333333333333333,600,0.7698412698412698,False,0.2013311148086522,1,5
within_layer__clr_false__thickness_absolute,l5,Lamp5_Lhx6,-0.2488150924405003,0.6666666666666666,600,0.8290598290598289,False,0.6006655574043261,3,5
within_layer__clr_false__thickness_absolute,l5,Micro-PVM,0.6642011295934673,0.3333333333333333,600,0.7698412698412698,False,0.2013311148086522,1,5
within_layer__clr_false__thickness_absolute,l5,OPC,0.5634367765067635,0.5,600,0.8290598290598289,False,0.4009983361064891,2,5
within_layer__clr_false__thickness_absolute,l5,Oligo,0.1161956754214773,0.3333333333333333,600,0.7698412698412698,False,0.2013311148086522,1,5
within_layer__clr_false__thickness_absolute,l5,Pvalb,0.5955485418334692,0.5,600,0.8290598290598289,False,0.4009983361064891,2,5
within_layer__clr_false__thickness_absolute,l5,Sst,0.2836699328775569,0.6666666666666666,600,0.8290598290598289,False,0.6006655574043261,3,5
within_layer__clr_false__thickness_absolute,l5,Vip,0.5133732061993257,0.5,600,0.8290598290598289,False,0.4009983361064891,2,5
within_layer__clr_false__thickness_absolute,l6,Astro,0.694145249291151,0.16666666666666666,600,0.6217948717948717,False,0.0016638935108153,0,5
within_layer__clr_false__thickness_absolute,l6,Chandelier,0.6538695040628564,0.16666666666666666,600,0.6217948717948717,False,0.0016638935108153,0,5
within_layer__clr_false__thickness_absolute,l6,Endo,0.4489726230508535,0.16666666666666666,600,0.6217948717948717,False,0.0016638935108153,0,5
within_layer__clr_false__thickness_absolute,l6,L5 ET,-0.4306001732250878,0.8333333333333334,600,0.8599290780141845,False,0.800332778702163,4,5
within_layer__clr_false__thickness_absolute,l6,L5 IT,-0.794289996485027,1.0,600,1.0,False,1.0,5,5
within_layer__clr_false__thickness_absolute,l6,L5/6 NP,-0.4679607178237221,0.6666666666666666,600,0.8290598290598289,False,0.6006655574043261,3,5
within_layer__clr_false__thickness_absolute,l6,L6 CT,-0.6331523735205611,0.8333333333333334,600,0.8599290780141845,False,0.800332778702163,4,5
within_layer__clr_false__thickness_absolute,l6,L6 IT,-0.2884861761833012,0.8333333333333334,600,0.8599290780141845,False,0.800332778702163,4,5
within_layer__clr_false__thickness_absolute,l6,L6 IT Car3,0.001180122360324,0.5,600,0.8290598290598289,False,0.4009983361064891,2,5
within_layer__clr_false__thickness_absolute,l6,L6b,-0.2319669658984466,0.6666666666666666,600,0.8290598290598289,False,0.6006655574043261,3,5
within_layer__clr_false__thickness_absolute,l6,Lamp5,0.6080880559818458,0.16666666666666666,600,0.6217948717948717,False,0.0016638935108153,0,5
within_layer__clr_false__thickness_absolute,l6,Lamp5_Lhx6,0.5893006221634153,0.16666666666666666,600,0.6217948717948717,False,0.0016638935108153,0,5
within_layer__clr_false__thickness_absolute,l6,Micro-PVM,0.7881092947121925,0.16666666666666666,600,0.6217948717948717,False,0.0016638935108153,0,5
within_layer__clr_false__thickness_absolute,l6,OPC,0.6827123149073883,0.16666666666666666,600,0.6217948717948717,False,0.0016638935108153,0,5
within_layer__clr_false__thickness_absolute,l6,Oligo,0.6015298371057344,0.16666666666666666,600,0.6217948717948717,False,0.0016638935108153,0,5
within_layer__clr_false__thickness_absolute,l6,Pvalb,0.4005000113910844,0.16666666666666666,600,0.6217948717948717,False,0.0016638935108153,0,5
within_layer__clr_false__thickness_absolute,l6,Sst,0.260329406346291,0.3333333333333333,600,0.7698412698412698,False,0.2013311148086522,1,5
within_layer__clr_false__thickness_relative,l1,Astro,-0.0423695639270886,0.8333333333333334,600,0.8786231884057972,False,0.800332778702163,4,5
within_layer__clr_false__thickness_relative,l1,Endo,-0.032266969963321,0.6666666666666666,600,0.850877192982456,False,0.6006655574043261,3,5
within_layer__clr_false__thickness_relative,l1,Lamp5,0.1889718400210541,0.5,600,0.8083333333333333,False,0.4009983361064891,2,5
within_layer__clr_false__thickness_relative,l1,Micro-PVM,0.0262647004663737,0.6666666666666666,600,0.850877192982456,False,0.6006655574043261,3,5
within_layer__clr_false__thickness_relative,l1,OPC,0.141567912207927,0.5,600,0.8083333333333333,False,0.4009983361064891,2,5
within_layer__clr_false__thickness_relative,l1,Pax6,-0.0807123416140182,0.8333333333333334,600,0.8786231884057972,False,0.800332778702163,4,5
within_layer__clr_false__thickness_relative,l1,Sncg,0.5123154804499209,0.16666666666666666,600,0.7348484848484848,False,0.0016638935108153,0,5
within_layer__clr_false__thickness_relative,l1,VLMC,0.0230354518752154,0.5,600,0.8083333333333333,False,0.4009983361064891,2,5
within_layer__clr_false__thickness_relative,l2,Astro,0.0104494907413323,0.6666666666666666,600,0.850877192982456,False,0.6006655574043261,3,5
within_layer__clr_false__thickness_relative,l2,Chandelier,-0.156935488976692,0.6666666666666666,600,0.850877192982456,False,0.6006655574043261,3,5
within_layer__clr_false__thickness_relative,l2,Endo,-0.0794989323536301,0.6666666666666666,600,0.850877192982456,False,0.6006655574043261,3,5
within_layer__clr_false__thickness_relative,l2,L2/3 IT,-0.1090832481326678,0.5,600,0.8083333333333333,False,0.4009983361064891,2,5
within_layer__clr_false__thickness_relative,l2,Lamp5,0.1763760244389027,0.5,600,0.8083333333333333,False,0.4009983361064891,2,5
within_layer__clr_false__thickness_relative,l2,Lamp5_Lhx6,0.0757008843482455,0.6666666666666666,600,0.850877192982456,False,0.6006655574043261,3,5
within_layer__clr_false__thickness_relative,l2,Micro-PVM,-0.0085635524074845,0.6666666666666666,600,0.850877192982456,False,0.6006655574043261,3,5
within_layer__clr_false__thickness_relative,l2,OPC,0.051849552772992,0.6666666666666666,600,0.850877192982456,False,0.6006655574043261,3,5
within_layer__clr_false__thickness_relative,l2,Pax6,0.2504588996101596,0.5,600,0.8083333333333333,False,0.4009983361064891,2,5
within_layer__clr_false__thickness_relative,l2,Pvalb,-0.1004824697450546,0.6666666666666666,600,0.850877192982456,False,0.6006655574043261,3,5
within_layer__clr_false__thickness_relative,l2,Sncg,0.2866736393783881,0.5,600,0.8083333333333333,False,0.4009983361064891,2,5
within_layer__clr_false__thickness_relative,l2,Sst,0.0902331223073793,0.6666666666666666,600,0.850877192982456,False,0.6006655574043261,3,5
within_layer__clr_false__thickness_relative,l2,Vip,0.1814777755064852,0.5,600,0.8083333333333333,False,0.4009983361064891,2,5
within_layer__clr_false__thickness_relative,l3,Astro,-0.1897208876389597,0.8333333333333334,600,0.8786231884057972,False,0.800332778702163,4,5
within_layer__clr_false__thickness_relative,l3,Chandelier,-0.210641951571714,0.8333333333333334,600,0.8786231884057972,False,0.800332778702163,4,5
within_layer__clr_false__thickness_relative,l3,Endo,0.1492742458046097,0.3333333333333333,600,0.7348484848484848,False,0.2013311148086522,1,5
within_layer__clr_false__thickness_relative,l3,L2/3 IT,0.336106298356749,0.3333333333333333,600,0.7348484848484848,False,0.2013311148086522,1,5
within_layer__clr_false__thickness_relative,l3,L4 IT,-0.5508742794116801,1.0,600,1.0,False,1.0,5,5
within_layer__clr_false__thickness_relative,l3,L5 ET,0.0830755217102774,0.16666666666666666,600,0.7348484848484848,False,0.0016638935108153,0,5
within_layer__clr_false__thickness_relative,l3,L5 IT,-0.1011930595512057,0.8333333333333334,600,0.8786231884057972,False,0.800332778702163,4,5
within_layer__clr_false__thickness_relative,l3,L5/6 NP,0.1788236683319231,0.3333333333333333,600,0.7348484848484848,False,0.2013311148086522,1,5
within_layer__clr_false__thickness_relative,l3,L6 CT,0.1689731464143092,0.3333333333333333,600,0.7348484848484848,False,0.2013311148086522,1,5
within_layer__clr_false__thickness_relative,l3,L6 IT,-0.1207733715960939,0.5,600,0.8083333333333333,False,0.4009983361064891,2,5
within_layer__clr_false__thickness_relative,l3,L6 IT Car3,0.2713480296459344,0.16666666666666666,600,0.7348484848484848,False,0.0016638935108153,0,5
within_layer__clr_false__thickness_relative,l3,L6b,0.2995925331339443,0.16666666666666666,600,0.7348484848484848,False,0.0016638935108153,0,5
within_layer__clr_false__thickness_relative,l3,Lamp5,0.1006160690105476,0.6666666666666666,600,0.850877192982456,False,0.6006655574043261,3,5
within_layer__clr_false__thickness_relative,l3,Lamp5_Lhx6,0.2548326012936139,0.3333333333333333,600,0.7348484848484848,False,0.2013311148086522,1,5
within_layer__clr_false__thickness_relative,l3,Micro-PVM,-0.1256316179083137,0.8333333333333334,600,0.8786231884057972,False,0.800332778702163,4,5
within_layer__clr_false__thickness_relative,l3,OPC,-0.2342098535854976,0.8333333333333334,600,0.8786231884057972,False,0.800332778702163,4,5
within_layer__clr_false__thickness_relative,l3,Oligo,-0.0012177774127326,0.6666666666666666,600,0.850877192982456,False,0.6006655574043261,3,5
within_layer__clr_false__thickness_relative,l3,Pax6,-0.0669359062786791,0.8333333333333334,600,0.8786231884057972,False,0.800332778702163,4,5
within_layer__clr_false__thickness_relative,l3,Pvalb,-0.2000926242929062,0.8333333333333334,600,0.8786231884057972,False,0.800332778702163,4,5
within_layer__clr_false__thickness_relative,l3,Sncg,0.1509628021002008,0.8333333333333334,600,0.8786231884057972,False,0.800332778702163,4,5
within_layer__clr_false__thickness_relative,l3,Sst,0.384828503203568,0.3333333333333333,600,0.7348484848484848,False,0.2013311148086522,1,5
within_layer__clr_false__thickness_relative,l3,Vip,0.397084288639949,0.3333333333333333,600,0.7348484848484848,False,0.2013311148086522,1,5
within_layer__clr_false__thickness_relative,l4,Astro,0.1761206072410666,0.3333333333333333,600,0.7348484848484848,False,0.2013311148086522,1,5
within_layer__clr_false__thickness_relative,l4,Chandelier,0.0087262859783272,0.5,600,0.8083333333333333,False,0.4009983361064891,2,5
within_layer__clr_false__thickness_relative,l4,Endo,-0.0371740750283449,0.5,600,0.8083333333333333,False,0.4009983361064891,2,5
within_layer__clr_false__thickness_relative,l4,L2/3 IT,0.5001501512093417,0.16666666666666666,600,0.7348484848484848,False,0.0016638935108153,0,5
within_layer__clr_false__thickness_relative,l4,L4 IT,0.3576958510263252,0.3333333333333333,600,0.7348484848484848,False,0.2013311148086522,1,5
within_layer__clr_false__thickness_relative,l4,L5 ET,0.3343140539324836,0.16666666666666666,600,0.7348484848484848,False,0.0016638935108153,0,5
within_layer__clr_false__thickness_relative,l4,L5 IT,0.2327196264480026,0.3333333333333333,600,0.7348484848484848,False,0.2013311148086522,1,5
within_layer__clr_false__thickness_relative,l4,L5/6 NP,0.6487216495527641,0.16666666666666666,600,0.7348484848484848,False,0.0016638935108153,0,5
within_layer__clr_false__thickness_relative,l4,Lamp5,0.4670563846322956,0.16666666666666666,600,0.7348484848484848,False,0.0016638935108153,0,5
within_layer__clr_false__thickness_relative,l4,Lamp5_Lhx6,0.6170436703879112,0.16666666666666666,600,0.7348484848484848,False,0.0016638935108153,0,5
within_layer__clr_false__thickness_relative,l4,Micro-PVM,-0.1559401714965491,0.8333333333333334,600,0.8786231884057972,False,0.800332778702163,4,5
within_layer__clr_false__thickness_relative,l4,OPC,0.3126277892053845,0.16666666666666666,600,0.7348484848484848,False,0.0016638935108153,0,5
within_layer__clr_false__thickness_relative,l4,Oligo,0.5117795740298662,0.16666666666666666,600,0.7348484848484848,False,0.0016638935108153,0,5
within_layer__clr_false__thickness_relative,l4,Pax6,0.4950136992032297,0.16666666666666666,600,0.7348484848484848,False,0.0016638935108153,0,5
within_layer__clr_false__thickness_relative,l4,Pvalb,0.3444904942751055,0.3333333333333333,600,0.7348484848484848,False,0.2013311148086522,1,5
within_layer__clr_false__thickness_relative,l4,Sncg,0.1822176162671833,0.3333333333333333,600,0.7348484848484848,False,0.2013311148086522,1,5
within_layer__clr_false__thickness_relative,l4,Sst,0.2289134955731657,0.3333333333333333,600,0.7348484848484848,False,0.2013311148086522,1,5
within_layer__clr_false__thickness_relative,l4,Vip,0.2722876662804684,0.3333333333333333,600,0.7348484848484848,False,0.2013311148086522,1,5
within_layer__clr_false__thickness_relative,l5,Astro,0.2813229821451452,0.3333333333333333,600,0.7348484848484848,False,0.2013311148086522,1,5
within_layer__clr_false__thickness_relative,l5,Chandelier,0.4809611884298379,0.3333333333333333,600,0.7348484848484848,False,0.2013311148086522,1,5
within_layer__clr_false__thickness_relative,l5,Endo,0.0021879022082662,0.5,600,0.8083333333333333,False,0.4009983361064891,2,5
within_layer__clr_false__thickness_relative,l5,L4 IT,0.2157993282670724,0.5,600,0.8083333333333333,False,0.4009983361064891,2,5
within_layer__clr_false__thickness_relative,l5,L5 ET,0.4298034970874,0.3333333333333333,600,0.7348484848484848,False,0.2013311148086522,1,5
within_layer__clr_false__thickness_relative,l5,L5 IT,-0.3181078509232535,0.8333333333333334,600,0.8786231884057972,False,0.800332778702163,4,5
within_layer__clr_false__thickness_relative,l5,L5/6 NP,-0.2360795588447146,0.8333333333333334,600,0.8786231884057972,False,0.800332778702163,4,5
within_layer__clr_false__thickness_relative,l5,L6 CT,0.1796118931829792,0.5,600,0.8083333333333333,False,0.4009983361064891,2,5
within_layer__clr_false__thickness_relative,l5,L6 IT,-0.1585614492278958,0.8333333333333334,600,0.8786231884057972,False,0.800332778702163,4,5
within_layer__clr_false__thickness_relative,l5,L6 IT Car3,-0.217104108127552,1.0,600,1.0,False,1.0,5,5
within_layer__clr_false__thickness_relative,l5,L6b,-0.0851897320327428,0.5,600,0.8083333333333333,False,0.4009983361064891,2,5
within_layer__clr_false__thickness_relative,l5,Lamp5,0.2393694891831861,0.3333333333333333,600,0.7348484848484848,False,0.2013311148086522,1,5
within_layer__clr_false__thickness_relative,l5,Lamp5_Lhx6,-0.060224539506336,0.6666666666666666,600,0.850877192982456,False,0.6006655574043261,3,5
within_layer__clr_false__thickness_relative,l5,Micro-PVM,0.3426163096693439,0.3333333333333333,600,0.7348484848484848,False,0.2013311148086522,1,5
within_layer__clr_false__thickness_relative,l5,OPC,0.4520295999048149,0.3333333333333333,600,0.7348484848484848,False,0.2013311148086522,1,5
within_layer__clr_false__thickness_relative,l5,Oligo,0.0443975175763298,0.6666666666666666,600,0.850877192982456,False,0.6006655574043261,3,5
within_layer__clr_false__thickness_relative,l5,Pvalb,0.2575696834834973,0.3333333333333333,600,0.7348484848484848,False,0.2013311148086522,1,5
within_layer__clr_false__thickness_relative,l5,Sst,0.1477199766127907,0.6666666666666666,600,0.850877192982456,False,0.6006655574043261,3,5
within_layer__clr_false__thickness_relative,l5,Vip,0.4244544399131102,0.3333333333333333,600,0.7348484848484848,False,0.2013311148086522,1,5
within_layer__clr_false__thickness_relative,l6,Astro,0.6961507506855696,0.16666666666666666,600,0.7348484848484848,False,0.0016638935108153,0,5
within_layer__clr_false__thickness_relative,l6,Chandelier,0.7737150703869827,0.16666666666666666,600,0.7348484848484848,False,0.0016638935108153,0,5
within_layer__clr_false__thickness_relative,l6,Endo,0.4402603185222495,0.16666666666666666,600,0.7348484848484848,False,0.0016638935108153,0,5
within_layer__clr_false__thickness_relative,l6,L5 ET,-0.3570259893752139,1.0,600,1.0,False,1.0,5,5
within_layer__clr_false__thickness_relative,l6,L5 IT,-0.7280857193051432,1.0,600,1.0,False,1.0,5,5
within_layer__clr_false__thickness_relative,l6,L5/6 NP,-0.1563861287504326,0.6666666666666666,600,0.850877192982456,False,0.6006655574043261,3,5
within_layer__clr_false__thickness_relative,l6,L6 CT,-0.608511369983206,0.8333333333333334,600,0.8786231884057972,False,0.800332778702163,4,5
within_layer__clr_false__thickness_relative,l6,L6 IT,-0.553652042996571,1.0,600,1.0,False,1.0,5,5
within_layer__clr_false__thickness_relative,l6,L6 IT Car3,0.0745492596718803,0.5,600,0.8083333333333333,False,0.4009983361064891,2,5
within_layer__clr_false__thickness_relative,l6,L6b,-0.0876800727691806,0.8333333333333334,600,0.8786231884057972,False,0.800332778702163,4,5
within_layer__clr_false__thickness_relative,l6,Lamp5,0.6290853402152958,0.16666666666666666,600,0.7348484848484848,False,0.0016638935108153,0,5
within_layer__clr_false__thickness_relative,l6,Lamp5_Lhx6,0.645039841429572,0.16666666666666666,600,0.7348484848484848,False,0.0016638935108153,0,5
within_layer__clr_false__thickness_relative,l6,Micro-PVM,0.7240542935458649,0.16666666666666666,600,0.7348484848484848,False,0.0016638935108153,0,5
within_layer__clr_false__thickness_relative,l6,OPC,0.7669530515228389,0.16666666666666666,600,0.7348484848484848,False,0.0016638935108153,0,5
within_layer__clr_false__thickness_relative,l6,Oligo,0.4715820952719827,0.16666666666666666,600,0.7348484848484848,False,0.0016638935108153,0,5
within_layer__clr_false__thickness_relative,l6,Pvalb,0.4632358826625424,0.16666666666666666,600,0.7348484848484848,False,0.0016638935108153,0,5
within_layer__clr_false__thickness_relative,l6,Sst,0.3925673519319462,0.3333333333333333,600,0.7348484848484848,False,0.2013311148086522,1,5
within_layer__clr_true__thickness_absolute,l1,Astro,-0.4613513993887188,1.0,600,1.0,False,1.0,5,5
within_layer__clr_true__thickness_absolute,l1,Endo,0.1822627977514104,0.3333333333333333,600,0.9238095238095236,False,0.2013311148086522,1,5
within_layer__clr_true__thickness_absolute,l1,Lamp5,-0.1773174433596593,0.8333333333333334,600,1.0,False,0.800332778702163,4,5
within_layer__clr_true__thickness_absolute,l1,Micro-PVM,0.5061504155192811,0.3333333333333333,600,0.9238095238095236,False,0.2013311148086522,1,5
within_layer__clr_true__thickness_absolute,l1,OPC,-0.3468949792056083,0.8333333333333334,600,1.0,False,0.800332778702163,4,5
within_layer__clr_true__thickness_absolute,l1,Pax6,-0.3460667764550358,1.0,600,1.0,False,1.0,5,5
within_layer__clr_true__thickness_absolute,l1,Sncg,0.2773821125749454,0.16666666666666666,600,0.9238095238095236,False,0.0016638935108153,0,5
within_layer__clr_true__thickness_absolute,l1,VLMC,-0.3633792384596383,0.6666666666666666,600,1.0,False,0.6006655574043261,3,5
within_layer__clr_true__thickness_absolute,l2,Astro,-0.0547175027541201,0.6666666666666666,600,1.0,False,0.6006655574043261,3,5
within_layer__clr_true__thickness_absolute,l2,Chandelier,0.0662878262252697,0.6666666666666666,600,1.0,False,0.6006655574043261,3,5
within_layer__clr_true__thickness_absolute,l2,Endo,-0.0018172287314671,0.8333333333333334,600,1.0,False,0.800332778702163,4,5
within_layer__clr_true__thickness_absolute,l2,L2/3 IT,-0.4038080649262989,0.5,600,1.0,False,0.4009983361064891,2,5
within_layer__clr_true__thickness_absolute,l2,Lamp5,-0.0875397587435005,0.5,600,1.0,False,0.4009983361064891,2,5
within_layer__clr_true__thickness_absolute,l2,Lamp5_Lhx6,-0.309838307113569,0.3333333333333333,600,0.9238095238095236,False,0.2013311148086522,1,5
within_layer__clr_true__thickness_absolute,l2,Micro-PVM,0.4756523345542392,0.6666666666666666,600,1.0,False,0.6006655574043261,3,5
within_layer__clr_true__thickness_absolute,l2,OPC,0.0286190898371031,0.3333333333333333,600,0.9238095238095236,False,0.2013311148086522,1,5
within_layer__clr_true__thickness_absolute,l2,Pax6,0.6584909521871629,0.16666666666666666,600,0.9238095238095236,False,0.0016638935108153,0,5
within_layer__clr_true__thickness_absolute,l2,Pvalb,-0.4385247105432439,0.5,600,1.0,False,0.4009983361064891,2,5
within_layer__clr_true__thickness_absolute,l2,Sncg,0.555288604126588,0.16666666666666666,600,0.9238095238095236,False,0.0016638935108153,0,5
within_layer__clr_true__thickness_absolute,l2,Sst,-0.366986264637424,0.5,600,1.0,False,0.4009983361064891,2,5
within_layer__clr_true__thickness_absolute,l2,Vip,-0.0743379227151335,0.5,600,1.0,False,0.4009983361064891,2,5
within_layer__clr_true__thickness_absolute,l3,Astro,0.2905529341472497,0.8333333333333334,600,1.0,False,0.800332778702163,4,5
within_layer__clr_true__thickness_absolute,l3,Chandelier,0.2630877342843294,0.8333333333333334,600,1.0,False,0.800332778702163,4,5
within_layer__clr_true__thickness_absolute,l3,Endo,0.1855370163236263,0.6666666666666666,600,1.0,False,0.6006655574043261,3,5
within_layer__clr_true__thickness_absolute,l3,L2/3 IT,-0.2161659885795263,0.3333333333333333,600,0.9238095238095236,False,0.2013311148086522,1,5
within_layer__clr_true__thickness_absolute,l3,L4 IT,-0.519865343452803,0.8333333333333334,600,1.0,False,0.800332778702163,4,5
within_layer__clr_true__thickness_absolute,l3,L5 ET,-0.2502338956782906,0.3333333333333333,600,0.9238095238095236,False,0.2013311148086522,1,5
within_layer__clr_true__thickness_absolute,l3,L5 IT,-0.4890855602961982,0.5,600,1.0,False,0.4009983361064891,2,5
within_layer__clr_true__thickness_absolute,l3,L5/6 NP,-0.3346972288520994,0.3333333333333333,600,0.9238095238095236,False,0.2013311148086522,1,5
within_layer__clr_true__thickness_absolute,l3,L6 CT,-0.3593466390296314,0.3333333333333333,600,0.9238095238095236,False,0.2013311148086522,1,5
within_layer__clr_true__thickness_absolute,l3,L6 IT,-0.5857183381563033,0.3333333333333333,600,0.9238095238095236,False,0.2013311148086522,1,5
within_layer__clr_true__thickness_absolute,l3,L6 IT Car3,-0.2156740208836388,0.3333333333333333,600,0.9238095238095236,False,0.2013311148086522,1,5
within_layer__clr_true__thickness_absolute,l3,L6b,-0.2637088065510828,0.3333333333333333,600,0.9238095238095236,False,0.2013311148086522,1,5
within_layer__clr_true__thickness_absolute,l3,Lamp5,0.0740366774756276,0.5,600,1.0,False,0.4009983361064891,2,5
within_layer__clr_true__thickness_absolute,l3,Lamp5_Lhx6,-0.266227855456036,0.3333333333333333,600,0.9238095238095236,False,0.2013311148086522,1,5
within_layer__clr_true__thickness_absolute,l3,Micro-PVM,0.424805494038473,0.8333333333333334,600,1.0,False,0.800332778702163,4,5
within_layer__clr_true__thickness_absolute,l3,OPC,0.0584937265142359,0.8333333333333334,600,1.0,False,0.800332778702163,4,5
within_layer__clr_true__thickness_absolute,l3,Oligo,-0.0962619313978766,0.3333333333333333,600,0.9238095238095236,False,0.2013311148086522,1,5
within_layer__clr_true__thickness_absolute,l3,Pax6,0.4189250911033486,0.8333333333333334,600,1.0,False,0.800332778702163,4,5
within_layer__clr_true__thickness_absolute,l3,Pvalb,-0.4454042547665038,1.0,600,1.0,False,1.0,5,5
within_layer__clr_true__thickness_absolute,l3,Sncg,0.2898316642590171,0.5,600,1.0,False,0.4009983361064891,2,5
within_layer__clr_true__thickness_absolute,l3,Sst,-0.1053170620243445,0.3333333333333333,600,0.9238095238095236,False,0.2013311148086522,1,5
within_layer__clr_true__thickness_absolute,l3,Vip,0.3589705801298421,0.16666666666666666,600,0.9238095238095236,False,0.0016638935108153,0,5
within_layer__clr_true__thickness_absolute,l4,Astro,-0.3597213733794079,1.0,600,1.0,False,1.0,5,5
within_layer__clr_true__thickness_absolute,l4,Chandelier,-0.204372896727361,1.0,600,1.0,False,1.0,5,5
within_layer__clr_true__thickness_absolute,l4,Endo,0.0210310672715095,1.0,600,1.0,False,1.0,5,5
within_layer__clr_true__thickness_absolute,l4,L2/3 IT,0.3660537183695791,0.16666666666666666,600,0.9238095238095236,False,0.0016638935108153,0,5
within_layer__clr_true__thickness_absolute,l4,L4 IT,0.4306131671776372,0.16666666666666666,600,0.9238095238095236,False,0.0016638935108153,0,5
within_layer__clr_true__thickness_absolute,l4,L5 ET,-0.1332256461779779,0.8333333333333334,600,1.0,False,0.800332778702163,4,5
within_layer__clr_true__thickness_absolute,l4,L5 IT,-0.2657432244764416,1.0,600,1.0,False,1.0,5,5
within_layer__clr_true__thickness_absolute,l4,L5/6 NP,0.4859544958181216,0.16666666666666666,600,0.9238095238095236,False,0.0016638935108153,0,5
within_layer__clr_true__thickness_absolute,l4,Lamp5,0.206950450149499,0.16666666666666666,600,0.9238095238095236,False,0.0016638935108153,0,5
within_layer__clr_true__thickness_absolute,l4,Lamp5_Lhx6,0.4313671156449949,0.16666666666666666,600,0.9238095238095236,False,0.0016638935108153,0,5
within_layer__clr_true__thickness_absolute,l4,Micro-PVM,-0.4863894200248913,1.0,600,1.0,False,1.0,5,5
within_layer__clr_true__thickness_absolute,l4,OPC,-0.2064582534011256,0.8333333333333334,600,1.0,False,0.800332778702163,4,5
within_layer__clr_true__thickness_absolute,l4,Oligo,0.4866334032013974,0.16666666666666666,600,0.9238095238095236,False,0.0016638935108153,0,5
within_layer__clr_true__thickness_absolute,l4,Pax6,0.2430677383192617,0.16666666666666666,600,0.9238095238095236,False,0.0016638935108153,0,5
within_layer__clr_true__thickness_absolute,l4,Pvalb,0.2795371469882206,0.16666666666666666,600,0.9238095238095236,False,0.0016638935108153,0,5
within_layer__clr_true__thickness_absolute,l4,Sncg,-0.3655433115142844,1.0,600,1.0,False,1.0,5,5
within_layer__clr_true__thickness_absolute,l4,Sst,-0.2453254267551983,1.0,600,1.0,False,1.0,5,5
within_layer__clr_true__thickness_absolute,l4,Vip,-0.0318150417583431,0.5,600,1.0,False,0.4009983361064891,2,5
within_layer__clr_true__thickness_absolute,l5,Astro,0.0714003337381791,0.6666666666666666,600,1.0,False,0.6006655574043261,3,5
within_layer__clr_true__thickness_absolute,l5,Chandelier,0.5714247846781706,0.3333333333333333,600,0.9238095238095236,False,0.2013311148086522,1,5
within_layer__clr_true__thickness_absolute,l5,Endo,0.2897587693705934,0.5,600,1.0,False,0.4009983361064891,2,5
within_layer__clr_true__thickness_absolute,l5,L4 IT,-0.2921114094383631,0.8333333333333334,600,1.0,False,0.800332778702163,4,5
within_layer__clr_true__thickness_absolute,l5,L5 ET,0.4082448213183592,0.3333333333333333,600,0.9238095238095236,False,0.2013311148086522,1,5
within_layer__clr_true__thickness_absolute,l5,L5 IT,-0.5585299048953104,0.8333333333333334,600,1.0,False,0.800332778702163,4,5
within_layer__clr_true__thickness_absolute,l5,L5/6 NP,-0.462512991794279,0.6666666666666666,600,1.0,False,0.6006655574043261,3,5
within_layer__clr_true__thickness_absolute,l5,L6 CT,-0.5904507585505435,0.5,600,1.0,False,0.4009983361064891,2,5
within_layer__clr_true__thickness_absolute,l5,L6 IT,-0.6806000573375169,0.8333333333333334,600,1.0,False,0.800332778702163,4,5
within_layer__clr_true__thickness_absolute,l5,L6 IT Car3,-0.1976727363770791,0.8333333333333334,600,1.0,False,0.800332778702163,4,5
within_layer__clr_true__thickness_absolute,l5,L6b,-0.5375165275250603,0.8333333333333334,600,1.0,False,0.800332778702163,4,5
within_layer__clr_true__thickness_absolute,l5,Lamp5,-0.3180800053406826,0.3333333333333333,600,0.9238095238095236,False,0.2013311148086522,1,5
within_layer__clr_true__thickness_absolute,l5,Lamp5_Lhx6,-0.5860721113690422,0.6666666666666666,600,1.0,False,0.6006655574043261,3,5
within_layer__clr_true__thickness_absolute,l5,Micro-PVM,0.7287406337795225,0.3333333333333333,600,0.9238095238095236,False,0.2013311148086522,1,5
within_layer__clr_true__thickness_absolute,l5,OPC,0.4988826558777079,0.3333333333333333,600,0.9238095238095236,False,0.2013311148086522,1,5
within_layer__clr_true__thickness_absolute,l5,Oligo,-0.1471510120181289,0.6666666666666666,600,1.0,False,0.6006655574043261,3,5
within_layer__clr_true__thickness_absolute,l5,Pvalb,-0.2814523716652187,0.6666666666666666,600,1.0,False,0.6006655574043261,3,5
within_layer__clr_true__thickness_absolute,l5,Sst,-0.4643486117457056,0.8333333333333334,600,1.0,False,0.800332778702163,4,5
within_layer__clr_true__thickness_absolute,l5,Vip,0.0091868507101163,0.5,600,1.0,False,0.4009983361064891,2,5
within_layer__clr_true__thickness_absolute,l6,Astro,0.0908127614375785,0.5,600,1.0,False,0.4009983361064891,2,5
within_layer__clr_true__thickness_absolute,l6,Chandelier,0.7277217019286317,0.16666666666666666,600,0.9238095238095236,False,0.0016638935108153,0,5
within_layer__clr_true__thickness_absolute,l6,Endo,0.549229933329427,0.16666666666666666,600,0.9238095238095236,False,0.0016638935108153,0,5
within_layer__clr_true__thickness_absolute,l6,L5 ET,-0.6393089980210165,1.0,600,1.0,False,1.0,5,5
within_layer__clr_true__thickness_absolute,l6,L5 IT,-0.8111789571923133,1.0,600,1.0,False,1.0,5,5
within_layer__clr_true__thickness_absolute,l6,L5/6 NP,-0.731823627333403,1.0,600,1.0,False,1.0,5,5
within_layer__clr_true__thickness_absolute,l6,L6 CT,-0.7896871163732799,1.0,600,1.0,False,1.0,5,5
within_layer__clr_true__thickness_absolute,l6,L6 IT,-0.6174737023882269,1.0,600,1.0,False,1.0,5,5
within_layer__clr_true__thickness_absolute,l6,L6 IT Car3,-0.4445019821889853,1.0,600,1.0,False,1.0,5,5
within_layer__clr_true__thickness_absolute,l6,L6b,-0.7419219202014609,1.0,600,1.0,False,1.0,5,5
within_layer__clr_true__thickness_absolute,l6,Lamp5,0.0037784303943154,0.6666666666666666,600,1.0,False,0.6006655574043261,3,5
within_layer__clr_true__thickness_absolute,l6,Lamp5_Lhx6,-0.0561093264988155,0.8333333333333334,600,1.0,False,0.800332778702163,4,5
within_layer__clr_true__thickness_absolute,l6,Micro-PVM,0.8146053051183644,0.16666666666666666,600,0.9238095238095236,False,0.0016638935108153,0,5
within_layer__clr_true__thickness_absolute,l6,OPC,0.657932772683745,0.16666666666666666,600,0.9238095238095236,False,0.0016638935108153,0,5
within_layer__clr_true__thickness_absolute,l6,Oligo,0.0376182330900035,0.8333333333333334,600,1.0,False,0.800332778702163,4,5
within_layer__clr_true__thickness_absolute,l6,Pvalb,-0.6820430196526197,0.8333333333333334,600,1.0,False,0.800332778702163,4,5
within_layer__clr_true__thickness_absolute,l6,Sst,-0.6732294431746632,1.0,600,1.0,False,1.0,5,5
within_layer__clr_true__thickness_relative,l1,Astro,-0.249407215063676,0.6666666666666666,600,0.9979423868312758,False,0.6006655574043261,3,5
within_layer__clr_true__thickness_relative,l1,Endo,0.047967592099693,0.3333333333333333,600,0.9797979797979797,False,0.2013311148086522,1,5
within_layer__clr_true__thickness_relative,l1,Lamp5,-0.0334000088206397,0.8333333333333334,600,0.9979423868312758,False,0.800332778702163,4,5
within_layer__clr_true__thickness_relative,l1,Micro-PVM,-0.0221007221152342,0.6666666666666666,600,0.9979423868312758,False,0.6006655574043261,3,5
within_layer__clr_true__thickness_relative,l1,OPC,-0.1656955129166203,0.6666666666666666,600,0.9979423868312758,False,0.6006655574043261,3,5
within_layer__clr_true__thickness_relative,l1,Pax6,-0.3193650752562584,1.0,600,1.0,False,1.0,5,5
within_layer__clr_true__thickness_relative,l1,Sncg,0.4149829162353019,0.5,600,0.9979423868312758,False,0.4009983361064891,2,5
within_layer__clr_true__thickness_relative,l1,VLMC,-0.1346273984795634,0.6666666666666666,600,0.9979423868312758,False,0.6006655574043261,3,5
within_layer__clr_true__thickness_relative,l2,Astro,0.0345180959650156,0.6666666666666666,600,0.9979423868312758,False,0.6006655574043261,3,5
within_layer__clr_true__thickness_relative,l2,Chandelier,-0.1637869852549885,0.6666666666666666,600,0.9979423868312758,False,0.6006655574043261,3,5
within_layer__clr_true__thickness_relative,l2,Endo,-0.192785311390063,0.8333333333333334,600,0.9979423868312758,False,0.800332778702163,4,5
within_layer__clr_true__thickness_relative,l2,L2/3 IT,-0.0456380012034518,0.5,600,0.9979423868312758,False,0.4009983361064891,2,5
within_layer__clr_true__thickness_relative,l2,Lamp5,0.1384692085845596,0.5,600,0.9979423868312758,False,0.4009983361064891,2,5
within_layer__clr_true__thickness_relative,l2,Lamp5_Lhx6,0.0380590708843532,0.5,600,0.9979423868312758,False,0.4009983361064891,2,5
within_layer__clr_true__thickness_relative,l2,Micro-PVM,0.042597353759681,0.6666666666666666,600,0.9979423868312758,False,0.6006655574043261,3,5
within_layer__clr_true__thickness_relative,l2,OPC,0.1070598011000943,0.3333333333333333,600,0.9797979797979797,False,0.2013311148086522,1,5
within_layer__clr_true__thickness_relative,l2,Pax6,0.5480356842235126,0.16666666666666666,600,0.9797979797979797,False,0.0016638935108153,0,5
within_layer__clr_true__thickness_relative,l2,Pvalb,-0.077887158814374,0.6666666666666666,600,0.9979423868312758,False,0.6006655574043261,3,5
within_layer__clr_true__thickness_relative,l2,Sncg,0.5573842741399945,0.16666666666666666,600,0.9797979797979797,False,0.0016638935108153,0,5
within_layer__clr_true__thickness_relative,l2,Sst,-0.0032182407301138,0.5,600,0.9979423868312758,False,0.4009983361064891,2,5
within_layer__clr_true__thickness_relative,l2,Vip,0.232382215810869,0.5,600,0.9979423868312758,False,0.4009983361064891,2,5
within_layer__clr_true__thickness_relative,l3,Astro,-0.2306551681975282,0.8333333333333334,600,0.9979423868312758,False,0.800332778702163,4,5
within_layer__clr_true__thickness_relative,l3,Chandelier,-0.2071602314852768,0.8333333333333334,600,0.9979423868312758,False,0.800332778702163,4,5
within_layer__clr_true__thickness_relative,l3,Endo,-0.0918965288300885,0.6666666666666666,600,0.9979423868312758,False,0.6006655574043261,3,5
within_layer__clr_true__thickness_relative,l3,L2/3 IT,0.1537131074424335,0.3333333333333333,600,0.9797979797979797,False,0.2013311148086522,1,5
within_layer__clr_true__thickness_relative,l3,L4 IT,-0.2835219257470815,0.8333333333333334,600,0.9979423868312758,False,0.800332778702163,4,5
within_layer__clr_true__thickness_relative,l3,L5 ET,0.1089151319667226,0.3333333333333333,600,0.9797979797979797,False,0.2013311148086522,1,5
within_layer__clr_true__thickness_relative,l3,L5 IT,-0.0737207806848911,0.5,600,0.9979423868312758,False,0.4009983361064891,2,5
within_layer__clr_true__thickness_relative,l3,L5/6 NP,0.1510454994363117,0.3333333333333333,600,0.9797979797979797,False,0.2013311148086522,1,5
within_layer__clr_true__thickness_relative,l3,L6 CT,0.1289748354722376,0.3333333333333333,600,0.9797979797979797,False,0.2013311148086522,1,5
within_layer__clr_true__thickness_relative,l3,L6 IT,-0.0760955162121604,0.5,600,0.9979423868312758,False,0.4009983361064891,2,5
within_layer__clr_true__thickness_relative,l3,L6 IT Car3,0.1921531973165044,0.3333333333333333,600,0.9797979797979797,False,0.2013311148086522,1,5
within_layer__clr_true__thickness_relative,l3,L6b,0.2491946577657277,0.3333333333333333,600,0.9797979797979797,False,0.2013311148086522,1,5
within_layer__clr_true__thickness_relative,l3,Lamp5,0.2212204879356956,0.3333333333333333,600,0.9797979797979797,False,0.2013311148086522,1,5
within_layer__clr_true__thickness_relative,l3,Lamp5_Lhx6,0.1820112569061439,0.3333333333333333,600,0.9797979797979797,False,0.2013311148086522,1,5
within_layer__clr_true__thickness_relative,l3,Micro-PVM,-0.1270091482880138,0.8333333333333334,600,0.9979423868312758,False,0.800332778702163,4,5
within_layer__clr_true__thickness_relative,l3,OPC,-0.3391551971624159,0.8333333333333334,600,0.9979423868312758,False,0.800332778702163,4,5
within_layer__clr_true__thickness_relative,l3,Oligo,0.0065489723625583,0.3333333333333333,600,0.9797979797979797,False,0.2013311148086522,1,5
within_layer__clr_true__thickness_relative,l3,Pax6,-0.0165956475259843,0.8333333333333334,600,0.9979423868312758,False,0.800332778702163,4,5
within_layer__clr_true__thickness_relative,l3,Pvalb,-0.2592333640748994,0.8333333333333334,600,0.9979423868312758,False,0.800332778702163,4,5
within_layer__clr_true__thickness_relative,l3,Sncg,0.225988291868614,0.3333333333333333,600,0.9797979797979797,False,0.2013311148086522,1,5
within_layer__clr_true__thickness_relative,l3,Sst,0.2546679535094926,0.3333333333333333,600,0.9797979797979797,False,0.2013311148086522,1,5
within_layer__clr_true__thickness_relative,l3,Vip,0.4429753319926435,0.16666666666666666,600,0.9797979797979797,False,0.0016638935108153,0,5
within_layer__clr_true__thickness_relative,l4,Astro,-0.3923443070435686,1.0,600,1.0,False,1.0,5,5
within_layer__clr_true__thickness_relative,l4,Chandelier,-0.4024295373304011,1.0,600,1.0,False,1.0,5,5
within_layer__clr_true__thickness_relative,l4,Endo,-0.0174174659189338,0.5,600,0.9979423868312758,False,0.4009983361064891,2,5
within_layer__clr_true__thickness_relative,l4,L2/3 IT,0.4800714155156803,0.16666666666666666,600,0.9797979797979797,False,0.0016638935108153,0,5
within_layer__clr_true__thickness_relative,l4,L4 IT,0.3692002826058859,0.3333333333333333,600,0.9797979797979797,False,0.2013311148086522,1,5
within_layer__clr_true__thickness_relative,l4,L5 ET,-0.0795083395552856,0.8333333333333334,600,0.9979423868312758,False,0.800332778702163,4,5
within_layer__clr_true__thickness_relative,l4,L5 IT,-0.1933888919643918,1.0,600,1.0,False,1.0,5,5
within_layer__clr_true__thickness_relative,l4,L5/6 NP,0.5954776050591774,0.16666666666666666,600,0.9797979797979797,False,0.0016638935108153,0,5
within_layer__clr_true__thickness_relative,l4,Lamp5,0.3252400495373034,0.16666666666666666,600,0.9797979797979797,False,0.0016638935108153,0,5
within_layer__clr_true__thickness_relative,l4,Lamp5_Lhx6,0.554012003902627,0.16666666666666666,600,0.9797979797979797,False,0.0016638935108153,0,5
within_layer__clr_true__thickness_relative,l4,Micro-PVM,-0.5923262345219077,1.0,600,1.0,False,1.0,5,5
within_layer__clr_true__thickness_relative,l4,OPC,-0.0854059519838774,0.6666666666666666,600,0.9979423868312758,False,0.6006655574043261,3,5
within_layer__clr_true__thickness_relative,l4,Oligo,0.443499890693814,0.16666666666666666,600,0.9797979797979797,False,0.0016638935108153,0,5
within_layer__clr_true__thickness_relative,l4,Pax6,0.3799142211197825,0.16666666666666666,600,0.9797979797979797,False,0.0016638935108153,0,5
within_layer__clr_true__thickness_relative,l4,Pvalb,0.2018206794492755,0.5,600,0.9979423868312758,False,0.4009983361064891,2,5
within_layer__clr_true__thickness_relative,l4,Sncg,-0.2737160732195808,1.0,600,1.0,False,1.0,5,5
within_layer__clr_true__thickness_relative,l4,Sst,-0.240427315398083,1.0,600,1.0,False,1.0,5,5
within_layer__clr_true__thickness_relative,l4,Vip,-0.0076569387386196,0.5,600,0.9979423868312758,False,0.4009983361064891,2,5
within_layer__clr_true__thickness_relative,l5,Astro,-0.0539247549441797,0.6666666666666666,600,0.9979423868312758,False,0.6006655574043261,3,5
within_layer__clr_true__thickness_relative,l5,Chandelier,0.5589377833778737,0.3333333333333333,600,0.9797979797979797,False,0.2013311148086522,1,5
within_layer__clr_true__thickness_relative,l5,Endo,0.116040290540526,0.3333333333333333,600,0.9797979797979797,False,0.2013311148086522,1,5
within_layer__clr_true__thickness_relative,l5,L4 IT,-0.1787171035807283,0.8333333333333334,600,0.9979423868312758,False,0.800332778702163,4,5
within_layer__clr_true__thickness_relative,l5,L5 ET,0.4778088104284933,0.3333333333333333,600,0.9797979797979797,False,0.2013311148086522,1,5
within_layer__clr_true__thickness_relative,l5,L5 IT,-0.3996679843471706,0.8333333333333334,600,0.9979423868312758,False,0.800332778702163,4,5
within_layer__clr_true__thickness_relative,l5,L5/6 NP,-0.336094932135715,0.8333333333333334,600,0.9979423868312758,False,0.800332778702163,4,5
within_layer__clr_true__thickness_relative,l5,L6 CT,-0.1848230711411271,0.5,600,0.9979423868312758,False,0.4009983361064891,2,5
within_layer__clr_true__thickness_relative,l5,L6 IT,-0.4019252113075671,0.8333333333333334,600,0.9979423868312758,False,0.800332778702163,4,5
within_layer__clr_true__thickness_relative,l5,L6 IT Car3,-0.362729698952306,0.8333333333333334,600,0.9979423868312758,False,0.800332778702163,4,5
within_layer__clr_true__thickness_relative,l5,L6b,-0.2988322042578301,0.8333333333333334,600,0.9979423868312758,False,0.800332778702163,4,5
within_layer__clr_true__thickness_relative,l5,Lamp5,-0.0613830083196755,0.3333333333333333,600,0.9797979797979797,False,0.2013311148086522,1,5
within_layer__clr_true__thickness_relative,l5,Lamp5_Lhx6,-0.3130327859286411,0.8333333333333334,600,0.9979423868312758,False,0.800332778702163,4,5
within_layer__clr_true__thickness_relative,l5,Micro-PVM,0.4240210320808992,0.3333333333333333,600,0.9797979797979797,False,0.2013311148086522,1,5
within_layer__clr_true__thickness_relative,l5,OPC,0.4675245572101108,0.3333333333333333,600,0.9797979797979797,False,0.2013311148086522,1,5
within_layer__clr_true__thickness_relative,l5,Oligo,-0.1908214718056025,0.6666666666666666,600,0.9979423868312758,False,0.6006655574043261,3,5
within_layer__clr_true__thickness_relative,l5,Pvalb,-0.3512312470873548,0.6666666666666666,600,0.9979423868312758,False,0.6006655574043261,3,5
within_layer__clr_true__thickness_relative,l5,Sst,-0.3604456348130328,0.8333333333333334,600,0.9979423868312758,False,0.800332778702163,4,5
within_layer__clr_true__thickness_relative,l5,Vip,0.1676445926218389,0.5,600,0.9979423868312758,False,0.4009983361064891,2,5
within_layer__clr_true__thickness_relative,l6,Astro,0.035636524937889,0.5,600,0.9979423868312758,False,0.4009983361064891,2,5
within_layer__clr_true__thickness_relative,l6,Chandelier,0.8020440017359809,0.16666666666666666,600,0.9797979797979797,False,0.0016638935108153,0,5
within_layer__clr_true__thickness_relative,l6,Endo,0.5565697883101006,0.16666666666666666,600,0.9797979797979797,False,0.0016638935108153,0,5
within_layer__clr_true__thickness_relative,l6,L5 ET,-0.6165046987477029,1.0,600,1.0,False,1.0,5,5
within_layer__clr_true__thickness_relative,l6,L5 IT,-0.8005566424308312,1.0,600,1.0,False,1.0,5,5
within_layer__clr_true__thickness_relative,l6,L5/6 NP,-0.5271431281170882,1.0,600,1.0,False,1.0,5,5
within_layer__clr_true__thickness_relative,l6,L6 CT,-0.8138236419168188,1.0,600,1.0,False,1.0,5,5
within_layer__clr_true__thickness_relative,l6,L6 IT,-0.8033736636959601,1.0,600,1.0,False,1.0,5,5
within_layer__clr_true__thickness_relative,l6,L6 IT Car3,-0.4350887385877684,1.0,600,1.0,False,1.0,5,5
within_layer__clr_true__thickness_relative,l6,L6b,-0.6849603749066785,1.0,600,1.0,False,1.0,5,5
within_layer__clr_true__thickness_relative,l6,Lamp5,-0.0510464968709486,0.6666666666666666,600,0.9979423868312758,False,0.6006655574043261,3,5
within_layer__clr_true__thickness_relative,l6,Lamp5_Lhx6,-0.0572193954778272,0.8333333333333334,600,0.9979423868312758,False,0.800332778702163,4,5
within_layer__clr_true__thickness_relative,l6,Micro-PVM,0.7363872344834013,0.16666666666666666,600,0.9797979797979797,False,0.0016638935108153,0,5
within_layer__clr_true__thickness_relative,l6,OPC,0.7225867265551409,0.16666666666666666,600,0.9797979797979797,False,0.0016638935108153,0,5
within_layer__clr_true__thickness_relative,l6,Oligo,-0.1541619256985463,0.8333333333333334,600,0.9979423868312758,False,0.800332778702163,4,5
within_layer__clr_true__thickness_relative,l6,Pvalb,-0.6975055103205658,1.0,600,1.0,False,1.0,5,5
within_layer__clr_true__thickness_relative,l6,Sst,-0.6297469757122526,1.0,600,1.0,False,1.0,5,5
within_region_cross_layer__clr_false__thickness_absolute,l1,Astro,0.3251727669990703,0.16666666666666666,600,0.425438596491228,False,0.0016638935108153,0,5
within_region_cross_layer__clr_false__thickness_absolute,l1,Endo,0.1349974985480982,0.16666666666666666,600,0.425438596491228,False,0.0016638935108153,0,5
within_region_cross_layer__clr_false__thickness_absolute,l1,Lamp5,0.571548833497111,0.16666666666666666,600,0.425438596491228,False,0.0016638935108153,0,5
within_region_cross_layer__clr_false__thickness_absolute,l1,Micro-PVM,-0.203300516861702,0.3333333333333333,600,0.425438596491228,False,0.2013311148086522,1,5
within_region_cross_layer__clr_false__thickness_absolute,l1,OPC,0.2846161201485561,0.16666666666666666,600,0.425438596491228,False,0.0016638935108153,0,5
within_region_cross_layer__clr_false__thickness_absolute,l1,Pax6,0.2410637866840686,0.16666666666666666,600,0.425438596491228,False,0.0016638935108153,0,5
within_region_cross_layer__clr_false__thickness_absolute,l1,Sncg,0.4028867363695447,0.16666666666666666,600,0.425438596491228,False,0.0016638935108153,0,5
within_region_cross_layer__clr_false__thickness_absolute,l1,VLMC,0.2808667731113679,0.16666666666666666,600,0.425438596491228,False,0.0016638935108153,0,5
within_region_cross_layer__clr_false__thickness_absolute,l2,Astro,0.1232971793798886,0.5,600,0.563953488372093,False,0.4009983361064891,2,5
within_region_cross_layer__clr_false__thickness_absolute,l2,Chandelier,-0.2003854976477191,0.6666666666666666,600,0.6953405017921146,False,0.6006655574043261,3,5
within_region_cross_layer__clr_false__thickness_absolute,l2,Endo,-0.1158113040433273,0.5,600,0.563953488372093,False,0.4009983361064891,2,5
within_region_cross_layer__clr_false__thickness_absolute,l2,L2/3 IT,0.1060234937130966,0.3333333333333333,600,0.425438596491228,False,0.2013311148086522,1,5
within_region_cross_layer__clr_false__thickness_absolute,l2,Lamp5,0.3630323780323368,0.3333333333333333,600,0.425438596491228,False,0.2013311148086522,1,5
within_region_cross_layer__clr_false__thickness_absolute,l2,Lamp5_Lhx6,0.3822331439692468,0.6666666666666666,600,0.6953405017921146,False,0.6006655574043261,3,5
within_region_cross_layer__clr_false__thickness_absolute,l2,Micro-PVM,0.0700102607412406,0.6666666666666666,600,0.6953405017921146,False,0.6006655574043261,3,5
within_region_cross_layer__clr_false__thickness_absolute,l2,OPC,0.1834066727746059,0.5,600,0.563953488372093,False,0.4009983361064891,2,5
within_region_cross_layer__clr_false__thickness_absolute,l2,Pax6,0.5667402839133808,0.3333333333333333,600,0.425438596491228,False,0.2013311148086522,1,5
within_region_cross_layer__clr_false__thickness_absolute,l2,Pvalb,-0.1789870214545476,0.6666666666666666,600,0.6953405017921146,False,0.6006655574043261,3,5
within_region_cross_layer__clr_false__thickness_absolute,l2,Sncg,0.4829392752995095,0.3333333333333333,600,0.425438596491228,False,0.2013311148086522,1,5
within_region_cross_layer__clr_false__thickness_absolute,l2,Sst,-0.0058314972569506,0.5,600,0.563953488372093,False,0.4009983361064891,2,5
within_region_cross_layer__clr_false__thickness_absolute,l2,Vip,0.2944071641029334,0.6666666666666666,600,0.6953405017921146,False,0.6006655574043261,3,5
within_region_cross_layer__clr_false__thickness_absolute,l3,Astro,0.235282653726714,0.3333333333333333,600,0.425438596491228,False,0.2013311148086522,1,5
within_region_cross_layer__clr_false__thickness_absolute,l3,Chandelier,0.2467839103981839,0.3333333333333333,600,0.425438596491228,False,0.2013311148086522,1,5
within_region_cross_layer__clr_false__thickness_absolute,l3,Endo,0.1223869670975401,0.3333333333333333,600,0.425438596491228,False,0.2013311148086522,1,5
within_region_cross_layer__clr_false__thickness_absolute,l3,L2/3 IT,0.0513597574468515,0.5,600,0.563953488372093,False,0.4009983361064891,2,5
within_region_cross_layer__clr_false__thickness_absolute,l3,L4 IT,-0.25018466109723,0.8333333333333334,600,0.842013888888889,False,0.800332778702163,4,5
within_region_cross_layer__clr_false__thickness_absolute,l3,L5 ET,-0.0262696447684244,0.3333333333333333,600,0.425438596491228,False,0.2013311148086522,1,5
within_region_cross_layer__clr_false__thickness_absolute,l3,L5 IT,-0.2940123529852907,1.0,600,1.0,False,1.0,5,5
within_region_cross_layer__clr_false__thickness_absolute,l3,L5/6 NP,-0.0964703019869766,0.3333333333333333,600,0.425438596491228,False,0.2013311148086522,1,5
within_region_cross_layer__clr_false__thickness_absolute,l3,L6 CT,-0.0285173466155827,0.3333333333333333,600,0.425438596491228,False,0.2013311148086522,1,5
within_region_cross_layer__clr_false__thickness_absolute,l3,L6 IT,-0.5400448204550341,0.3333333333333333,600,0.425438596491228,False,0.2013311148086522,1,5
within_region_cross_layer__clr_false__thickness_absolute,l3,L6 IT Car3,-0.0991668879895063,0.3333333333333333,600,0.425438596491228,False,0.2013311148086522,1,5
within_region_cross_layer__clr_false__thickness_absolute,l3,L6b,0.0402901872854862,0.3333333333333333,600,0.425438596491228,False,0.2013311148086522,1,5
within_region_cross_layer__clr_false__thickness_absolute,l3,Lamp5,0.1482843650170598,0.3333333333333333,600,0.425438596491228,False,0.2013311148086522,1,5
within_region_cross_layer__clr_false__thickness_absolute,l3,Lamp5_Lhx6,0.0925964159389257,0.3333333333333333,600,0.425438596491228,False,0.2013311148086522,1,5
within_region_cross_layer__clr_false__thickness_absolute,l3,Micro-PVM,0.2433997382808938,0.6666666666666666,600,0.6953405017921146,False,0.6006655574043261,3,5
within_region_cross_layer__clr_false__thickness_absolute,l3,OPC,-0.0559153089832894,0.3333333333333333,600,0.425438596491228,False,0.2013311148086522,1,5
within_region_cross_layer__clr_false__thickness_absolute,l3,Oligo,-0.1569400699450379,0.3333333333333333,600,0.425438596491228,False,0.2013311148086522,1,5
within_region_cross_layer__clr_false__thickness_absolute,l3,Pax6,0.1715500127763793,0.8333333333333334,600,0.842013888888889,False,0.800332778702163,4,5
within_region_cross_layer__clr_false__thickness_absolute,l3,Pvalb,-0.2110732114408548,0.8333333333333334,600,0.842013888888889,False,0.800332778702163,4,5
within_region_cross_layer__clr_false__thickness_absolute,l3,Sncg,0.0088718695495375,0.3333333333333333,600,0.425438596491228,False,0.2013311148086522,1,5
within_region_cross_layer__clr_false__thickness_absolute,l3,Sst,-0.0269864317807523,0.3333333333333333,600,0.425438596491228,False,0.2013311148086522,1,5
within_region_cross_layer__clr_false__thickness_absolute,l3,Vip,0.1779721370950261,0.5,600,0.563953488372093,False,0.4009983361064891,2,5
within_region_cross_layer__clr_false__thickness_absolute,l4,Astro,0.7817279893473628,0.16666666666666666,600,0.425438596491228,False,0.0016638935108153,0,5
within_region_cross_layer__clr_false__thickness_absolute,l4,Chandelier,0.7306040405731531,0.16666666666666666,600,0.425438596491228,False,0.0016638935108153,0,5
within_region_cross_layer__clr_false__thickness_absolute,l4,Endo,0.6721060502981079,0.16666666666666666,600,0.425438596491228,False,0.0016638935108153,0,5
within_region_cross_layer__clr_false__thickness_absolute,l4,L2/3 IT,0.76668091812835,0.16666666666666666,600,0.425438596491228,False,0.0016638935108153,0,5
within_region_cross_layer__clr_false__thickness_absolute,l4,L4 IT,0.6568924043884459,0.16666666666666666,600,0.425438596491228,False,0.0016638935108153,0,5
within_region_cross_layer__clr_false__thickness_absolute,l4,L5 ET,0.7827374428418942,0.16666666666666666,600,0.425438596491228,False,0.0016638935108153,0,5
within_region_cross_layer__clr_false__thickness_absolute,l4,L5 IT,0.6569895631003796,0.16666666666666666,600,0.425438596491228,False,0.0016638935108153,0,5
within_region_cross_layer__clr_false__thickness_absolute,l4,L5/6 NP,0.7792602425120677,0.16666666666666666,600,0.425438596491228,False,0.0016638935108153,0,5
within_region_cross_layer__clr_false__thickness_absolute,l4,Lamp5,0.7903856000606927,0.16666666666666666,600,0.425438596491228,False,0.0016638935108153,0,5
within_region_cross_layer__clr_false__thickness_absolute,l4,Lamp5_Lhx6,0.7816137369384698,0.16666666666666666,600,0.425438596491228,False,0.0016638935108153,0,5
within_region_cross_layer__clr_false__thickness_absolute,l4,Micro-PVM,0.7715032963132228,0.16666666666666666,600,0.425438596491228,False,0.0016638935108153,0,5
within_region_cross_layer__clr_false__thickness_absolute,l4,OPC,0.7799689874724776,0.16666666666666666,600,0.425438596491228,False,0.0016638935108153,0,5
within_region_cross_layer__clr_false__thickness_absolute,l4,Oligo,0.79693944548569,0.16666666666666666,600,0.425438596491228,False,0.0016638935108153,0,5
within_region_cross_layer__clr_false__thickness_absolute,l4,Pax6,0.7693074202372625,0.16666666666666666,600,0.425438596491228,False,0.0016638935108153,0,5
within_region_cross_layer__clr_false__thickness_absolute,l4,Pvalb,0.7515811420887598,0.16666666666666666,600,0.425438596491228,False,0.0016638935108153,0,5
within_region_cross_layer__clr_false__thickness_absolute,l4,Sncg,0.7605437874182343,0.16666666666666666,600,0.425438596491228,False,0.0016638935108153,0,5
within_region_cross_layer__clr_false__thickness_absolute,l4,Sst,0.7177946693278598,0.16666666666666666,600,0.425438596491228,False,0.0016638935108153,0,5
within_region_cross_layer__clr_false__thickness_absolute,l4,Vip,0.7546210554144414,0.16666666666666666,600,0.425438596491228,False,0.0016638935108153,0,5
within_region_cross_layer__clr_false__thickness_absolute,l5,Astro,0.4314741874335054,0.3333333333333333,600,0.425438596491228,False,0.2013311148086522,1,5
within_region_cross_layer__clr_false__thickness_absolute,l5,Chandelier,0.4496035192703005,0.3333333333333333,600,0.425438596491228,False,0.2013311148086522,1,5
within_region_cross_layer__clr_false__thickness_absolute,l5,Endo,0.2240785803329663,0.5,600,0.563953488372093,False,0.4009983361064891,2,5
within_region_cross_layer__clr_false__thickness_absolute,l5,L4 IT,0.4942939801670646,0.3333333333333333,600,0.425438596491228,False,0.2013311148086522,1,5
within_region_cross_layer__clr_false__thickness_absolute,l5,L5 ET,0.5878603568931365,0.3333333333333333,600,0.425438596491228,False,0.2013311148086522,1,5
within_region_cross_layer__clr_false__thickness_absolute,l5,L5 IT,0.601871816808798,0.3333333333333333,600,0.425438596491228,False,0.2013311148086522,1,5
within_region_cross_layer__clr_false__thickness_absolute,l5,L5/6 NP,0.7658207036700897,0.16666666666666666,600,0.425438596491228,False,0.0016638935108153,0,5
within_region_cross_layer__clr_false__thickness_absolute,l5,L6 CT,0.4968397930394383,0.3333333333333333,600,0.425438596491228,False,0.2013311148086522,1,5
within_region_cross_layer__clr_false__thickness_absolute,l5,L6 IT,0.3542664184918389,0.5,600,0.563953488372093,False,0.4009983361064891,2,5
within_region_cross_layer__clr_false__thickness_absolute,l5,L6 IT Car3,0.4351172402245531,0.5,600,0.563953488372093,False,0.4009983361064891,2,5
within_region_cross_layer__clr_false__thickness_absolute,l5,L6b,0.4929730020649027,0.3333333333333333,600,0.425438596491228,False,0.2013311148086522,1,5
within_region_cross_layer__clr_false__thickness_absolute,l5,Lamp5,0.3028591227401139,0.3333333333333333,600,0.425438596491228,False,0.2013311148086522,1,5
within_region_cross_layer__clr_false__thickness_absolute,l5,Lamp5_Lhx6,0.4369011959631732,0.3333333333333333,600,0.425438596491228,False,0.2013311148086522,1,5
within_region_cross_layer__clr_false__thickness_absolute,l5,Micro-PVM,0.5314593208684122,0.3333333333333333,600,0.425438596491228,False,0.2013311148086522,1,5
within_region_cross_layer__clr_false__thickness_absolute,l5,OPC,0.5422915790461846,0.3333333333333333,600,0.425438596491228,False,0.2013311148086522,1,5
within_region_cross_layer__clr_false__thickness_absolute,l5,Oligo,0.4591155124507804,0.3333333333333333,600,0.425438596491228,False,0.2013311148086522,1,5
within_region_cross_layer__clr_false__thickness_absolute,l5,Pvalb,0.6212414341203424,0.3333333333333333,600,0.425438596491228,False,0.2013311148086522,1,5
within_region_cross_layer__clr_false__thickness_absolute,l5,Sst,0.5363538434484194,0.3333333333333333,600,0.425438596491228,False,0.2013311148086522,1,5
within_region_cross_layer__clr_false__thickness_absolute,l5,Vip,0.4137844669385213,0.5,600,0.563953488372093,False,0.4009983361064891,2,5
within_region_cross_layer__clr_false__thickness_absolute,l6,Astro,0.4201073543578511,0.16666666666666666,600,0.425438596491228,False,0.0016638935108153,0,5
within_region_cross_layer__clr_false__thickness_absolute,l6,Chandelier,0.617509980894191,0.16666666666666666,600,0.425438596491228,False,0.0016638935108153,0,5
within_region_cross_layer__clr_false__thickness_absolute,l6,Endo,0.4820818029459212,0.16666666666666666,600,0.425438596491228,False,0.0016638935108153,0,5
within_region_cross_layer__clr_false__thickness_absolute,l6,L5 ET,-0.5552563662511119,0.6666666666666666,600,0.6953405017921146,False,0.6006655574043261,3,5
within_region_cross_layer__clr_false__thickness_absolute,l6,L5 IT,0.0846630242737305,0.16666666666666666,600,0.425438596491228,False,0.0016638935108153,0,5
within_region_cross_layer__clr_false__thickness_absolute,l6,L5/6 NP,0.3193670683632153,0.3333333333333333,600,0.425438596491228,False,0.2013311148086522,1,5
within_region_cross_layer__clr_false__thickness_absolute,l6,L6 CT,0.295546750395442,0.16666666666666666,600,0.425438596491228,False,0.0016638935108153,0,5
within_region_cross_layer__clr_false__thickness_absolute,l6,L6 IT,0.5868635064629829,0.3333333333333333,600,0.425438596491228,False,0.2013311148086522,1,5
within_region_cross_layer__clr_false__thickness_absolute,l6,L6 IT Car3,0.2673769749293178,0.3333333333333333,600,0.425438596491228,False,0.2013311148086522,1,5
within_region_cross_layer__clr_false__thickness_absolute,l6,L6b,0.533715929114708,0.3333333333333333,600,0.425438596491228,False,0.2013311148086522,1,5
within_region_cross_layer__clr_false__thickness_absolute,l6,Lamp5,0.5770251662598748,0.16666666666666666,600,0.425438596491228,False,0.0016638935108153,0,5
within_region_cross_layer__clr_false__thickness_absolute,l6,Lamp5_Lhx6,0.6957781405399014,0.16666666666666666,600,0.425438596491228,False,0.0016638935108153,0,5
within_region_cross_layer__clr_false__thickness_absolute,l6,Micro-PVM,0.4264536658221668,0.16666666666666666,600,0.425438596491228,False,0.0016638935108153,0,5
within_region_cross_layer__clr_false__thickness_absolute,l6,OPC,0.6356818514569808,0.16666666666666666,600,0.425438596491228,False,0.0016638935108153,0,5
within_region_cross_layer__clr_false__thickness_absolute,l6,Oligo,0.6448924848935148,0.3333333333333333,600,0.425438596491228,False,0.2013311148086522,1,5
within_region_cross_layer__clr_false__thickness_absolute,l6,Pvalb,0.5168259867959726,0.16666666666666666,600,0.425438596491228,False,0.0016638935108153,0,5
within_region_cross_layer__clr_false__thickness_absolute,l6,Sst,0.4568041558017034,0.16666666666666666,600,0.425438596491228,False,0.0016638935108153,0,5
within_region_cross_layer__clr_false__thickness_relative,l1,Astro,0.3780391246138385,0.16666666666666666,600,0.41452991452991444,False,0.0016638935108153,0,5
within_region_cross_layer__clr_false__thickness_relative,l1,Endo,0.2594581773945786,0.16666666666666666,600,0.41452991452991444,False,0.0016638935108153,0,5
within_region_cross_layer__clr_false__thickness_relative,l1,Lamp5,0.459403790674443,0.5,600,0.563953488372093,False,0.4009983361064891,2,5
within_region_cross_layer__clr_false__thickness_relative,l1,Micro-PVM,0.1742705037672118,0.3333333333333333,600,0.41452991452991444,False,0.2013311148086522,1,5
within_region_cross_layer__clr_false__thickness_relative,l1,OPC,0.2242374053081673,0.3333333333333333,600,0.41452991452991444,False,0.2013311148086522,1,5
within_region_cross_layer__clr_false__thickness_relative,l1,Pax6,0.3724306340639624,0.3333333333333333,600,0.41452991452991444,False,0.2013311148086522,1,5
within_region_cross_layer__clr_false__thickness_relative,l1,Sncg,0.5469549866249689,0.5,600,0.563953488372093,False,0.4009983361064891,2,5
within_region_cross_layer__clr_false__thickness_relative,l1,VLMC,0.2046621943000105,0.5,600,0.563953488372093,False,0.4009983361064891,2,5
within_region_cross_layer__clr_false__thickness_relative,l2,Astro,0.2708176729177512,0.3333333333333333,600,0.41452991452991444,False,0.2013311148086522,1,5
within_region_cross_layer__clr_false__thickness_relative,l2,Chandelier,-0.1761522812510884,0.6666666666666666,600,0.7028985507246376,False,0.6006655574043261,3,5
within_region_cross_layer__clr_false__thickness_relative,l2,Endo,-0.0174229283807531,0.6666666666666666,600,0.7028985507246376,False,0.6006655574043261,3,5
within_region_cross_layer__clr_false__thickness_relative,l2,L2/3 IT,0.308775059091206,0.3333333333333333,600,0.41452991452991444,False,0.2013311148086522,1,5
within_region_cross_layer__clr_false__thickness_relative,l2,Lamp5,0.3761115291016538,0.3333333333333333,600,0.41452991452991444,False,0.2013311148086522,1,5
within_region_cross_layer__clr_false__thickness_relative,l2,Lamp5_Lhx6,0.2234761330053448,0.5,600,0.563953488372093,False,0.4009983361064891,2,5
within_region_cross_layer__clr_false__thickness_relative,l2,Micro-PVM,0.0802237555926329,0.8333333333333334,600,0.8599290780141845,False,0.800332778702163,4,5
within_region_cross_layer__clr_false__thickness_relative,l2,OPC,0.2855131496227676,0.3333333333333333,600,0.41452991452991444,False,0.2013311148086522,1,5
within_region_cross_layer__clr_false__thickness_relative,l2,Pax6,0.4788374278527446,0.3333333333333333,600,0.41452991452991444,False,0.2013311148086522,1,5
within_region_cross_layer__clr_false__thickness_relative,l2,Pvalb,0.1081830883750762,0.5,600,0.563953488372093,False,0.4009983361064891,2,5
within_region_cross_layer__clr_false__thickness_relative,l2,Sncg,0.3637851637535502,0.3333333333333333,600,0.41452991452991444,False,0.2013311148086522,1,5
within_region_cross_layer__clr_false__thickness_relative,l2,Sst,0.1583364517966953,0.3333333333333333,600,0.41452991452991444,False,0.2013311148086522,1,5
within_region_cross_layer__clr_false__thickness_relative,l2,Vip,0.1249733255531221,0.6666666666666666,600,0.7028985507246376,False,0.6006655574043261,3,5
within_region_cross_layer__clr_false__thickness_relative,l3,Astro,0.3030594375069006,0.3333333333333333,600,0.41452991452991444,False,0.2013311148086522,1,5
within_region_cross_layer__clr_false__thickness_relative,l3,Chandelier,0.295416669059338,0.3333333333333333,600,0.41452991452991444,False,0.2013311148086522,1,5
within_region_cross_layer__clr_false__thickness_relative,l3,Endo,0.0722883112926087,0.3333333333333333,600,0.41452991452991444,False,0.2013311148086522,1,5
within_region_cross_layer__clr_false__thickness_relative,l3,L2/3 IT,0.0005715338345754,0.5,600,0.563953488372093,False,0.4009983361064891,2,5
within_region_cross_layer__clr_false__thickness_relative,l3,L4 IT,-0.5176137598466379,1.0,600,1.0,False,1.0,5,5
within_region_cross_layer__clr_false__thickness_relative,l3,L5 ET,0.4345644644852646,0.3333333333333333,600,0.41452991452991444,False,0.2013311148086522,1,5
within_region_cross_layer__clr_false__thickness_relative,l3,L5 IT,-0.2833544493956449,1.0,600,1.0,False,1.0,5,5
within_region_cross_layer__clr_false__thickness_relative,l3,L5/6 NP,0.2386249354948874,0.3333333333333333,600,0.41452991452991444,False,0.2013311148086522,1,5
within_region_cross_layer__clr_false__thickness_relative,l3,L6 CT,0.3863940612518766,0.3333333333333333,600,0.41452991452991444,False,0.2013311148086522,1,5
within_region_cross_layer__clr_false__thickness_relative,l3,L6 IT,-0.038767546032564,0.5,600,0.563953488372093,False,0.4009983361064891,2,5
within_region_cross_layer__clr_false__thickness_relative,l3,L6 IT Car3,0.3718321141821357,0.16666666666666666,600,0.41452991452991444,False,0.0016638935108153,0,5
within_region_cross_layer__clr_false__thickness_relative,l3,L6b,0.4484833846180517,0.3333333333333333,600,0.41452991452991444,False,0.2013311148086522,1,5
within_region_cross_layer__clr_false__thickness_relative,l3,Lamp5,0.4300292232308081,0.3333333333333333,600,0.41452991452991444,False,0.2013311148086522,1,5
within_region_cross_layer__clr_false__thickness_relative,l3,Lamp5_Lhx6,0.3886937543457349,0.16666666666666666,600,0.41452991452991444,False,0.0016638935108153,0,5
within_region_cross_layer__clr_false__thickness_relative,l3,Micro-PVM,0.0655390597171861,0.6666666666666666,600,0.7028985507246376,False,0.6006655574043261,3,5
within_region_cross_layer__clr_false__thickness_relative,l3,OPC,0.2255701988583805,0.3333333333333333,600,0.41452991452991444,False,0.2013311148086522,1,5
within_region_cross_layer__clr_false__thickness_relative,l3,Oligo,0.1722590757189428,0.3333333333333333,600,0.41452991452991444,False,0.2013311148086522,1,5
within_region_cross_layer__clr_false__thickness_relative,l3,Pax6,-0.0993792945869442,0.6666666666666666,600,0.7028985507246376,False,0.6006655574043261,3,5
within_region_cross_layer__clr_false__thickness_relative,l3,Pvalb,-0.3407391850330616,1.0,600,1.0,False,1.0,5,5
within_region_cross_layer__clr_false__thickness_relative,l3,Sncg,0.3587643322520206,0.3333333333333333,600,0.41452991452991444,False,0.2013311148086522,1,5
within_region_cross_layer__clr_false__thickness_relative,l3,Sst,0.2468592336164038,0.3333333333333333,600,0.41452991452991444,False,0.2013311148086522,1,5
within_region_cross_layer__clr_false__thickness_relative,l3,Vip,0.2913883889369586,0.5,600,0.563953488372093,False,0.4009983361064891,2,5
within_region_cross_layer__clr_false__thickness_relative,l4,Astro,0.8332912105294836,0.16666666666666666,600,0.41452991452991444,False,0.0016638935108153,0,5
within_region_cross_layer__clr_false__thickness_relative,l4,Chandelier,0.7125313789654921,0.16666666666666666,600,0.41452991452991444,False,0.0016638935108153,0,5
within_region_cross_layer__clr_false__thickness_relative,l4,Endo,0.7618446071288499,0.16666666666666666,600,0.41452991452991444,False,0.0016638935108153,0,5
within_region_cross_layer__clr_false__thickness_relative,l4,L2/3 IT,0.816378695320483,0.16666666666666666,600,0.41452991452991444,False,0.0016638935108153,0,5
within_region_cross_layer__clr_false__thickness_relative,l4,L4 IT,0.6273961789751169,0.16666666666666666,600,0.41452991452991444,False,0.0016638935108153,0,5
within_region_cross_layer__clr_false__thickness_relative,l4,L5 ET,0.8349806542468898,0.16666666666666666,600,0.41452991452991444,False,0.0016638935108153,0,5
within_region_cross_layer__clr_false__thickness_relative,l4,L5 IT,0.6434127749034932,0.16666666666666666,600,0.41452991452991444,False,0.0016638935108153,0,5
within_region_cross_layer__clr_false__thickness_relative,l4,L5/6 NP,0.8414719205421746,0.16666666666666666,600,0.41452991452991444,False,0.0016638935108153,0,5
within_region_cross_layer__clr_false__thickness_relative,l4,Lamp5,0.87052215821139,0.16666666666666666,600,0.41452991452991444,False,0.0016638935108153,0,5
within_region_cross_layer__clr_false__thickness_relative,l4,Lamp5_Lhx6,0.8572777987512191,0.16666666666666666,600,0.41452991452991444,False,0.0016638935108153,0,5
within_region_cross_layer__clr_false__thickness_relative,l4,Micro-PVM,0.829375039152461,0.16666666666666666,600,0.41452991452991444,False,0.0016638935108153,0,5
within_region_cross_layer__clr_false__thickness_relative,l4,OPC,0.8662183716248197,0.16666666666666666,600,0.41452991452991444,False,0.0016638935108153,0,5
within_region_cross_layer__clr_false__thickness_relative,l4,Oligo,0.8571371258485935,0.16666666666666666,600,0.41452991452991444,False,0.0016638935108153,0,5
within_region_cross_layer__clr_false__thickness_relative,l4,Pax6,0.8889007040146669,0.16666666666666666,600,0.41452991452991444,False,0.0016638935108153,0,5
within_region_cross_layer__clr_false__thickness_relative,l4,Pvalb,0.759391010104556,0.16666666666666666,600,0.41452991452991444,False,0.0016638935108153,0,5
within_region_cross_layer__clr_false__thickness_relative,l4,Sncg,0.8357859689510759,0.16666666666666666,600,0.41452991452991444,False,0.0016638935108153,0,5
within_region_cross_layer__clr_false__thickness_relative,l4,Sst,0.7185628404510195,0.16666666666666666,600,0.41452991452991444,False,0.0016638935108153,0,5
within_region_cross_layer__clr_false__thickness_relative,l4,Vip,0.8065586345618595,0.16666666666666666,600,0.41452991452991444,False,0.0016638935108153,0,5
within_region_cross_layer__clr_false__thickness_relative,l5,Astro,0.3281443642601883,0.3333333333333333,600,0.41452991452991444,False,0.2013311148086522,1,5
within_region_cross_layer__clr_false__thickness_relative,l5,Chandelier,0.5059254199384274,0.3333333333333333,600,0.41452991452991444,False,0.2013311148086522,1,5
within_region_cross_layer__clr_false__thickness_relative,l5,Endo,0.1418328015986267,0.3333333333333333,600,0.41452991452991444,False,0.2013311148086522,1,5
within_region_cross_layer__clr_false__thickness_relative,l5,L4 IT,0.4943873933319441,0.3333333333333333,600,0.41452991452991444,False,0.2013311148086522,1,5
within_region_cross_layer__clr_false__thickness_relative,l5,L5 ET,0.5633589407667989,0.3333333333333333,600,0.41452991452991444,False,0.2013311148086522,1,5
within_region_cross_layer__clr_false__thickness_relative,l5,L5 IT,0.5906328313610281,0.3333333333333333,600,0.41452991452991444,False,0.2013311148086522,1,5
within_region_cross_layer__clr_false__thickness_relative,l5,L5/6 NP,0.5624685165308494,0.3333333333333333,600,0.41452991452991444,False,0.2013311148086522,1,5
within_region_cross_layer__clr_false__thickness_relative,l5,L6 CT,0.6139296518997627,0.3333333333333333,600,0.41452991452991444,False,0.2013311148086522,1,5
within_region_cross_layer__clr_false__thickness_relative,l5,L6 IT,0.4584637485689953,0.3333333333333333,600,0.41452991452991444,False,0.2013311148086522,1,5
within_region_cross_layer__clr_false__thickness_relative,l5,L6 IT Car3,0.0562428489180415,0.6666666666666666,600,0.7028985507246376,False,0.6006655574043261,3,5
within_region_cross_layer__clr_false__thickness_relative,l5,L6b,0.4636888515166451,0.3333333333333333,600,0.41452991452991444,False,0.2013311148086522,1,5
within_region_cross_layer__clr_false__thickness_relative,l5,Lamp5,0.3509000302593715,0.3333333333333333,600,0.41452991452991444,False,0.2013311148086522,1,5
within_region_cross_layer__clr_false__thickness_relative,l5,Lamp5_Lhx6,0.5133424815464095,0.3333333333333333,600,0.41452991452991444,False,0.2013311148086522,1,5
within_region_cross_layer__clr_false__thickness_relative,l5,Micro-PVM,0.3979142772904969,0.3333333333333333,600,0.41452991452991444,False,0.2013311148086522,1,5
within_region_cross_layer__clr_false__thickness_relative,l5,OPC,0.4973799542240703,0.3333333333333333,600,0.41452991452991444,False,0.2013311148086522,1,5
within_region_cross_layer__clr_false__thickness_relative,l5,Oligo,0.373983150688858,0.3333333333333333,600,0.41452991452991444,False,0.2013311148086522,1,5
within_region_cross_layer__clr_false__thickness_relative,l5,Pvalb,0.5233746121060655,0.3333333333333333,600,0.41452991452991444,False,0.2013311148086522,1,5
within_region_cross_layer__clr_false__thickness_relative,l5,Sst,0.5268840109301766,0.3333333333333333,600,0.41452991452991444,False,0.2013311148086522,1,5
within_region_cross_layer__clr_false__thickness_relative,l5,Vip,0.4552310660113942,0.3333333333333333,600,0.41452991452991444,False,0.2013311148086522,1,5
within_region_cross_layer__clr_false__thickness_relative,l6,Astro,0.559402370473005,0.16666666666666666,600,0.41452991452991444,False,0.0016638935108153,0,5
within_region_cross_layer__clr_false__thickness_relative,l6,Chandelier,0.7769837295501831,0.16666666666666666,600,0.41452991452991444,False,0.0016638935108153,0,5
within_region_cross_layer__clr_false__thickness_relative,l6,Endo,0.4236902703830324,0.16666666666666666,600,0.41452991452991444,False,0.0016638935108153,0,5
within_region_cross_layer__clr_false__thickness_relative,l6,L5 ET,-0.486284454243267,0.8333333333333334,600,0.8599290780141845,False,0.800332778702163,4,5
within_region_cross_layer__clr_false__thickness_relative,l6,L5 IT,0.2691050411291317,0.16666666666666666,600,0.41452991452991444,False,0.0016638935108153,0,5
within_region_cross_layer__clr_false__thickness_relative,l6,L5/6 NP,0.6087583435763572,0.16666666666666666,600,0.41452991452991444,False,0.0016638935108153,0,5
within_region_cross_layer__clr_false__thickness_relative,l6,L6 CT,0.3962432736497612,0.16666666666666666,600,0.41452991452991444,False,0.0016638935108153,0,5
within_region_cross_layer__clr_false__thickness_relative,l6,L6 IT,0.3902228510320886,0.16666666666666666,600,0.41452991452991444,False,0.0016638935108153,0,5
within_region_cross_layer__clr_false__thickness_relative,l6,L6 IT Car3,0.55062941959571,0.16666666666666666,600,0.41452991452991444,False,0.0016638935108153,0,5
within_region_cross_layer__clr_false__thickness_relative,l6,L6b,0.737067175445468,0.16666666666666666,600,0.41452991452991444,False,0.0016638935108153,0,5
within_region_cross_layer__clr_false__thickness_relative,l6,Lamp5,0.6683090948438816,0.16666666666666666,600,0.41452991452991444,False,0.0016638935108153,0,5
within_region_cross_layer__clr_false__thickness_relative,l6,Lamp5_Lhx6,0.8066906590709662,0.16666666666666666,600,0.41452991452991444,False,0.0016638935108153,0,5
within_region_cross_layer__clr_false__thickness_relative,l6,Micro-PVM,0.4811562101238903,0.16666666666666666,600,0.41452991452991444,False,0.0016638935108153,0,5
within_region_cross_layer__clr_false__thickness_relative,l6,OPC,0.7710145109030383,0.16666666666666666,600,0.41452991452991444,False,0.0016638935108153,0,5
within_region_cross_layer__clr_false__thickness_relative,l6,Oligo,0.745562523467019,0.16666666666666666,600,0.41452991452991444,False,0.0016638935108153,0,5
within_region_cross_layer__clr_false__thickness_relative,l6,Pvalb,0.7228000245237286,0.16666666666666666,600,0.41452991452991444,False,0.0016638935108153,0,5
within_region_cross_layer__clr_false__thickness_relative,l6,Sst,0.6771263488428749,0.16666666666666666,600,0.41452991452991444,False,0.0016638935108153,0,5
within_region_cross_layer__clr_true__thickness_absolute,l1,Astro,0.0324725868084975,0.6666666666666666,600,0.9857723577235773,False,0.6006655574043261,3,5
within_region_cross_layer__clr_true__thickness_absolute,l1,Endo,-0.1200127531491996,0.6666666666666666,600,0.9857723577235773,False,0.6006655574043261,3,5
within_region_cross_layer__clr_true__thickness_absolute,l1,Lamp5,0.5040526114830859,0.5,600,0.9857723577235773,False,0.4009983361064891,2,5
within_region_cross_layer__clr_true__thickness_absolute,l1,Micro-PVM,-0.3810535861516194,0.6666666666666666,600,0.9857723577235773,False,0.6006655574043261,3,5
within_region_cross_layer__clr_true__thickness_absolute,l1,OPC,-0.0068813953453704,0.8333333333333334,600,0.9857723577235773,False,0.800332778702163,4,5
within_region_cross_layer__clr_true__thickness_absolute,l1,Pax6,-0.2720699264531307,1.0,600,1.0,False,1.0,5,5
within_region_cross_layer__clr_true__thickness_absolute,l1,Sncg,0.4033888050850885,0.3333333333333333,600,0.9857723577235773,False,0.2013311148086522,1,5
within_region_cross_layer__clr_true__thickness_absolute,l1,VLMC,-0.3631667483920994,1.0,600,1.0,False,1.0,5,5
within_region_cross_layer__clr_true__thickness_absolute,l2,Astro,-0.0159965428130574,0.3333333333333333,600,0.9857723577235773,False,0.2013311148086522,1,5
within_region_cross_layer__clr_true__thickness_absolute,l2,Chandelier,-0.2913911602980964,0.6666666666666666,600,0.9857723577235773,False,0.6006655574043261,3,5
within_region_cross_layer__clr_true__thickness_absolute,l2,Endo,-0.1999216194469494,0.8333333333333334,600,0.9857723577235773,False,0.800332778702163,4,5
within_region_cross_layer__clr_true__thickness_absolute,l2,L2/3 IT,-0.0961084493825799,0.3333333333333333,600,0.9857723577235773,False,0.2013311148086522,1,5
within_region_cross_layer__clr_true__thickness_absolute,l2,Lamp5,0.3341295219150278,0.5,600,0.9857723577235773,False,0.4009983361064891,2,5
within_region_cross_layer__clr_true__thickness_absolute,l2,Lamp5_Lhx6,0.364078355052202,0.6666666666666666,600,0.9857723577235773,False,0.6006655574043261,3,5
within_region_cross_layer__clr_true__thickness_absolute,l2,Micro-PVM,0.0170152716824818,0.6666666666666666,600,0.9857723577235773,False,0.6006655574043261,3,5
within_region_cross_layer__clr_true__thickness_absolute,l2,OPC,0.0927577863641092,0.5,600,0.9857723577235773,False,0.4009983361064891,2,5
within_region_cross_layer__clr_true__thickness_absolute,l2,Pax6,0.5435077926677196,0.16666666666666666,600,0.9857723577235773,False,0.0016638935108153,0,5
within_region_cross_layer__clr_true__thickness_absolute,l2,Pvalb,-0.3477407547707135,1.0,600,1.0,False,1.0,5,5
within_region_cross_layer__clr_true__thickness_absolute,l2,Sncg,0.4311805653624599,0.3333333333333333,600,0.9857723577235773,False,0.2013311148086522,1,5
within_region_cross_layer__clr_true__thickness_absolute,l2,Sst,-0.2063762652781876,0.6666666666666666,600,0.9857723577235773,False,0.6006655574043261,3,5
within_region_cross_layer__clr_true__thickness_absolute,l2,Vip,0.1185612935409142,0.6666666666666666,600,0.9857723577235773,False,0.6006655574043261,3,5
within_region_cross_layer__clr_true__thickness_absolute,l3,Astro,0.3060646045550655,0.8333333333333334,600,0.9857723577235773,False,0.800332778702163,4,5
within_region_cross_layer__clr_true__thickness_absolute,l3,Chandelier,0.2372627003276978,0.8333333333333334,600,0.9857723577235773,False,0.800332778702163,4,5
within_region_cross_layer__clr_true__thickness_absolute,l3,Endo,0.0641975153372308,0.5,600,0.9857723577235773,False,0.4009983361064891,2,5
within_region_cross_layer__clr_true__thickness_absolute,l3,L2/3 IT,0.0671244678062705,0.8333333333333334,600,0.9857723577235773,False,0.800332778702163,4,5
within_region_cross_layer__clr_true__thickness_absolute,l3,L4 IT,-0.1443420245118577,0.8333333333333334,600,0.9857723577235773,False,0.800332778702163,4,5
within_region_cross_layer__clr_true__thickness_absolute,l3,L5 ET,0.0008212507315957,0.3333333333333333,600,0.9857723577235773,False,0.2013311148086522,1,5
within_region_cross_layer__clr_true__thickness_absolute,l3,L5 IT,-0.2403131435550328,0.8333333333333334,600,0.9857723577235773,False,0.800332778702163,4,5
within_region_cross_layer__clr_true__thickness_absolute,l3,L5/6 NP,-0.0829727783202246,0.3333333333333333,600,0.9857723577235773,False,0.2013311148086522,1,5
within_region_cross_layer__clr_true__thickness_absolute,l3,L6 CT,-0.0020964770066976,0.3333333333333333,600,0.9857723577235773,False,0.2013311148086522,1,5
within_region_cross_layer__clr_true__thickness_absolute,l3,L6 IT,-0.6844068817436624,0.8333333333333334,600,0.9857723577235773,False,0.800332778702163,4,5
within_region_cross_layer__clr_true__thickness_absolute,l3,L6 IT Car3,-0.1206585215257405,0.3333333333333333,600,0.9857723577235773,False,0.2013311148086522,1,5
within_region_cross_layer__clr_true__thickness_absolute,l3,L6b,0.1218042698733207,0.3333333333333333,600,0.9857723577235773,False,0.2013311148086522,1,5
within_region_cross_layer__clr_true__thickness_absolute,l3,Lamp5,0.3492047856165896,0.3333333333333333,600,0.9857723577235773,False,0.2013311148086522,1,5
within_region_cross_layer__clr_true__thickness_absolute,l3,Lamp5_Lhx6,0.1787051890099995,0.16666666666666666,600,0.9857723577235773,False,0.0016638935108153,0,5
within_region_cross_layer__clr_true__thickness_absolute,l3,Micro-PVM,0.2312727721373103,0.8333333333333334,600,0.9857723577235773,False,0.800332778702163,4,5
within_region_cross_layer__clr_true__thickness_absolute,l3,OPC,-0.0445697084445439,1.0,600,1.0,False,1.0,5,5
within_region_cross_layer__clr_true__thickness_absolute,l3,Oligo,-0.2222268774250283,0.3333333333333333,600,0.9857723577235773,False,0.2013311148086522,1,5
within_region_cross_layer__clr_true__thickness_absolute,l3,Pax6,0.1724818270846688,0.8333333333333334,600,0.9857723577235773,False,0.800332778702163,4,5
within_region_cross_layer__clr_true__thickness_absolute,l3,Pvalb,-0.0823673915538903,0.8333333333333334,600,0.9857723577235773,False,0.800332778702163,4,5
within_region_cross_layer__clr_true__thickness_absolute,l3,Sncg,0.1163146143013071,0.3333333333333333,600,0.9857723577235773,False,0.2013311148086522,1,5
within_region_cross_layer__clr_true__thickness_absolute,l3,Sst,0.0139855790722566,0.8333333333333334,600,0.9857723577235773,False,0.800332778702163,4,5
within_region_cross_layer__clr_true__thickness_absolute,l3,Vip,0.31023470196239,0.6666666666666666,600,0.9857723577235773,False,0.6006655574043261,3,5
within_region_cross_layer__clr_true__thickness_absolute,l4,Astro,-0.3617883328704846,1.0,600,1.0,False,1.0,5,5
within_region_cross_layer__clr_true__thickness_absolute,l4,Chandelier,0.0985020104736825,0.8333333333333334,600,0.9857723577235773,False,0.800332778702163,4,5
within_region_cross_layer__clr_true__thickness_absolute,l4,Endo,0.2574527769221851,0.16666666666666666,600,0.9857723577235773,False,0.0016638935108153,0,5
within_region_cross_layer__clr_true__thickness_absolute,l4,L2/3 IT,-0.3991986624329665,1.0,600,1.0,False,1.0,5,5
within_region_cross_layer__clr_true__thickness_absolute,l4,L4 IT,-0.4790070989313569,1.0,600,1.0,False,1.0,5,5
within_region_cross_layer__clr_true__thickness_absolute,l4,L5 ET,-0.2553756996477673,1.0,600,1.0,False,1.0,5,5
within_region_cross_layer__clr_true__thickness_absolute,l4,L5 IT,-0.6345217264469556,1.0,600,1.0,False,1.0,5,5
within_region_cross_layer__clr_true__thickness_absolute,l4,L5/6 NP,0.202018059473061,0.16666666666666666,600,0.9857723577235773,False,0.0016638935108153,0,5
within_region_cross_layer__clr_true__thickness_absolute,l4,Lamp5,0.3218889499213386,0.16666666666666666,600,0.9857723577235773,False,0.0016638935108153,0,5
within_region_cross_layer__clr_true__thickness_absolute,l4,Lamp5_Lhx6,0.0846051846128287,0.16666666666666666,600,0.9857723577235773,False,0.0016638935108153,0,5
within_region_cross_layer__clr_true__thickness_absolute,l4,Micro-PVM,-0.0679911961627413,0.5,600,0.9857723577235773,False,0.4009983361064891,2,5
within_region_cross_layer__clr_true__thickness_absolute,l4,OPC,-0.108785157872063,0.5,600,0.9857723577235773,False,0.4009983361064891,2,5
within_region_cross_layer__clr_true__thickness_absolute,l4,Oligo,0.0288276946390495,0.3333333333333333,600,0.9857723577235773,False,0.2013311148086522,1,5
within_region_cross_layer__clr_true__thickness_absolute,l4,Pax6,0.5534014318704757,0.16666666666666666,600,0.9857723577235773,False,0.0016638935108153,0,5
within_region_cross_layer__clr_true__thickness_absolute,l4,Pvalb,-0.4778439578917066,1.0,600,1.0,False,1.0,5,5
within_region_cross_layer__clr_true__thickness_absolute,l4,Sncg,0.029391974588145,0.16666666666666666,600,0.9857723577235773,False,0.0016638935108153,0,5
within_region_cross_layer__clr_true__thickness_absolute,l4,Sst,-0.5386179299450583,1.0,600,1.0,False,1.0,5,5
within_region_cross_layer__clr_true__thickness_absolute,l4,Vip,-0.3935834116469094,1.0,600,1.0,False,1.0,5,5
within_region_cross_layer__clr_true__thickness_absolute,l5,Astro,-0.3881077225332089,0.6666666666666666,600,0.9857723577235773,False,0.6006655574043261,3,5
within_region_cross_layer__clr_true__thickness_absolute,l5,Chandelier,0.4143107875691415,0.3333333333333333,600,0.9857723577235773,False,0.2013311148086522,1,5
within_region_cross_layer__clr_true__thickness_absolute,l5,Endo,-0.0048801575070666,0.6666666666666666,600,0.9857723577235773,False,0.6006655574043261,3,5
within_region_cross_layer__clr_true__thickness_absolute,l5,L4 IT,0.5279304076129209,0.5,600,0.9857723577235773,False,0.4009983361064891,2,5
within_region_cross_layer__clr_true__thickness_absolute,l5,L5 ET,0.6945331773114015,0.3333333333333333,600,0.9857723577235773,False,0.2013311148086522,1,5
within_region_cross_layer__clr_true__thickness_absolute,l5,L5 IT,-0.3828657015170861,0.8333333333333334,600,0.9857723577235773,False,0.800332778702163,4,5
within_region_cross_layer__clr_true__thickness_absolute,l5,L5/6 NP,-0.0240756019761912,0.6666666666666666,600,0.9857723577235773,False,0.6006655574043261,3,5
within_region_cross_layer__clr_true__thickness_absolute,l5,L6 CT,-0.2882670000939391,0.5,600,0.9857723577235773,False,0.4009983361064891,2,5
within_region_cross_layer__clr_true__thickness_absolute,l5,L6 IT,-0.4921724481321307,0.6666666666666666,600,0.9857723577235773,False,0.6006655574043261,3,5
within_region_cross_layer__clr_true__thickness_absolute,l5,L6 IT Car3,-0.1374435664333524,0.8333333333333334,600,0.9857723577235773,False,0.800332778702163,4,5
within_region_cross_layer__clr_true__thickness_absolute,l5,L6b,-0.3611269802503908,0.8333333333333334,600,0.9857723577235773,False,0.800332778702163,4,5
within_region_cross_layer__clr_true__thickness_absolute,l5,Lamp5,-0.3940986698364347,0.5,600,0.9857723577235773,False,0.4009983361064891,2,5
within_region_cross_layer__clr_true__thickness_absolute,l5,Lamp5_Lhx6,-0.5402138178881541,0.5,600,0.9857723577235773,False,0.4009983361064891,2,5
within_region_cross_layer__clr_true__thickness_absolute,l5,Micro-PVM,0.0614909656676973,0.6666666666666666,600,0.9857723577235773,False,0.6006655574043261,3,5
within_region_cross_layer__clr_true__thickness_absolute,l5,OPC,0.0380902363279866,0.6666666666666666,600,0.9857723577235773,False,0.6006655574043261,3,5
within_region_cross_layer__clr_true__thickness_absolute,l5,Oligo,-0.2922276384570929,0.6666666666666666,600,0.9857723577235773,False,0.6006655574043261,3,5
within_region_cross_layer__clr_true__thickness_absolute,l5,Pvalb,0.5335214238957457,0.5,600,0.9857723577235773,False,0.4009983361064891,2,5
within_region_cross_layer__clr_true__thickness_absolute,l5,Sst,0.1942225215085648,0.5,600,0.9857723577235773,False,0.4009983361064891,2,5
within_region_cross_layer__clr_true__thickness_absolute,l5,Vip,0.1655144751356717,0.5,600,0.9857723577235773,False,0.4009983361064891,2,5
within_region_cross_layer__clr_true__thickness_absolute,l6,Astro,-0.2626089610761966,0.6666666666666666,600,0.9857723577235773,False,0.6006655574043261,3,5
within_region_cross_layer__clr_true__thickness_absolute,l6,Chandelier,0.7151896944129525,0.16666666666666666,600,0.9857723577235773,False,0.0016638935108153,0,5
within_region_cross_layer__clr_true__thickness_absolute,l6,Endo,0.2890065577067375,0.6666666666666666,600,0.9857723577235773,False,0.6006655574043261,3,5
within_region_cross_layer__clr_true__thickness_absolute,l6,L5 ET,-0.7128067037899917,1.0,600,1.0,False,1.0,5,5
within_region_cross_layer__clr_true__thickness_absolute,l6,L5 IT,-0.511015214945331,0.5,600,0.9857723577235773,False,0.4009983361064891,2,5
within_region_cross_layer__clr_true__thickness_absolute,l6,L5/6 NP,-0.0436307731752387,0.3333333333333333,600,0.9857723577235773,False,0.2013311148086522,1,5
within_region_cross_layer__clr_true__thickness_absolute,l6,L6 CT,-0.5903578029505021,1.0,600,1.0,False,1.0,5,5
within_region_cross_layer__clr_true__thickness_absolute,l6,L6 IT,-0.3733803727657797,0.8333333333333334,600,0.9857723577235773,False,0.800332778702163,4,5
within_region_cross_layer__clr_true__thickness_absolute,l6,L6 IT Car3,-0.464201502120251,0.6666666666666666,600,0.9857723577235773,False,0.6006655574043261,3,5
within_region_cross_layer__clr_true__thickness_absolute,l6,L6b,-0.4151702916221645,1.0,600,1.0,False,1.0,5,5
within_region_cross_layer__clr_true__thickness_absolute,l6,Lamp5,0.2595757394486268,0.6666666666666666,600,0.9857723577235773,False,0.6006655574043261,3,5
within_region_cross_layer__clr_true__thickness_absolute,l6,Lamp5_Lhx6,0.7913491121391665,0.16666666666666666,600,0.9857723577235773,False,0.0016638935108153,0,5
within_region_cross_layer__clr_true__thickness_absolute,l6,Micro-PVM,-0.1479903106880157,0.8333333333333334,600,0.9857723577235773,False,0.800332778702163,4,5
within_region_cross_layer__clr_true__thickness_absolute,l6,OPC,0.6720224303714487,0.16666666666666666,600,0.9857723577235773,False,0.0016638935108153,0,5
within_region_cross_layer__clr_true__thickness_absolute,l6,Oligo,0.325434889795744,0.8333333333333334,600,0.9857723577235773,False,0.800332778702163,4,5
within_region_cross_layer__clr_true__thickness_absolute,l6,Pvalb,0.1474615551564898,0.16666666666666666,600,0.9857723577235773,False,0.0016638935108153,0,5
within_region_cross_layer__clr_true__thickness_absolute,l6,Sst,0.1169893166772561,0.3333333333333333,600,0.9857723577235773,False,0.2013311148086522,1,5
within_region_cross_layer__clr_true__thickness_relative,l1,Astro,-0.0612003389173596,0.6666666666666666,600,1.0,False,0.6006655574043261,3,5
within_region_cross_layer__clr_true__thickness_relative,l1,Endo,0.0085177691927308,0.6666666666666666,600,1.0,False,0.6006655574043261,3,5
within_region_cross_layer__clr_true__thickness_relative,l1,Lamp5,0.1176480619312275,0.5,600,1.0,False,0.4009983361064891,2,5
within_region_cross_layer__clr_true__thickness_relative,l1,Micro-PVM,-0.0368830969399701,0.6666666666666666,600,1.0,False,0.6006655574043261,3,5
within_region_cross_layer__clr_true__thickness_relative,l1,OPC,-0.2968967144552545,1.0,600,1.0,False,1.0,5,5
within_region_cross_layer__clr_true__thickness_relative,l1,Pax6,-0.2965064581127127,1.0,600,1.0,False,1.0,5,5
within_region_cross_layer__clr_true__thickness_relative,l1,Sncg,0.3878002936383456,0.5,600,1.0,False,0.4009983361064891,2,5
within_region_cross_layer__clr_true__thickness_relative,l1,VLMC,-0.4776011355046647,1.0,600,1.0,False,1.0,5,5
within_region_cross_layer__clr_true__thickness_relative,l2,Astro,0.1062480229396461,0.5,600,1.0,False,0.4009983361064891,2,5
within_region_cross_layer__clr_true__thickness_relative,l2,Chandelier,-0.3214221428409026,0.8333333333333334,600,1.0,False,0.800332778702163,4,5
within_region_cross_layer__clr_true__thickness_relative,l2,Endo,-0.1187551686781313,0.8333333333333334,600,1.0,False,0.800332778702163,4,5
within_region_cross_layer__clr_true__thickness_relative,l2,L2/3 IT,0.0269394840277498,0.3333333333333333,600,1.0,False,0.2013311148086522,1,5
within_region_cross_layer__clr_true__thickness_relative,l2,Lamp5,0.2850988799236226,0.3333333333333333,600,1.0,False,0.2013311148086522,1,5
within_region_cross_layer__clr_true__thickness_relative,l2,Lamp5_Lhx6,0.1170088466404066,0.6666666666666666,600,1.0,False,0.6006655574043261,3,5
within_region_cross_layer__clr_true__thickness_relative,l2,Micro-PVM,-0.0216313592437554,0.6666666666666666,600,1.0,False,0.6006655574043261,3,5
within_region_cross_layer__clr_true__thickness_relative,l2,OPC,0.1802672180132895,0.5,600,1.0,False,0.4009983361064891,2,5
within_region_cross_layer__clr_true__thickness_relative,l2,Pax6,0.3557188604075597,0.16666666666666666,600,1.0,False,0.0016638935108153,0,5
within_region_cross_layer__clr_true__thickness_relative,l2,Pvalb,-0.1008879869051007,0.8333333333333334,600,1.0,False,0.800332778702163,4,5
within_region_cross_layer__clr_true__thickness_relative,l2,Sncg,0.2541939320546342,0.3333333333333333,600,1.0,False,0.2013311148086522,1,5
within_region_cross_layer__clr_true__thickness_relative,l2,Sst,-0.0998277926848627,0.8333333333333334,600,1.0,False,0.800332778702163,4,5
within_region_cross_layer__clr_true__thickness_relative,l2,Vip,-0.1916390291332736,0.6666666666666666,600,1.0,False,0.6006655574043261,3,5
within_region_cross_layer__clr_true__thickness_relative,l3,Astro,-0.1152656834990825,0.8333333333333334,600,1.0,False,0.800332778702163,4,5
within_region_cross_layer__clr_true__thickness_relative,l3,Chandelier,-0.1111583585000156,0.8333333333333334,600,1.0,False,0.800332778702163,4,5
within_region_cross_layer__clr_true__thickness_relative,l3,Endo,-0.0307078245651826,0.5,600,1.0,False,0.4009983361064891,2,5
within_region_cross_layer__clr_true__thickness_relative,l3,L2/3 IT,-0.3017231749886689,0.8333333333333334,600,1.0,False,0.800332778702163,4,5
within_region_cross_layer__clr_true__thickness_relative,l3,L4 IT,-0.5065369147434855,0.8333333333333334,600,1.0,False,0.800332778702163,4,5
within_region_cross_layer__clr_true__thickness_relative,l3,L5 ET,0.4477651298357555,0.3333333333333333,600,1.0,False,0.2013311148086522,1,5
within_region_cross_layer__clr_true__thickness_relative,l3,L5 IT,-0.3897133900410327,1.0,600,1.0,False,1.0,5,5
within_region_cross_layer__clr_true__thickness_relative,l3,L5/6 NP,0.057991535169293,0.3333333333333333,600,1.0,False,0.2013311148086522,1,5
within_region_cross_layer__clr_true__thickness_relative,l3,L6 CT,0.3868919612622635,0.3333333333333333,600,1.0,False,0.2013311148086522,1,5
within_region_cross_layer__clr_true__thickness_relative,l3,L6 IT,-0.279297218832742,0.6666666666666666,600,1.0,False,0.6006655574043261,3,5
within_region_cross_layer__clr_true__thickness_relative,l3,L6 IT Car3,0.3238784922257246,0.16666666666666666,600,1.0,False,0.0016638935108153,0,5
within_region_cross_layer__clr_true__thickness_relative,l3,L6b,0.484716655077502,0.3333333333333333,600,1.0,False,0.2013311148086522,1,5
within_region_cross_layer__clr_true__thickness_relative,l3,Lamp5,0.4023645274906591,0.16666666666666666,600,1.0,False,0.0016638935108153,0,5
within_region_cross_layer__clr_true__thickness_relative,l3,Lamp5_Lhx6,0.20334279776789,0.16666666666666666,600,1.0,False,0.0016638935108153,0,5
within_region_cross_layer__clr_true__thickness_relative,l3,Micro-PVM,-0.1556554689457245,0.8333333333333334,600,1.0,False,0.800332778702163,4,5
within_region_cross_layer__clr_true__thickness_relative,l3,OPC,-0.1834399602655102,1.0,600,1.0,False,1.0,5,5
within_region_cross_layer__clr_true__thickness_relative,l3,Oligo,0.0165713373302079,0.3333333333333333,600,1.0,False,0.2013311148086522,1,5
within_region_cross_layer__clr_true__thickness_relative,l3,Pax6,-0.231591094888788,0.8333333333333334,600,1.0,False,0.800332778702163,4,5
within_region_cross_layer__clr_true__thickness_relative,l3,Pvalb,-0.483778668698377,0.8333333333333334,600,1.0,False,0.800332778702163,4,5
within_region_cross_layer__clr_true__thickness_relative,l3,Sncg,0.3208868735992355,0.3333333333333333,600,1.0,False,0.2013311148086522,1,5
within_region_cross_layer__clr_true__thickness_relative,l3,Sst,-0.1298074084263324,0.8333333333333334,600,1.0,False,0.800332778702163,4,5
within_region_cross_layer__clr_true__thickness_relative,l3,Vip,-0.0790732009949829,0.5,600,1.0,False,0.4009983361064891,2,5
within_region_cross_layer__clr_true__thickness_relative,l4,Astro,-0.3396715459912511,1.0,600,1.0,False,1.0,5,5
within_region_cross_layer__clr_true__thickness_relative,l4,Chandelier,-0.1105903942997321,0.8333333333333334,600,1.0,False,0.800332778702163,4,5
within_region_cross_layer__clr_true__thickness_relative,l4,Endo,0.242409753151258,0.16666666666666666,600,1.0,False,0.0016638935108153,0,5
within_region_cross_layer__clr_true__thickness_relative,l4,L2/3 IT,-0.3588005520901898,1.0,600,1.0,False,1.0,5,5
within_region_cross_layer__clr_true__thickness_relative,l4,L4 IT,-0.6031054182366784,1.0,600,1.0,False,1.0,5,5
within_region_cross_layer__clr_true__thickness_relative,l4,L5 ET,-0.2672621141565157,0.8333333333333334,600,1.0,False,0.800332778702163,4,5
within_region_cross_layer__clr_true__thickness_relative,l4,L5 IT,-0.6975304787183219,1.0,600,1.0,False,1.0,5,5
within_region_cross_layer__clr_true__thickness_relative,l4,L5/6 NP,0.2273839488222477,0.16666666666666666,600,1.0,False,0.0016638935108153,0,5
within_region_cross_layer__clr_true__thickness_relative,l4,Lamp5,0.435755644651785,0.16666666666666666,600,1.0,False,0.0016638935108153,0,5
within_region_cross_layer__clr_true__thickness_relative,l4,Lamp5_Lhx6,0.1819484066911191,0.3333333333333333,600,1.0,False,0.2013311148086522,1,5
within_region_cross_layer__clr_true__thickness_relative,l4,Micro-PVM,-0.0414598049940528,0.8333333333333334,600,1.0,False,0.800332778702163,4,5
within_region_cross_layer__clr_true__thickness_relative,l4,OPC,0.0580151953929891,0.5,600,1.0,False,0.4009983361064891,2,5
within_region_cross_layer__clr_true__thickness_relative,l4,Oligo,0.0483420240067081,0.6666666666666666,600,1.0,False,0.6006655574043261,3,5
within_region_cross_layer__clr_true__thickness_relative,l4,Pax6,0.7161057059764824,0.16666666666666666,600,1.0,False,0.0016638935108153,0,5
within_region_cross_layer__clr_true__thickness_relative,l4,Pvalb,-0.6102586910635875,1.0,600,1.0,False,1.0,5,5
within_region_cross_layer__clr_true__thickness_relative,l4,Sncg,0.1480557149060168,0.3333333333333333,600,1.0,False,0.2013311148086522,1,5
within_region_cross_layer__clr_true__thickness_relative,l4,Sst,-0.6070127816696124,1.0,600,1.0,False,1.0,5,5
within_region_cross_layer__clr_true__thickness_relative,l4,Vip,-0.3347402394935375,1.0,600,1.0,False,1.0,5,5
within_region_cross_layer__clr_true__thickness_relative,l5,Astro,-0.4734338906015338,0.8333333333333334,600,1.0,False,0.800332778702163,4,5
within_region_cross_layer__clr_true__thickness_relative,l5,Chandelier,0.5539270334434743,0.3333333333333333,600,1.0,False,0.2013311148086522,1,5
within_region_cross_layer__clr_true__thickness_relative,l5,Endo,-0.1080287174264714,0.8333333333333334,600,1.0,False,0.800332778702163,4,5
within_region_cross_layer__clr_true__thickness_relative,l5,L4 IT,0.5194480237744903,0.3333333333333333,600,1.0,False,0.2013311148086522,1,5
within_region_cross_layer__clr_true__thickness_relative,l5,L5 ET,0.6525276858229697,0.3333333333333333,600,1.0,False,0.2013311148086522,1,5
within_region_cross_layer__clr_true__thickness_relative,l5,L5 IT,-0.3168507529017145,0.8333333333333334,600,1.0,False,0.800332778702163,4,5
within_region_cross_layer__clr_true__thickness_relative,l5,L5/6 NP,-0.1299970761481549,0.6666666666666666,600,1.0,False,0.6006655574043261,3,5
within_region_cross_layer__clr_true__thickness_relative,l5,L6 CT,0.1111455892667051,0.5,600,1.0,False,0.4009983361064891,2,5
within_region_cross_layer__clr_true__thickness_relative,l5,L6 IT,-0.2493522344118043,0.6666666666666666,600,1.0,False,0.6006655574043261,3,5
within_region_cross_layer__clr_true__thickness_relative,l5,L6 IT Car3,-0.3496901940502143,0.8333333333333334,600,1.0,False,0.800332778702163,4,5
within_region_cross_layer__clr_true__thickness_relative,l5,L6b,-0.3097818411848086,0.8333333333333334,600,1.0,False,0.800332778702163,4,5
within_region_cross_layer__clr_true__thickness_relative,l5,Lamp5,-0.2041077578874898,0.8333333333333334,600,1.0,False,0.800332778702163,4,5
within_region_cross_layer__clr_true__thickness_relative,l5,Lamp5_Lhx6,-0.1336676999423062,0.5,600,1.0,False,0.4009983361064891,2,5
within_region_cross_layer__clr_true__thickness_relative,l5,Micro-PVM,-0.1808515600616367,0.6666666666666666,600,1.0,False,0.6006655574043261,3,5
within_region_cross_layer__clr_true__thickness_relative,l5,OPC,0.0304353242847628,0.6666666666666666,600,1.0,False,0.6006655574043261,3,5
within_region_cross_layer__clr_true__thickness_relative,l5,Oligo,-0.3198918063071231,0.6666666666666666,600,1.0,False,0.6006655574043261,3,5
within_region_cross_layer__clr_true__thickness_relative,l5,Pvalb,0.2861907684569693,0.5,600,1.0,False,0.4009983361064891,2,5
within_region_cross_layer__clr_true__thickness_relative,l5,Sst,0.2892882565644044,0.5,600,1.0,False,0.4009983361064891,2,5
within_region_cross_layer__clr_true__thickness_relative,l5,Vip,0.3388357569423147,0.5,600,1.0,False,0.4009983361064891,2,5
within_region_cross_layer__clr_true__thickness_relative,l6,Astro,-0.2651502788833981,0.8333333333333334,600,1.0,False,0.800332778702163,4,5
within_region_cross_layer__clr_true__thickness_relative,l6,Chandelier,0.8316568529939241,0.16666666666666666,600,1.0,False,0.0016638935108153,0,5
within_region_cross_layer__clr_true__thickness_relative,l6,Endo,0.1349984541080481,0.3333333333333333,600,1.0,False,0.2013311148086522,1,5
within_region_cross_layer__clr_true__thickness_relative,l6,L5 ET,-0.7913021709680177,1.0,600,1.0,False,1.0,5,5
within_region_cross_layer__clr_true__thickness_relative,l6,L5 IT,-0.4042905771081884,1.0,600,1.0,False,1.0,5,5
within_region_cross_layer__clr_true__thickness_relative,l6,L5/6 NP,0.3045371889693853,0.3333333333333333,600,1.0,False,0.2013311148086522,1,5
within_region_cross_layer__clr_true__thickness_relative,l6,L6 CT,-0.7425914048779252,1.0,600,1.0,False,1.0,5,5
within_region_cross_layer__clr_true__thickness_relative,l6,L6 IT,-0.6252111844257341,1.0,600,1.0,False,1.0,5,5
within_region_cross_layer__clr_true__thickness_relative,l6,L6 IT Car3,-0.2383669670520536,0.6666666666666666,600,1.0,False,0.6006655574043261,3,5
within_region_cross_layer__clr_true__thickness_relative,l6,L6b,-0.4752529413612892,1.0,600,1.0,False,1.0,5,5
within_region_cross_layer__clr_true__thickness_relative,l6,Lamp5,0.1239718041127566,0.6666666666666666,600,1.0,False,0.6006655574043261,3,5
within_region_cross_layer__clr_true__thickness_relative,l6,Lamp5_Lhx6,0.7972170380735779,0.16666666666666666,600,1.0,False,0.0016638935108153,0,5
within_region_cross_layer__clr_true__thickness_relative,l6,Micro-PVM,-0.2987822069516915,0.8333333333333334,600,1.0,False,0.800332778702163,4,5
within_region_cross_layer__clr_true__thickness_relative,l6,OPC,0.6974169531320017,0.16666666666666666,600,1.0,False,0.0016638935108153,0,5
within_region_cross_layer__clr_true__thickness_relative,l6,Oligo,0.2529117395536134,0.3333333333333333,600,1.0,False,0.2013311148086522,1,5
within_region_cross_layer__clr_true__thickness_relative,l6,Pvalb,0.3487191992309787,0.16666666666666666,600,1.0,False,0.0016638935108153,0,5
within_region_cross_layer__clr_true__thickness_relative,l6,Sst,0.4124088424990175,0.16666666666666666,600,1.0,False,0.0016638935108153,0,5
