phenotype,outcome,roi,observed,prediction
meg,delta,1,0.3312916154744195,0.32080324375649644
meg,delta,3,0.3474726275951033,0.32236597663677924
meg,delta,5,0.3684006973515825,0.3210688367968995
meg,delta,7,0.3182067388416367,0.32525740526494396
meg,delta,9,0.315159804163835,0.31192277107619876
meg,delta,11,0.3557986833198726,0.3232068923590789
meg,delta,13,0.3777055015326828,0.32078758714898903
meg,delta,15,0.3709044175747349,0.3227252423926908
meg,delta,17,0.3487081979329769,0.32015545771069764
meg,delta,19,0.3787669936033684,0.3165285143471141
meg,delta,21,0.3703134693102163,0.31362586107885637
meg,delta,23,0.3564299208803411,0.3238739291308558
meg,delta,25,0.3300296043648439,0.3264429589505593
meg,delta,27,0.3879905657126353,0.30864957207761545
meg,delta,29,0.3509188285447601,0.31220689135852875
meg,delta,31,0.3667995685531247,0.3203391861697397
meg,delta,33,0.3559415842572304,0.32290532032108615
meg,delta,35,0.3735224713172231,0.316422302877111
meg,delta,37,0.3650270022904675,0.32728657111292536
meg,delta,39,0.343929482055894,0.31901437067615074
meg,delta,41,0.3896590704443278,0.3182471514276089
meg,delta,43,0.3845199593726326,0.3266653232522634
meg,delta,45,0.3916300362048868,0.31608364791658794
meg,delta,47,0.3988013029398031,0.31451616441879177
meg,delta,49,0.2926410560200854,0.3231957460534739
meg,delta,51,0.3749839792036897,0.3302545486363111
meg,delta,53,0.3068494006603179,0.3091674244058881
meg,delta,55,0.3004796670108545,0.31440801385312195
meg,delta,57,0.2742923192617272,0.2978258155393236
meg,delta,59,0.290942380459685,0.3024983941345749
meg,delta,61,0.3304006175389365,0.3155321555667147
meg,delta,63,0.3354861549148459,0.3220925193995001
meg,delta,65,0.2747198615696831,0.28055422637224436
meg,delta,67,0.2937715676888613,0.2978579891917088
meg,delta,69,0.2534230885931024,0.3549196800196616
meg,delta,71,0.2952363053011516,0.30847286525036666
meg,delta,73,0.3239434494882448,0.3332564262229625
meg,delta,75,0.3022195824980735,0.3158367902706796
meg,delta,77,0.3519408268806261,0.355311523111558
meg,delta,79,0.3485582078496615,0.34201351243913164
meg,delta,81,0.323961194493983,0.34946167977286213
meg,delta,83,0.3614415369058018,0.33489757421933697
meg,delta,85,0.3008723246251664,0.33094836741609096
meg,delta,87,0.3268921210075155,0.3381946008292991
meg,delta,89,0.3481399723842962,0.3646069465730439
meg,delta,91,0.3098150319778002,0.3451514147902442
meg,delta,93,0.3648597479394052,0.3568156505443002
meg,delta,95,0.349924834253632,0.3583307051089184
meg,delta,97,0.3039292583938773,0.33874254913273594
meg,delta,99,0.3213188887986922,0.34920326687230846
meg,delta,101,0.3354593215303288,0.3610701026016332
meg,delta,103,0.3419125774327446,0.36824109183142534
meg,delta,105,0.304538010122677,0.3504251293348116
meg,delta,107,0.3146443436683064,0.36197508942907985
meg,delta,109,0.3337153325110306,0.3695196412708882
meg,delta,111,0.3299388984839121,0.3554310981036834
meg,delta,113,0.3202541866085746,0.3557390015280735
meg,delta,115,0.3388395187182304,0.36606113417512787
meg,delta,119,0.3141647052764892,0.30283164359334785
meg,delta,121,0.3002410697631347,0.32315963896412264
meg,delta,123,0.2953240187307404,0.2876034839674804
meg,delta,125,0.2510429917205691,0.25150313832088556
meg,delta,127,0.2489283233880996,0.24911143494550333
meg,delta,129,0.2637118275121132,0.26078959531822643
meg,delta,131,0.2573943099667949,0.2587412179512457
meg,delta,133,0.2587473253050004,0.25669852003994265
meg,delta,135,0.2681629652754542,0.2737924231331748
meg,delta,137,0.2715111245729805,0.2722942609466315
meg,delta,139,0.2777935496127385,0.2729115531794147
meg,delta,141,0.2804742403539437,0.2695904600331892
meg,delta,143,0.2827162044768286,0.27272353043985154
meg,delta,145,0.2964197648583718,0.2954763399993491
meg,delta,147,0.2558715104504868,0.260447660868597
meg,delta,149,0.2654093284553019,0.28231799729366297
meg,delta,151,0.2721725658458822,0.2688278926149495
meg,delta,153,0.2787284243960595,0.2750263165020662
meg,delta,155,0.2889064519493668,0.30521085008693544
meg,delta,157,0.3089090347290039,0.3237481890058493
meg,delta,159,0.2661181280452214,0.29350452436368957
meg,delta,161,0.2641820545096534,0.29829133892752435
meg,delta,163,0.3149499800913503,0.31318403269028305
meg,delta,165,0.3621949767166713,0.35899417537840267
meg,delta,167,0.3529400797990652,0.3479418689762427
meg,delta,169,0.3461492644703906,0.3454930002319452
meg,delta,171,0.3270654591985724,0.3336434396210174
meg,delta,173,0.3423168601261245,0.3385713917328151
meg,delta,175,0.3019506811321555,0.2888803028689371
meg,delta,179,0.3645754058635672,0.35787923275687317
meg,delta,181,0.2297153693009046,0.27429117468360453
meg,delta,183,0.32922376304244,0.32573347776605827
meg,delta,185,0.3073662995828866,0.2934119407621845
meg,delta,187,0.2581802616144884,0.37160033066122644
meg,delta,189,0.3001927650045781,0.2544133439937609
meg,delta,191,0.2707411281050068,0.25274345300919004
meg,delta,193,0.2770546208771448,0.25265266196821123
meg,delta,195,0.3137857650240807,0.265107900457708
meg,delta,197,0.2933355672783596,0.2547176750356492
meg,delta,199,0.2758034105469559,0.26780291079368057
meg,delta,201,0.2865556787913013,0.28731535917396733
meg,delta,203,0.2818476366996765,0.2524542481775259
meg,delta,205,0.2947694547581741,0.27767423477405545
meg,delta,207,0.2490744125952414,0.2533086149785002
meg,delta,209,0.2576366575837832,0.25892511121280565
meg,theta,1,0.3099467358628257,0.25135808004974025
meg,theta,3,0.3164290766936439,0.2504080058702438
meg,theta,5,0.3118081570932152,0.2479501686614371
meg,theta,7,0.3074202339140757,0.2520249620029973
meg,theta,9,0.2949260397599293,0.25177426410854725
meg,theta,11,0.3145563038643341,0.24997923531706473
meg,theta,13,0.2982031907285413,0.24897404244000274
meg,theta,15,0.3014770204520357,0.24771902222274683
meg,theta,17,0.2956741031163778,0.2508642205539782
meg,theta,19,0.2885732921793705,0.24833506293776364
meg,theta,21,0.2853635014589473,0.248125392636188
meg,theta,23,0.3076505228602813,0.25084954317777003
meg,theta,25,0.3043166658457588,0.25210064491791984
meg,theta,27,0.273238978936122,0.24830434739206658
meg,theta,29,0.2852055771010263,0.24974719046132082
meg,theta,31,0.2785361761046994,0.250166943581732
meg,theta,33,0.2738624496819222,0.2503583900661055
meg,theta,35,0.2713185657347952,0.24972711549905702
meg,theta,37,0.2766510975953624,0.2489606983569293
meg,theta,39,0.269666333359184,0.2490856119280651
meg,theta,41,0.280861123016587,0.2493550386015209
meg,theta,43,0.2681180573561612,0.24810402437818907
meg,theta,45,0.265390057304052,0.2477403246323913
meg,theta,47,0.2655311322691452,0.24841667941531187
meg,theta,49,0.1989334711305252,0.24724038172761476
meg,theta,51,0.2699746394891874,0.2491796511056491
meg,theta,53,0.2705152182875272,0.24916205890107798
meg,theta,55,0.2888439235140065,0.2516323981075538
meg,theta,57,0.2661460608410902,0.24937347742733024
meg,theta,59,0.2851060454782687,0.2516800789856186
meg,theta,61,0.2540826942712542,0.24817108788293138
meg,theta,63,0.2834996597590736,0.2509084417536521
meg,theta,65,0.2586258863358153,0.24502435850666368
meg,theta,67,0.2773593902378015,0.25043737373712016
meg,theta,71,0.2469640828314281,0.2424189954691143
meg,theta,73,0.2445483857056586,0.24139522923170043
meg,theta,75,0.2464528449624776,0.23725908648792032
meg,theta,77,0.2425159309154901,0.21830924598022558
meg,theta,79,0.2469056118031342,0.2305402860031754
meg,theta,81,0.248061980351363,0.23581471566644763
meg,theta,83,0.2456697195314514,0.2188108716452003
meg,theta,85,0.2438253096145827,0.24257699160841198
meg,theta,87,0.2473038681951405,0.229872443495223
meg,theta,89,0.2417777242945201,0.23194143611453957
meg,theta,91,0.2460288829528368,0.2468616334024857
meg,theta,93,0.2406260754946058,0.22290375944569135
meg,theta,95,0.2460502514215273,0.2305000057351901
meg,theta,97,0.2436310548818748,0.24499303559437566
meg,theta,99,0.2486805264887056,0.24007661639063987
meg,theta,101,0.2440516958013177,0.2325241087641178
meg,theta,103,0.2405030586701982,0.19137968329007626
meg,theta,105,0.2305851239270676,0.24906516369169926
meg,theta,107,0.2430181023940234,0.25317422112549326
meg,theta,109,0.2242968908430617,0.18327882976092397
meg,theta,111,0.2380492535599491,0.18890247892596956
meg,theta,113,0.2411684136499058,0.24668028691118932
meg,theta,115,0.2380934670949593,0.17921818062419387
meg,theta,119,0.2402609618504842,0.22918163775722172
meg,theta,121,0.2476593238420975,0.2375388249082235
meg,theta,123,0.2443457255556001,0.23908409030266767
meg,theta,125,0.2372242205274042,0.23974469473656468
meg,theta,127,0.2260079325461874,0.22384700335593338
meg,theta,129,0.2433757906930047,0.2464539746705337
meg,theta,131,0.2476335115490421,0.24777544002762997
meg,theta,133,0.2402234623231083,0.23541730436844183
meg,theta,135,0.2242416473880909,0.22911307640657183
meg,theta,137,0.2402424027486082,0.2311000705152269
meg,theta,139,0.248114009698232,0.2421317325040692
meg,theta,141,0.2489585702130997,0.23360917314632484
meg,theta,143,0.238432154004084,0.2311094549526127
meg,theta,145,0.2525103712419294,0.24283674666795957
meg,theta,147,0.232388105822934,0.22895962597077393
meg,theta,149,0.2482799279255483,0.24735025876705047
meg,theta,151,0.2234108882726927,0.2128934706605232
meg,theta,153,0.243420972155323,0.22536888128745153
meg,theta,155,0.2573265456711804,0.26677193665386406
meg,theta,157,0.2523745768948605,0.2620407792147615
meg,theta,159,0.2428971214240856,0.2634412538853778
meg,theta,161,0.259176943311365,0.26369454469678366
meg,theta,163,0.2470535332313641,0.24720322543373532
meg,theta,165,0.2600573858000197,0.24858738055462576
meg,theta,167,0.2698074576946405,0.2566716658792198
meg,theta,169,0.2484461483748062,0.253376549392398
meg,theta,171,0.2511900433931838,0.2544406131457133
meg,theta,173,0.2615581390758355,0.25712764902841134
meg,theta,175,0.2582719169911884,0.2454959444713594
meg,theta,179,0.3015251872739242,0.30104574516781374
meg,theta,181,0.1790479007694456,0.22350619448647002
meg,theta,183,0.28783053252846,0.289632716460963
meg,theta,185,0.2675370248179362,0.2532885066961413
meg,theta,187,0.1949436667768713,0.2808038169596492
meg,theta,189,0.2172896082379988,0.17569740079408422
meg,theta,191,0.2110712969956332,0.16702902185447246
meg,theta,193,0.2121121019479774,0.15394254933956777
meg,theta,195,0.2332906786301364,0.20350672558621338
meg,theta,197,0.2248143025887856,0.18366840661709202
meg,theta,199,0.2164237680829989,0.22616730644498
meg,theta,201,0.2313009740630532,0.23722384447786282
meg,theta,203,0.2115657150286894,0.16630061871619428
meg,theta,205,0.2172918467854903,0.22472186700647961
meg,theta,207,0.2042735689276949,0.2006261024589152
meg,theta,209,0.2199800619256426,0.2242873928435352
meg,alpha,1,0.2159518640549456,0.2583421867429469
meg,alpha,3,0.1948020516955939,0.2636312541615447
meg,alpha,5,0.1788149490457287,0.2513187541586643
meg,alpha,7,0.2253735953947309,0.2647503876585319
meg,alpha,9,0.2422702985696303,0.27336798333232404
meg,alpha,11,0.1914889438633333,0.25016549604412824
meg,alpha,13,0.1802050909928737,0.23912661374478875
meg,alpha,15,0.187447729031684,0.26048186694736075
meg,alpha,17,0.2110146957330214,0.263593911044629
meg,alpha,19,0.1886883100538741,0.25977751774084334
meg,alpha,21,0.1970342203685781,0.268151185048609
meg,alpha,23,0.1930902217246272,0.2650019629292029
meg,alpha,25,0.2182320142493528,0.26625641891365
meg,alpha,27,0.1893096155845202,0.25971759910939773
meg,alpha,29,0.2187257894223794,0.2578462346361281
meg,alpha,31,0.207223101585142,0.2500788927030664
meg,alpha,33,0.2210097636466157,0.25009450222627994
meg,alpha,35,0.2082231933517115,0.24965541939153096
meg,alpha,37,0.2203059699489266,0.2602805087799439
meg,alpha,39,0.2407941772794047,0.27841810974472325
meg,alpha,41,0.1916950257426058,0.23913819174869366
meg,alpha,43,0.2105430878260556,0.24423537063665077
meg,alpha,45,0.213232844027394,0.2504435677466379
meg,alpha,47,0.1986806671224047,0.24135511972985899
meg,alpha,49,0.1794861549647843,0.23436954096235912
meg,alpha,51,0.2170243912963505,0.24122030040922005
meg,alpha,53,0.271499562179875,0.29116490894321173
meg,alpha,55,0.2534737207850472,0.2795987857319757
meg,alpha,57,0.2983023389046933,0.302223586732755
meg,alpha,59,0.2654434399385201,0.2908961590937404
meg,alpha,61,0.280858484147087,0.2947486243240055
meg,alpha,63,0.2342648410624124,0.27146467767044047
meg,alpha,65,0.3190328388689309,0.31877687245570885
meg,alpha,67,0.27053252093389,0.2974724888417805
meg,alpha,69,0.1628306265308263,0.2241555836814938
meg,alpha,71,0.3412296061477964,0.3271390636626486
meg,alpha,73,0.312624937133809,0.28581590284103997
meg,alpha,75,0.3342733033001422,0.3092614358845472
meg,alpha,77,0.247096650646283,0.2381569382749466
meg,alpha,79,0.2831732389330864,0.2625473242070896
meg,alpha,81,0.3106800483004882,0.271925818782439
meg,alpha,83,0.2648308929906884,0.26890408343004213
meg,alpha,85,0.3380413635111436,0.3022482352701711
meg,alpha,87,0.3137009975637898,0.27654672239244144
meg,alpha,89,0.2949227757418333,0.26249743381013896
meg,alpha,91,0.330039504246834,0.2946378152326705
meg,alpha,93,0.2640165246165959,0.2517952728290926
meg,alpha,95,0.283885407670636,0.2569970907812065
meg,alpha,97,0.3379494702543011,0.29566498981028305
meg,alpha,99,0.3118588626384735,0.2774828261683054
meg,alpha,101,0.3036262699299388,0.25691584026112374
meg,alpha,103,0.2967344760018237,0.21429984864233712
meg,alpha,105,0.3532360884518669,0.3019715716227693
meg,alpha,107,0.3288743381768885,0.2890396878624638
meg,alpha,109,0.2681730040061621,0.20546893204738265
meg,alpha,111,0.3132988674598828,0.20260498726535153
meg,alpha,113,0.3200935753909024,0.2742896352680958
meg,alpha,115,0.3038238905943357,0.2008506667768521
meg,alpha,119,0.3222100234031677,0.34705571782559336
meg,alpha,121,0.3377944088899172,0.2996095498882534
meg,alpha,123,0.3428476751874812,0.34607719574044815
meg,alpha,125,0.3704884468884992,0.33740729375092726
meg,alpha,127,0.3895298609928209,0.3484112547453927
meg,alpha,129,0.3460304502004422,0.33038996037419543
meg,alpha,131,0.3433725557980999,0.32846182300694887
meg,alpha,133,0.3598399921114665,0.34111632053375596
meg,alpha,135,0.3876675084304581,0.35001427968446086
meg,alpha,137,0.3509315971482606,0.34578522734153866
meg,alpha,139,0.3255053637814482,0.3297668328490933
meg,alpha,141,0.3317971216567461,0.33922350949337887
meg,alpha,143,0.3575201884354695,0.3459208681232347
meg,alpha,145,0.3226028397960483,0.3275797297066104
meg,alpha,147,0.378540731911306,0.3350495189679364
meg,alpha,149,0.3463829029445073,0.30365907485694843
meg,alpha,151,0.3825214652584009,0.3762001840962562
meg,alpha,153,0.3469339115075787,0.34144329290607833
meg,alpha,155,0.2980559621475361,0.3044104291193752
meg,alpha,157,0.3071830094644898,0.30014699242797743
meg,alpha,159,0.3326052837827232,0.3086467520713246
meg,alpha,161,0.3175219407934226,0.3087714508931426
meg,alpha,163,0.3120534420013428,0.30945315273673085
meg,alpha,165,0.2390310259641341,0.210303874734943
meg,alpha,167,0.2368508885686214,0.24531293133140242
meg,alpha,169,0.2795509888750055,0.25109851886602125
meg,alpha,171,0.2894992824982513,0.2802898754815203
meg,alpha,173,0.2600550531513161,0.2661906883688546
meg,alpha,175,0.2958166934711077,0.31281233704492545
meg,alpha,179,0.2017396144685945,0.1696876895011952
meg,alpha,181,0.2347940221136691,0.37792047360637054
meg,alpha,183,0.2397555938611427,0.2353238588460887
meg,alpha,185,0.2736212753261309,0.30598737267517456
meg,alpha,187,0.1351640138396604,0.16110759299533844
meg,alpha,189,0.377904000913813,0.25932624990034026
meg,alpha,191,0.4141239452035459,0.2340000808343181
meg,alpha,193,0.40681011880201,0.1913886228110112
meg,alpha,195,0.3390783288707472,0.31856907438255266
meg,alpha,197,0.3684576703991503,0.28065228924556945
meg,alpha,199,0.393942256736602,0.3446811480328219
meg,alpha,201,0.3715545703081568,0.3559268887694911
meg,alpha,203,0.3937851119958437,0.23142330848633536
meg,alpha,205,0.3716754034719824,0.33576664914419624
meg,alpha,207,0.4307239871779713,0.33212712784069753
meg,alpha,209,0.3969549028671276,0.3637590825500093
meg,beta,1,0.1079102963941996,0.11937348834834369
meg,beta,3,0.103601349241252,0.12100738362211946
meg,beta,5,0.0960881000784228,0.10663511256119544
meg,beta,7,0.1136112702897715,0.12552918133492855
meg,beta,9,0.1134318438860086,0.1348472010432487
meg,beta,11,0.1004683822393417,0.10960753047716972
meg,beta,13,0.0955868171507953,0.09185936816156746
meg,beta,15,0.0978362031527975,0.09911738388543241
meg,beta,17,0.1083411146815006,0.1160928667226069
meg,beta,19,0.0958125487439275,0.08251734491545926
meg,beta,21,0.1007840482523236,0.0908739767158053
meg,beta,23,0.1047884869657776,0.1209683417044196
meg,beta,25,0.1128857079089856,0.1262479607982477
meg,beta,27,0.0933348072836032,0.07877292355987044
meg,beta,29,0.1072182087297726,0.10503429788615865
meg,beta,31,0.1014805280873852,0.09710515649799614
meg,beta,33,0.1037196196003319,0.09913519768635244
meg,beta,35,0.0964901590985911,0.08489956969075857
meg,beta,37,0.0979905628203028,0.09675631142345253
meg,beta,39,0.1042645016671918,0.10549780834925951
meg,beta,41,0.0918142736234046,0.07288097264243493
meg,beta,43,0.0898152602946057,0.0812063502755711
meg,beta,45,0.0853934934643726,0.07972075093362292
meg,beta,47,0.0866353792611079,0.07441261848827423
meg,beta,49,0.0656735855041117,0.08270103943473125
meg,beta,51,0.09337683841233,0.08302417758100887
meg,beta,53,0.1181783204177816,0.12477548445120058
meg,beta,55,0.1231834289724709,0.1376278306853077
meg,beta,57,0.1285863257005435,0.14077491507418133
meg,beta,59,0.1224756267509962,0.15209219473715874
meg,beta,61,0.0971248581295921,0.10819387674475316
meg,beta,63,0.1104070884925079,0.11930113619921259
meg,beta,65,0.1167575881858052,0.11404472671331153
meg,beta,67,0.1241564968941916,0.14148079962834792
meg,beta,71,0.09029567163615,0.10150416463260419
meg,beta,73,0.0875563066780068,0.09381472829661211
meg,beta,75,0.0871679445728659,0.09050298811765495
meg,beta,77,0.0790571399988272,0.0777492159016841
meg,beta,79,0.0830339855452378,0.08404481549709114
meg,beta,81,0.0813692073420722,0.07614052642193125
meg,beta,83,0.0817433831655434,0.07985078504323397
meg,beta,85,0.086211536306797,0.08160915777796447
meg,beta,87,0.0808218275521127,0.08138652616717203
meg,beta,89,0.0788339335304587,0.07440977498653305
meg,beta,91,0.0836355909705162,0.07964374759073566
meg,beta,93,0.0816401371122461,0.07241795528005143
meg,beta,95,0.0791057722173004,0.07297983928035352
meg,beta,97,0.0841673000054505,0.07914084450375047
meg,beta,99,0.0825384897284938,0.0759950149276567
meg,beta,101,0.0798287376657956,0.0725421295101965
meg,beta,103,0.0818241792566636,0.06401097103605126
meg,beta,105,0.082353566068049,0.08165170995444307
meg,beta,107,0.0820700144054184,0.08007110606641475
meg,beta,109,0.0757035506360324,0.06222646070215938
meg,beta,111,0.0829380601644516,0.0668416533870759
meg,beta,113,0.084935504401272,0.07963507134512238
meg,beta,115,0.0819280235431133,0.061794103368117526
meg,beta,119,0.0872281367580096,0.08681929078548987
meg,beta,121,0.0870544669337761,0.08641770266488381
meg,beta,123,0.0899242252060228,0.09595081372742839
meg,beta,125,0.1126490761940391,0.10183848780567911
meg,beta,127,0.1080814429995965,0.09362234408968445
meg,beta,129,0.1199308084034771,0.10200506847290766
meg,beta,131,0.121049870839042,0.10438002085093934
meg,beta,133,0.1144268479811618,0.09755419988835307
meg,beta,135,0.094245592747151,0.09060357685344149
meg,beta,137,0.1106175275236858,0.09152161283470799
meg,beta,139,0.1187903864100151,0.09930809512283709
meg,beta,141,0.1085510622864195,0.09247374306456116
meg,beta,143,0.095489415054274,0.09145333396753383
meg,beta,145,0.1006942669738013,0.09638645622715317
meg,beta,147,0.1056536824338966,0.09340342174593304
meg,beta,149,0.1119513388479774,0.09924129061683033
meg,beta,151,0.0946352527779171,0.08555191534896299
meg,beta,153,0.1026713058589624,0.09162026834603484
meg,beta,155,0.1231866762925077,0.11378851597846154
meg,beta,157,0.0997959609094419,0.10530942654480623
meg,beta,159,0.1285470210936632,0.11340650871107047
meg,beta,161,0.1258999861891959,0.1133243236764693
meg,beta,163,0.09254080275362,0.09613908319390774
meg,beta,165,0.0902831375880061,0.0735893713195127
meg,beta,167,0.0986039891265905,0.08176614762121295
meg,beta,169,0.0862534562854663,0.077658797756797
meg,beta,171,0.093843861313706,0.09142290782526717
meg,beta,173,0.0960587844321573,0.0887949659936984
meg,beta,175,0.1083772132794062,0.09941654272956732
meg,beta,179,0.0973811072360782,0.08969119497266807
meg,beta,181,0.06880895362473,0.09292210222656973
meg,beta,183,0.1060019367141649,0.10460279098285044
meg,beta,185,0.1138286285218179,0.10518575197182946
meg,beta,187,0.0641792682721653,0.08801661297652502
meg,beta,189,0.0797309789008327,0.05239359099037241
meg,beta,191,0.0815794815143493,0.04464046570223839
meg,beta,193,0.0794187032632411,0.029908821672723046
meg,beta,195,0.083765060342338,0.07597587107830436
meg,beta,197,0.086219952102358,0.061432004332952525
meg,beta,199,0.0867467081096394,0.08871664321762782
meg,beta,201,0.0837302585458679,0.09036360427344173
meg,beta,203,0.0832427852199627,0.044210502447308155
meg,beta,205,0.0843171540229052,0.08267384370648753
meg,beta,207,0.0898122778589572,0.08164883564962344
meg,beta,209,0.09968810881439,0.09937580384551006
meg,gamma1,1,0.0248076506447596,0.023474352473237824
meg,gamma1,3,0.0257071818195627,0.023387918081718063
meg,gamma1,5,0.0289152691146398,0.022979832228654986
meg,gamma1,7,0.0252454318642959,0.02370508004680159
meg,gamma1,9,0.0246719162624615,0.023571718596125602
meg,gamma1,11,0.0255845384999063,0.02319860769104881
meg,gamma1,13,0.0306226584850059,0.02279877547241068
meg,gamma1,15,0.0275251829780597,0.022638481788257545
meg,gamma1,17,0.0246464254286808,0.023176954247983775
meg,gamma1,19,0.0303651515878443,0.02188381324732655
meg,gamma1,21,0.0296222830082901,0.02200901990406986
meg,gamma1,23,0.02570648259409,0.02343000807725473
meg,gamma1,25,0.0244524603161741,0.02373356338601764
meg,gamma1,27,0.0341073646854895,0.021577689518232118
meg,gamma1,29,0.0251122643064735,0.02272745034600361
meg,gamma1,31,0.0290625683482616,0.02285283423642087
meg,gamma1,33,0.0285923025022222,0.022945835389326714
meg,gamma1,35,0.0309070175247533,0.022265493327252084
meg,gamma1,37,0.0256767017324326,0.02266623309847907
meg,gamma1,39,0.0260960368954754,0.022504204012789707
meg,gamma1,41,0.0289491604651427,0.021968831436302173
meg,gamma1,43,0.028687884034041,0.022426764155836026
meg,gamma1,45,0.027033221559318,0.021975804165375874
meg,gamma1,47,0.0304528651899428,0.02194277031654949
meg,gamma1,49,0.0192469362589735,0.0224980009032332
meg,gamma1,51,0.0276238494045079,0.02264691645126781
meg,gamma1,53,0.022703576385079,0.022663099290136234
meg,gamma1,55,0.0245900436136566,0.023585799982922543
meg,gamma1,57,0.0242286196463749,0.022774744346345757
meg,gamma1,59,0.0259426043908062,0.023610115537078778
meg,gamma1,61,0.0231254507329255,0.02220214359083714
meg,gamma1,63,0.0241896546983939,0.023377268958067902
meg,gamma1,65,0.0226236491550489,0.020912385673588264
meg,gamma1,67,0.0251241336432351,0.022972200822110017
meg,gamma1,69,0.0178849677262311,0.026458995403927692
meg,gamma1,71,0.0167874649019231,0.022600264082588663
meg,gamma1,73,0.0193839565515674,0.02434635179640364
meg,gamma1,75,0.0182777983509004,0.022893371362414816
meg,gamma1,77,0.0227052601293111,0.026114627799807937
meg,gamma1,79,0.0225660092197358,0.025306651690612775
meg,gamma1,81,0.0209452820628291,0.025026854852329347
meg,gamma1,83,0.0263223888229597,0.024805137645096727
meg,gamma1,85,0.0187947355755945,0.023235076059874963
meg,gamma1,87,0.0186964415641589,0.02464738398396625
meg,gamma1,89,0.0212429226167611,0.026744578470174477
meg,gamma1,91,0.0183936630447323,0.024411184107613535
meg,gamma1,93,0.0275541625389483,0.02611263606325148
meg,gamma1,95,0.0234857857854009,0.02591623788834513
meg,gamma1,97,0.0183606230803118,0.023766820611858485
meg,gamma1,99,0.020804024378496,0.024794283353986316
meg,gamma1,101,0.021491422641298,0.02605743360668001
meg,gamma1,103,0.0227933992522166,0.02814622298604388
meg,gamma1,105,0.018131387119476,0.02499682742587624
meg,gamma1,107,0.0188985700653472,0.025977303364232953
meg,gamma1,109,0.0212811542973842,0.028530422414279694
meg,gamma1,111,0.0213269162923097,0.028100377925156694
meg,gamma1,113,0.0202390346506779,0.026382152655095505
meg,gamma1,115,0.0221252812980077,0.02846755024370537
meg,gamma1,119,0.0217468022803465,0.020677180960952533
meg,gamma1,121,0.0169375808384173,0.023161752014396842
meg,gamma1,123,0.0172214578145865,0.019892927235125327
meg,gamma1,125,0.019985635642996,0.01907656664505919
meg,gamma1,127,0.0188507481345108,0.017944518469302614
meg,gamma1,129,0.0192520613637492,0.019561430565038677
meg,gamma1,131,0.0218465954786346,0.02005454098849227
meg,gamma1,133,0.0188650121934801,0.018527466618361202
meg,gamma1,135,0.0170283870187779,0.017936736693279602
meg,gamma1,137,0.0180931406425928,0.018077255878134725
meg,gamma1,139,0.0200403954715185,0.019963396275398206
meg,gamma1,141,0.0195093719625524,0.018351694842198785
meg,gamma1,143,0.0168070100008113,0.018075972943542486
meg,gamma1,145,0.018246253340874,0.020506305852867505
meg,gamma1,147,0.019275206092883,0.018662084718536663
meg,gamma1,149,0.0203223435264361,0.021313173301983946
meg,gamma1,151,0.0181685026231869,0.01678948086718692
meg,gamma1,153,0.0196432511344433,0.018659869014363072
meg,gamma1,155,0.0223760837150944,0.023700999879637173
meg,gamma1,157,0.0203225749348731,0.023709413464966068
meg,gamma1,159,0.021133347801613,0.022970142309249528
meg,gamma1,161,0.0241832637308251,0.023631137353802404
meg,gamma1,163,0.0209953221317115,0.020343868416426995
meg,gamma1,165,0.0288615979359678,0.02280252552095074
meg,gamma1,167,0.0260375082636108,0.021807826600794573
meg,gamma1,169,0.0236082670845739,0.020882060503585202
meg,gamma1,171,0.0236564760350368,0.02146542930924138
meg,gamma1,173,0.024719165103441,0.0217439778371818
meg,gamma1,175,0.0239520732361774,0.021008433850031333
meg,gamma1,179,0.0236370825155087,0.027132744193104442
meg,gamma1,181,0.0164744807102906,0.01781013016687149
meg,gamma1,183,0.0251959257972581,0.024834467125206625
meg,gamma1,185,0.0256408826192271,0.022172945955668207
meg,gamma1,187,0.0174410489193577,0.02932936775739117
meg,gamma1,189,0.0160770408609615,0.017775054427556194
meg,gamma1,191,0.014945767916841,0.018195250683113104
meg,gamma1,193,0.0158251191615053,0.01882148429793672
meg,gamma1,195,0.0186825339669642,0.017566672990770183
meg,gamma1,197,0.0175508879581932,0.017639054178614572
meg,gamma1,199,0.0175642399386865,0.017544201207976257
meg,gamma1,201,0.0169469213801299,0.018088380893286085
meg,gamma1,203,0.0185894004255533,0.018267675768167527
meg,gamma1,205,0.019885172573608,0.01786357825893323
meg,gamma1,207,0.0172076474174583,0.01712982149691041
meg,gamma1,209,0.0174629906116173,0.01757616244304239
meg,gamma2,1,0.0100918413277287,0.011699171795327272
meg,gamma2,3,0.0119877111964344,0.01226229532692636
meg,gamma2,5,0.0159728293169256,0.012133170660086765
meg,gamma2,7,0.0101427274141514,0.01232461331694733
meg,gamma2,9,0.0095400969115778,0.010930744698672697
meg,gamma2,11,0.0121031459747699,0.012055102404225583
meg,gamma2,13,0.0176767422542256,0.012008224115561029
meg,gamma2,15,0.0148094482308263,0.012676252008790112
meg,gamma2,17,0.0116154610107724,0.012549432804352027
meg,gamma2,19,0.0177937059069243,0.012747479753797216
meg,gamma2,21,0.0168824780144189,0.012681189783878197
meg,gamma2,23,0.0123343635379033,0.012544622252001716
meg,gamma2,25,0.010083543198804,0.012540557155533162
meg,gamma2,27,0.0220186670382435,0.012620751368367747
meg,gamma2,29,0.0128193340243253,0.012779129216459038
meg,gamma2,31,0.0168980611428137,0.013633007545884984
meg,gamma2,33,0.0168742804902873,0.013791541158907752
meg,gamma2,35,0.0195385948488754,0.013531654516302203
meg,gamma2,37,0.0143486622190977,0.01419070855035471
meg,gamma2,39,0.0152494625538481,0.012951267665490103
meg,gamma2,41,0.0170213477427346,0.012780380803709874
meg,gamma2,43,0.018315753740642,0.014845794155541563
meg,gamma2,45,0.0173203468052202,0.013858773687937974
meg,gamma2,47,0.0198986545560797,0.013326622896615124
meg,gamma2,49,0.0123114760130325,0.014188182850259164
meg,gamma2,51,0.0170163018099292,0.015061535735165126
meg,gamma2,53,0.0102539255520802,0.011309887314706987
meg,gamma2,55,0.0094292172948356,0.011320897173383141
meg,gamma2,57,0.0084443335403122,0.009983203442055881
meg,gamma2,59,0.0100899029376083,0.010022578692719731
meg,gamma2,61,0.0144079019921639,0.012495517418425781
meg,gamma2,63,0.0121526003503154,0.012738868315202755
meg,gamma2,65,0.0082401760783417,0.009237272086382012
meg,gamma2,67,0.0090558860372279,0.009917984781126113
meg,gamma2,69,0.0132901436373801,0.016795054539555463
meg,gamma2,71,0.0094868689139802,0.012544698320012614
meg,gamma2,73,0.0119429636672606,0.014580058843985631
meg,gamma2,75,0.011608533123508,0.013070571732530178
meg,gamma2,77,0.0156585519416974,0.016762644831909375
meg,gamma2,79,0.0157629477170606,0.015481114543063165
meg,gamma2,81,0.0149822861952061,0.015646542365262105
meg,gamma2,83,0.0199920773543984,0.014942498682802778
meg,gamma2,85,0.0122547275329962,0.013958309681528943
meg,gamma2,87,0.0125847462341604,0.015002323075773727
meg,gamma2,89,0.0150826663307067,0.01712165466874259
meg,gamma2,91,0.0120873283236645,0.015126497422034601
meg,gamma2,93,0.021303352677321,0.016514729410526063
meg,gamma2,95,0.0175479472849831,0.01646001737318011
meg,gamma2,97,0.0119622979483759,0.0145577362044141
meg,gamma2,99,0.0147992043048703,0.015508389611309863
meg,gamma2,101,0.0155425531621504,0.01663914056250805
meg,gamma2,103,0.0162323092055671,0.018112361140744125
meg,gamma2,105,0.0111558255308066,0.015670399215219913
meg,gamma2,107,0.01249463257288,0.016566886782940736
meg,gamma2,109,0.0151016667692197,0.018379911273643072
meg,gamma2,111,0.0144479988273559,0.017163654990784025
meg,gamma2,113,0.0133092802441255,0.01660801976031275
meg,gamma2,115,0.015189807742643,0.018109040835663247
meg,gamma2,119,0.014389365799725,0.012104961775404975
meg,gamma2,121,0.0103131529087057,0.013586196719626143
meg,gamma2,123,0.010336902270996,0.010364723383080093
meg,gamma2,125,0.008609628290211,0.00987706664412678
meg,gamma2,127,0.00860169374441,0.00994710008524015
meg,gamma2,129,0.007699064355089,0.010261923776254085
meg,gamma2,131,0.0087031511079159,0.010218700308101986
meg,gamma2,133,0.0078973573460486,0.010008930556028497
meg,gamma2,135,0.0086538989673943,0.010210166047388898
meg,gamma2,137,0.0086042086476327,0.010272552493977396
meg,gamma2,139,0.0097562948747271,0.010827346580141837
meg,gamma2,141,0.0107096368933912,0.010413201218104705
meg,gamma2,143,0.0090350278683172,0.010280915310118436
meg,gamma2,145,0.0095265030078941,0.011638836394813563
meg,gamma2,147,0.0082707665981379,0.01050370511605754
meg,gamma2,149,0.0076541620477491,0.011387888353749636
meg,gamma2,151,0.009091322403604,0.009668521269581995
meg,gamma2,153,0.0086021346857756,0.01067634202376085
meg,gamma2,155,0.0101482813281041,0.011057467431277227
meg,gamma2,157,0.0114148386705078,0.012507426553650003
meg,gamma2,159,0.0086990981153474,0.010653457250559644
meg,gamma2,161,0.0090358125839472,0.010960018170451289
meg,gamma2,163,0.0124069232275421,0.011915609246981153
meg,gamma2,165,0.0195718746685053,0.01572443574796274
meg,gamma2,167,0.0157600785533969,0.013952149471915656
meg,gamma2,169,0.0159918739328808,0.013803242558560037
meg,gamma2,171,0.0147448779634115,0.0129211704667066
meg,gamma2,173,0.0152919989044743,0.013227860778908973
meg,gamma2,175,0.0116314174913805,0.010290981991261149
meg,gamma2,179,0.0111416052510054,0.014254253071965014
meg,gamma2,181,0.0097213652824946,0.00930185263736293
meg,gamma2,183,0.0119922471349127,0.011463090114471369
meg,gamma2,185,0.0120058867385504,0.010397470417881319
meg,gamma2,187,0.0092361225512496,0.017042931291695027
meg,gamma2,189,0.0088056111181642,0.008654468945319405
meg,gamma2,191,0.00753837994185,0.00866042382929915
meg,gamma2,193,0.0087793360460579,0.008788617232876182
meg,gamma2,195,0.0113976338061771,0.009282859561651471
meg,gamma2,197,0.0096216192259895,0.008623328043520808
meg,gamma2,199,0.0095196153213931,0.008757266520391315
meg,gamma2,201,0.0099115996965604,0.01080213605514043
meg,gamma2,203,0.0109693494525093,0.008673170043082252
meg,gamma2,205,0.0120609669250997,0.009687691684991765
meg,gamma2,207,0.0089081034722199,0.008429995459521144
meg,gamma2,209,0.0082772790865526,0.008594353823053829
enigma,22q,1,0.44637533124590056,0.24647652018280916
enigma,22q,3,0.5006282794160579,0.2528671348069557
enigma,22q,5,0.5181688733836879,0.22236607450373772
enigma,22q,7,0.4818936991930848,0.25595348473880053
enigma,22q,9,0.4406077087948714,0.2597859979345806
enigma,22q,11,0.4311931250292391,0.23768493123696535
enigma,22q,13,0.47986236919354747,0.2008329079276488
enigma,22q,15,0.6700507615745832,0.21577767820122093
enigma,22q,17,0.540096957051281,0.2514589958476453
enigma,22q,19,0.6806114444881893,0.1848401328385962
enigma,22q,21,0.6783666494182794,0.20840684347128785
enigma,22q,23,0.5689762763496928,0.25328874286454417
enigma,22q,25,0.49137513501960844,0.2576000762509405
enigma,22q,27,0.6069856156923068,0.1850392534223601
enigma,22q,29,0.5539323496240598,0.24633578107946752
enigma,22q,31,0.5860230946451606,0.22789552100038796
enigma,22q,33,0.5502455011643835,0.2343486616034208
enigma,22q,35,0.5062568326428565,0.1999672416233238
enigma,22q,37,0.5625338670718234,0.23928551520984473
enigma,22q,39,0.5337116597163123,0.23788116769817208
enigma,22q,41,0.48947598560185196,0.16950253819847444
enigma,22q,43,0.48381813335294116,0.21558658495981733
enigma,22q,45,0.4884938248044696,0.21189445929338965
enigma,22q,47,0.5060746701507541,0.19072112543759737
enigma,22q,49,0.5141439601020409,0.22633167814699964
enigma,22q,51,0.5208120676777249,0.21759053208591134
enigma,22q,53,0.4646097390581166,0.2565003538874894
enigma,22q,55,0.42930998806557397,0.26687494412015017
enigma,22q,57,0.4830971173949585,0.26945983956463754
enigma,22q,59,0.446703369894737,0.2778589639970283
enigma,22q,61,0.5070478354285717,0.23775382874670714
enigma,22q,63,0.4450343461213713,0.2414556988000251
enigma,22q,65,0.4914488292783498,0.23667458141151831
enigma,22q,67,0.5164761471126755,0.26292284449337605
enigma,22q,69,0.02151123151455396,0.48870458098586655
enigma,22q,71,-0.2692703247365083,0.45911350174735804
enigma,22q,73,-0.2502891470669455,0.4875869278626703
enigma,22q,75,-0.2458467957099998,0.45705197619471505
enigma,22q,77,-0.151499254585641,0.49033312973929866
enigma,22q,79,-0.3171810824466666,0.4745483898722599
enigma,22q,81,0.30869195970297,0.4928269910422467
enigma,22q,83,0.18982050513299473,0.470586496582321
enigma,22q,85,0.24954438628048814,0.4664057956084881
enigma,22q,87,0.11688568388022276,0.4786956290941442
enigma,22q,89,0.2505971011940299,0.511067574076815
enigma,22q,91,0.275131728076923,0.4917044740464757
enigma,22q,93,0.24677062657522134,0.4963064613815185
enigma,22q,95,0.31477190364485985,0.5022049269907186
enigma,22q,97,0.30863117580152644,0.4805984429985525
enigma,22q,99,0.307853237593985,0.49299858319860435
enigma,22q,101,0.27783356687499994,0.5064351082876828
enigma,22q,103,0.04560223340941168,0.4906226695556484
enigma,22q,105,0.2077559829392973,0.499149406425243
enigma,22q,107,0.21485652229577412,0.5201182768954411
enigma,22q,109,0.11614599356419755,0.4871433118725753
enigma,22q,111,-0.37661791017543833,0.44718396870840765
enigma,22q,113,-0.383556238818182,0.49741710798267125
enigma,22q,115,-0.16203590615384614,0.4741323032646477
enigma,22q,117,0.14836112777777777,0.47885028132428714
enigma,22q,119,-0.2530120581577335,0.3982718208509298
enigma,22q,121,-0.07892412482564107,0.46214375058931273
enigma,22q,123,0.0730758424089349,0.38858758790837167
enigma,22q,125,0.2850924089005242,0.31940070053408987
enigma,22q,127,0.2829345975918365,0.2020788650821189
enigma,22q,129,0.3079418996894401,0.30376599528627135
enigma,22q,131,0.3251369709354841,0.28828386172557235
enigma,22q,133,0.26888974891566353,0.3285422909077497
enigma,22q,135,0.2509412934449761,0.2709171051459627
enigma,22q,137,0.295002876380256,0.27893715956319165
enigma,22q,139,0.5725018327470691,0.21422733014218365
enigma,22q,141,0.4687763208453158,0.27041996930232065
enigma,22q,143,0.2683868207549509,0.2796266017726604
enigma,22q,145,0.4448599959283029,0.21845727534624818
enigma,22q,147,0.3497073421111115,0.1628526933310826
enigma,22q,149,0.3749370406783917,0.15404705005163588
enigma,22q,151,0.375297489237473,0.2089375646542156
enigma,22q,153,0.34941062079575574,0.06556781849694543
enigma,22q,155,0.5691764676296301,0.38263985791960686
enigma,22q,157,0.6161093886315794,0.3335393333061697
enigma,22q,159,0.5552799295955053,0.37315758125148546
enigma,22q,161,0.5304089237086085,0.31826775960247683
enigma,22q,163,0.5338065233472811,0.19876939079989647
enigma,22q,165,0.674519436666666,0.2624781867756802
enigma,22q,167,0.7398478410769245,0.16358885924360486
enigma,22q,169,0.309342689646739,0.12058454597952867
enigma,22q,171,0.7714972599431827,0.17297433430025302
enigma,22q,173,0.7354543840277773,0.17911053985820513
enigma,22q,175,0.14807392251515153,0.1284548154175576
enigma,22q,177,-0.1475472171014493,0.21728095540674836
enigma,22q,179,0.1849379427801046,0.49233367722649957
enigma,22q,181,0.29913957723008877,0.21360275966766257
enigma,22q,183,-0.014015835604166681,0.2931436672160213
enigma,22q,185,0.111138353246114,0.16129866020482134
enigma,22q,187,0.35231017174825185,0.45473164088518453
enigma,22q,189,0.3766668207142861,0.5613206733412817
enigma,22q,191,0.5552551396164381,0.6451203838891576
enigma,22q,193,0.4950450900793648,0.7729317078908269
enigma,22q,195,0.28905717770917727,0.3112563798791691
enigma,22q,197,0.4608213143523321,0.49065177845148344
enigma,22q,199,0.22741808922829543,0.33841247946454617
enigma,22q,201,0.24419140722929952,0.14848058540230588
enigma,22q,203,0.258247883907692,0.6497939400828581
enigma,22q,205,0.22682668524495697,0.2883206058277484
enigma,22q,207,0.31233466266055043,0.35081598206506137
enigma,22q,209,0.2693859513157892,0.2768505267339039
enigma,adhd,1,-0.04441071178032765,-0.02942667272047205
enigma,adhd,3,-0.03532796459367405,-0.017142124906606312
enigma,adhd,5,-0.030610375040181173,-0.02407341369430658
enigma,adhd,7,-0.0414314963948125,-0.01972406898045679
enigma,adhd,9,-0.042733627597435854,-0.02141124075790326
enigma,adhd,11,-0.04582446769590613,-0.03521682811425559
enigma,adhd,13,-0.035885940154301056,-0.040186253689609756
enigma,adhd,15,0.02002217432513813,-0.021402765024063457
enigma,adhd,17,-0.013895003477384617,-0.01645334752566035
enigma,adhd,19,0.023655097170866165,-0.027313542573300507
enigma,adhd,21,0.024201233280886397,-0.020400186086905317
enigma,adhd,23,-0.006716758617208591,-0.015664530020933716
enigma,adhd,25,-0.029840646247058785,-0.016772930641121918
enigma,adhd,27,0.027084446168076853,-0.02633216494074129
enigma,adhd,29,-0.014569232172180452,-0.015389574820964716
enigma,adhd,31,-0.004470828800322579,-0.02445327405661684
enigma,adhd,33,-0.0156365314452055,-0.020494756626354242
enigma,adhd,35,-0.018493850164285706,-0.02322247962731807
enigma,adhd,37,-0.015093219422928166,-0.008100633553917137
enigma,adhd,39,-0.022196234723404235,0.0014391250978941506
enigma,adhd,41,-0.05882782252499991,-0.06087818787291809
enigma,adhd,43,0.015879227554058822,-0.022076276715089015
enigma,adhd,45,0.022186124151396654,-0.023571774789485987
enigma,adhd,47,-0.02556509887286434,-0.04355244338310079
enigma,adhd,49,-0.03775712974557823,-0.03855991705842591
enigma,adhd,51,0.007045143088246439,-0.022254907301972403
enigma,adhd,53,-0.03417644098777557,0.004633340952223133
enigma,adhd,55,-0.05653778496721311,-0.010767875571841702
enigma,adhd,57,-0.02402085227478987,0.006685159237130176
enigma,adhd,59,-0.04992017414736847,-0.007669144842214794
enigma,adhd,61,-0.03220022431730161,0.013170996377445714
enigma,adhd,63,-0.05018121567546169,-0.009260363072885816
enigma,adhd,65,0.0011401156663230153,0.024746424129604018
enigma,adhd,67,-0.021595197147887383,-0.003063610618763292
enigma,adhd,69,-0.00954904518422535,-0.001538330279301418
enigma,adhd,71,0.029623630274920657,0.0331753918359753
enigma,adhd,73,0.01987411553891212,0.0032387784306657473
enigma,adhd,75,0.030681942059999977,0.029302940949919927
enigma,adhd,77,0.02539535582871797,-0.00918802226249175
enigma,adhd,79,0.03435513588666668,0.0031893345896905137
enigma,adhd,81,0.015431132663366348,0.030920879826335325
enigma,adhd,83,0.018711807751269023,0.01315557598924633
enigma,adhd,85,0.02180185065548778,0.04401037753555567
enigma,adhd,87,0.02316508548467968,0.020368685962227406
enigma,adhd,89,-0.0028401951388059682,0.03999842787476088
enigma,adhd,91,0.0008454619239743603,0.04652466443523011
enigma,adhd,93,0.0004074532911504419,0.022991883616225776
enigma,adhd,95,0.007855384415887857,0.02786169505354437
enigma,adhd,97,0.011347606381068716,0.04115558119585648
enigma,adhd,99,0.00728197333872181,0.03565994365575417
enigma,adhd,101,0.00014233417277777826,0.030594133705405605
enigma,adhd,103,0.006370444662058827,0.009478674337525505
enigma,adhd,105,0.012478791395207663,0.06037233835768733
enigma,adhd,107,0.0016026015826760508,0.05629659938266563
enigma,adhd,109,-0.03529627330246913,0.004646893085155866
enigma,adhd,111,0.06102022692982458,-0.03413809869351507
enigma,adhd,113,0.07265652130909088,0.023515666512183505
enigma,adhd,115,0.014020329917948708,-0.005587007938374343
enigma,adhd,117,-0.03597151044444444,-0.025376086955723638
enigma,adhd,119,0.09569435149333326,0.07384259262968945
enigma,adhd,121,0.01861527094871794,0.02989192699138753
enigma,adhd,123,0.0230083028316151,0.06796790950453459
enigma,adhd,125,0.09094464045026175,0.039260824501957545
enigma,adhd,127,0.09144552557551039,0.056414298444716585
enigma,adhd,129,0.0905604661614908,0.03450520419403367
enigma,adhd,131,0.08813198665806456,0.030544173753101946
enigma,adhd,133,0.09780369001606463,0.047213883848816425
enigma,adhd,135,0.08706379383014337,0.06236598804520271
enigma,adhd,137,0.07602607950639821,0.05844542518864002
enigma,adhd,139,0.031319313110552645,0.03311253908960883
enigma,adhd,141,0.034801847172113244,0.049077983973075875
enigma,adhd,143,0.07294106303589033,0.058595246862859454
enigma,adhd,145,0.02302449473113197,0.02981954184378084
enigma,adhd,147,0.05217559456296284,0.04937335508785218
enigma,adhd,149,0.038818432258542625,0.029251047417895786
enigma,adhd,151,0.052574706407407384,0.07857056815018869
enigma,adhd,153,0.03679914577267878,0.043941144855667316
enigma,adhd,155,0.025812350435851828,0.007018235370599857
enigma,adhd,157,0.03271787330578949,0.00635718319882028
enigma,adhd,159,0.05380411972359551,0.00939450639055445
enigma,adhd,161,0.038765013031788045,0.014082189958556132
enigma,adhd,163,-0.002506638053849372,0.0178983040609067
enigma,adhd,165,0.0070606975614583315,-0.008430497429543424
enigma,adhd,167,-0.004923052882221531,-0.0015041327324193388
enigma,adhd,169,0.009904042426956527,0.0025144139392720005
enigma,adhd,171,-0.007535762043749999,0.007399479977088508
enigma,adhd,173,-0.016147513329722224,0.004061912456876968
enigma,adhd,175,-0.016652481957142865,0.016124252638343967
enigma,adhd,177,-0.10868384881159425,-0.012705118872679194
enigma,adhd,179,-0.07552177390575916,-0.0124282053863011
enigma,adhd,181,0.05113224701769906,0.07244162479485919
enigma,adhd,183,-0.09318825174999991,-0.014511923690795188
enigma,adhd,185,-0.0716601498290155,0.009033630356332586
enigma,adhd,187,-0.08262213711888101,-0.00856259948807666
enigma,adhd,189,0.10240863492857148,0.11073646369071079
enigma,adhd,191,0.08233784482739727,0.11643383392127404
enigma,adhd,193,0.0903017552857143,0.12533079248386203
enigma,adhd,195,0.0875632216,0.08806837624055532
enigma,adhd,197,0.07668123537305721,0.10338201276563863
enigma,adhd,199,0.12945627386173628,0.07957726305611168
enigma,adhd,201,0.09865911872292997,0.047575908220397846
enigma,adhd,203,0.13259383618461537,0.11683060046519264
enigma,adhd,205,0.12042632855907774,0.07333489156330954
enigma,adhd,207,0.10503409478899083,0.09307248859192935
enigma,adhd,209,0.09531520021052624,0.07664920105118667
enigma,asd,1,0.10507979740983586,0.019201729852684132
enigma,asd,3,0.10576521691970786,-0.003969382121803658
enigma,asd,5,0.10999999640483338,-0.006254717415820912
enigma,asd,7,0.10415516188472607,-0.001092185013807992
enigma,asd,9,0.08222873874948713,0.0269961596346925
enigma,asd,11,0.10323586852631546,0.023528925047940227
enigma,asd,13,0.10052413267473104,0.0036406360816599315
enigma,asd,15,0.10998030142541394,-0.020850270394064924
enigma,asd,17,0.06587114008717959,-0.02421173557536469
enigma,asd,19,0.10994300782677131,-0.058594761823541924
enigma,asd,21,0.10088040270914114,-0.04663616826021984
enigma,asd,23,0.08390818698773006,-0.012744143123626775
enigma,asd,25,0.07230370755686265,-0.009245965086188593
enigma,asd,27,0.08929252271923073,-0.06816505818940963
enigma,asd,29,0.009457768969172933,-0.043501931027165354
enigma,asd,31,0.04494970160903228,-0.05542925782722546
enigma,asd,33,-0.006180121533561645,-0.06327919749132503
enigma,asd,35,0.05203877615000004,-0.09053174300335995
enigma,asd,37,0.0016492009806077287,-0.07437096292319302
enigma,asd,39,-0.000776700289361704,-0.07151643495343317
enigma,asd,41,0.06944533959259254,-0.00659610004458229
enigma,asd,43,0.013624030014117628,-0.0840324045635513
enigma,asd,45,0.010022102519385479,-0.07328708288140258
enigma,asd,47,0.05239477628140697,-0.04106330387363165
enigma,asd,49,0.04482484572244889,-0.028534017713843944
enigma,asd,51,0.010401278740284358,-0.0947352924446003
enigma,asd,53,0.05244575378625237,-0.03581398423032941
enigma,asd,55,0.08953009624590157,0.005895093371382457
enigma,asd,57,0.03619228510560227,-0.007477716449277874
enigma,asd,59,0.07565572512631578,0.030571614858769733
enigma,asd,61,0.03590017145015871,-0.08139119873103967
enigma,asd,63,0.07545052424274411,-0.04123596406381832
enigma,asd,65,-0.04519830909278348,-0.053710892660360485
enigma,asd,67,-0.012257571448591556,0.00886871356647044
enigma,asd,69,-0.14675691394366205,0.01678365714797176
enigma,asd,71,-0.139266735168254,-0.09449927937500421
enigma,asd,73,-0.16209664650627578,-0.06867052267810773
enigma,asd,75,-0.13047475650999987,-0.06686444304089663
enigma,asd,77,-0.13561603376923087,-0.02340398360256726
enigma,asd,79,-0.14627433803333342,-0.024092279598684974
enigma,asd,81,-0.12501076084158408,-0.007211271954400832
enigma,asd,83,-0.13320939842639581,-0.027828842485052407
enigma,asd,85,-0.10455663514024405,-0.04211713479511582
enigma,asd,87,-0.12234062541504186,-0.034911177482887516
enigma,asd,89,-0.16901914029850754,0.04250905416509721
enigma,asd,91,-0.16013953628205138,-0.024321512806844095
enigma,asd,93,-0.15691100070796452,0.02778933174421292
enigma,asd,95,-0.14434251336448609,0.020355786615184866
enigma,asd,97,-0.1400975321374045,-0.03758009558279488
enigma,asd,99,-0.14447061924812019,-0.009720582703991076
enigma,asd,101,-0.16033909534722227,0.025363324153633567
enigma,asd,103,-0.17435625708823538,0.10862963713798802
enigma,asd,105,-0.16134351723961712,-0.00488658351983307
enigma,asd,107,-0.17002958701408466,0.007538511564567102
enigma,asd,109,-0.21351017246913573,0.12451825145585226
enigma,asd,111,-0.14058063652631575,0.11919735479174567
enigma,asd,113,-0.12873143043636376,0.014918235379125996
enigma,asd,115,-0.17888535461538457,0.1307003744155475
enigma,asd,117,-0.18813997000000002,0.10791258843152414
enigma,asd,119,-0.07684370913333334,-0.037611344921663674
enigma,asd,121,-0.09650925213846157,-0.06112260197966605
enigma,asd,123,-0.0823558734810997,-0.0625584430535195
enigma,asd,125,-0.08849074240314134,-0.015668892397791893
enigma,asd,127,-0.08766053261632656,-0.04700137959215871
enigma,asd,129,-0.08637478649068317,-0.015042920367221546
enigma,asd,131,-0.08611981764838701,-0.013858906620471019
enigma,asd,133,-0.08603404848594365,-0.02021036802687184
enigma,asd,135,-0.05392342195693785,-0.028285961183462646
enigma,asd,137,-0.06116505490859233,-0.026148510179977623
enigma,asd,139,-0.08591417190787266,-0.040876305737049916
enigma,asd,141,-0.08283352818082812,-0.027037637052680794
enigma,asd,143,-0.055237951081682876,-0.026334911966155318
enigma,asd,145,-0.09948100304339672,-0.06654653164761606
enigma,asd,147,-0.08202926489629604,-0.045407819566644136
enigma,asd,149,-0.07416756929145737,0.001831961267625505
enigma,asd,151,-0.07186046331764696,-0.05901554551528237
enigma,asd,153,-0.05812180797586198,-0.050558822461034075
enigma,asd,155,-0.03637717753835557,-0.0022351837935351143
enigma,asd,157,-0.06387587251578936,-0.043366636579209444
enigma,asd,159,-0.07548879645168535,-0.0019193908499032207
enigma,asd,161,-0.04992483494693163,0.0016112908084750105
enigma,asd,163,-0.12046136635983276,-0.08500766446062011
enigma,asd,165,-0.05644219856250002,-0.048597903682241136
enigma,asd,167,-0.057837836615384525,-0.04532877558739904
enigma,asd,169,-0.11488178063586968,-0.0436269217061074
enigma,asd,171,-0.07504753755113634,-0.024185174473438785
enigma,asd,173,-0.053531110500463,-0.034440351707764195
enigma,asd,175,0.032254577041558395,-0.14616763227708068
enigma,asd,177,0.042654921826086954,0.02376594825911093
enigma,asd,179,0.060147450753926676,0.07170974976989933
enigma,asd,181,0.014369297552654888,-0.08499604352334841
enigma,asd,183,0.05603706816666664,0.044032544571432124
enigma,asd,185,0.019047785398963724,-0.0885630867633419
enigma,asd,187,0.04130120782517486,0.04637271636545811
enigma,asd,189,-0.03243326097619045,0.07991252611808275
enigma,asd,191,-0.030857045312328787,0.11535070075101889
enigma,asd,193,-0.022399742531746022,0.17551757978385504
enigma,asd,195,-0.055337211172602735,-0.027675724154718674
enigma,asd,197,-0.03808965449533679,0.048187332519606614
enigma,asd,199,-0.028727131553054557,-0.036375263998724955
enigma,asd,201,-0.055882120070063615,-0.13976774862497413
enigma,asd,203,-0.02201914908000004,0.11704854734209183
enigma,asd,205,-0.040241846945245005,-0.05327592323616212
enigma,asd,207,-0.07497665035321109,-0.026154359776868807
enigma,asd,209,-0.08068443432163754,-0.074027585102423
enigma,epilepsy_gge,1,-0.007647625901967214,-0.036374441188120554
enigma,epilepsy_gge,3,-0.02848548926593677,-0.06795419017484383
enigma,epilepsy_gge,5,-0.009600825769969765,-0.06215784700259874
enigma,epilepsy_gge,7,-0.07596386261095096,-0.05101961627697278
enigma,epilepsy_gge,9,-0.03909727914794881,-0.029831119993109237
enigma,epilepsy_gge,11,-0.005440765296783618,-0.046615984921587396
enigma,epilepsy_gge,13,-0.012057006912096765,-0.02168621869443428
enigma,epilepsy_gge,15,0.013796367780442012,-0.056722451860456165
enigma,epilepsy_gge,17,-0.167430780503077,-0.07117367589190277
enigma,epilepsy_gge,19,0.015535770594488147,-0.0430859475034594
enigma,epilepsy_gge,21,0.014295903522160713,-0.057218538445813524
enigma,epilepsy_gge,23,-0.10140109226840506,-0.06903716371351251
enigma,epilepsy_gge,25,-0.20851087029803936,-0.05619832604756485
enigma,epilepsy_gge,27,0.021322575815000033,-0.0523042568256033
enigma,epilepsy_gge,29,-0.09156581342105265,-0.08394096436535481
enigma,epilepsy_gge,31,-0.007167243058064512,-0.06696126633885024
enigma,epilepsy_gge,33,-0.021532292845890418,-0.06939989856949712
enigma,epilepsy_gge,35,-0.004922383945714276,-0.055379449917350894
enigma,epilepsy_gge,37,-0.015535794993646388,-0.06682859052481961
enigma,epilepsy_gge,39,-0.11358658980141852,-0.05918550285383104
enigma,epilepsy_gge,41,-0.0016718280212963006,-0.015334453558331837
enigma,epilepsy_gge,43,0.056175861176470554,-0.06614019039539816
enigma,epilepsy_gge,45,0.0787420999245812,-0.06791124824941394
enigma,epilepsy_gge,47,0.029948492666934688,-0.045774535914672045
enigma,epilepsy_gge,49,0.03220996201598636,-0.06273957300273503
enigma,epilepsy_gge,51,0.03482186142890997,-0.05846278728196348
enigma,epilepsy_gge,53,-0.2858409535070145,-0.05361206207393037
enigma,epilepsy_gge,55,-0.3568110545901639,-0.04418775702747937
enigma,epilepsy_gge,57,-0.24455197641736637,-0.03668929502117661
enigma,epilepsy_gge,59,-0.30680607105263213,-0.029531851159297025
enigma,epilepsy_gge,61,-0.25375722905396836,-0.04980972155527226
enigma,epilepsy_gge,63,-0.3333579121899734,-0.058540879697486
enigma,epilepsy_gge,65,-0.13511855061168385,-0.03955408992630646
enigma,epilepsy_gge,67,-0.20015655452112685,-0.023603544204084975
enigma,epilepsy_gge,69,-0.12340688577934286,-0.020160338570633998
enigma,epilepsy_gge,71,-0.05271642554920641,-0.05650693882010896
enigma,epilepsy_gge,73,-0.048908963403765784,-0.04284653404670055
enigma,epilepsy_gge,75,-0.05307603249000003,-0.05664080908974309
enigma,epilepsy_gge,77,-0.04481050596410254,-0.010257815561093432
enigma,epilepsy_gge,79,-0.044796799706666675,-0.029997113110573063
enigma,epilepsy_gge,81,-0.0932337007920792,-0.03719706359852584
enigma,epilepsy_gge,83,-0.08491772880710657,-0.0312495731957924
enigma,epilepsy_gge,85,-0.0975941304207318,-0.0489773733714335
enigma,epilepsy_gge,87,-0.08624184416991652,-0.034153080013463594
enigma,epilepsy_gge,89,-0.05937228986567162,-0.028166001167999638
enigma,epilepsy_gge,91,-0.04691775649999999,-0.03968327013358078
enigma,epilepsy_gge,93,-0.0702347323893805,-0.03234946843844386
enigma,epilepsy_gge,95,-0.06751083949532706,-0.033855834875618905
enigma,epilepsy_gge,97,-0.0702375666946564,-0.04390424225007653
enigma,epilepsy_gge,99,-0.06532846363909765,-0.03933548242169939
enigma,epilepsy_gge,101,-0.045419597013888785,-0.03375940500812777
enigma,epilepsy_gge,103,-0.08154113556764722,-0.025922032585454974
enigma,epilepsy_gge,105,-0.09651284633865846,-0.03323446994356851
enigma,epilepsy_gge,107,-0.0780334918140846,-0.0286717973261314
enigma,epilepsy_gge,109,-0.15143269276543211,-0.024621171456093577
enigma,epilepsy_gge,111,-0.014577908570175458,-0.020061995433412146
enigma,epilepsy_gge,113,0.0021068375454545486,-0.013451058069677974
enigma,epilepsy_gge,115,-0.08167901294871789,-0.024990891359846584
enigma,epilepsy_gge,117,-0.1592268544444444,-0.025073793392465155
enigma,epilepsy_gge,119,0.02308211753333333,-0.05202545082698898
enigma,epilepsy_gge,121,-0.07021294934358967,-0.04919376143247314
enigma,epilepsy_gge,123,-0.08905095938487956,-0.08615567395738843
enigma,epilepsy_gge,125,-0.11884645382198954,-0.07419345284379072
enigma,epilepsy_gge,127,-0.12030338296734688,-0.07576832685528076
enigma,epilepsy_gge,129,-0.12548915773913039,-0.07261177097914603
enigma,epilepsy_gge,131,-0.10401413302258061,-0.07355822910366627
enigma,epilepsy_gge,133,-0.1329731706024096,-0.07637609987438534
enigma,epilepsy_gge,135,-0.12765069619617223,-0.07584858927286993
enigma,epilepsy_gge,137,-0.12985162786106041,-0.07575401883082088
enigma,epilepsy_gge,139,-0.1111477824235516,-0.06695331033833408
enigma,epilepsy_gge,141,-0.13469855688453156,-0.07092357309976241
enigma,epilepsy_gge,143,-0.12574878332054448,-0.07583974037063408
enigma,epilepsy_gge,145,-0.1104574423792455,-0.06258233398186326
enigma,epilepsy_gge,147,-0.05548905566296294,-0.07138181563186546
enigma,epilepsy_gge,149,-0.06543306891206047,-0.06623666734688892
enigma,epilepsy_gge,151,-0.04764359003267978,-0.07120769018538081
enigma,epilepsy_gge,153,-0.027419736158620648,-0.06746837066967107
enigma,epilepsy_gge,155,-0.04519989292177793,-0.07973784731314819
enigma,epilepsy_gge,157,-0.017176086819210536,-0.07158916788532846
enigma,epilepsy_gge,159,-0.0010471000368089671,-0.07989749549986083
enigma,epilepsy_gge,161,-0.045988758438631254,-0.07771821635201091
enigma,epilepsy_gge,163,-0.06559340255648535,-0.07327212422171593
enigma,epilepsy_gge,165,-0.0013030444062499859,-0.06925795171556628
enigma,epilepsy_gge,167,-0.02969677264923078,-0.07217234023528588
enigma,epilepsy_gge,169,-0.04904881125543477,-0.06843328255144897
enigma,epilepsy_gge,171,-0.07925431752272726,-0.07459577459973091
enigma,epilepsy_gge,173,-0.09680293337499997,-0.07446575608901655
enigma,epilepsy_gge,175,0.027588550129870135,-0.0717462081498386
enigma,epilepsy_gge,177,0.08071658295652177,-0.07356569446919507
enigma,epilepsy_gge,179,0.01632567504083767,-0.07201381475253738
enigma,epilepsy_gge,181,-0.0013802487637168078,-0.08016586505157224
enigma,epilepsy_gge,183,0.06058831334895826,-0.0826138425760417
enigma,epilepsy_gge,185,-0.00031724938082906156,-0.07462310991965523
enigma,epilepsy_gge,187,-0.023558379923076928,-0.06078544654489793
enigma,epilepsy_gge,189,-0.03434555925178567,-0.06425142022033223
enigma,epilepsy_gge,191,-0.051026756052328724,-0.06295498360166865
enigma,epilepsy_gge,193,-0.06403305091269838,-0.05939012581757158
enigma,epilepsy_gge,195,-0.017588613645863012,-0.06655423400854783
enigma,epilepsy_gge,197,-0.03669859477215883,-0.06613117612551253
enigma,epilepsy_gge,199,-0.1265791946302252,-0.07656266745034948
enigma,epilepsy_gge,201,-0.11294784102547752,-0.06934563319480574
enigma,epilepsy_gge,203,-0.11930691353538446,-0.06316305528376247
enigma,epilepsy_gge,205,-0.11761427789049006,-0.07106682344055129
enigma,epilepsy_gge,207,-0.12186087645871556,-0.072727221285493
enigma,epilepsy_gge,209,-0.12922491505847924,-0.07895279812438645
enigma,epilepsy_rtle,1,-0.33399233721311405,-0.27071602124939387
enigma,epilepsy_rtle,3,-0.3415064647445254,-0.2798184244316676
enigma,epilepsy_rtle,5,-0.32785386151057355,-0.2697080955749173
enigma,epilepsy_rtle,7,-0.3734211543515852,-0.26952477158541954
enigma,epilepsy_rtle,9,-0.3558191923846155,-0.3276916488615623
enigma,epilepsy_rtle,11,-0.3262072991228061,-0.2323740153348973
enigma,epilepsy_rtle,13,-0.2861799686290317,-0.13463582750150394
enigma,epilepsy_rtle,15,-0.18389968712707147,-0.17528471202227575
enigma,epilepsy_rtle,17,-0.28434039635897435,-0.2534651657047781
enigma,epilepsy_rtle,19,-0.17356006039370062,-0.05135880076039692
enigma,epilepsy_rtle,21,-0.15620195509695273,-0.09205741615167744
enigma,epilepsy_rtle,23,-0.2613988051533741,-0.263208186948825
enigma,epilepsy_rtle,25,-0.34660622360784304,-0.2689593465669351
enigma,epilepsy_rtle,27,-0.14239171420000013,-0.013153481103601372
enigma,epilepsy_rtle,29,-0.2214031967669175,-0.21580320829226518
enigma,epilepsy_rtle,31,-0.15344636238709697,-0.1286331636505112
enigma,epilepsy_rtle,33,-0.15290613219178095,-0.17137835200225315
enigma,epilepsy_rtle,35,-0.15515759121428574,-0.061874344988659735
enigma,epilepsy_rtle,37,-0.12816742193922662,-0.15065089662044168
enigma,epilepsy_rtle,39,-0.2425088352482273,-0.2308706723829273
enigma,epilepsy_rtle,41,0.03141449279166666,0.04999197119885662
enigma,epilepsy_rtle,43,-0.07505124689411771,-0.025543117352549105
enigma,epilepsy_rtle,45,-0.023434861487742993,-0.018835686475123542
enigma,epilepsy_rtle,47,0.021684514732160813,0.022553453093278636
enigma,epilepsy_rtle,49,0.03985803780306123,-0.05040467050976588
enigma,epilepsy_rtle,51,-0.08338752988625589,-0.04364890097606158
enigma,epilepsy_rtle,53,-0.4757043829458918,-0.3216900425934942
enigma,epilepsy_rtle,55,-0.4972639652131142,-0.3334807513355703
enigma,epilepsy_rtle,57,-0.4600400119607847,-0.3940606122916286
enigma,epilepsy_rtle,59,-0.4908633998947364,-0.4056999482226892
enigma,epilepsy_rtle,61,-0.41244590511111134,-0.2523153970801927
enigma,epilepsy_rtle,63,-0.45952483897097707,-0.29508500851493
enigma,epilepsy_rtle,65,-0.45213055731958757,-0.34769227498820854
enigma,epilepsy_rtle,67,-0.49130672327464736,-0.38276785248073775
enigma,epilepsy_rtle,69,-0.12441269901408461,-0.020215810555647223
enigma,epilepsy_rtle,71,-0.18767116714285728,-0.1934299697354857
enigma,epilepsy_rtle,73,-0.165336388023012,-0.11757470015836216
enigma,epilepsy_rtle,75,-0.1669993198,-0.15741785856947343
enigma,epilepsy_rtle,77,-0.11260681257435892,-0.06271451684626747
enigma,epilepsy_rtle,79,-0.13637214464666667,-0.16115530092853786
enigma,epilepsy_rtle,81,-0.10917756762376235,-0.09696801500684216
enigma,epilepsy_rtle,83,-0.10725863612690348,-0.13483393306420322
enigma,epilepsy_rtle,85,-0.1451928002439024,-0.10224734632195337
enigma,epilepsy_rtle,87,-0.12875356513927574,-0.1251395889851437
enigma,epilepsy_rtle,89,-0.08951153179104468,-0.17046918497471727
enigma,epilepsy_rtle,91,-0.06992099202564107,-0.1177682410298112
enigma,epilepsy_rtle,93,-0.08991384831858415,-0.11009099516459742
enigma,epilepsy_rtle,95,-0.07966068400000002,-0.10248378412910958
enigma,epilepsy_rtle,97,-0.08693836068702293,-0.08141185207689289
enigma,epilepsy_rtle,99,-0.07980139581954898,-0.08858672215460436
enigma,epilepsy_rtle,101,-0.06690433183333334,-0.10408109441301228
enigma,epilepsy_rtle,103,-0.11415143618235295,-0.1292992843149542
enigma,epilepsy_rtle,105,-0.18616551939297116,-0.202467530968856
enigma,epilepsy_rtle,107,-0.12066287553521143,-0.19664187493274526
enigma,epilepsy_rtle,109,-0.12121222432098765,-0.1308545257816913
enigma,epilepsy_rtle,111,-0.04828752424561405,-0.1339836378238933
enigma,epilepsy_rtle,113,-0.05619592139090908,-0.21755669007177275
enigma,epilepsy_rtle,115,-0.0756600759230769,-0.12398258396986223
enigma,epilepsy_rtle,117,-0.12304776055555555,0.022247387126119622
enigma,epilepsy_rtle,119,-0.10454534370666663,-0.2620071243343881
enigma,epilepsy_rtle,121,-0.18343681097435885,-0.1334841744309989
enigma,epilepsy_rtle,123,-0.20708916336769756,-0.22225244553910928
enigma,epilepsy_rtle,125,-0.39858694617801105,-0.3255337642670003
enigma,epilepsy_rtle,127,-0.39477695122449014,-0.3146697411472399
enigma,epilepsy_rtle,129,-0.3839754161180134,-0.3163219644154964
enigma,epilepsy_rtle,131,-0.3930243349677425,-0.3325918323135223
enigma,epilepsy_rtle,133,-0.384864867871487,-0.31774140489811964
enigma,epilepsy_rtle,135,-0.2618920351435405,-0.30349337592511516
enigma,epilepsy_rtle,137,-0.2773579497989025,-0.30254742893649367
enigma,epilepsy_rtle,139,-0.3554186568844245,-0.27099914555341137
enigma,epilepsy_rtle,141,-0.32071214226579486,-0.2763532672137238
enigma,epilepsy_rtle,143,-0.24324119381187914,-0.30257404780026387
enigma,epilepsy_rtle,145,-0.3146844873584915,-0.22002731854827418
enigma,epilepsy_rtle,147,-0.386789831888888,-0.28276464577586735
enigma,epilepsy_rtle,149,-0.39497334572864334,-0.2734977230939898
enigma,epilepsy_rtle,151,-0.35267048912854043,-0.27227310854369285
enigma,epilepsy_rtle,153,-0.30871340307692247,-0.22447501292266187
enigma,epilepsy_rtle,155,-0.37332635354074123,-0.37715054785035074
enigma,epilepsy_rtle,157,-0.324545594078948,-0.2792420108522398
enigma,epilepsy_rtle,159,-0.3472633677078646,-0.380425713795283
enigma,epilepsy_rtle,161,-0.377540395121412,-0.3847016818829546
enigma,epilepsy_rtle,163,-0.12366090155648535,-0.2310640611593453
enigma,epilepsy_rtle,165,-0.02430740603125002,-0.08802465032619772
enigma,epilepsy_rtle,167,-0.04725406145384622,-0.17530325922298634
enigma,epilepsy_rtle,169,-0.07097051904347829,-0.15629404791969803
enigma,epilepsy_rtle,171,-0.09598081439772725,-0.2251336312270038
enigma,epilepsy_rtle,173,-0.11778586021759249,-0.21388013446597762
enigma,epilepsy_rtle,175,-0.04600758770303037,-0.23602993287340918
enigma,epilepsy_rtle,177,-0.06451473466666661,-0.23669751438617764
enigma,epilepsy_rtle,179,-0.15965117121989517,-0.17578786721324252
enigma,epilepsy_rtle,181,-0.06794762738318573,-0.2962575395660202
enigma,epilepsy_rtle,183,-0.12463071438541647,-0.3055754897412964
enigma,epilepsy_rtle,185,-0.22740843543005201,-0.2721714307434063
enigma,epilepsy_rtle,187,-0.0008795523155245124,-0.09151714613442447
enigma,epilepsy_rtle,189,-0.33788855952380975,-0.04229076668047571
enigma,epilepsy_rtle,191,-0.3063685247671237,-0.0005001110527949049
enigma,epilepsy_rtle,193,-0.2886117422222223,0.09102144165682313
enigma,epilepsy_rtle,195,-0.3087531420547948,-0.1415062536626539
enigma,epilepsy_rtle,197,-0.3168826112262521,-0.09453222980247189
enigma,epilepsy_rtle,199,-0.2598014612861741,-0.2267676224683769
enigma,epilepsy_rtle,201,-0.20946331878662397,-0.17739892381250158
enigma,epilepsy_rtle,203,-0.2575058884923077,0.0017142372449979737
enigma,epilepsy_rtle,205,-0.2469135290201736,-0.1727488058599984
enigma,epilepsy_rtle,207,-0.359610704678899,-0.22776814806121654
enigma,epilepsy_rtle,209,-0.3661215433918134,-0.313608619232619
enigma,epilepsy_ltle,1,-0.37569409255737735,-0.24979394530880497
enigma,epilepsy_ltle,3,-0.40147315656934357,-0.25474985462058897
enigma,epilepsy_ltle,5,-0.3830994013595173,-0.25735418551437284
enigma,epilepsy_ltle,7,-0.42136176985590745,-0.2507492653152251
enigma,epilepsy_ltle,9,-0.3903287612820511,-0.2554552450825456
enigma,epilepsy_ltle,11,-0.36074028374269085,-0.249907392211874
enigma,epilepsy_ltle,13,-0.33225898946236593,-0.24635223697551523
enigma,epilepsy_ltle,15,-0.23266865759668548,-0.25545841172405515
enigma,epilepsy_ltle,17,-0.36182555705128167,-0.2514313294508758
enigma,epilepsy_ltle,19,-0.22178562397637752,-0.2503089689501698
enigma,epilepsy_ltle,21,-0.20753002047091454,-0.2529840000126238
enigma,epilepsy_ltle,23,-0.33893852021472404,-0.25343099175281225
enigma,epilepsy_ltle,25,-0.4197612188235287,-0.25100378739886836
enigma,epilepsy_ltle,27,-0.18131977102307692,-0.24924810856506324
enigma,epilepsy_ltle,29,-0.263722332406015,-0.24962363929832318
enigma,epilepsy_ltle,31,-0.23158745470967762,-0.2442325943708662
enigma,epilepsy_ltle,33,-0.22390804746575346,-0.2436971247959201
enigma,epilepsy_ltle,35,-0.24134669692857144,-0.24361326590135934
enigma,epilepsy_ltle,37,-0.18042407591436446,-0.24636937735853254
enigma,epilepsy_ltle,39,-0.2708603739716314,-0.25362186865167313
enigma,epilepsy_ltle,41,0.00165320218106481,-0.24052096751514224
enigma,epilepsy_ltle,43,-0.08875179009294118,-0.24177356472418643
enigma,epilepsy_ltle,45,-0.06104517506983249,-0.24479547506161065
enigma,epilepsy_ltle,47,-0.01666023721165831,-0.24181285196372854
enigma,epilepsy_ltle,49,0.004385556959875499,-0.2418631232501361
enigma,epilepsy_ltle,51,-0.09494648428720383,-0.23839317285616365
enigma,epilepsy_ltle,53,-0.45325715623246415,-0.2626629331819653
enigma,epilepsy_ltle,55,-0.48207798422950926,-0.2577575299106472
enigma,epilepsy_ltle,57,-0.438231462661065,-0.26850875915506855
enigma,epilepsy_ltle,59,-0.4705664699473689,-0.26375097771377704
enigma,epilepsy_ltle,61,-0.3802758671111118,-0.2592534855232882
enigma,epilepsy_ltle,63,-0.4552828068073869,-0.2535684322295237
enigma,epilepsy_ltle,65,-0.4313380671477666,-0.275529613946626
enigma,epilepsy_ltle,67,-0.4335413440492953,-0.2650169777048331
enigma,epilepsy_ltle,69,-0.28475139319248843,-0.1305069162820175
enigma,epilepsy_ltle,71,-0.33076301015873016,-0.15697818879356962
enigma,epilepsy_ltle,73,-0.26998271166318033,-0.046868428052612376
enigma,epilepsy_ltle,75,-0.3249517418500002,-0.1845753238466352
enigma,epilepsy_ltle,77,-0.27407891876923085,-0.041039376819936496
enigma,epilepsy_ltle,79,-0.36891949519999967,-0.18757520814084613
enigma,epilepsy_ltle,81,-0.2583247158415842,-0.24320147836041028
enigma,epilepsy_ltle,83,-0.29238770477157366,-0.22729397902395043
enigma,epilepsy_ltle,85,-0.2289154781707318,-0.21852167548744594
enigma,epilepsy_ltle,87,-0.29064239192200564,-0.1980737894346528
enigma,epilepsy_ltle,89,-0.2536216656716417,-0.38856702088632045
enigma,epilepsy_ltle,91,-0.22269178205128198,-0.2717056791679612
enigma,epilepsy_ltle,93,-0.25331717203539805,-0.2880313850115974
enigma,epilepsy_ltle,95,-0.23875798345794405,-0.27854285419438213
enigma,epilepsy_ltle,97,-0.240453798625954,-0.21631632145649915
enigma,epilepsy_ltle,99,-0.23413538225563912,-0.24635990723012668
enigma,epilepsy_ltle,101,-0.21954564145833333,-0.2906896811629327
enigma,epilepsy_ltle,103,-0.33684340023529397,-0.38406489975597197
enigma,epilepsy_ltle,105,-0.3528951346006387,-0.3809250687263269
enigma,epilepsy_ltle,107,-0.294810444901409,-0.3956957203095853
enigma,epilepsy_ltle,109,-0.4042255302469131,-0.3974086170949489
enigma,epilepsy_ltle,111,-0.33058438210526314,-0.32932490090436095
enigma,epilepsy_ltle,113,-0.3162205127272727,-0.42710012995580965
enigma,epilepsy_ltle,115,-0.3739434994871794,-0.37608187530997156
enigma,epilepsy_ltle,117,-0.34091077000000003,-0.167389223330083
enigma,epilepsy_ltle,119,-0.2934544254666667,-0.3682056269720416
enigma,epilepsy_ltle,121,-0.1992174313333334,-0.18011838445927061
enigma,epilepsy_ltle,123,-0.17985081893470756,-0.25516307345629496
enigma,epilepsy_ltle,125,-0.48165880523560123,-0.5117691778216902
enigma,epilepsy_ltle,127,-0.47486055191836746,-0.49806219430601006
enigma,epilepsy_ltle,129,-0.43624666360248265,-0.4689428130877164
enigma,epilepsy_ltle,131,-0.45584402909677274,-0.5304537527467761
enigma,epilepsy_ltle,133,-0.4487146844578301,-0.4191043138992126
enigma,epilepsy_ltle,135,-0.28098838918660396,-0.3139245279298938
enigma,epilepsy_ltle,137,-0.283980326032906,-0.32099074077422896
enigma,epilepsy_ltle,139,-0.303676622479062,-0.5003138751862957
enigma,epilepsy_ltle,141,-0.2786324354466231,-0.3969603085800987
enigma,epilepsy_ltle,143,-0.2450892787376229,-0.3165242859259042
enigma,epilepsy_ltle,145,-0.28605915267924537,-0.418688427975162
enigma,epilepsy_ltle,147,-0.5230126997037036,-0.4495533080945369
enigma,epilepsy_ltle,149,-0.4982810934673368,-0.5003678761338786
enigma,epilepsy_ltle,151,-0.46888455527233025,-0.3045450728101118
enigma,epilepsy_ltle,153,-0.4520444489389916,-0.2834326668758703
enigma,epilepsy_ltle,155,-0.3612006989777767,-0.5053424849958493
enigma,epilepsy_ltle,157,-0.29241214686052636,-0.3619997163896871
enigma,epilepsy_ltle,159,-0.3446163453707871,-0.5151371982987117
enigma,epilepsy_ltle,161,-0.3773081301324504,-0.5777891453101478
enigma,epilepsy_ltle,163,0.0007781729041840931,-0.2718065369925099
enigma,epilepsy_ltle,165,0.05387849152499998,-0.16685648406231857
enigma,epilepsy_ltle,167,0.04370484815423082,-0.25263916173835493
enigma,epilepsy_ltle,169,-0.07324284116413046,-0.22906057956037879
enigma,epilepsy_ltle,171,0.04127781685795457,-0.28677452734996456
enigma,epilepsy_ltle,173,-0.01346983246759265,-0.2831809282773542
enigma,epilepsy_ltle,175,-0.13992750518181815,-0.30345112926748025
enigma,epilepsy_ltle,177,-0.022451453579710172,-0.3149321820281536
enigma,epilepsy_ltle,179,-0.09985926606282731,-0.21521648023381582
enigma,epilepsy_ltle,181,-0.1618010802300886,-0.3653355390445816
enigma,epilepsy_ltle,183,-0.07728114116145843,-0.35934155541679663
enigma,epilepsy_ltle,185,-0.25519124665803145,-0.3293953717131013
enigma,epilepsy_ltle,187,0.015497455020979042,-0.1520862965614533
enigma,epilepsy_ltle,189,-0.3376914607738096,-0.17100940288690944
enigma,epilepsy_ltle,191,-0.2503737716986303,-0.13787201042612984
enigma,epilepsy_ltle,193,-0.26174349841269845,-0.07154010494459839
enigma,epilepsy_ltle,195,-0.3442283768493152,-0.2693451352341176
enigma,epilepsy_ltle,197,-0.32316494122625183,-0.20693184485834987
enigma,epilepsy_ltle,199,-0.3131281063022511,-0.3489528838748032
enigma,epilepsy_ltle,201,-0.2868787832802556,-0.3477556758585005
enigma,epilepsy_ltle,203,-0.3055414061846157,-0.13962281527991832
enigma,epilepsy_ltle,205,-0.31828268772334356,-0.3255405949102703
enigma,epilepsy_ltle,207,-0.40040938380733937,-0.31082286669310694
enigma,epilepsy_ltle,209,-0.42565432625731037,-0.39511177844548945
enigma,depression,1,-0.0647953138491802,-0.013058884902049105
enigma,depression,3,-0.06036203235523127,-0.01747593654178537
enigma,depression,5,-0.0621100125287008,-0.04338827307628261
enigma,depression,7,-0.05687982156772314,-0.012260551350633628
enigma,depression,9,-0.058189004423076875,0.00206295354961053
enigma,depression,11,-0.06395329267543846,-0.034909144614612156
enigma,depression,13,-0.06922397083602141,-0.0804745220283242
enigma,depression,15,-0.04111644877071847,-0.08438143254807692
enigma,depression,17,-0.02199660260641022,-0.03609205607133825
enigma,depression,19,-0.039634270767716535,-0.12025632778042447
enigma,depression,21,-0.039397206421052766,-0.11896429754229108
enigma,depression,23,-0.029399529495398733,-0.023307180743081485
enigma,depression,25,-0.022719978886274538,-0.013352079234045224
enigma,depression,27,-0.04034133110769234,-0.1417152442536574
enigma,depression,29,-0.04951974106015037,-0.06926679226053997
enigma,depression,31,-0.05118818175483871,-0.08831625174092156
enigma,depression,33,-0.06025605469863012,-0.07222060718620858
enigma,depression,35,-0.05598968732857142,-0.10695055757451997
enigma,depression,37,-0.06352828280386744,-0.0700137570818865
enigma,depression,39,-0.05304936260283683,-0.04480555458773876
enigma,depression,41,-0.11445043149074074,-0.15922115647239068
enigma,depression,43,-0.05578614008823533,-0.12120219240651654
enigma,depression,45,-0.05207864851955306,-0.13544744718567367
enigma,depression,47,-0.09007189718090451,-0.1521743824950866
enigma,depression,49,-0.10001386923129245,-0.12096205557756523
enigma,depression,51,-0.06068459843601898,-0.10542814924898511
enigma,depression,53,-0.008387329773547095,0.0022399153319677956
enigma,depression,55,-0.024227782518032762,0.0066292891501874215
enigma,depression,57,-0.0031915073770308108,0.026289301397996012
enigma,depression,59,-0.02510761286894735,0.026059091688116792
enigma,depression,61,-0.023282914191428583,-0.026727526532374125
enigma,depression,63,-0.02418482969920845,-0.023386890834673463
enigma,depression,65,-0.006128432494872863,-0.014438962572309668
enigma,depression,67,-0.011428901496126756,0.014719771461880644
enigma,depression,69,-0.01753448508544599,-0.08359919200926078
enigma,depression,71,-0.007253871248517461,-0.03937424435052589
enigma,depression,73,-0.014868746015753125,-0.05484051321239876
enigma,depression,75,-0.015339226599500018,-0.06094539736243369
enigma,depression,77,-0.01825128616687179,-0.07252090044056186
enigma,depression,79,-0.009722233795133327,-0.06248564965868017
enigma,depression,81,-0.07762733641584153,-0.07063107198984381
enigma,depression,83,-0.06187835884771573,-0.06758887198271676
enigma,depression,85,-0.0749947829817073,-0.07020433030247947
enigma,depression,87,-0.06133453502228409,-0.0656678997990435
enigma,depression,89,-0.06967208313432836,-0.05008771156975202
enigma,depression,91,-0.055660578974359005,-0.06338791378328115
enigma,depression,93,-0.06075174441592928,-0.06868051457935223
enigma,depression,95,-0.06517606286915895,-0.06917471680124562
enigma,depression,97,-0.06485633809160304,-0.07415397610175847
enigma,depression,99,-0.06378716266165407,-0.07247364711978264
enigma,depression,101,-0.0548121112291667,-0.06795292963668843
enigma,depression,103,-0.08383871457941186,-0.06557361542283521
enigma,depression,105,-0.09766822466453677,-0.03977844547742888
enigma,depression,107,-0.08513916309577449,-0.04123801782560162
enigma,depression,109,-0.05987797551851851,-0.06605058147406775
enigma,depression,111,-0.0721205232982456,-0.07733343182095263
enigma,depression,113,-0.08090839699090908,-0.051900080126593216
enigma,depression,115,-0.06152747523076922,-0.07044492143177761
enigma,depression,117,-0.03976939677777777,-0.101661488230052
enigma,depression,119,-0.055582540720000025,-0.03270235468177431
enigma,depression,121,-0.04635503299487179,-0.06546867886898734
enigma,depression,123,-0.057810021357388254,-0.04986847259591133
enigma,depression,125,-0.007867475757068037,-0.03983034496489773
enigma,depression,127,-0.008994583562040814,-0.03742970535100495
enigma,depression,129,-0.010035381866770169,-0.041904519669133174
enigma,depression,131,-0.0006685097524838687,-0.04209872316213924
enigma,depression,133,-0.010855922472289108,-0.03896212172057241
enigma,depression,135,-0.051630717866028464,-0.037350812514953036
enigma,depression,137,-0.05158889409506392,-0.038233655689117574
enigma,depression,139,-0.0298088426757119,-0.04350935889067607
enigma,depression,141,-0.047062604283224486,-0.03981421852536547
enigma,depression,143,-0.060498192340346785,-0.03823156051584278
enigma,depression,145,-0.03376714572792455,-0.04551415401383104
enigma,depression,147,-0.020144395196296277,-0.04000786439021115
enigma,depression,149,-0.018600281494974898,-0.04482176481001821
enigma,depression,151,-0.01807297839623094,-0.03202795271131384
enigma,depression,153,-0.037190039347480115,-0.041017548253673555
enigma,depression,155,0.021627900067703744,-0.04521698747565061
enigma,depression,157,0.007120358013421058,-0.048323597983368105
enigma,depression,159,0.01906964229442702,-0.04427844187367345
enigma,depression,161,0.019639004985651208,-0.04461619352414985
enigma,depression,163,-0.07495810243514651,-0.0007175426970191107
enigma,depression,165,-0.0820311973229167,-0.057535175650044915
enigma,depression,167,-0.09033847450769228,-0.038102470066721204
enigma,depression,169,-0.06035601772282605,-0.037564215272389186
enigma,depression,171,-0.08715597998863646,-0.026250749677590723
enigma,depression,173,-0.08782248860648151,-0.03033659862018368
enigma,depression,175,-0.08882795994372275,-0.07508126273975974
enigma,depression,177,-0.07312808747826087,-0.07922458405236321
enigma,depression,179,-0.07144287693717283,-0.1021128846463103
enigma,depression,181,-0.07331289219911498,-0.01823517667493045
enigma,depression,183,-0.06561394031249995,-0.06065274160580615
enigma,depression,185,-0.06372394407772013,-0.07117333258769235
enigma,depression,187,-0.1256804402937061,-0.10213632746010695
enigma,depression,189,-0.0038214572232143046,-0.03062956280796717
enigma,depression,191,0.05118599594356167,-0.02911057595312628
enigma,depression,193,0.03813803593499997,-0.027016378574645054
enigma,depression,195,-0.02219320449983561,-0.036313487931234685
enigma,depression,197,0.016790147758963734,-0.03197535932135364
enigma,depression,199,-0.026924133633440477,-0.036386738297175966
enigma,depression,201,-0.04046740415923558,-0.04394393610369521
enigma,depression,203,-0.014155935990769244,-0.028970449930400568
enigma,depression,205,-0.03248116313544662,-0.038587467429191204
enigma,depression,207,0.0013417480035963288,-0.034148506749040006
enigma,depression,209,-0.016602607606725134,-0.03675477743706598
enigma,ocd,1,-0.06482510091803269,-0.056157124433783234
enigma,ocd,3,-0.07188476931873473,-0.05989259581118127
enigma,ocd,5,-0.07248757533232598,-0.06270626468060564
enigma,ocd,7,-0.06597004222190175,-0.056443313389626194
enigma,ocd,9,-0.058992777212820424,-0.054274584587256466
enigma,ocd,11,-0.06296319020467826,-0.05942127419704775
enigma,ocd,13,-0.07105770084139784,-0.05934426192521333
enigma,ocd,15,-0.09129929628176778,-0.0620890475874216
enigma,ocd,17,-0.08576207268717957,-0.06004103297916303
enigma,ocd,19,-0.0926045361062993,-0.06255358986697598
enigma,ocd,21,-0.0898208923296399,-0.06266247176592364
enigma,ocd,23,-0.08844440989570547,-0.05956025116200779
enigma,ocd,25,-0.0777347935803921,-0.05675004173145929
enigma,ocd,27,-0.08820916732307701,-0.06425993124056657
enigma,ocd,29,-0.07829612821804513,-0.06267457579838717
enigma,ocd,31,-0.06806609740645161,-0.06101968998377884
enigma,ocd,33,-0.06828455539041091,-0.06046912845924229
enigma,ocd,35,-0.043583637292857184,-0.06174026682533519
enigma,ocd,37,-0.05952694388121536,-0.05978066155334377
enigma,ocd,39,-0.07175044128368786,-0.05878799779477702
enigma,ocd,41,-0.08020159603703707,-0.061410075795559516
enigma,ocd,43,-0.080330098464706,-0.062237273859352474
enigma,ocd,45,-0.09341517149720653,-0.06386201358268401
enigma,ocd,47,-0.0861036834170854,-0.06326320105296236
enigma,ocd,49,-0.0879696619149659,-0.06263259783601975
enigma,ocd,51,-0.07202562232701425,-0.06021657123460768
enigma,ocd,53,-0.03372839951503006,-0.05750873023997394
enigma,ocd,55,-0.04191636804590159,-0.05508133357132567
enigma,ocd,57,-0.03203470785994394,-0.05478944567881895
enigma,ocd,59,-0.038859673089473676,-0.052960357039015395
enigma,ocd,61,-0.04064664815238092,-0.05745321745089907
enigma,ocd,63,-0.04775316076253295,-0.05782177745965231
enigma,ocd,65,-0.032253840975944935,-0.06030241631025525
enigma,ocd,67,-0.021894507838028175,-0.05362315719692075
enigma,ocd,69,-0.007265044554225349,-0.08149174540362379
enigma,ocd,71,-0.01890052335555556,-0.04751003000361624
enigma,ocd,73,-0.014244364917364031,-0.053695912657297104
enigma,ocd,75,-0.02838971931099997,-0.06107466362473099
enigma,ocd,77,-0.020775658266666674,-0.06782775568227986
enigma,ocd,79,-0.024107060958666687,-0.06606013344382523
enigma,ocd,81,-0.08802196340594057,-0.07298059036084634
enigma,ocd,83,-0.07352601973604057,-0.06897721294322982
enigma,ocd,85,-0.08781072953048787,-0.06942674394024782
enigma,ocd,87,-0.06878168458217268,-0.06785169651344491
enigma,ocd,89,-0.0935661345671642,-0.06957896402611767
enigma,ocd,91,-0.08888826920512824,-0.06499397371890069
enigma,ocd,93,-0.08158241951327437,-0.07775633482381746
enigma,ocd,95,-0.08935009445794385,-0.07663500986647451
enigma,ocd,97,-0.0889224146183206,-0.0680469618497768
enigma,ocd,99,-0.08877506336842109,-0.07208222799331566
enigma,ocd,101,-0.0886021141041666,-0.07658391327677523
enigma,ocd,103,-0.08553416991764695,-0.08984820239570221
enigma,ocd,105,-0.10044226324600657,-0.05757672310973474
enigma,ocd,107,-0.09793086267042243,-0.05796430104185832
enigma,ocd,109,-0.06925562300000002,-0.09274049169847245
enigma,ocd,111,-0.0652827316666667,-0.07531382020298596
enigma,ocd,113,-0.07059227603636369,-0.04780594831628236
enigma,ocd,115,-0.06501837330769233,-0.09201350275925599
enigma,ocd,117,-0.03739830772222222,-0.09385335227825423
enigma,ocd,119,-0.05896075298666663,-0.06362858279913505
enigma,ocd,121,-0.052545366846153914,-0.06688179986093554
enigma,ocd,123,-0.07082445556013757,-0.07766533065045456
enigma,ocd,125,-0.0672821235759162,-0.061951137009756865
enigma,ocd,127,-0.06864169935102034,-0.06250665534963414
enigma,ocd,129,-0.0648432587795033,-0.062169833939907375
enigma,ocd,131,-0.058061211651612876,-0.06173358969479406
enigma,ocd,133,-0.06970827689558233,-0.06303692197850987
enigma,ocd,135,-0.12387986658133965,-0.06372522307732689
enigma,ocd,137,-0.11703358487751364,-0.06391246183007836
enigma,ocd,139,-0.04992999470854259,-0.06115831988607895
enigma,ocd,141,-0.07093499803485825,-0.06298202862273224
enigma,ocd,143,-0.12700712614727747,-0.06394857243618214
enigma,ocd,145,-0.043453158830188604,-0.06081456423270693
enigma,ocd,147,-0.08989756977037051,-0.062468857740558374
enigma,ocd,149,-0.07775216265577903,-0.062155318378487985
enigma,ocd,151,-0.0860291294488019,-0.060427780987835855
enigma,ocd,153,-0.09180505828912458,-0.06077054794633328
enigma,ocd,155,-0.026707180601481473,-0.06029575016667625
enigma,ocd,157,-0.03197244562631575,-0.06094876341713423
enigma,ocd,159,-0.03285596734382024,-0.06019615051173378
enigma,ocd,161,-0.030637827578366434,-0.06016171918578696
enigma,ocd,163,-0.04621802915481171,-0.014497109960784009
enigma,ocd,165,-0.07547000141666671,-0.043351719943026536
enigma,ocd,167,-0.06948959250000004,-0.028899748658204924
enigma,ocd,169,-0.04072643515760872,-0.01638768417181842
enigma,ocd,171,-0.05732952803409089,-0.03690727450094378
enigma,ocd,173,-0.06491673661111108,-0.034838051982250665
enigma,ocd,175,-0.06760397631168825,-0.051315728508300865
enigma,ocd,177,-0.03398404374173917,-0.05123922134783552
enigma,ocd,179,-0.044717302268062815,-0.08444568181815834
enigma,ocd,181,-0.06961332497787623,-0.06576839181426518
enigma,ocd,183,-0.035291301632916695,-0.04548406388448358
enigma,ocd,185,-0.0471608681606218,-0.042945083477816406
enigma,ocd,187,-0.07660040546153847,-0.0703322465546648
enigma,ocd,189,-0.056877876363095256,-0.07350254133598479
enigma,ocd,191,-0.025588185254794473,-0.07364260304021247
enigma,ocd,193,-0.031923197844841274,-0.07367907617364004
enigma,ocd,195,-0.06213676543561649,-0.07210814045179774
enigma,ocd,197,-0.04953747675820374,-0.07319062773388703
enigma,ocd,199,-0.08171818654983945,-0.07310587507055724
enigma,ocd,201,-0.08757587025796168,-0.06915802608912947
enigma,ocd,203,-0.06811853271384616,-0.07365878854090609
enigma,ocd,205,-0.07689968917579244,-0.07174071438049451
enigma,ocd,207,-0.0613341195229358,-0.073414784873722
enigma,ocd,209,-0.07790635312280693,-0.07285038140197446
enigma,schizophrenia,1,-0.4068707255081954,-0.2384542447835154
enigma,schizophrenia,3,-0.417068562798054,-0.2315910642840615
enigma,schizophrenia,5,-0.4165493418428998,-0.28928692240463805
enigma,schizophrenia,7,-0.406630926772335,-0.20121933124112457
enigma,schizophrenia,9,-0.38700515766666704,-0.1756981414108366
enigma,schizophrenia,11,-0.3990765347368426,-0.2675583527384141
enigma,schizophrenia,13,-0.3887023700268817,-0.2758562672071601
enigma,schizophrenia,15,-0.3709627061602201,-0.3029934257464293
enigma,schizophrenia,17,-0.35952208958974363,-0.23707095964370156
enigma,schizophrenia,19,-0.3676364852362202,-0.3193467328665632
enigma,schizophrenia,21,-0.36023784684210397,-0.28764609300871913
enigma,schizophrenia,23,-0.3720842915644171,-0.22236321414458188
enigma,schizophrenia,25,-0.3636396642745098,-0.1959225323376813
enigma,schizophrenia,27,-0.3542369553461535,-0.3281468375224396
enigma,schizophrenia,29,-0.36428676887218026,-0.2521893453941982
enigma,schizophrenia,31,-0.35821289877419304,-0.25866292016623776
enigma,schizophrenia,33,-0.3650774480821918,-0.28314031260547035
enigma,schizophrenia,35,-0.3403188017857142,-0.2883946128470751
enigma,schizophrenia,37,-0.3646646912707184,-0.3282493493821159
enigma,schizophrenia,39,-0.3608815814893619,-0.31340739782204385
enigma,schizophrenia,41,-0.24577541606481457,-0.3216152594550136
enigma,schizophrenia,43,-0.3730479017647054,-0.33982846016565954
enigma,schizophrenia,45,-0.3839100362290502,-0.34262828329038536
enigma,schizophrenia,47,-0.2944272298994975,-0.31832477568770357
enigma,schizophrenia,49,-0.29437559714285705,-0.31565670081449987
enigma,schizophrenia,51,-0.3707270631279622,-0.3299520604166139
enigma,schizophrenia,53,-0.3038706378156318,-0.22658588266477933
enigma,schizophrenia,55,-0.3261480513114752,-0.16338712711138742
enigma,schizophrenia,57,-0.297837813837534,-0.17281655388646447
enigma,schizophrenia,59,-0.3247607816842109,-0.11907463581998823
enigma,schizophrenia,61,-0.3201048930793649,-0.32013210964609096
enigma,schizophrenia,63,-0.32769435976253347,-0.2389536408659987
enigma,schizophrenia,65,-0.2671213032302403,-0.27382903671715697
enigma,schizophrenia,67,-0.2776319993661969,-0.15881297935673755
enigma,schizophrenia,69,-0.31851335150234766,-0.35139085722678354
enigma,schizophrenia,71,-0.41155421463492076,-0.3132783559989575
enigma,schizophrenia,73,-0.39303885583681997,-0.32937829430296
enigma,schizophrenia,75,-0.41929113570000065,-0.3201005627303009
enigma,schizophrenia,77,-0.42302037415384586,-0.34572353874215145
enigma,schizophrenia,79,-0.43582411759999995,-0.3370453954524014
enigma,schizophrenia,81,-0.438161655742574,-0.3330128288701811
enigma,schizophrenia,83,-0.4390120024873099,-0.33045776755346307
enigma,schizophrenia,85,-0.4134749059756097,-0.3234775623983583
enigma,schizophrenia,87,-0.43277787671309276,-0.33023355689550604
enigma,schizophrenia,89,-0.4609792074626868,-0.3341687716981081
enigma,schizophrenia,91,-0.451399676153846,-0.3242149836094483
enigma,schizophrenia,93,-0.43897311513274334,-0.3395651310431831
enigma,schizophrenia,95,-0.4471024513084114,-0.33833997024361684
enigma,schizophrenia,97,-0.44318450251908353,-0.32481303095339004
enigma,schizophrenia,99,-0.4458814776691728,-0.33128211418292863
enigma,schizophrenia,101,-0.45142828784722205,-0.3385643014854704
enigma,schizophrenia,103,-0.39704641329411816,-0.35266093293884954
enigma,schizophrenia,105,-0.464405318370606,-0.31890632641231426
enigma,schizophrenia,107,-0.4642713529577462,-0.32349193316590247
enigma,schizophrenia,109,-0.2861262164197531,-0.3556916618496142
enigma,schizophrenia,111,-0.28966143982456155,-0.3483950355584423
enigma,schizophrenia,113,-0.3272441394545453,-0.3187534688043212
enigma,schizophrenia,115,-0.2622772666666666,-0.3563797706797193
enigma,schizophrenia,117,-0.2731929722222223,-0.36878415070354603
enigma,schizophrenia,119,-0.3021933714666666,-0.30408953552404283
enigma,schizophrenia,121,-0.38682345266666635,-0.323443190952179
enigma,schizophrenia,123,-0.3766514942268037,-0.3149027969270054
enigma,schizophrenia,125,-0.22288470083769701,-0.30579874977098853
enigma,schizophrenia,127,-0.22516345930612228,-0.2792913068013862
enigma,schizophrenia,129,-0.2353316038509316,-0.3300478703741566
enigma,schizophrenia,131,-0.22186087741935515,-0.3169915801360285
enigma,schizophrenia,133,-0.22466134060241041,-0.3115935696177448
enigma,schizophrenia,135,-0.33707785729665035,-0.33980006116993683
enigma,schizophrenia,137,-0.3415124056672763,-0.3456372305445075
enigma,schizophrenia,139,-0.360717440217756,-0.3532950961244167
enigma,schizophrenia,141,-0.38868903485838896,-0.36360633858912994
enigma,schizophrenia,143,-0.3658773246287121,-0.34618820263889083
enigma,schizophrenia,145,-0.38973926794339736,-0.40110067418796375
enigma,schizophrenia,147,-0.282330753814815,-0.3139900503484187
enigma,schizophrenia,149,-0.2802427102010045,-0.3547526069431317
enigma,schizophrenia,151,-0.28229267187363843,-0.2625424249428658
enigma,schizophrenia,153,-0.30231333058355503,-0.28514092335886054
enigma,schizophrenia,155,-0.2762355026222224,-0.33577162606855615
enigma,schizophrenia,157,-0.2980522172105266,-0.3639781945593944
enigma,schizophrenia,159,-0.2702139208988763,-0.32530827498933557
enigma,schizophrenia,161,-0.26131121286975706,-0.332860549875953
enigma,schizophrenia,163,-0.37339107807531374,-0.3764067697785841
enigma,schizophrenia,165,-0.4048815494791671,-0.43347448143721906
enigma,schizophrenia,167,-0.39752347423076906,-0.41613228263509616
enigma,schizophrenia,169,-0.41872421505434804,-0.46874391704244067
enigma,schizophrenia,171,-0.38796201323863627,-0.38457122504545355
enigma,schizophrenia,173,-0.3889028169444444,-0.39488529028887837
enigma,schizophrenia,175,-0.30814930463203444,-0.26705857897177065
enigma,schizophrenia,177,-0.23578074857971032,-0.3343139901775162
enigma,schizophrenia,179,-0.26441868612565456,-0.3893561437576327
enigma,schizophrenia,181,-0.3129797206194689,-0.25524623364144255
enigma,schizophrenia,183,-0.25931048324999983,-0.3097687436805614
enigma,schizophrenia,185,-0.2989026253367882,-0.2484941143831025
enigma,schizophrenia,187,-0.21808147223776225,-0.2314136184260712
enigma,schizophrenia,189,-0.34287408017857157,-0.3136900549206937
enigma,schizophrenia,191,-0.19562450782465735,-0.3105488576976347
enigma,schizophrenia,193,-0.21753810694047618,-0.3065251497004242
enigma,schizophrenia,195,-0.36456691679452097,-0.32563975018963853
enigma,schizophrenia,197,-0.25385540034542364,-0.3158653105157002
enigma,schizophrenia,199,-0.32656903231511336,-0.32660027776047995
enigma,schizophrenia,201,-0.3650074963694267,-0.34822315107547874
enigma,schizophrenia,203,-0.3117096479384628,-0.3102844291097121
enigma,schizophrenia,205,-0.3503558056195969,-0.33325027147853437
enigma,schizophrenia,207,-0.22715562655963276,-0.32019711926312444
enigma,schizophrenia,209,-0.2428259334502924,-0.32640971600281954
enigma,bipolar,1,-0.2247327639016388,-0.13014671650736073
enigma,bipolar,3,-0.23762437299270017,-0.13574628913645928
enigma,bipolar,5,-0.23876791202416894,-0.17579853723752534
enigma,bipolar,7,-0.22773644521613917,-0.09826299440861262
enigma,bipolar,9,-0.2119541885641031,-0.06707755949779379
enigma,bipolar,11,-0.22140336435672509,-0.1672547780390761
enigma,bipolar,13,-0.22557701298387167,-0.1549509343750324
enigma,bipolar,15,-0.26987892345303893,-0.17097189628184456
enigma,bipolar,17,-0.26183939605128265,-0.14816991276547758
enigma,bipolar,19,-0.2720260053149607,-0.1864726860728362
enigma,bipolar,21,-0.27550855595567825,-0.1776552871459924
enigma,bipolar,23,-0.264254885398773,-0.12694576333660884
enigma,bipolar,25,-0.24607356137254877,-0.09398735492123365
enigma,bipolar,27,-0.2533327118461539,-0.20607908062461194
enigma,bipolar,29,-0.27237100218045107,-0.18176416889432553
enigma,bipolar,31,-0.2789522933548388,-0.16547212213783766
enigma,bipolar,33,-0.2861983950684934,-0.1793132344806897
enigma,bipolar,35,-0.2642419709285713,-0.1766676239852482
enigma,bipolar,37,-0.26359831837016595,-0.1893743887702597
enigma,bipolar,39,-0.2651025394326242,-0.1685913842598304
enigma,bipolar,41,-0.19250847069444457,-0.19200562185991724
enigma,bipolar,43,-0.22738809082352962,-0.19853843512006866
enigma,bipolar,45,-0.21818156625698307,-0.2151491169792463
enigma,bipolar,47,-0.203807350603015,-0.20464766567601106
enigma,bipolar,49,-0.20351678207482987,-0.20640053987671672
enigma,bipolar,51,-0.23114169563981063,-0.18614210733273984
enigma,bipolar,53,-0.15954527903807625,-0.10380891673512341
enigma,bipolar,55,-0.1871579849508195,-0.05484773966859191
enigma,bipolar,57,-0.15175973450980412,-0.045494544396494085
enigma,bipolar,59,-0.18072611673684205,-0.0065309943783987134
enigma,bipolar,61,-0.17480933116825398,-0.15033074300511642
enigma,bipolar,63,-0.19966731994722944,-0.11677623308640406
enigma,bipolar,65,-0.14886130752577326,-0.14988440886017368
enigma,bipolar,67,-0.15143294813380304,-0.03630109197500639
enigma,bipolar,69,-0.15161708655399042,-0.2473663873714787
enigma,bipolar,71,-0.2086747438412694,-0.16942191549859167
enigma,bipolar,73,-0.1880666787656907,-0.19117960766797004
enigma,bipolar,75,-0.2150252250000001,-0.1986602804806912
enigma,bipolar,77,-0.20361854738461538,-0.21958645254214082
enigma,bipolar,79,-0.21518065506666653,-0.21410401402899645
enigma,bipolar,81,-0.24760768623762394,-0.23039345793266677
enigma,bipolar,83,-0.24053737553299478,-0.21898093446367098
enigma,bipolar,85,-0.24054881560975583,-0.2179538766171063
enigma,bipolar,87,-0.23669568437325858,-0.21821265700929265
enigma,bipolar,89,-0.2606811464179103,-0.22355741229854842
enigma,bipolar,91,-0.2524733362820511,-0.21442962597450677
enigma,bipolar,93,-0.24528479867256647,-0.23886972818354543
enigma,bipolar,95,-0.25082692700934567,-0.23857524574386546
enigma,bipolar,97,-0.24824908893129755,-0.21922360178764483
enigma,bipolar,99,-0.25012803330827077,-0.22884565280161262
enigma,bipolar,101,-0.25244691805555547,-0.2390684486824658
enigma,bipolar,103,-0.19223681683235327,-0.25567997303066403
enigma,bipolar,105,-0.2688868413738017,-0.19708322891405902
enigma,bipolar,107,-0.2631384481971828,-0.20407849680050844
enigma,bipolar,109,-0.10631413729629628,-0.2595875383664572
enigma,bipolar,111,-0.05511689766666669,-0.22101831390391571
enigma,bipolar,113,-0.08718716710000006,-0.17794851631049474
enigma,bipolar,115,-0.05383722715384614,-0.2562915560431081
enigma,bipolar,117,-0.10966186477777777,-0.2691042988124774
enigma,bipolar,119,-0.08306408305333336,-0.17463197345045958
enigma,bipolar,121,-0.21440287512820505,-0.21234778412312497
enigma,bipolar,123,-0.22426505274914113,-0.21148479370683032
enigma,bipolar,125,-0.16824412120418855,-0.22577023373018215
enigma,bipolar,127,-0.17003308738775522,-0.1812659564542991
enigma,bipolar,129,-0.17188933810559034,-0.23194954652580402
enigma,bipolar,131,-0.15481040732258075,-0.2246672723549238
enigma,bipolar,133,-0.1715543442570286,-0.21753787156386714
enigma,bipolar,135,-0.24207790610047863,-0.19568066132272247
enigma,bipolar,137,-0.24696077058500876,-0.20346853635954087
enigma,bipolar,139,-0.22211446075376953,-0.2106388325971211
enigma,bipolar,141,-0.2536835693464057,-0.21305774953425632
enigma,bipolar,143,-0.25910772831682827,-0.20343824824585513
enigma,bipolar,145,-0.23176654292452797,-0.2095492314292626
enigma,bipolar,147,-0.19925952688888954,-0.18397386411920497
enigma,bipolar,149,-0.1886134791959798,-0.19684287176205595
enigma,bipolar,151,-0.18457420344226583,-0.14039602453988317
enigma,bipolar,153,-0.19669595360742687,-0.1433312078139143
enigma,bipolar,155,-0.11758082418370379,-0.19753242311685723
enigma,bipolar,157,-0.1348699477999997,-0.2009442135998053
enigma,bipolar,159,-0.1265128949865167,-0.19936157437872748
enigma,bipolar,161,-0.1198051138432669,-0.19261708509703623
enigma,bipolar,163,-0.1825253362761505,-0.19517883105688832
enigma,bipolar,165,-0.20531175968750015,-0.2308835312884403
enigma,bipolar,167,-0.21728336084615368,-0.21341974701985772
enigma,bipolar,169,-0.20138074407608703,-0.2120259379494445
enigma,bipolar,171,-0.1876600588636361,-0.20498444579016512
enigma,bipolar,173,-0.21664551375000038,-0.2072270683047355
enigma,bipolar,175,-0.1551738248484849,-0.11190723317736682
enigma,bipolar,177,-0.13918769088405786,-0.1641534437790774
enigma,bipolar,179,-0.16702718371204178,-0.24001018537466465
enigma,bipolar,181,-0.15298127628318614,-0.13540525784848678
enigma,bipolar,183,-0.15293646478124992,-0.16109720994411958
enigma,bipolar,185,-0.16272885834196932,-0.10041360818815344
enigma,bipolar,187,-0.1745252216083916,-0.20740635810710809
enigma,bipolar,189,-0.19360109214285695,-0.13336079740677426
enigma,bipolar,191,-0.07332729364520534,-0.12408100706970826
enigma,bipolar,193,-0.08540740564880951,-0.11373484517418798
enigma,bipolar,195,-0.20347513922191762,-0.15043823274193532
enigma,bipolar,197,-0.13122338382383394,-0.13621123803092944
enigma,bipolar,199,-0.17044565424437275,-0.21137299709908292
enigma,bipolar,201,-0.19559576786624208,-0.23253376902596096
enigma,bipolar,203,-0.14476274867692296,-0.1221191566515328
enigma,bipolar,205,-0.17383524827089333,-0.20883197132576592
enigma,bipolar,207,-0.14310406029816525,-0.1487732705756737
enigma,bipolar,209,-0.18144869213450282,-0.18149423562836026
enigma,obesity,1,-0.14494321629508142,-0.0645271540768063
enigma,obesity,3,-0.1492992039172747,-0.05404126589275331
enigma,obesity,5,-0.14282364319637433,-0.07887641211094462
enigma,obesity,7,-0.15770319729106566,-0.042815973111495126
enigma,obesity,9,-0.15596191615384614,-0.026522326191106088
enigma,obesity,11,-0.14194747327485327,-0.08131333984219796
enigma,obesity,13,-0.1372539776532258,-0.1015569198603618
enigma,obesity,15,-0.10413925935635351,-0.09747169064872901
enigma,obesity,17,-0.15640806683333314,-0.07049512653581659
enigma,obesity,19,-0.10133940487401588,-0.1472459518722736
enigma,obesity,21,-0.09413020967035994,-0.12358449084107444
enigma,obesity,23,-0.1422448896411041,-0.05399433393374878
enigma,obesity,25,-0.1713244638039217,-0.0400209809349822
enigma,obesity,27,-0.10020175664230771,-0.16289144234704736
enigma,obesity,29,-0.14681723413533837,-0.09557408018764846
enigma,obesity,31,-0.0896679187354839,-0.11209444605803151
enigma,obesity,33,-0.11094138571917808,-0.11856417873288791
enigma,obesity,35,-0.05758905803571425,-0.14593631064247994
enigma,obesity,37,-0.10048767430939208,-0.137266589216269
enigma,obesity,39,-0.15363706234042565,-0.12178125150481396
enigma,obesity,41,-0.09267801760185176,-0.1628807451008566
enigma,obesity,43,-0.10969575111176458,-0.15741788723321848
enigma,obesity,45,-0.118943452142458,-0.16058146414660998
enigma,obesity,47,-0.09985844255276365,-0.1602203881137568
enigma,obesity,49,-0.10196363051020432,-0.13774774385166588
enigma,obesity,51,-0.1062211528672984,-0.156161794229525
enigma,obesity,53,-0.16172725045490988,-0.05834200585404491
enigma,obesity,55,-0.1943091895737707,-0.015127083381660605
enigma,obesity,57,-0.1476501322464983,-0.018229327695726355
enigma,obesity,59,-0.18424951115789479,0.01820843831306848
enigma,obesity,61,-0.16469812461587258,-0.12364916471926356
enigma,obesity,63,-0.1894304338258575,-0.07103988612577636
enigma,obesity,65,-0.13961881013745672,-0.11201679423392426
enigma,obesity,67,-0.1610689905985914,-0.01958786375642077
enigma,obesity,69,-0.18390750323943642,-0.14100535496710015
enigma,obesity,71,-0.2176811757142855,-0.12157572899973093
enigma,obesity,73,-0.2202172405020926,-0.15041977700132886
enigma,obesity,75,-0.2214646026499999,-0.1352616195201187
enigma,obesity,77,-0.22423986307692337,-0.15130523623829908
enigma,obesity,79,-0.23840939199999994,-0.15285754201499574
enigma,obesity,81,-0.22394864564356443,-0.13037040397434257
enigma,obesity,83,-0.22853686111675128,-0.13545605141166167
enigma,obesity,85,-0.20312776067073154,-0.1263868005504267
enigma,obesity,87,-0.2247986504735374,-0.13480449460674707
enigma,obesity,89,-0.2604721467164179,-0.11629760906189113
enigma,obesity,91,-0.23737227025641042,-0.12016386271597451
enigma,obesity,93,-0.239388018938053,-0.13229221978965625
enigma,obesity,95,-0.2293600099999999,-0.13057529815131722
enigma,obesity,97,-0.224908404503817,-0.12766666273712562
enigma,obesity,99,-0.22852977857142875,-0.12901187502017541
enigma,obesity,101,-0.2366997555555558,-0.12886060032877597
enigma,obesity,103,-0.24285014176470537,-0.13684193941896822
enigma,obesity,105,-0.284199532939297,-0.10276420699894576
enigma,obesity,107,-0.27598968960563414,-0.10482677978860347
enigma,obesity,109,-0.19947640790123455,-0.13918966075598377
enigma,obesity,111,-0.1406885388421054,-0.1695021486830096
enigma,obesity,113,-0.1586251303636363,-0.12275523156368075
enigma,obesity,115,-0.15172284179487192,-0.14820781997226073
enigma,obesity,117,-0.18064462888888888,-0.16641601293487218
enigma,obesity,119,-0.10293318146666662,-0.09804865160712335
enigma,obesity,121,-0.1974106274358974,-0.13349480190360186
enigma,obesity,123,-0.17798086982817873,-0.11888555902182509
enigma,obesity,125,-0.09073874019371717,-0.11358934448375922
enigma,obesity,127,-0.09095717731428563,-0.08730603722370484
enigma,obesity,129,-0.08932560005279506,-0.13556797403764742
enigma,obesity,131,-0.08216714333870967,-0.1342329083865838
enigma,obesity,133,-0.0882186108995981,-0.10767655107824091
enigma,obesity,135,-0.11153943472248791,-0.10276275952676169
enigma,obesity,137,-0.11819146342778789,-0.10673339179270516
enigma,obesity,139,-0.12343930543718572,-0.15247320291184155
enigma,obesity,141,-0.14329625453812625,-0.12317070589068643
enigma,obesity,143,-0.1261220366856445,-0.10681282448305125
enigma,obesity,145,-0.1527654777849052,-0.17828446705959092
enigma,obesity,147,-0.11787708304814817,-0.10213780903651792
enigma,obesity,149,-0.12397693745477345,-0.11895164244777459
enigma,obesity,151,-0.11035804312200462,-0.08035627626376814
enigma,obesity,153,-0.12824649368700294,-0.11558037026830142
enigma,obesity,155,-0.07664464228444438,-0.167583082621534
enigma,obesity,157,-0.07909401556842108,-0.18277858350144763
enigma,obesity,159,-0.060783275743820225,-0.16052723888012616
enigma,obesity,161,-0.07496229678366435,-0.1567425493302527
enigma,obesity,163,-0.1745155760669453,-0.17753666730364234
enigma,obesity,165,-0.1588408638541667,-0.16356325862431953
enigma,obesity,167,-0.15497420812307688,-0.17848070238251
enigma,obesity,169,-0.20442980668478264,-0.1873111853336926
enigma,obesity,171,-0.17001871477272723,-0.17671543829409406
enigma,obesity,173,-0.1729450008333337,-0.1760501881193887
enigma,obesity,175,-0.15673662515151515,-0.15956925590633986
enigma,obesity,177,-0.14469041286956513,-0.1490947732208787
enigma,obesity,179,-0.10464137699999987,-0.12526951563395308
enigma,obesity,181,-0.11813285811061955,-0.09932372226002545
enigma,obesity,183,-0.13077480517187492,-0.14929822271046844
enigma,obesity,185,-0.18458695020725382,-0.1536858093513474
enigma,obesity,187,-0.09666238830769251,-0.0835350160709332
enigma,obesity,189,-0.08125816572023807,-0.041489441179704614
enigma,obesity,191,-0.01458471761863013,-0.021387821256190792
enigma,obesity,193,-0.0196699056038095,0.0034184872505912123
enigma,obesity,195,-0.11562489114794525,-0.08749686249716011
enigma,obesity,197,-0.05654893585803122,-0.05320766360301245
enigma,obesity,199,-0.0685746678553058,-0.1173332449206353
enigma,obesity,201,-0.11212492229936295,-0.19949749344964235
enigma,obesity,203,-0.05334476007692309,-0.0180400480611754
enigma,obesity,205,-0.09129410255907774,-0.1458417280642905
enigma,obesity,207,-0.06994924644954117,-0.0725386835409752
enigma,obesity,209,-0.09174626504678365,-0.09371445539455059
enigma,schizotypy,1,-0.0016499596078688524,-0.0023138280492271232
enigma,schizotypy,3,-0.0018552311955596097,-0.002532644950485664
enigma,schizotypy,5,-0.002061037489957706,-0.0024919241328014837
enigma,schizotypy,7,-0.007098477128789649,-0.0025359687156129127
enigma,schizotypy,9,-0.00844533756735897,-0.0028071728395635074
enigma,schizotypy,11,-0.0011289257059064327,-0.002101552302669803
enigma,schizotypy,13,0.004798528073091391,-0.0019707756926451723
enigma,schizotypy,15,0.0030053692347292837,-0.0025060988192335924
enigma,schizotypy,17,0.0012585207778205154,-0.002495830233905613
enigma,schizotypy,19,0.0033840545844488184,-0.002610237088659851
enigma,schizotypy,21,0.002658340552077564,-0.0026029732363147136
enigma,schizotypy,23,0.004503014194110423,-0.0025564660275444913
enigma,schizotypy,25,-0.0023124329829411717,-0.0025923332910414813
enigma,schizotypy,27,0.007973121046538453,-0.0025101492863022932
enigma,schizotypy,29,-0.012175957652631578,-0.002285950490164992
enigma,schizotypy,31,-0.0067849697078709624,-0.0021685537526805044
enigma,schizotypy,33,-0.011946979568493148,-0.002180930770084669
enigma,schizotypy,35,-0.005541347535799998,-0.0023793078048520476
enigma,schizotypy,37,-0.008694414997237575,-0.00235770816532045
enigma,schizotypy,39,-0.01832862176595744,-0.0028315466075447644
enigma,schizotypy,41,0.04802462197685182,-0.001981139487827797
enigma,schizotypy,43,0.0064336996958823615,-0.001991376086591464
enigma,schizotypy,45,0.009001743625418999,-0.002030700671522327
enigma,schizotypy,47,0.035754007145728656,-0.0018868268758070272
enigma,schizotypy,49,0.0360631086802721,-0.0015476216247257398
enigma,schizotypy,51,0.003288580285345971,-0.0020080315018449887
enigma,schizotypy,53,-0.03000972620841685,-0.003246575355490867
enigma,schizotypy,55,-0.03334763218032787,-0.0030219963379624223
enigma,schizotypy,57,-0.027393853028011207,-0.0036602181665297247
enigma,schizotypy,59,-0.0331220357631579,-0.0034240275339165547
enigma,schizotypy,61,-0.026677864384126986,-0.003220511230715726
enigma,schizotypy,63,-0.029803671852242735,-0.0027982089374669547
enigma,schizotypy,65,-0.030596533618556705,-0.0036675199074180636
enigma,schizotypy,67,-0.040518161214788725,-0.003507312882055787
enigma,schizotypy,69,0.00643566797896713,0.002194856526021356
enigma,schizotypy,71,0.001968715584793651,-0.005765440815490453
enigma,schizotypy,73,0.008034896868238484,-0.0034596251265586317
enigma,schizotypy,75,0.002574770588409997,-0.003203515261051198
enigma,schizotypy,77,0.0012094983332923074,0.0007858924994506239
enigma,schizotypy,79,0.001288353144863333,-0.0013257723364069186
enigma,schizotypy,81,-0.0006067022868316836,0.00027490046486646977
enigma,schizotypy,83,-0.0011093259578375634,-1.3742050111784261e-05
enigma,schizotypy,85,0.0034015485629268266,-0.001187685745822765
enigma,schizotypy,87,0.0010587823425013945,-0.0004940680267336694
enigma,schizotypy,89,-0.013577267688059705,-0.0004496671201866271
enigma,schizotypy,91,-0.005539627797435901,-0.001168217889304915
enigma,schizotypy,93,-0.006571969872566368,0.000993345627963201
enigma,schizotypy,95,-0.0026636302869158888,0.0008707100120217554
enigma,schizotypy,97,-0.0016969053961832068,-0.0006929210779055661
enigma,schizotypy,99,-0.002345789374436091,8.444425927191506e-05
enigma,schizotypy,101,-0.005144875102777777,0.0008326909984693858
enigma,schizotypy,103,-0.019169281340588238,0.002277301999455226
enigma,schizotypy,105,-0.030020942422044727,-0.0024343052803126866
enigma,schizotypy,107,-0.020220329180281656,-0.001981238517491653
enigma,schizotypy,109,-0.019988533969135802,0.002614132453062944
enigma,schizotypy,111,0.0011288121140350857,0.0007768378596400838
enigma,schizotypy,113,-0.0004143746918181804,-0.0016539495925979204
enigma,schizotypy,115,-0.007328721484615383,0.0024406575428090665
enigma,schizotypy,117,-0.0077458734,0.003248696120287496
enigma,schizotypy,119,0.001970682015546667,-0.003262375676775853
enigma,schizotypy,121,0.011498347167692309,-0.0015855679492780082
enigma,schizotypy,123,0.00901374576219934,-0.004444121437449315
enigma,schizotypy,125,-0.015981641303664963,-0.002315582621961952
enigma,schizotypy,127,-0.015940505670204077,-0.0022882655640581624
enigma,schizotypy,129,-0.017523090335403745,-0.0025909844016706617
enigma,schizotypy,131,-0.016332618453225804,-0.0028514556280684255
enigma,schizotypy,133,-0.017519672891566314,-0.0024619695830108757
enigma,schizotypy,135,-0.003583512166028715,-0.0023326372501508434
enigma,schizotypy,137,-0.008545262535831733,-0.002296845734658134
enigma,schizotypy,139,-0.0185229801298158,-0.0023048021284910406
enigma,schizotypy,141,-0.01651790358932464,-0.0017105276485086768
enigma,schizotypy,143,-0.003830773552821788,-0.002309476096886537
enigma,schizotypy,145,-0.01585560536416982,-0.002068017820748399
enigma,schizotypy,147,-0.003058531432111109,-0.0020598002177618807
enigma,schizotypy,149,-0.00837068022311558,-0.0020256438385822043
enigma,schizotypy,151,-0.0020867212697167747,-0.0018949055186605714
enigma,schizotypy,153,-0.002328680330847481,-0.0021433445323716794
enigma,schizotypy,155,-0.011696703299555565,-0.005037635698488037
enigma,schizotypy,157,-0.008993821901578936,-0.0038315942053735114
enigma,schizotypy,159,-0.008711887197528077,-0.004791890297398443
enigma,schizotypy,161,-0.012913470650551897,-0.0048213621255644625
enigma,schizotypy,163,0.0034731448776569034,-0.004902311047369884
enigma,schizotypy,165,0.001230097185416667,-0.002714003632517322
enigma,schizotypy,167,-0.0025996477790769215,-0.003868642639451782
enigma,schizotypy,169,-0.0004626642234239138,-0.0033778258971988257
enigma,schizotypy,171,-0.0050605121048295405,-0.0045982457521251165
enigma,schizotypy,173,-0.008888190977314808,-0.004501226593974541
enigma,schizotypy,175,-0.006272595045231609,-0.005117260845008202
enigma,schizotypy,177,0.015361960231884061,-0.004312767144791407
enigma,schizotypy,179,0.013241725250261766,-0.0030362996974541154
enigma,schizotypy,181,-0.016378575313274323,-0.004519175065553677
enigma,schizotypy,183,0.011571377640104177,-0.005706504982349444
enigma,schizotypy,185,-0.0048102671631088095,-0.005594301065476326
enigma,schizotypy,187,0.039562003769230775,-0.0015299057057466025
enigma,schizotypy,189,-0.0070267101845238045,-0.008921771009424387
enigma,schizotypy,191,-0.010698341648767118,-0.008978780408803497
enigma,schizotypy,193,-0.0012429012628571426,-0.009019168960037578
enigma,schizotypy,195,-0.015178592341643805,-0.008321959682630671
enigma,schizotypy,197,-0.00877236932709844,-0.008769640329803426
enigma,schizotypy,199,0.026211762309967898,-0.00864218134185903
enigma,schizotypy,201,0.019325796883439498,-0.006984975781880138
enigma,schizotypy,203,0.029464243481538397,-0.009008149526644391
enigma,schizotypy,205,0.023883097444380406,-0.008370631010066461
enigma,schizotypy,207,-0.007524497494724762,-0.008788312382410925
enigma,schizotypy,209,-0.01449578057046786,-0.008396167199092138
enigma,parkinson,1,-0.09593758573442596,-0.05885063270609081
enigma,parkinson,3,-0.10594485139902651,-0.07067846530385351
enigma,parkinson,5,-0.10185380028700879,-0.07703242422057259
enigma,parkinson,7,-0.09894417116714685,-0.05317599059257892
enigma,parkinson,9,-0.10648218915384623,-0.06254248995962529
enigma,parkinson,11,-0.0915653807204676,-0.06681489102071997
enigma,parkinson,13,-0.09331365184408608,-0.04392566386711172
enigma,parkinson,15,-0.09029465890331495,-0.07734292200089246
enigma,parkinson,17,-0.111807819851282,-0.06872986573974808
enigma,parkinson,19,-0.08942876337795276,-0.07885170548741599
enigma,parkinson,21,-0.0843023364432135,-0.08653299448847995
enigma,parkinson,23,-0.11495486384662562,-0.06724890442812452
enigma,parkinson,25,-0.11605762560000013,-0.052590350096490476
enigma,parkinson,27,-0.08814216942692306,-0.08447117283579272
enigma,parkinson,29,-0.043175499105263145,-0.07554241473360956
enigma,parkinson,31,-0.05366368993548388,-0.06693362963317459
enigma,parkinson,33,-0.029281876582191804,-0.06561047346762422
enigma,parkinson,35,-0.0684288083071428,-0.06554834424629825
enigma,parkinson,37,-0.04687662045856355,-0.07064257096048868
enigma,parkinson,39,-0.027828724978723428,-0.07549013920459836
enigma,parkinson,41,-0.08386899530092584,-0.06383082038302826
enigma,parkinson,43,-0.11478882361176469,-0.06479590146803275
enigma,parkinson,45,-0.11989390468435744,-0.07406883247666221
enigma,parkinson,47,-0.10050679636683413,-0.06597296730484656
enigma,parkinson,49,-0.10322447209183672,-0.06763553129616051
enigma,parkinson,51,-0.09902524012796202,-0.053128296005169495
enigma,parkinson,53,-0.0656320812845692,-0.07621352735007667
enigma,parkinson,55,-0.059817484937704835,-0.06044524460810241
enigma,parkinson,57,-0.07164269832212883,-0.07890185658458616
enigma,parkinson,59,-0.06617679675263156,-0.0664403382460747
enigma,parkinson,61,-0.05826759514920651,-0.08010019810246709
enigma,parkinson,63,-0.060399691044854875,-0.06544090373944718
enigma,parkinson,65,-0.11499752455326484,-0.12509804961188575
enigma,parkinson,67,-0.09867667967253511,-0.07733790430663853
enigma,parkinson,69,-0.10302956276056328,-0.13223386544494764
enigma,parkinson,71,-0.0995826723746031,-0.1220725906743223
enigma,parkinson,73,-0.08358596388912147,-0.0766313089927503
enigma,parkinson,75,-0.10601778371500009,-0.13499412041478942
enigma,parkinson,77,-0.08654472433846153,-0.08876380749801711
enigma,parkinson,79,-0.10716988427666681,-0.10374045701968351
enigma,parkinson,81,-0.15888680306930703,-0.1625368196718711
enigma,parkinson,83,-0.15099209291370558,-0.12146351911692477
enigma,parkinson,85,-0.149376881890244,-0.16014877405779443
enigma,parkinson,87,-0.13674089428969377,-0.1325375950024968
enigma,parkinson,89,-0.19417921955223888,-0.18318014174609762
enigma,parkinson,91,-0.19202250128205117,-0.16901164766591648
enigma,parkinson,93,-0.18000521097345154,-0.16604354782630357
enigma,parkinson,95,-0.17843302252336452,-0.17079419525079062
enigma,parkinson,97,-0.17702109160305354,-0.16247143186307322
enigma,parkinson,99,-0.1785512140601501,-0.16848484910641218
enigma,parkinson,101,-0.1918945988888887,-0.1764781935679422
enigma,parkinson,103,-0.16541850820588253,-0.18157000382416924
enigma,parkinson,105,-0.18664972507987213,-0.1777914916679451
enigma,parkinson,107,-0.19347030870422552,-0.18320130454289343
enigma,parkinson,109,-0.12466722237037037,-0.182065224020979
enigma,parkinson,111,-0.12654432757894735,-0.1293658925455491
enigma,parkinson,113,-0.13927125590909087,-0.14603854291231844
enigma,parkinson,115,-0.11688829853846151,-0.17251644360623375
enigma,parkinson,117,-0.10671914138888888,-0.1508545104288647
enigma,parkinson,119,-0.12495612541333327,-0.1568021283867631
enigma,parkinson,121,-0.11010556061538433,-0.13245693351046922
enigma,parkinson,123,-0.12372380671477676,-0.16222145009909428
enigma,parkinson,125,-0.14666006581151825,-0.14881577851455235
enigma,parkinson,127,-0.1475472051836736,-0.158645182562191
enigma,parkinson,129,-0.14534333968944144,-0.12782245140198414
enigma,parkinson,131,-0.14042412612903202,-0.13838481332140587
enigma,parkinson,133,-0.14922665558232967,-0.15322860715382214
enigma,parkinson,135,-0.18009181313397166,-0.15258390435850336
enigma,parkinson,137,-0.17432518519195606,-0.15101263743573057
enigma,parkinson,139,-0.12979179166499194,-0.11726519730743509
enigma,parkinson,141,-0.14276518332244012,-0.15551170393739205
enigma,parkinson,143,-0.1790936901980205,-0.1509170142897187
enigma,parkinson,145,-0.12034542956226431,-0.10145956521067516
enigma,parkinson,147,-0.15376780751851843,-0.1581146410229621
enigma,parkinson,149,-0.14689669798994984,-0.15874903755523972
enigma,parkinson,151,-0.15062997721132862,-0.1333260113595
enigma,parkinson,153,-0.1590375250663127,-0.1450226728517858
enigma,parkinson,155,-0.09815557306518513,-0.0813650132833955
enigma,parkinson,157,-0.10321914986315829,-0.06835351118742622
enigma,parkinson,159,-0.11810177273932604,-0.0841944855735886
enigma,parkinson,161,-0.10738166238410601,-0.10056954664867883
enigma,parkinson,163,-0.057533289456066845,-0.07459075503349213
enigma,parkinson,165,-0.07258102335416669,-0.06028863918743946
enigma,parkinson,167,-0.04995601101538462,-0.05054266107588415
enigma,parkinson,169,-0.060824998548913045,-0.04609076667374598
enigma,parkinson,171,-0.045613666732954555,-0.05994331095447328
enigma,parkinson,173,-0.0350079469675926,-0.06011830411643665
enigma,parkinson,175,-0.16608022593073568,-0.11113718495853278
enigma,parkinson,177,-0.07568173798550727,-0.07597658475147709
enigma,parkinson,179,-0.028174111473821963,-0.09779780051999863
enigma,parkinson,181,-0.16164032486725644,-0.13858136643239724
enigma,parkinson,183,-0.06219713034583326,-0.07472556816428684
enigma,parkinson,185,-0.14070215527461155,-0.09250977542769336
enigma,parkinson,187,-0.03648261108601399,-0.08204786960573894
enigma,parkinson,189,-0.12414443076190469,-0.13868746597279485
enigma,parkinson,191,-0.09161687343013708,-0.13445748880454333
enigma,parkinson,193,-0.10378457043253966,-0.1308845585754711
enigma,parkinson,195,-0.12720246251780828,-0.1485307049052633
enigma,parkinson,197,-0.11490818362003495,-0.14032895482735197
enigma,parkinson,199,-0.1673885114790993,-0.16443184459735982
enigma,parkinson,201,-0.17257104375796187,-0.16831475785856131
enigma,parkinson,203,-0.15749838148307713,-0.133576189453979
enigma,parkinson,205,-0.16690810184438018,-0.17581616537809358
enigma,parkinson,207,-0.14220103317431196,-0.14346634281024256
enigma,parkinson,209,-0.15368530801169591,-0.15237866402869926
