branch,layer,ctype,correlation_unclosed,p_value_unclosed,reject_H0_unclosed,p_adjusted_unclosed,correlation_reclosed,p_value_reclosed,reject_H0_reclosed,p_adjusted_reclosed
within_layer__clr_false__thickness_absolute,l1,Astro,0.0959979531776211,0.6773226773226774,False,0.8071318924977462,0.09599795317775836,0.6773226773226774,False,0.8111148111148111
within_layer__clr_false__thickness_absolute,l1,Endo,0.1972635526253474,0.5694305694305695,False,0.7464157464157465,0.19726355262535814,0.5694305694305695,False,0.7566406196543184
within_layer__clr_false__thickness_absolute,l1,Lamp5,0.2637901284082237,0.6283716283716284,False,0.7619005994005995,0.2637901284082625,0.6283716283716284,False,0.7715449107854172
within_layer__clr_false__thickness_absolute,l1,Micro-PVM,0.5310684343178046,0.1958041958041958,False,0.4123536038429655,0.531068434317811,0.1958041958041958,False,0.4213178126221605
within_layer__clr_false__thickness_absolute,l1,OPC,0.2867633039268197,0.4695304695304695,False,0.6726214961509079,0.2867633039268756,0.4695304695304695,False,0.7003451094360186
within_layer__clr_false__thickness_absolute,l1,Pax6,0.1587412237308454,0.3426573426573426,False,0.5715640291911479,0.15874122373088437,0.34265734265734266,False,0.5935314685314685
within_layer__clr_false__thickness_absolute,l1,Sncg,0.3569530212317264,0.4695304695304695,False,0.6726214961509079,0.3569530212317321,0.4695304695304695,False,0.7003451094360186
within_layer__clr_false__thickness_absolute,l1,VLMC,-0.1411417888201071,0.6213786213786214,False,0.7619005994005995,-0.14114178882004222,0.6213786213786214,False,0.7715449107854172
within_layer__clr_false__thickness_absolute,l2,Astro,0.3631993248402747,0.2907092907092907,False,0.5375379337643489,0.3631993248402571,0.2907092907092907,False,0.5422846384384846
within_layer__clr_false__thickness_absolute,l2,Chandelier,0.0920597157362916,0.8221778221778222,False,0.904791837376107,0.09205971573627308,0.8221778221778222,False,0.8947385947385946
within_layer__clr_false__thickness_absolute,l2,Endo,0.1349336403857775,0.6023976023976024,False,0.7588645121112655,0.13493364038577124,0.6023976023976024,False,0.7688495714811505
within_layer__clr_false__thickness_absolute,l2,L2/3 IT,-0.3481117248929383,0.1998001998001998,False,0.4123536038429655,-0.3481117248930517,0.1998001998001998,False,0.4213178126221605
within_layer__clr_false__thickness_absolute,l2,Lamp5,0.5534719225738667,0.0219780219780219,False,0.1392982017982018,0.5534719225738938,0.02197802197802198,False,0.13110418992771936
within_layer__clr_false__thickness_absolute,l2,Lamp5_Lhx6,0.2097764099426155,0.5634365634365635,False,0.7464157464157465,0.20977640994257984,0.5634365634365635,False,0.7566406196543184
within_layer__clr_false__thickness_absolute,l2,Micro-PVM,0.3864181763684627,0.2317682317682317,False,0.4588064996228261,0.38641817636845055,0.23176823176823177,False,0.45880649962282616
within_layer__clr_false__thickness_absolute,l2,OPC,0.3478505269812844,0.2657342657342657,False,0.5155244755244756,0.34785052698124486,0.26573426573426573,False,0.5155244755244756
within_layer__clr_false__thickness_absolute,l2,Pax6,0.6369452315364534,0.0029970029970029,False,0.0581418581418581,0.636945231536431,0.002997002997002997,False,0.05537319823034109
within_layer__clr_false__thickness_absolute,l2,Pvalb,-0.0835139901968408,0.8501498501498501,False,0.9162726162726162,-0.08351399019689701,0.8501498501498501,False,0.9062036864234666
within_layer__clr_false__thickness_absolute,l2,Sncg,0.6365101608583222,0.0059940059940059,False,0.0830597973455116,0.6365101608582828,0.005994005994005994,False,0.07267732267732267
within_layer__clr_false__thickness_absolute,l2,Sst,0.197359925616457,0.3736263736263736,False,0.5906474477903049,0.19735992561632573,0.37362637362637363,False,0.6306913425557494
within_layer__clr_false__thickness_absolute,l2,Vip,0.4617449183198365,0.0939060939060939,False,0.3036297036297036,0.4617449183197803,0.0939060939060939,False,0.28768106893106893
within_layer__clr_false__thickness_absolute,l3,Astro,0.3606472363926433,0.1508491508491508,False,0.3850623061149377,0.3606472363925425,0.15084915084915085,False,0.3751889136504521
within_layer__clr_false__thickness_absolute,l3,Chandelier,0.2365747462227354,0.4155844155844156,False,0.6298701298701299,0.23657474622268712,0.4155844155844156,False,0.6718614718614718
within_layer__clr_false__thickness_absolute,l3,Endo,0.2578310221482378,0.1888111888111888,False,0.4123536038429655,0.2578310221482147,0.1888111888111888,False,0.4213178126221605
within_layer__clr_false__thickness_absolute,l3,L2/3 IT,0.1292789066315645,0.7322677322677322,False,0.8455948813091669,0.12927890663121278,0.7322677322677322,False,0.855782771445422
within_layer__clr_false__thickness_absolute,l3,L4 IT,-0.4529707113112298,0.0449550449550449,False,0.2295073347704926,-0.4529707113114614,0.04495504495504495,False,0.1895930156799722
within_layer__clr_false__thickness_absolute,l3,L5 ET,-0.0750128409291106,0.8301698301698301,False,0.904791837376107,-0.07501284092921255,0.8301698301698301,False,0.8947385947385946
within_layer__clr_false__thickness_absolute,l3,L5 IT,-0.2043031975397684,0.5314685314685315,False,0.7260908105978529,-0.20430319753991194,0.5314685314685315,False,0.7364635364635365
within_layer__clr_false__thickness_absolute,l3,L5/6 NP,-0.2615635814399775,0.3836163836163836,False,0.5906474477903049,-0.2615635814400741,0.3836163836163836,False,0.6306913425557494
within_layer__clr_false__thickness_absolute,l3,L6 CT,-0.3226473461090382,0.1608391608391608,False,0.4000358615743231,-0.32264734610917567,0.16083916083916083,False,0.39003496503496504
within_layer__clr_false__thickness_absolute,l3,L6 IT,-0.4782653653893781,0.0299700299700299,False,0.1710054651231122,-0.478265365389483,0.029970029970029972,False,0.15300488984699512
within_layer__clr_false__thickness_absolute,l3,L6 IT Car3,0.0185055551871379,0.9310689310689312,False,0.9589368964368964,0.01850555518694234,0.9310689310689311,False,0.9607838969541097
within_layer__clr_false__thickness_absolute,l3,L6b,-0.1324802933909493,0.6283716283716284,False,0.7619005994005995,-0.13248029339109077,0.6283716283716284,False,0.7715449107854172
within_layer__clr_false__thickness_absolute,l3,Lamp5,0.4061726847692192,0.0529470529470529,False,0.2445649588506731,0.40617268476905755,0.052947052947052944,False,0.20543456543456545
within_layer__clr_false__thickness_absolute,l3,Lamp5_Lhx6,-0.0165913145130597,0.949050949050949,False,0.9589368964368964,-0.016591314513261183,0.949050949050949,False,0.9649933399933399
within_layer__clr_false__thickness_absolute,l3,Micro-PVM,0.389052478816806,0.1098901098901098,False,0.3247563247563247,0.3890524788167769,0.10989010989010989,False,0.31351001939237233
within_layer__clr_false__thickness_absolute,l3,OPC,0.1948909516483221,0.5014985014985015,False,0.7050051397877485,0.1948909516482305,0.5014985014985015,False,0.7260500693336515
within_layer__clr_false__thickness_absolute,l3,Oligo,0.0354905362267239,0.902097902097902,False,0.9408978118655538,0.03549053622664951,0.9020979020979021,False,0.9408978118655538
within_layer__clr_false__thickness_absolute,l3,Pax6,0.3362290143027,0.1878121878121878,False,0.4123536038429655,0.3362290143026407,0.1878121878121878,False,0.4213178126221605
within_layer__clr_false__thickness_absolute,l3,Pvalb,0.1064894140190129,0.7142857142857143,False,0.8347676419965577,0.10648941401880062,0.7142857142857143,False,0.8449477351916377
within_layer__clr_false__thickness_absolute,l3,Sncg,0.3899327328268597,0.0609390609390609,False,0.2570038656995179,0.3899327328267941,0.060939060939060936,False,0.2189292189292189
within_layer__clr_false__thickness_absolute,l3,Sst,0.3663529959404502,0.1218781218781218,False,0.3247563247563247,0.36635299594024595,0.12187812187812187,False,0.3162101056837899
within_layer__clr_false__thickness_absolute,l3,Vip,0.574720329510431,0.0089910089910089,False,0.1076701076701076,0.5747203295104009,0.008991008991008992,False,0.09690309690309691
within_layer__clr_false__thickness_absolute,l4,Astro,0.2778743695317524,0.3476523476523476,False,0.5715640291911479,-0.4764733902471728,0.09490509490509491,False,0.28768106893106893
within_layer__clr_false__thickness_absolute,l4,Chandelier,0.1723788253526902,0.6823176823176823,False,0.8071318924977462,-0.22269185348149104,0.4645354645354645,False,0.7003451094360186
within_layer__clr_false__thickness_absolute,l4,Endo,0.039502848070312,0.8941058941058941,False,0.9408978118655538,-0.06485826228224657,0.7542457542457542,False,0.8597332899658481
within_layer__clr_false__thickness_absolute,l4,L2/3 IT,0.5319302911568367,0.0709290709290709,False,0.2683470375778068,0.23348760153887888,0.22877122877122877,False,0.45880649962282616
within_layer__clr_false__thickness_absolute,l4,L4 IT,0.4470997653248177,0.1988011988011988,False,0.4123536038429655,0.2906507645758214,0.47652347652347654,False,0.7003451094360186
within_layer__clr_false__thickness_absolute,l4,L5 ET,0.3731617218574355,0.1118881118881118,False,0.3247563247563247,-0.26265179614850737,0.5184815184815185,False,0.7364635364635365
within_layer__clr_false__thickness_absolute,l4,L5 IT,0.2949457901086744,0.3246753246753247,False,0.5641144569715999,-0.572340522048613,0.003996003996003996,False,0.05537319823034109
within_layer__clr_false__thickness_absolute,l4,L5/6 NP,0.6306363498349936,0.0149850149850149,False,0.1211288711288711,0.5337582165754241,0.025974025974025976,False,0.13997113997113997
within_layer__clr_false__thickness_absolute,l4,Lamp5,0.5043572308187989,0.0779220779220779,False,0.2799422799422799,-0.027271424680023835,0.955044955044955,False,0.9649933399933399
within_layer__clr_false__thickness_absolute,l4,Lamp5_Lhx6,0.6070439497691339,0.0219780219780219,False,0.1392982017982018,0.45709099442052337,0.04095904095904096,False,0.18919176062033205
within_layer__clr_false__thickness_absolute,l4,Micro-PVM,-0.0245699202638714,0.9430569430569432,False,0.9589368964368964,-0.433386892949891,0.05094905094905095,False,0.20543456543456545
within_layer__clr_false__thickness_absolute,l4,OPC,0.3537811935379972,0.1948051948051948,False,0.4123536038429655,-0.35238048669727023,0.3036963036963037,False,0.5491175491175491
within_layer__clr_false__thickness_absolute,l4,Oligo,0.5734405574144518,0.0489510489510489,False,0.2374125874125874,0.3606754359292924,0.1998001998001998,False,0.4213178126221605
within_layer__clr_false__thickness_absolute,l4,Pax6,0.5107147329918623,0.0719280719280719,False,0.2683470375778068,0.07608327566701385,0.8101898101898102,False,0.8930501316864953
within_layer__clr_false__thickness_absolute,l4,Pvalb,0.4386897723432481,0.1788211788211788,False,0.4123536038429655,-0.11382998248473422,0.6363636363636364,False,0.7715909090909091
within_layer__clr_false__thickness_absolute,l4,Sncg,0.2364380705801348,0.3736263736263736,False,0.5906474477903049,-0.4951693447745643,0.03996003996003996,False,0.18919176062033205
within_layer__clr_false__thickness_absolute,l4,Sst,0.3197298354831252,0.3366633366633366,False,0.5715640291911479,-0.519443690854201,0.016983016983016984,False,0.1267194344117421
within_layer__clr_false__thickness_absolute,l4,Vip,0.3479587507225456,0.2937062937062937,False,0.5375379337643489,-0.3850336036817052,0.022977022977022976,False,0.13110418992771936
within_layer__clr_false__thickness_absolute,l5,Astro,0.5270612997625029,0.0229770229770229,False,0.1392982017982018,0.5270612997625456,0.022977022977022976,False,0.13110418992771936
within_layer__clr_false__thickness_absolute,l5,Chandelier,0.4915186678751989,0.2207792207792207,False,0.4461580086580086,0.4915186678751911,0.22077922077922077,False,0.4556507322464769
within_layer__clr_false__thickness_absolute,l5,Endo,0.1960244289246812,0.3826173826173826,False,0.5906474477903049,0.19602442892468624,0.3826173826173826,False,0.6306913425557494
within_layer__clr_false__thickness_absolute,l5,L4 IT,0.2535003670119298,0.5494505494505495,False,0.7402319902319903,0.25350036701203454,0.5494505494505495,False,0.7506577929113142
within_layer__clr_false__thickness_absolute,l5,L5 ET,0.4279783212026837,0.3256743256743257,False,0.5641144569715999,0.4279783212026892,0.3256743256743257,False,0.5743710834619926
within_layer__clr_false__thickness_absolute,l5,L5 IT,-0.4298698254571957,0.1918081918081918,False,0.4123536038429655,-0.42986982545708563,0.1918081918081918,False,0.4213178126221605
within_layer__clr_false__thickness_absolute,l5,L5/6 NP,-0.3040389259622562,0.4715284715284715,False,0.6726214961509079,-0.3040389259621555,0.47152847152847155,False,0.7003451094360186
within_layer__clr_false__thickness_absolute,l5,L6 CT,-0.0750007188575437,0.8621378621378621,False,0.9189821167843146,-0.0750007188573897,0.8621378621378621,False,0.9089931807323112
within_layer__clr_false__thickness_absolute,l5,L6 IT,-0.3548189792105279,0.0899100899100899,False,0.3007337490096111,-0.3548189792104098,0.0899100899100899,False,0.28768106893106893
within_layer__clr_false__thickness_absolute,l5,L6 IT Car3,0.1017781197981349,0.8021978021978022,False,0.894404446128584,0.10177811979818693,0.8021978021978022,False,0.8930501316864953
within_layer__clr_false__thickness_absolute,l5,L6b,-0.2156496373480441,0.3056943056943056,False,0.5491175491175491,-0.21564963734794607,0.30569430569430567,False,0.5491175491175491
within_layer__clr_false__thickness_absolute,l5,Lamp5,0.1469387470100972,0.7622377622377622,False,0.8597332899658481,0.14693874701018608,0.7622377622377622,False,0.8597332899658481
within_layer__clr_false__thickness_absolute,l5,Lamp5_Lhx6,-0.2488150924405003,0.5784215784215784,False,0.748091908091908,-0.24881509244034092,0.5784215784215784,False,0.7582012582012582
within_layer__clr_false__thickness_absolute,l5,Micro-PVM,0.6642011295934673,0.0009990009990009,True,0.0242257742257742,0.6642011295934539,0.000999000999000999,True,0.024225774225774228
within_layer__clr_false__thickness_absolute,l5,OPC,0.5634367765067635,0.0609390609390609,False,0.2570038656995179,0.5634367765067669,0.060939060939060936,False,0.2189292189292189
within_layer__clr_false__thickness_absolute,l5,Oligo,0.1161956754214773,0.7622377622377622,False,0.8597332899658481,0.11619567542154202,0.7622377622377622,False,0.8597332899658481
within_layer__clr_false__thickness_absolute,l5,Pvalb,0.5955485418334692,0.0009990009990009,True,0.0242257742257742,0.5955485418335174,0.000999000999000999,True,0.024225774225774228
within_layer__clr_false__thickness_absolute,l5,Sst,0.2836699328775569,0.2827172827172827,False,0.5375379337643489,0.2836699328777342,0.2827172827172827,False,0.5377171847760083
within_layer__clr_false__thickness_absolute,l5,Vip,0.5133732061993257,0.1138861138861138,False,0.3247563247563247,0.5133732061993719,0.11388611388611389,False,0.31562722991294423
within_layer__clr_false__thickness_absolute,l6,Astro,0.694145249291151,0.0119880119880119,False,0.114521841794569,0.6941452492911968,0.011988011988011988,False,0.10497835497835498
within_layer__clr_false__thickness_absolute,l6,Chandelier,0.6538695040628564,0.0449550449550449,False,0.2295073347704926,0.6538695040628534,0.04495504495504495,False,0.1895930156799722
within_layer__clr_false__thickness_absolute,l6,Endo,0.4489726230508535,0.0809190809190809,False,0.2803268160411017,0.44897262305085633,0.08091908091908091,False,0.27066037410864996
within_layer__clr_false__thickness_absolute,l6,L5 ET,-0.4306001732250878,0.1238761238761238,False,0.3247563247563247,-0.4306001732250248,0.12387612387612387,False,0.3162101056837899
within_layer__clr_false__thickness_absolute,l6,L5 IT,-0.794289996485027,0.0009990009990009,True,0.0242257742257742,-0.7942899964849963,0.000999000999000999,True,0.024225774225774228
within_layer__clr_false__thickness_absolute,l6,L5/6 NP,-0.4679607178237221,0.1198801198801198,False,0.3247563247563247,-0.4679607178236511,0.11988011988011989,False,0.3162101056837899
within_layer__clr_false__thickness_absolute,l6,L6 CT,-0.6331523735205611,0.0039960039960039,False,0.0646020646020646,-0.6331523735205236,0.003996003996003996,False,0.05537319823034109
within_layer__clr_false__thickness_absolute,l6,L6 IT,-0.2884861761833012,0.5954045954045954,False,0.7588645121112655,-0.2884861761832201,0.5954045954045954,False,0.7688495714811505
within_layer__clr_false__thickness_absolute,l6,L6 IT Car3,0.001180122360324,0.999000999000999,False,0.999000999000999,0.0011801223603891493,0.999000999000999,False,0.999000999000999
within_layer__clr_false__thickness_absolute,l6,L6b,-0.2319669658984466,0.4335664335664335,False,0.6470145239376008,-0.23196696589834842,0.43356643356643354,False,0.6894417058351484
within_layer__clr_false__thickness_absolute,l6,Lamp5,0.6080880559818458,0.0129870129870129,False,0.114521841794569,0.6080880559818798,0.012987012987012988,False,0.10497835497835498
within_layer__clr_false__thickness_absolute,l6,Lamp5_Lhx6,0.5893006221634153,0.0659340659340659,False,0.2664835164835165,0.5893006221634498,0.06593406593406594,False,0.228414442700157
within_layer__clr_false__thickness_absolute,l6,Micro-PVM,0.7881092947121925,0.0009990009990009,True,0.0242257742257742,0.7881092947121978,0.000999000999000999,True,0.024225774225774228
within_layer__clr_false__thickness_absolute,l6,OPC,0.6827123149073883,0.0229770229770229,False,0.1392982017982018,0.6827123149073949,0.022977022977022976,False,0.13110418992771936
within_layer__clr_false__thickness_absolute,l6,Oligo,0.6015298371057344,0.0099900099900099,False,0.1076701076701076,0.6015298371058003,0.00999000999000999,False,0.09690309690309691
within_layer__clr_false__thickness_absolute,l6,Pvalb,0.4005000113910844,0.1068931068931069,False,0.3247563247563247,0.4005000113911967,0.1068931068931069,False,0.31351001939237233
within_layer__clr_false__thickness_absolute,l6,Sst,0.260329406346291,0.5314685314685315,False,0.7260908105978529,0.26032940634639107,0.5314685314685315,False,0.7364635364635365
within_layer__clr_false__thickness_relative,l1,Astro,-0.0423695639270886,0.8421578421578422,False,0.9498757056896592,-0.04236956392714561,0.8421578421578422,False,0.9389575941300079
within_layer__clr_false__thickness_relative,l1,Endo,-0.032266969963321,0.9010989010989012,False,0.9711843711843712,-0.032266969963324975,0.9010989010989011,False,0.9605120154570704
within_layer__clr_false__thickness_relative,l1,Lamp5,0.1889718400210541,0.6413586413586414,False,0.8522162768738112,0.1889718400210267,0.6413586413586414,False,0.8522162768738112
within_layer__clr_false__thickness_relative,l1,Micro-PVM,0.0262647004663737,0.938061938061938,False,0.9890435651305216,0.026264700466365302,0.938061938061938,False,0.9784086880861074
within_layer__clr_false__thickness_relative,l1,OPC,0.141567912207927,0.6923076923076923,False,0.860014985014985,0.14156791220789616,0.6923076923076923,False,0.860014985014985
within_layer__clr_false__thickness_relative,l1,Pax6,-0.0807123416140182,0.7042957042957043,False,0.860014985014985,-0.0807123416140349,0.7042957042957043,False,0.860014985014985
within_layer__clr_false__thickness_relative,l1,Sncg,0.5123154804499209,0.0599400599400599,False,0.3606948606948607,0.5123154804499123,0.059940059940059943,False,0.28609485752342895
within_layer__clr_false__thickness_relative,l1,VLMC,0.0230354518752154,0.918081918081918,False,0.978614791801605,0.02303545187519182,0.9180819180819181,False,0.9679776744994136
within_layer__clr_false__thickness_relative,l2,Astro,0.0104494907413323,0.954045954045954,False,0.9945317840054684,0.010449490741352279,0.954045954045954,False,0.9844942291750802
within_layer__clr_false__thickness_relative,l2,Chandelier,-0.156935488976692,0.3586413586413586,False,0.7730713730713731,-0.15693548897668866,0.35864135864135865,False,0.7401747188981231
within_layer__clr_false__thickness_relative,l2,Endo,-0.0794989323536301,0.6723276723276723,False,0.8581024238918976,-0.07949893235362215,0.6723276723276723,False,0.8581024238918976
within_layer__clr_false__thickness_relative,l2,L2/3 IT,-0.1090832481326678,0.5144855144855145,False,0.8259125489894722,-0.10908324813263207,0.5144855144855145,False,0.8049208855660469
within_layer__clr_false__thickness_relative,l2,Lamp5,0.1763760244389027,0.2167832167832167,False,0.606336520622235,0.17637602443895714,0.21678321678321677,False,0.5584678479415321
within_layer__clr_false__thickness_relative,l2,Lamp5_Lhx6,0.0757008843482455,0.6653346653346653,False,0.8581024238918976,0.0757008843482668,0.6653346653346653,False,0.8581024238918976
within_layer__clr_false__thickness_relative,l2,Micro-PVM,-0.0085635524074845,0.97002997002997,False,0.9945317840054684,-0.008563552407479948,0.97002997002997,False,0.9904516536095485
within_layer__clr_false__thickness_relative,l2,OPC,0.051849552772992,0.7612387612387612,False,0.9004897541482907,0.051849552772997264,0.7612387612387612,False,0.8896404800019259
within_layer__clr_false__thickness_relative,l2,Pax6,0.2504588996101596,0.1108891108891109,False,0.4137016829324522,0.2504588996101754,0.1108891108891109,False,0.36823176823176823
within_layer__clr_false__thickness_relative,l2,Pvalb,-0.1004824697450546,0.5964035964035964,False,0.8305979734551163,-0.10048246974504134,0.5964035964035964,False,0.8264449835878408
within_layer__clr_false__thickness_relative,l2,Sncg,0.2866736393783881,0.0759240759240759,False,0.362333318855058,0.28667363937839213,0.07592407592407592,False,0.3202015375928419
within_layer__clr_false__thickness_relative,l2,Sst,0.0902331223073793,0.5854145854145855,False,0.8305979734551163,0.09023312230738786,0.5854145854145855,False,0.8229741273219534
within_layer__clr_false__thickness_relative,l2,Vip,0.1814777755064852,0.3446553446553446,False,0.7598083734447371,0.18147777550648733,0.34465534465534464,False,0.7267732267732268
within_layer__clr_false__thickness_relative,l3,Astro,-0.1897208876389597,0.4445554445554445,False,0.7956254272043746,-0.18972088763903447,0.44455544455544455,False,0.7686550737398196
within_layer__clr_false__thickness_relative,l3,Chandelier,-0.210641951571714,0.4675324675324675,False,0.7956254272043746,-0.21064195157176646,0.4675324675324675,False,0.7686550737398196
within_layer__clr_false__thickness_relative,l3,Endo,0.1492742458046097,0.4605394605394605,False,0.7956254272043746,0.14927424580457874,0.46053946053946054,False,0.7686550737398196
within_layer__clr_false__thickness_relative,l3,L2/3 IT,0.336106298356749,0.2187812187812187,False,0.606336520622235,0.33610629835658695,0.21878121878121878,False,0.5584678479415321
within_layer__clr_false__thickness_relative,l3,L4 IT,-0.5508742794116801,0.0029970029970029,False,0.0646020646020646,-0.5508742794117798,0.002997002997002997,True,0.048451548451548455
within_layer__clr_false__thickness_relative,l3,L5 ET,0.0830755217102774,0.8181818181818182,False,0.9448051948051948,0.08307552171020305,0.8181818181818182,False,0.9336898395721925
within_layer__clr_false__thickness_relative,l3,L5 IT,-0.1011930595512057,0.7092907092907093,False,0.860014985014985,-0.10119305955129598,0.7092907092907093,False,0.860014985014985
within_layer__clr_false__thickness_relative,l3,L5/6 NP,0.1788236683319231,0.5534465534465535,False,0.8259125489894722,0.17882366833183483,0.5534465534465535,False,0.812275959334783
within_layer__clr_false__thickness_relative,l3,L6 CT,0.1689731464143092,0.4375624375624375,False,0.7956254272043746,0.1689731464141754,0.43756243756243757,False,0.7686550737398196
within_layer__clr_false__thickness_relative,l3,L6 IT,-0.1207733715960939,0.6333666333666333,False,0.8522162768738112,-0.12077337159617936,0.6333666333666333,False,0.8522162768738112
within_layer__clr_false__thickness_relative,l3,L6 IT Car3,0.2713480296459344,0.1748251748251748,False,0.5652680652680652,0.27134802964582355,0.17482517482517482,False,0.5138800593346048
within_layer__clr_false__thickness_relative,l3,L6b,0.2995925331339443,0.2097902097902098,False,0.606336520622235,0.29959253313384376,0.2097902097902098,False,0.5584678479415321
within_layer__clr_false__thickness_relative,l3,Lamp5,0.1006160690105476,0.5674325674325674,False,0.8305979734551163,0.10061606901042563,0.5674325674325674,False,0.812275959334783
within_layer__clr_false__thickness_relative,l3,Lamp5_Lhx6,0.2548326012936139,0.2887112887112887,False,0.7001248751248752,0.25483260129347934,0.2887112887112887,False,0.6364771592044319
within_layer__clr_false__thickness_relative,l3,Micro-PVM,-0.1256316179083137,0.6213786213786214,False,0.8489257221651589,-0.12563161790834587,0.6213786213786214,False,0.8489257221651589
within_layer__clr_false__thickness_relative,l3,OPC,-0.2342098535854976,0.4075924075924076,False,0.7956254272043746,-0.23420985358557778,0.4075924075924076,False,0.7686550737398196
within_layer__clr_false__thickness_relative,l3,Oligo,-0.0012177774127326,0.995004995004995,False,0.995004995004995,-0.0012177774127760802,0.995004995004995,False,0.995004995004995
within_layer__clr_false__thickness_relative,l3,Pax6,-0.0669359062786791,0.8321678321678322,False,0.9496503496503496,-0.06693590627872821,0.8321678321678322,False,0.9386079037241829
within_layer__clr_false__thickness_relative,l3,Pvalb,-0.2000926242929062,0.3746253746253746,False,0.7899708986665509,-0.20009262429304547,0.37462537462537465,False,0.7570554445554446
within_layer__clr_false__thickness_relative,l3,Sncg,0.1509628021002008,0.4385614385614386,False,0.7956254272043746,0.15096280210014776,0.4385614385614386,False,0.7686550737398196
within_layer__clr_false__thickness_relative,l3,Sst,0.384828503203568,0.0619380619380619,False,0.3606948606948607,0.3848285032034874,0.061938061938061936,False,0.28609485752342895
within_layer__clr_false__thickness_relative,l3,Vip,0.397084288639949,0.0859140859140859,False,0.362333318855058,0.3970842886399342,0.08591408591408592,False,0.32052562821793595
within_layer__clr_false__thickness_relative,l4,Astro,0.1761206072410666,0.5974025974025974,False,0.8305979734551163,-0.5170245563218763,0.028971028971028972,False,0.20072784358498647
within_layer__clr_false__thickness_relative,l4,Chandelier,0.0087262859783272,0.974025974025974,False,0.9945317840054684,-0.41128054255045127,0.07292707292707293,False,0.3202015375928419
within_layer__clr_false__thickness_relative,l4,Endo,-0.0371740750283449,0.8621378621378621,False,0.9612341681307198,-0.12472222868959723,0.42857142857142855,False,0.7686550737398196
within_layer__clr_false__thickness_relative,l4,L2/3 IT,0.5001501512093417,0.0669330669330669,False,0.3606948606948607,0.3636710317907117,0.05194805194805195,False,0.26520847573479156
within_layer__clr_false__thickness_relative,l4,L4 IT,0.3576958510263252,0.3386613386613387,False,0.7598083734447371,0.14128424484348734,0.7472527472527473,False,0.8839453229697132
within_layer__clr_false__thickness_relative,l4,L5 ET,0.3343140539324836,0.1558441558441558,False,0.5433495076352219,-0.22544185407850012,0.5694305694305695,False,0.812275959334783
within_layer__clr_false__thickness_relative,l4,L5 IT,0.2327196264480026,0.4645354645354645,False,0.7956254272043746,-0.48933758899356433,0.03296703296703297,False,0.21318681318681318
within_layer__clr_false__thickness_relative,l4,L5/6 NP,0.6487216495527641,0.0069930069930069,False,0.0753690753690753,0.6593735865531382,0.002997002997002997,True,0.048451548451548455
within_layer__clr_false__thickness_relative,l4,Lamp5,0.4670563846322956,0.0809190809190809,False,0.362333318855058,0.06977673918225366,0.8581418581418582,False,0.9459063663609119
within_layer__clr_false__thickness_relative,l4,Lamp5_Lhx6,0.6170436703879112,0.0129870129870129,False,0.125974025974026,0.6010867142049886,0.003996003996003996,True,0.048451548451548455
within_layer__clr_false__thickness_relative,l4,Micro-PVM,-0.1559401714965491,0.5994005994005994,False,0.8305979734551163,-0.5225203642089311,0.00999000999000999,False,0.08809372445736083
within_layer__clr_false__thickness_relative,l4,OPC,0.3126277892053845,0.2477522477522477,False,0.6495126495126495,-0.25038605782160966,0.4775224775224775,False,0.771994671994672
within_layer__clr_false__thickness_relative,l4,Oligo,0.5117795740298662,0.0579420579420579,False,0.3606948606948607,0.32079753553799184,0.2677322677322677,False,0.6129684269219153
within_layer__clr_false__thickness_relative,l4,Pax6,0.4950136992032297,0.0639360639360639,False,0.3606948606948607,0.21388668614004422,0.4025974025974026,False,0.7686550737398196
within_layer__clr_false__thickness_relative,l4,Pvalb,0.3444904942751055,0.3386613386613387,False,0.7598083734447371,-0.25421837721914275,0.26873126873126874,False,0.6129684269219153
within_layer__clr_false__thickness_relative,l4,Sncg,0.1822176162671833,0.5194805194805194,False,0.8259125489894722,-0.3948846604004483,0.11388611388611389,False,0.36823176823176823
within_layer__clr_false__thickness_relative,l4,Sst,0.2289134955731657,0.5364635364635365,False,0.8259125489894722,-0.5296864898883432,0.01898101898101898,False,0.15342990342990342
within_layer__clr_false__thickness_relative,l4,Vip,0.2722876662804684,0.4495504495504495,False,0.7956254272043746,-0.3788565242217579,0.03896103896103896,False,0.2362012987012987
within_layer__clr_false__thickness_relative,l5,Astro,0.2813229821451452,0.2467532467532467,False,0.6495126495126495,0.2813229821452061,0.24675324675324675,False,0.6129684269219153
within_layer__clr_false__thickness_relative,l5,Chandelier,0.4809611884298379,0.0859140859140859,False,0.362333318855058,0.4809611884298304,0.08591408591408592,False,0.32052562821793595
within_layer__clr_false__thickness_relative,l5,Endo,0.0021879022082662,0.985014985014985,False,0.995004995004995,0.0021879022082748156,0.985014985014985,False,0.995004995004995
within_layer__clr_false__thickness_relative,l5,L4 IT,0.2157993282670724,0.5344655344655345,False,0.8259125489894722,0.21579932826717513,0.5344655344655345,False,0.8115634365634365
within_layer__clr_false__thickness_relative,l5,L5 ET,0.4298034970874,0.1568431568431568,False,0.5433495076352219,0.42980349708740073,0.15684315684315683,False,0.4907672972189101
within_layer__clr_false__thickness_relative,l5,L5 IT,-0.3181078509232535,0.2717282717282717,False,0.6758369835292912,-0.3181078509231394,0.27172827172827174,False,0.6129684269219153
within_layer__clr_false__thickness_relative,l5,L5/6 NP,-0.2360795588447146,0.4545454545454545,False,0.7956254272043746,-0.23607955884461773,0.45454545454545453,False,0.7686550737398196
within_layer__clr_false__thickness_relative,l5,L6 CT,0.1796118931829792,0.5474525474525475,False,0.8259125489894722,0.179611893183117,0.5474525474525475,False,0.812275959334783
within_layer__clr_false__thickness_relative,l5,L6 IT,-0.1585614492278958,0.4565434565434565,False,0.7956254272043746,-0.1585614492277635,0.4565434565434565,False,0.7686550737398196
within_layer__clr_false__thickness_relative,l5,L6 IT Car3,-0.217104108127552,0.4385614385614386,False,0.7956254272043746,-0.21710410812751132,0.4385614385614386,False,0.7686550737398196
within_layer__clr_false__thickness_relative,l5,L6b,-0.0851897320327428,0.6673326673326674,False,0.8581024238918976,-0.08518973203264063,0.6673326673326674,False,0.8581024238918976
within_layer__clr_false__thickness_relative,l5,Lamp5,0.2393694891831861,0.4935064935064935,False,0.8253470667263771,0.23936948918325004,0.4935064935064935,False,0.7847562273791782
within_layer__clr_false__thickness_relative,l5,Lamp5_Lhx6,-0.060224539506336,0.8741258741258742,False,0.963525111252384,-0.06022453950619892,0.8741258741258742,False,0.9526989864068517
within_layer__clr_false__thickness_relative,l5,Micro-PVM,0.3426163096693439,0.1638361638361638,False,0.5480037204175136,0.34261630966934753,0.16383616383616384,False,0.49662837162837165
within_layer__clr_false__thickness_relative,l5,OPC,0.4520295999048149,0.0859140859140859,False,0.362333318855058,0.45202959990482766,0.08591408591408592,False,0.32052562821793595
within_layer__clr_false__thickness_relative,l5,Oligo,0.0443975175763298,0.8981018981018981,False,0.9711843711843712,0.04439751757638706,0.8981018981018981,False,0.9605120154570704
within_layer__clr_false__thickness_relative,l5,Pvalb,0.2575696834834973,0.1998001998001998,False,0.6056443556443557,0.2575696834836141,0.1998001998001998,False,0.5537319823034109
within_layer__clr_false__thickness_relative,l5,Sst,0.1477199766127907,0.5354645354645354,False,0.8259125489894722,0.1477199766129606,0.5354645354645354,False,0.8115634365634365
within_layer__clr_false__thickness_relative,l5,Vip,0.4244544399131102,0.1088911088911089,False,0.4137016829324522,0.42445443991316045,0.1088911088911089,False,0.36823176823176823
within_layer__clr_false__thickness_relative,l6,Astro,0.6961507506855696,0.0049950049950049,False,0.0692164977879263,0.6961507506856089,0.004995004995004995,False,0.05383505383505383
within_layer__clr_false__thickness_relative,l6,Chandelier,0.7737150703869827,0.0009990009990009,False,0.0646020646020646,0.773715070386979,0.000999000999000999,True,0.048451548451548455
within_layer__clr_false__thickness_relative,l6,Endo,0.4402603185222495,0.0929070929070929,False,0.3754995004995005,0.4402603185222503,0.09290709290709291,False,0.33377733377733376
within_layer__clr_false__thickness_relative,l6,L5 ET,-0.3570259893752139,0.2637362637362637,False,0.6732215153267785,-0.357025989375156,0.26373626373626374,False,0.6129684269219153
within_layer__clr_false__thickness_relative,l6,L5 IT,-0.7280857193051432,0.0039960039960039,False,0.0646020646020646,-0.7280857193051136,0.003996003996003996,True,0.048451548451548455
within_layer__clr_false__thickness_relative,l6,L5/6 NP,-0.1563861287504326,0.6853146853146853,False,0.860014985014985,-0.15638612875035796,0.6853146853146853,False,0.860014985014985
within_layer__clr_false__thickness_relative,l6,L6 CT,-0.608511369983206,0.0019980019980019,False,0.0646020646020646,-0.6085113699831735,0.001998001998001998,True,0.048451548451548455
within_layer__clr_false__thickness_relative,l6,L6 IT,-0.553652042996571,0.1928071928071928,False,0.603299925880571,-0.5536520429965046,0.1928071928071928,False,0.5500675794793443
within_layer__clr_false__thickness_relative,l6,L6 IT Car3,0.0745492596718803,0.8101898101898102,False,0.9448051948051948,0.07454925967194533,0.8101898101898102,False,0.9336898395721925
within_layer__clr_false__thickness_relative,l6,L6b,-0.0876800727691806,0.7402597402597403,False,0.8864838864838864,-0.08768007276908235,0.7402597402597403,False,0.8839453229697132
within_layer__clr_false__thickness_relative,l6,Lamp5,0.6290853402152958,0.0039960039960039,False,0.0646020646020646,0.6290853402153243,0.003996003996003996,True,0.048451548451548455
within_layer__clr_false__thickness_relative,l6,Lamp5_Lhx6,0.645039841429572,0.0249750249750249,False,0.220234311143402,0.6450398414295981,0.024975024975024976,False,0.18635210942903252
within_layer__clr_false__thickness_relative,l6,Micro-PVM,0.7240542935458649,0.0059940059940059,False,0.0726773226773226,0.7240542935458703,0.005994005994005994,False,0.05814185814185815
within_layer__clr_false__thickness_relative,l6,OPC,0.7669530515228389,0.0039960039960039,False,0.0646020646020646,0.7669530515228437,0.003996003996003996,True,0.048451548451548455
within_layer__clr_false__thickness_relative,l6,Oligo,0.4715820952719827,0.0519480519480519,False,0.3606948606948607,0.47158209527204076,0.05194805194805195,False,0.26520847573479156
within_layer__clr_false__thickness_relative,l6,Pvalb,0.4632358826625424,0.0479520479520479,False,0.3606948606948607,0.46323588266264243,0.04795204795204795,False,0.26520847573479156
within_layer__clr_false__thickness_relative,l6,Sst,0.3925673519319462,0.3436563436563437,False,0.7598083734447371,0.3925673519320251,0.3436563436563437,False,0.7267732267732268
within_layer__clr_true__thickness_absolute,l1,Astro,-0.4613513993887188,0.2087912087912088,False,0.4050549450549451,-0.4613513993887187,0.2087912087912088,False,0.4050549450549451
within_layer__clr_true__thickness_absolute,l1,Endo,0.1822627977514104,0.5114885114885115,False,0.6796491180052824,0.18226279775141047,0.5114885114885115,False,0.6796491180052824
within_layer__clr_true__thickness_absolute,l1,Lamp5,-0.1773174433596593,0.7452547452547452,False,0.9128032461365794,-0.17731744335965952,0.7452547452547452,False,0.9128032461365794
within_layer__clr_true__thickness_absolute,l1,Micro-PVM,0.5061504155192811,0.1908091908091908,False,0.3937976916700321,0.5061504155192812,0.19080919080919082,False,0.3937976916700321
within_layer__clr_true__thickness_absolute,l1,OPC,-0.3468949792056083,0.1298701298701298,False,0.3230103230103229,-0.346894979205608,0.12987012987012986,False,0.32301032301032295
within_layer__clr_true__thickness_absolute,l1,Pax6,-0.3460667764550358,0.2947052947052947,False,0.5015160278318173,-0.3460667764550357,0.2947052947052947,False,0.5015160278318173
within_layer__clr_true__thickness_absolute,l1,Sncg,0.2773821125749454,0.5504495504495505,False,0.711914751914752,0.27738211257494544,0.5504495504495505,False,0.711914751914752
within_layer__clr_true__thickness_absolute,l1,VLMC,-0.3633792384596383,0.2617382617382617,False,0.4602897102897103,-0.3633792384596382,0.26173826173826176,False,0.46028971028971033
within_layer__clr_true__thickness_absolute,l2,Astro,-0.0547175027541201,0.8631368631368631,False,0.952513395695214,-0.054717502754119594,0.8631368631368631,False,0.952513395695214
within_layer__clr_true__thickness_absolute,l2,Chandelier,0.0662878262252697,0.8771228771228772,False,0.9559653829316752,0.06628782622526981,0.8771228771228772,False,0.9559653829316752
within_layer__clr_true__thickness_absolute,l2,Endo,-0.0018172287314671,0.99000999000999,False,0.99000999000999,-0.0018172287314671177,0.99000999000999,False,0.99000999000999
within_layer__clr_true__thickness_absolute,l2,L2/3 IT,-0.4038080649262989,0.2057942057942058,False,0.4050549450549451,-0.40380806492629867,0.2057942057942058,False,0.4050549450549451
within_layer__clr_true__thickness_absolute,l2,Lamp5,-0.0875397587435005,0.8121878121878122,False,0.9496503496503496,-0.08753975874350027,0.8121878121878122,False,0.9496503496503497
within_layer__clr_true__thickness_absolute,l2,Lamp5_Lhx6,-0.309838307113569,0.2657342657342657,False,0.4602897102897103,-0.3098383071135683,0.26573426573426573,False,0.46028971028971033
within_layer__clr_true__thickness_absolute,l2,Micro-PVM,0.4756523345542392,0.1118881118881118,False,0.2856091277143909,0.47565233455423933,0.11188811188811189,False,0.2856091277143909
within_layer__clr_true__thickness_absolute,l2,OPC,0.0286190898371031,0.9330669330669332,False,0.9628456649733246,0.02861908983710333,0.9330669330669331,False,0.9628456649733246
within_layer__clr_true__thickness_absolute,l2,Pax6,0.6584909521871629,0.0009990009990009,True,0.0138432995575852,0.6584909521871631,0.000999000999000999,True,0.013843299557585273
within_layer__clr_true__thickness_absolute,l2,Pvalb,-0.4385247105432439,0.1438561438561438,False,0.3403425842450233,-0.4385247105432436,0.14385614385614387,False,0.3403425842450233
within_layer__clr_true__thickness_absolute,l2,Sncg,0.555288604126588,0.0139860139860139,False,0.0753690753690753,0.5552886041265883,0.013986013986013986,False,0.07536907536907536
within_layer__clr_true__thickness_absolute,l2,Sst,-0.366986264637424,0.2247752247752247,False,0.4192922462153231,-0.3669862646374239,0.22477522477522477,False,0.41929224621532313
within_layer__clr_true__thickness_absolute,l2,Vip,-0.0743379227151335,0.8631368631368631,False,0.952513395695214,-0.07433792271513322,0.8631368631368631,False,0.952513395695214
within_layer__clr_true__thickness_absolute,l3,Astro,0.2905529341472497,0.3026973026973027,False,0.5062351441661787,0.2905529341472498,0.3026973026973027,False,0.5062351441661787
within_layer__clr_true__thickness_absolute,l3,Chandelier,0.2630877342843294,0.3626373626373626,False,0.5583464154892726,0.26308773428432947,0.3626373626373626,False,0.5583464154892726
within_layer__clr_true__thickness_absolute,l3,Endo,0.1855370163236263,0.4155844155844156,False,0.6031133046058419,0.18553701632362615,0.4155844155844156,False,0.6031133046058419
within_layer__clr_true__thickness_absolute,l3,L2/3 IT,-0.2161659885795263,0.4435564435564436,False,0.6235503626807974,-0.21616598857952649,0.4435564435564436,False,0.6235503626807974
within_layer__clr_true__thickness_absolute,l3,L4 IT,-0.519865343452803,0.0069930069930069,True,0.0484515484515484,-0.519865343452803,0.006993006993006993,True,0.048451548451548455
within_layer__clr_true__thickness_absolute,l3,L5 ET,-0.2502338956782906,0.4095904095904096,False,0.6031133046058419,-0.25023389567829085,0.4095904095904096,False,0.6031133046058419
within_layer__clr_true__thickness_absolute,l3,L5 IT,-0.4890855602961982,0.0409590409590409,False,0.1737572772055531,-0.489085560296198,0.04095904095904096,False,0.1737572772055531
within_layer__clr_true__thickness_absolute,l3,L5/6 NP,-0.3346972288520994,0.2237762237762237,False,0.4192922462153231,-0.33469722885209935,0.22377622377622378,False,0.41929224621532313
within_layer__clr_true__thickness_absolute,l3,L6 CT,-0.3593466390296314,0.1438561438561438,False,0.3403425842450233,-0.35934663902963127,0.14385614385614387,False,0.3403425842450233
within_layer__clr_true__thickness_absolute,l3,L6 IT,-0.5857183381563033,0.0029970029970029,True,0.0264281173372082,-0.5857183381563035,0.002997002997002997,True,0.026428117337208245
within_layer__clr_true__thickness_absolute,l3,L6 IT Car3,-0.2156740208836388,0.4165834165834166,False,0.6031133046058419,-0.21567402088363877,0.4165834165834166,False,0.6031133046058419
within_layer__clr_true__thickness_absolute,l3,L6b,-0.2637088065510828,0.3356643356643357,False,0.5353498960056337,-0.26370880655108286,0.3356643356643357,False,0.5353498960056337
within_layer__clr_true__thickness_absolute,l3,Lamp5,0.0740366774756276,0.8321678321678322,False,0.9496503496503496,0.07403667747562762,0.8321678321678322,False,0.9496503496503497
within_layer__clr_true__thickness_absolute,l3,Lamp5_Lhx6,-0.266227855456036,0.3356643356643357,False,0.5353498960056337,-0.2662278554560362,0.3356643356643357,False,0.5353498960056337
within_layer__clr_true__thickness_absolute,l3,Micro-PVM,0.424805494038473,0.0899100899100899,False,0.2422577422577422,0.4248054940384732,0.0899100899100899,False,0.24225774225774224
within_layer__clr_true__thickness_absolute,l3,OPC,0.0584937265142359,0.8641358641358642,False,0.952513395695214,0.05849372651423568,0.8641358641358642,False,0.952513395695214
within_layer__clr_true__thickness_absolute,l3,Oligo,-0.0962619313978766,0.7542457542457542,False,0.9128032461365794,-0.09626193139787657,0.7542457542457542,False,0.9128032461365794
within_layer__clr_true__thickness_absolute,l3,Pax6,0.4189250911033486,0.0669330669330669,False,0.2164169164169164,0.4189250911033485,0.06693306693306693,False,0.2164169164169164
within_layer__clr_true__thickness_absolute,l3,Pvalb,-0.4454042547665038,0.0449550449550449,False,0.1737572772055531,-0.44540425476650347,0.04495504495504495,False,0.1737572772055531
within_layer__clr_true__thickness_absolute,l3,Sncg,0.2898316642590171,0.1508491508491508,False,0.3470483005366727,0.28983166425901713,0.15084915084915085,False,0.3470483005366727
within_layer__clr_true__thickness_absolute,l3,Sst,-0.1053170620243445,0.7622377622377622,False,0.9128032461365794,-0.1053170620243445,0.7622377622377622,False,0.9128032461365794
within_layer__clr_true__thickness_absolute,l3,Vip,0.3589705801298421,0.2467532467532467,False,0.445036445036445,0.35897058012984256,0.24675324675324675,False,0.445036445036445
within_layer__clr_true__thickness_absolute,l4,Astro,-0.3597213733794079,0.1538461538461538,False,0.3470483005366727,-0.3597213733794078,0.15384615384615385,False,0.3470483005366727
within_layer__clr_true__thickness_absolute,l4,Chandelier,-0.204372896727361,0.4665334665334665,False,0.637376707799243,-0.20437289672736098,0.46653346653346656,False,0.637376707799243
within_layer__clr_true__thickness_absolute,l4,Endo,0.0210310672715095,0.9070929070929072,False,0.9574447291838596,0.02103106727150951,0.9070929070929071,False,0.9574447291838597
within_layer__clr_true__thickness_absolute,l4,L2/3 IT,0.3660537183695791,0.0489510489510489,False,0.1737572772055531,0.36605371836957923,0.04895104895104895,False,0.1737572772055531
within_layer__clr_true__thickness_absolute,l4,L4 IT,0.4306131671776372,0.1978021978021978,False,0.3997252747252747,0.4306131671776374,0.1978021978021978,False,0.3997252747252747
within_layer__clr_true__thickness_absolute,l4,L5 ET,-0.1332256461779779,0.7502497502497503,False,0.9128032461365794,-0.13322564617797766,0.7502497502497503,False,0.9128032461365794
within_layer__clr_true__thickness_absolute,l4,L5 IT,-0.2657432244764416,0.1048951048951049,False,0.274995274995275,-0.26574322447644155,0.1048951048951049,False,0.27499527499527504
within_layer__clr_true__thickness_absolute,l4,L5/6 NP,0.4859544958181216,0.0519480519480519,False,0.1737572772055531,0.4859544958181217,0.05194805194805195,False,0.1737572772055531
within_layer__clr_true__thickness_absolute,l4,Lamp5,0.206950450149499,0.4285714285714285,False,0.6113445378151261,0.2069504501494994,0.42857142857142855,False,0.6113445378151261
within_layer__clr_true__thickness_absolute,l4,Lamp5_Lhx6,0.4313671156449949,0.0519480519480519,False,0.1737572772055531,0.43136711564499514,0.05194805194805195,False,0.1737572772055531
within_layer__clr_true__thickness_absolute,l4,Micro-PVM,-0.4863894200248913,0.0309690309690309,False,0.1581050528418949,-0.4863894200248912,0.030969030969030968,False,0.15810505284189494
within_layer__clr_true__thickness_absolute,l4,OPC,-0.2064582534011256,0.5314685314685315,False,0.6966546966546967,-0.20645825340112564,0.5314685314685315,False,0.6966546966546967
within_layer__clr_true__thickness_absolute,l4,Oligo,0.4866334032013974,0.0329670329670329,False,0.1598901098901099,0.4866334032013976,0.03296703296703297,False,0.1598901098901099
within_layer__clr_true__thickness_absolute,l4,Pax6,0.2430677383192617,0.3366633366633366,False,0.5353498960056337,0.24306773831926173,0.33666333666333664,False,0.5353498960056337
within_layer__clr_true__thickness_absolute,l4,Pvalb,0.2795371469882206,0.1788211788211788,False,0.3770794422968336,0.279537146988221,0.17882117882117882,False,0.3770794422968336
within_layer__clr_true__thickness_absolute,l4,Sncg,-0.3655433115142844,0.0769230769230769,False,0.2261072261072261,-0.3655433115142843,0.07692307692307693,False,0.2261072261072261
within_layer__clr_true__thickness_absolute,l4,Sst,-0.2453254267551983,0.1738261738261738,False,0.3746919746919747,-0.24532542675519814,0.17382617382617382,False,0.3746919746919747
within_layer__clr_true__thickness_absolute,l4,Vip,-0.0318150417583431,0.908091908091908,False,0.9574447291838596,-0.03181504175834268,0.9080919080919081,False,0.9574447291838597
within_layer__clr_true__thickness_absolute,l5,Astro,0.0714003337381791,0.8311688311688312,False,0.9496503496503496,0.07140033373817926,0.8311688311688312,False,0.9496503496503497
within_layer__clr_true__thickness_absolute,l5,Chandelier,0.5714247846781706,0.0839160839160839,False,0.239407651172357,0.5714247846781706,0.08391608391608392,False,0.23940765117235707
within_layer__clr_true__thickness_absolute,l5,Endo,0.2897587693705934,0.3476523476523476,False,0.5439077051980278,0.28975876937059347,0.34765234765234765,False,0.5439077051980278
within_layer__clr_true__thickness_absolute,l5,L4 IT,-0.2921114094383631,0.2477522477522477,False,0.445036445036445,-0.2921114094383632,0.24775224775224775,False,0.445036445036445
within_layer__clr_true__thickness_absolute,l5,L5 ET,0.4082448213183592,0.3806193806193806,False,0.5768762487512488,0.40824482131835926,0.3806193806193806,False,0.5768762487512488
within_layer__clr_true__thickness_absolute,l5,L5 IT,-0.5585299048953104,0.0449550449550449,False,0.1737572772055531,-0.5585299048953105,0.04495504495504495,False,0.1737572772055531
within_layer__clr_true__thickness_absolute,l5,L5/6 NP,-0.462512991794279,0.1738261738261738,False,0.3746919746919747,-0.46251299179427907,0.17382617382617382,False,0.3746919746919747
within_layer__clr_true__thickness_absolute,l5,L6 CT,-0.5904507585505435,0.0019980019980019,True,0.0215340215340215,-0.5904507585505439,0.001998001998001998,True,0.021534021534021532
within_layer__clr_true__thickness_absolute,l5,L6 IT,-0.6806000573375169,0.0009990009990009,True,0.0138432995575852,-0.6806000573375169,0.000999000999000999,True,0.013843299557585273
within_layer__clr_true__thickness_absolute,l5,L6 IT Car3,-0.1976727363770791,0.6683316683316683,False,0.8530022608969978,-0.19767273637707913,0.6683316683316683,False,0.8530022608969978
within_layer__clr_true__thickness_absolute,l5,L6b,-0.5375165275250603,0.0059940059940059,True,0.0447245062629678,-0.5375165275250605,0.005994005994005994,True,0.044724506262967804
within_layer__clr_true__thickness_absolute,l5,Lamp5,-0.3180800053406826,0.4625374625374625,False,0.637376707799243,-0.31808000534068265,0.46253746253746253,False,0.637376707799243
within_layer__clr_true__thickness_absolute,l5,Lamp5_Lhx6,-0.5860721113690422,0.0439560439560439,False,0.1737572772055531,-0.5860721113690424,0.04395604395604396,False,0.1737572772055531
within_layer__clr_true__thickness_absolute,l5,Micro-PVM,0.7287406337795225,0.0019980019980019,True,0.0215340215340215,0.7287406337795225,0.001998001998001998,True,0.021534021534021532
within_layer__clr_true__thickness_absolute,l5,OPC,0.4988826558777079,0.0739260739260739,False,0.2261072261072261,0.4988826558777077,0.07392607392607392,False,0.2261072261072261
within_layer__clr_true__thickness_absolute,l5,Oligo,-0.1471510120181289,0.7182817182817183,False,0.904848398354892,-0.14715101201812897,0.7182817182817183,False,0.904848398354892
within_layer__clr_true__thickness_absolute,l5,Pvalb,-0.2814523716652187,0.5114885114885115,False,0.6796491180052824,-0.2814523716652183,0.5114885114885115,False,0.6796491180052824
within_layer__clr_true__thickness_absolute,l5,Sst,-0.4643486117457056,0.0509490509490509,False,0.1737572772055531,-0.46434861174570563,0.05094905094905095,False,0.1737572772055531
within_layer__clr_true__thickness_absolute,l5,Vip,0.0091868507101163,0.976023976023976,False,0.99000999000999,0.009186850710115727,0.9760239760239761,False,0.99000999000999
within_layer__clr_true__thickness_absolute,l6,Astro,0.0908127614375785,0.8261738261738262,False,0.9496503496503496,0.09081276143757823,0.8261738261738262,False,0.9496503496503497
within_layer__clr_true__thickness_absolute,l6,Chandelier,0.7277217019286317,0.0079920079920079,False,0.0516816516816516,0.7277217019286316,0.007992007992007992,False,0.05168165168165168
within_layer__clr_true__thickness_absolute,l6,Endo,0.549229933329427,0.0469530469530469,False,0.1737572772055531,0.549229933329427,0.04695304695304695,False,0.1737572772055531
within_layer__clr_true__thickness_absolute,l6,L5 ET,-0.6393089980210165,0.0129870129870129,False,0.0753690753690753,-0.6393089980210166,0.012987012987012988,False,0.07536907536907536
within_layer__clr_true__thickness_absolute,l6,L5 IT,-0.8111789571923133,0.0009990009990009,True,0.0138432995575852,-0.8111789571923133,0.000999000999000999,True,0.013843299557585273
within_layer__clr_true__thickness_absolute,l6,L5/6 NP,-0.731823627333403,0.0029970029970029,True,0.0264281173372082,-0.7318236273334034,0.002997002997002997,True,0.026428117337208245
within_layer__clr_true__thickness_absolute,l6,L6 CT,-0.7896871163732799,0.0009990009990009,True,0.0138432995575852,-0.78968711637328,0.000999000999000999,True,0.013843299557585273
within_layer__clr_true__thickness_absolute,l6,L6 IT,-0.6174737023882269,0.0759240759240759,False,0.2261072261072261,-0.6174737023882267,0.07592407592407592,False,0.2261072261072261
within_layer__clr_true__thickness_absolute,l6,L6 IT Car3,-0.4445019821889853,0.0869130869130869,False,0.2408734123019837,-0.4445019821889854,0.08691308691308691,False,0.24087341230198372
within_layer__clr_true__thickness_absolute,l6,L6b,-0.7419219202014609,0.0009990009990009,True,0.0138432995575852,-0.7419219202014609,0.000999000999000999,True,0.013843299557585273
within_layer__clr_true__thickness_absolute,l6,Lamp5,0.0037784303943154,0.99000999000999,False,0.99000999000999,0.00377843039431517,0.99000999000999,False,0.99000999000999
within_layer__clr_true__thickness_absolute,l6,Lamp5_Lhx6,-0.0561093264988155,0.9070929070929072,False,0.9574447291838596,-0.05610932649881562,0.9070929070929071,False,0.9574447291838597
within_layer__clr_true__thickness_absolute,l6,Micro-PVM,0.8146053051183644,0.0009990009990009,True,0.0138432995575852,0.8146053051183642,0.000999000999000999,True,0.013843299557585273
within_layer__clr_true__thickness_absolute,l6,OPC,0.657932772683745,0.0139860139860139,False,0.0753690753690753,0.6579327726837451,0.013986013986013986,False,0.07536907536907536
within_layer__clr_true__thickness_absolute,l6,Oligo,0.0376182330900035,0.93006993006993,False,0.9628456649733246,0.03761823309000352,0.9300699300699301,False,0.9628456649733246
within_layer__clr_true__thickness_absolute,l6,Pvalb,-0.6820430196526197,0.0049950049950049,True,0.0403762903762903,-0.6820430196526196,0.004995004995004995,True,0.040376290376290376
within_layer__clr_true__thickness_absolute,l6,Sst,-0.6732294431746632,0.0009990009990009,True,0.0138432995575852,-0.6732294431746632,0.000999000999000999,True,0.013843299557585273
within_layer__clr_true__thickness_relative,l1,Astro,-0.249407215063676,0.4465534465534465,False,0.7017659759595244,-0.24940721506367577,0.44655344655344653,False,0.7017659759595244
within_layer__clr_true__thickness_relative,l1,Endo,0.047967592099693,0.8401598401598401,False,0.969030969030969,0.0479675920996931,0.8401598401598401,False,0.969030969030969
within_layer__clr_true__thickness_relative,l1,Lamp5,-0.0334000088206397,0.918081918081918,False,0.978614791801605,-0.03340000882063985,0.9180819180819181,False,0.978614791801605
within_layer__clr_true__thickness_relative,l1,Micro-PVM,-0.0221007221152342,0.956043956043956,False,0.981018981018981,-0.022100722115234332,0.9560439560439561,False,0.981018981018981
within_layer__clr_true__thickness_relative,l1,OPC,-0.1656955129166203,0.4395604395604395,False,0.7017659759595244,-0.1656955129166201,0.43956043956043955,False,0.7017659759595244
within_layer__clr_true__thickness_relative,l1,Pax6,-0.3193650752562584,0.2177822177822178,False,0.5002904072671515,-0.31936507525625824,0.2177822177822178,False,0.5002904072671515
within_layer__clr_true__thickness_relative,l1,Sncg,0.4149829162353019,0.1418581418581418,False,0.3931497074354217,0.4149829162353019,0.14185814185814186,False,0.3931497074354217
within_layer__clr_true__thickness_relative,l1,VLMC,-0.1346273984795634,0.6293706293706294,False,0.8721278721278721,-0.13462739847956331,0.6293706293706294,False,0.8721278721278721
within_layer__clr_true__thickness_relative,l2,Astro,0.0345180959650156,0.8521478521478522,False,0.969030969030969,0.03451809596501627,0.8521478521478522,False,0.969030969030969
within_layer__clr_true__thickness_relative,l2,Chandelier,-0.1637869852549885,0.3466533466533466,False,0.6226921226921226,-0.16378698525498844,0.34665334665334663,False,0.6226921226921226
within_layer__clr_true__thickness_relative,l2,Endo,-0.192785311390063,0.2057942057942058,False,0.4868789746838527,-0.19278531139006305,0.2057942057942058,False,0.4868789746838527
within_layer__clr_true__thickness_relative,l2,L2/3 IT,-0.0456380012034518,0.7882117882117882,False,0.969030969030969,-0.04563800120345156,0.7882117882117882,False,0.969030969030969
within_layer__clr_true__thickness_relative,l2,Lamp5,0.1384692085845596,0.4485514485514486,False,0.7017659759595244,0.13846920858456002,0.4485514485514486,False,0.7017659759595244
within_layer__clr_true__thickness_relative,l2,Lamp5_Lhx6,0.0380590708843532,0.8531468531468531,False,0.969030969030969,0.03805907088435381,0.8531468531468531,False,0.969030969030969
within_layer__clr_true__thickness_relative,l2,Micro-PVM,0.042597353759681,0.8151848151848152,False,0.969030969030969,0.042597353759681086,0.8151848151848152,False,0.969030969030969
within_layer__clr_true__thickness_relative,l2,OPC,0.1070598011000943,0.4865134865134865,False,0.737372002997003,0.10705980110009515,0.4865134865134865,False,0.737372002997003
within_layer__clr_true__thickness_relative,l2,Pax6,0.5480356842235126,0.0009990009990009,True,0.0193806193806193,0.5480356842235126,0.000999000999000999,True,0.01938061938061938
within_layer__clr_true__thickness_relative,l2,Pvalb,-0.077887158814374,0.6643356643356644,False,0.8827473895967047,-0.0778871588143739,0.6643356643356644,False,0.8827473895967047
within_layer__clr_true__thickness_relative,l2,Sncg,0.5573842741399945,0.0009990009990009,True,0.0193806193806193,0.5573842741399948,0.000999000999000999,True,0.01938061938061938
within_layer__clr_true__thickness_relative,l2,Sst,-0.0032182407301138,0.981018981018981,False,0.981018981018981,-0.0032182407301138472,0.981018981018981,False,0.981018981018981
within_layer__clr_true__thickness_relative,l2,Vip,0.232382215810869,0.1218781218781218,False,0.3694430569430569,0.23238221581086932,0.12187812187812187,False,0.36944305694305696
within_layer__clr_true__thickness_relative,l3,Astro,-0.2306551681975282,0.3566433566433566,False,0.6289891926255563,-0.230655168197528,0.35664335664335667,False,0.6289891926255563
within_layer__clr_true__thickness_relative,l3,Chandelier,-0.2071602314852768,0.4825174825174825,False,0.737372002997003,-0.2071602314852766,0.4825174825174825,False,0.737372002997003
within_layer__clr_true__thickness_relative,l3,Endo,-0.0918965288300885,0.6603396603396603,False,0.8827473895967047,-0.09189652883008877,0.6603396603396603,False,0.8827473895967047
within_layer__clr_true__thickness_relative,l3,L2/3 IT,0.1537131074424335,0.5704295704295704,False,0.8383586110858838,0.15371310744243347,0.5704295704295704,False,0.8383586110858838
within_layer__clr_true__thickness_relative,l3,L4 IT,-0.2835219257470815,0.0689310689310689,False,0.2785964035964036,-0.2835219257470816,0.06893106893106893,False,0.2785964035964036
within_layer__clr_true__thickness_relative,l3,L5 ET,0.1089151319667226,0.7422577422577422,False,0.9473552763026448,0.10891513196672238,0.7422577422577422,False,0.9473552763026447
within_layer__clr_true__thickness_relative,l3,L5 IT,-0.0737207806848911,0.7942057942057942,False,0.969030969030969,-0.07372078068489106,0.7942057942057942,False,0.969030969030969
within_layer__clr_true__thickness_relative,l3,L5/6 NP,0.1510454994363117,0.5914085914085914,False,0.8436269612740201,0.15104549943631176,0.5914085914085914,False,0.8436269612740201
within_layer__clr_true__thickness_relative,l3,L6 CT,0.1289748354722376,0.6003996003996004,False,0.8440400179530614,0.12897483547223743,0.6003996003996004,False,0.8440400179530614
within_layer__clr_true__thickness_relative,l3,L6 IT,-0.0760955162121604,0.7622377622377622,False,0.960221596585233,-0.0760955162121606,0.7622377622377622,False,0.960221596585233
within_layer__clr_true__thickness_relative,l3,L6 IT Car3,0.1921531973165044,0.4285714285714285,False,0.7017659759595244,0.19215319731650457,0.42857142857142855,False,0.7017659759595244
within_layer__clr_true__thickness_relative,l3,L6b,0.2491946577657277,0.3216783216783216,False,0.6106723465214032,0.24919465776572763,0.32167832167832167,False,0.6106723465214032
within_layer__clr_true__thickness_relative,l3,Lamp5,0.2212204879356956,0.3296703296703296,False,0.6106723465214032,0.22122048793569554,0.32967032967032966,False,0.6106723465214032
within_layer__clr_true__thickness_relative,l3,Lamp5_Lhx6,0.1820112569061439,0.4995004995004995,False,0.7454084377161301,0.18201125690614356,0.4995004995004995,False,0.7454084377161301
within_layer__clr_true__thickness_relative,l3,Micro-PVM,-0.1270091482880138,0.6413586413586414,False,0.8762223691801158,-0.12700914828801388,0.6413586413586414,False,0.8762223691801158
within_layer__clr_true__thickness_relative,l3,OPC,-0.3391551971624159,0.1868131868131868,False,0.4696073157611619,-0.3391551971624161,0.18681318681318682,False,0.4696073157611619
within_layer__clr_true__thickness_relative,l3,Oligo,0.0065489723625583,0.9790209790209792,False,0.981018981018981,0.0065489723625583255,0.9790209790209791,False,0.981018981018981
within_layer__clr_true__thickness_relative,l3,Pax6,-0.0165956475259843,0.9590409590409592,False,0.981018981018981,-0.01659564752598438,0.9590409590409591,False,0.981018981018981
within_layer__clr_true__thickness_relative,l3,Pvalb,-0.2592333640748994,0.2607392607392607,False,0.562037962037962,-0.2592333640748994,0.26073926073926074,False,0.562037962037962
within_layer__clr_true__thickness_relative,l3,Sncg,0.225988291868614,0.1888111888111888,False,0.4696073157611619,0.2259882918686145,0.1888111888111888,False,0.4696073157611619
within_layer__clr_true__thickness_relative,l3,Sst,0.2546679535094926,0.3046953046953047,False,0.6031723378662155,0.25466795350949256,0.3046953046953047,False,0.6031723378662155
within_layer__clr_true__thickness_relative,l3,Vip,0.4429753319926435,0.0909090909090909,False,0.317441179510145,0.4429753319926437,0.09090909090909091,False,0.31744117951014506
within_layer__clr_true__thickness_relative,l4,Astro,-0.3923443070435686,0.1038961038961039,False,0.3359307359307359,-0.39234430704356843,0.1038961038961039,False,0.3359307359307359
within_layer__clr_true__thickness_relative,l4,Chandelier,-0.4024295373304011,0.0659340659340659,False,0.2785964035964036,-0.4024295373304011,0.06593406593406594,False,0.2785964035964036
within_layer__clr_true__thickness_relative,l4,Endo,-0.0174174659189338,0.8851148851148851,False,0.9754911754911756,-0.017417465918933873,0.8851148851148851,False,0.9754911754911755
within_layer__clr_true__thickness_relative,l4,L2/3 IT,0.4800714155156803,0.0019980019980019,True,0.0276865991151705,0.48007141551568033,0.001998001998001998,True,0.027686599115170546
within_layer__clr_true__thickness_relative,l4,L4 IT,0.3692002826058859,0.2747252747252747,False,0.5772950453801519,0.36920028260588605,0.27472527472527475,False,0.5772950453801519
within_layer__clr_true__thickness_relative,l4,L5 ET,-0.0795083395552856,0.8191808191808192,False,0.969030969030969,-0.07950833955528545,0.8191808191808192,False,0.969030969030969
within_layer__clr_true__thickness_relative,l4,L5 IT,-0.1933888919643918,0.2977022977022977,False,0.6016067266067266,-0.19338889196439174,0.2977022977022977,False,0.6016067266067266
within_layer__clr_true__thickness_relative,l4,L5/6 NP,0.5954776050591774,0.0049950049950049,True,0.0372704218858065,0.5954776050591775,0.004995004995004995,True,0.0372704218858065
within_layer__clr_true__thickness_relative,l4,Lamp5,0.3252400495373034,0.1338661338661338,False,0.3904624786977728,0.3252400495373037,0.13386613386613386,False,0.39046247869777284
within_layer__clr_true__thickness_relative,l4,Lamp5_Lhx6,0.554012003902627,0.0089910089910089,False,0.0622948480091337,0.5540120039026271,0.008991008991008992,False,0.062294848009133735
within_layer__clr_true__thickness_relative,l4,Micro-PVM,-0.5923262345219077,0.0129870129870129,False,0.0787337662337662,-0.5923262345219077,0.012987012987012988,False,0.07873376623376624
within_layer__clr_true__thickness_relative,l4,OPC,-0.0854059519838774,0.8051948051948052,False,0.969030969030969,-0.0854059519838775,0.8051948051948052,False,0.969030969030969
within_layer__clr_true__thickness_relative,l4,Oligo,0.443499890693814,0.0519480519480519,False,0.2399505256648114,0.4434998906938142,0.05194805194805195,False,0.2399505256648114
within_layer__clr_true__thickness_relative,l4,Pax6,0.3799142211197825,0.0719280719280719,False,0.2790809190809191,0.3799142211197826,0.07192807192807193,False,0.27908091908091914
within_layer__clr_true__thickness_relative,l4,Pvalb,0.2018206794492755,0.3336663336663337,False,0.6106723465214032,0.2018206794492758,0.3336663336663337,False,0.6106723465214032
within_layer__clr_true__thickness_relative,l4,Sncg,-0.2737160732195808,0.1988011988011988,False,0.4820929070929071,-0.27371607321958086,0.19880119880119881,False,0.48209290709290714
within_layer__clr_true__thickness_relative,l4,Sst,-0.240427315398083,0.2387612387612387,False,0.5263600036327309,-0.24042731539808293,0.23876123876123875,False,0.5263600036327309
within_layer__clr_true__thickness_relative,l4,Vip,-0.0076569387386196,0.971028971028971,False,0.981018981018981,-0.007656938738619236,0.971028971028971,False,0.981018981018981
within_layer__clr_true__thickness_relative,l5,Astro,-0.0539247549441797,0.8691308691308691,False,0.969030969030969,-0.05392475494417982,0.8691308691308691,False,0.969030969030969
within_layer__clr_true__thickness_relative,l5,Chandelier,0.5589377833778737,0.0109890109890109,False,0.071062271062271,0.5589377833778737,0.01098901098901099,False,0.07106227106227106
within_layer__clr_true__thickness_relative,l5,Endo,0.116040290540526,0.6803196803196803,False,0.8917703917703917,0.11604029054052611,0.6803196803196803,False,0.8917703917703917
within_layer__clr_true__thickness_relative,l5,L4 IT,-0.1787171035807283,0.4155844155844156,False,0.6950291088222124,-0.17871710358072865,0.4155844155844156,False,0.6950291088222124
within_layer__clr_true__thickness_relative,l5,L5 ET,0.4778088104284933,0.0919080919080919,False,0.317441179510145,0.4778088104284933,0.0919080919080919,False,0.31744117951014506
within_layer__clr_true__thickness_relative,l5,L5 IT,-0.3996679843471706,0.1368631368631368,False,0.3904624786977728,-0.3996679843471708,0.13686313686313686,False,0.39046247869777284
within_layer__clr_true__thickness_relative,l5,L5/6 NP,-0.336094932135715,0.2797202797202797,False,0.5772950453801519,-0.33609493213571506,0.27972027972027974,False,0.5772950453801519
within_layer__clr_true__thickness_relative,l5,L6 CT,-0.1848230711411271,0.3866133866133866,False,0.6579210263420789,-0.1848230711411275,0.3866133866133866,False,0.6579210263420789
within_layer__clr_true__thickness_relative,l5,L6 IT,-0.4019252113075671,0.0949050949050949,False,0.317441179510145,-0.40192521130756736,0.09490509490509491,False,0.31744117951014506
within_layer__clr_true__thickness_relative,l5,L6 IT Car3,-0.362729698952306,0.1658341658341658,False,0.4468309468309468,-0.3627296989523061,0.16583416583416583,False,0.4468309468309468
within_layer__clr_true__thickness_relative,l5,L6b,-0.2988322042578301,0.1768231768231768,False,0.4635634635634636,-0.29883220425783014,0.17682317682317683,False,0.4635634635634636
within_layer__clr_true__thickness_relative,l5,Lamp5,-0.0613830083196755,0.8651348651348651,False,0.969030969030969,-0.06138300831967576,0.8651348651348651,False,0.969030969030969
within_layer__clr_true__thickness_relative,l5,Lamp5_Lhx6,-0.3130327859286411,0.3246753246753247,False,0.6106723465214032,-0.3130327859286411,0.3246753246753247,False,0.6106723465214032
within_layer__clr_true__thickness_relative,l5,Micro-PVM,0.4240210320808992,0.0859140859140859,False,0.317441179510145,0.42402103208089914,0.08591408591408592,False,0.31744117951014506
within_layer__clr_true__thickness_relative,l5,OPC,0.4675245572101108,0.0339660339660339,False,0.1785057048214943,0.467524557210111,0.03396603396603397,False,0.1785057048214943
within_layer__clr_true__thickness_relative,l5,Oligo,-0.1908214718056025,0.5894105894105894,False,0.8436269612740201,-0.19082147180560263,0.5894105894105894,False,0.8436269612740201
within_layer__clr_true__thickness_relative,l5,Pvalb,-0.3512312470873548,0.2217782217782218,False,0.5002904072671515,-0.3512312470873547,0.2217782217782218,False,0.5002904072671515
within_layer__clr_true__thickness_relative,l5,Sst,-0.3604456348130328,0.1158841158841158,False,0.3626051367986852,-0.3604456348130331,0.11588411588411589,False,0.3626051367986852
within_layer__clr_true__thickness_relative,l5,Vip,0.1676445926218389,0.3646353646353646,False,0.6316005423148281,0.16764459262183887,0.3646353646353646,False,0.6316005423148281
within_layer__clr_true__thickness_relative,l6,Astro,0.035636524937889,0.9430569430569432,False,0.981018981018981,0.03563652493788877,0.9430569430569431,False,0.981018981018981
within_layer__clr_true__thickness_relative,l6,Chandelier,0.8020440017359809,0.0009990009990009,True,0.0193806193806193,0.8020440017359808,0.000999000999000999,True,0.01938061938061938
within_layer__clr_true__thickness_relative,l6,Endo,0.5565697883101006,0.0369630369630369,False,0.1792707292707292,0.5565697883101005,0.03696303696303696,False,0.17927072927072926
within_layer__clr_true__thickness_relative,l6,L5 ET,-0.6165046987477029,0.0219780219780219,False,0.1254040077569489,-0.6165046987477028,0.02197802197802198,False,0.12540400775694896
within_layer__clr_true__thickness_relative,l6,L5 IT,-0.8005566424308312,0.0029970029970029,True,0.0323010323010323,-0.8005566424308312,0.002997002997002997,True,0.0323010323010323
within_layer__clr_true__thickness_relative,l6,L5/6 NP,-0.5271431281170882,0.0349650349650349,False,0.1785057048214943,-0.5271431281170884,0.03496503496503497,False,0.1785057048214943
within_layer__clr_true__thickness_relative,l6,L6 CT,-0.8138236419168188,0.0009990009990009,True,0.0193806193806193,-0.8138236419168191,0.000999000999000999,True,0.01938061938061938
within_layer__clr_true__thickness_relative,l6,L6 IT,-0.8033736636959601,0.0009990009990009,True,0.0193806193806193,-0.8033736636959601,0.000999000999000999,True,0.01938061938061938
within_layer__clr_true__thickness_relative,l6,L6 IT Car3,-0.4350887385877684,0.0669330669330669,False,0.2785964035964036,-0.4350887385877685,0.06693306693306693,False,0.2785964035964036
within_layer__clr_true__thickness_relative,l6,L6b,-0.6849603749066785,0.0019980019980019,True,0.0276865991151705,-0.6849603749066785,0.001998001998001998,True,0.027686599115170546
within_layer__clr_true__thickness_relative,l6,Lamp5,-0.0510464968709486,0.9050949050949052,False,0.9754911754911756,-0.051046496870949136,0.9050949050949051,False,0.9754911754911755
within_layer__clr_true__thickness_relative,l6,Lamp5_Lhx6,-0.0572193954778272,0.9010989010989012,False,0.9754911754911756,-0.057219395477827215,0.9010989010989011,False,0.9754911754911755
within_layer__clr_true__thickness_relative,l6,Micro-PVM,0.7363872344834013,0.0049950049950049,True,0.0372704218858065,0.7363872344834012,0.004995004995004995,True,0.0372704218858065
within_layer__clr_true__thickness_relative,l6,OPC,0.7225867265551409,0.0039960039960039,True,0.0352374897829443,0.722586726555141,0.003996003996003996,True,0.03523748978294433
within_layer__clr_true__thickness_relative,l6,Oligo,-0.1541619256985463,0.7412587412587412,False,0.9473552763026448,-0.15416192569854642,0.7412587412587412,False,0.9473552763026447
within_layer__clr_true__thickness_relative,l6,Pvalb,-0.6975055103205658,0.0039960039960039,True,0.0352374897829443,-0.6975055103205658,0.003996003996003996,True,0.03523748978294433
within_layer__clr_true__thickness_relative,l6,Sst,-0.6297469757122526,0.0029970029970029,True,0.0323010323010323,-0.6297469757122529,0.002997002997002997,True,0.0323010323010323
within_region_cross_layer__clr_false__thickness_absolute,l1,Astro,0.3251727669990703,0.4045954045954046,False,0.6132149100899101,0.3251727669990584,0.4045954045954046,False,0.6147290209790209
within_region_cross_layer__clr_false__thickness_absolute,l1,Endo,0.1349974985480982,0.3996003996003996,False,0.6132149100899101,0.09838010597972212,0.5244755244755245,False,0.7061979116773637
within_region_cross_layer__clr_false__thickness_absolute,l1,Lamp5,0.571548833497111,0.1778221778221778,False,0.3749728532337228,0.5715488334971645,0.17782217782217782,False,0.3749728532337228
within_region_cross_layer__clr_false__thickness_absolute,l1,Micro-PVM,-0.203300516861702,0.6033966033966034,False,0.7316183816183817,-0.20330051686175352,0.6033966033966034,False,0.7333530666864
within_region_cross_layer__clr_false__thickness_absolute,l1,OPC,0.2846161201485561,0.4305694305694306,False,0.6398454486689782,0.28461612014855076,0.4305694305694306,False,0.6328065873520419
within_region_cross_layer__clr_false__thickness_absolute,l1,Pax6,0.2410637866840686,0.4485514485514486,False,0.6398454486689782,0.24106378668417935,0.4485514485514486,False,0.6398454486689782
within_region_cross_layer__clr_false__thickness_absolute,l1,Sncg,0.4028867363695447,0.4485514485514486,False,0.6398454486689782,0.4028867363695694,0.4485514485514486,False,0.6398454486689782
within_region_cross_layer__clr_false__thickness_absolute,l1,VLMC,0.2808667731113679,0.1338661338661338,False,0.3114742400456686,0.2808667731103297,0.13386613386613386,False,0.31147424004566865
within_region_cross_layer__clr_false__thickness_absolute,l2,Astro,0.1232971793798886,0.5804195804195804,False,0.7316183816183817,0.12329717937991978,0.5804195804195804,False,0.7329849637541945
within_region_cross_layer__clr_false__thickness_absolute,l2,Chandelier,-0.2003854976477191,0.5444555444555444,False,0.7136782136782137,-0.2003854976476887,0.5444555444555444,False,0.7136782136782137
within_region_cross_layer__clr_false__thickness_absolute,l2,Endo,-0.1158113040433273,0.6023976023976024,False,0.7316183816183817,-0.11587677282661495,0.6073926073926074,False,0.7333530666864
within_region_cross_layer__clr_false__thickness_absolute,l2,L2/3 IT,0.1060234937130966,0.6863136863136863,False,0.7925288996717568,0.10602349371340032,0.6863136863136863,False,0.7925288996717568
within_region_cross_layer__clr_false__thickness_absolute,l2,Lamp5,0.3630323780323368,0.1988011988011988,False,0.4017440892440893,0.3630323780324724,0.19880119880119881,False,0.4017440892440893
within_region_cross_layer__clr_false__thickness_absolute,l2,Lamp5_Lhx6,0.3822331439692468,0.1608391608391608,False,0.3531579531579532,0.38223314396921115,0.16083916083916083,False,0.3531579531579532
within_region_cross_layer__clr_false__thickness_absolute,l2,Micro-PVM,0.0700102607412406,0.8091908091908092,False,0.8985559894650804,0.07001026074116164,0.8091908091908092,False,0.8985559894650804
within_region_cross_layer__clr_false__thickness_absolute,l2,OPC,0.1834066727746059,0.6123876123876124,False,0.7333530666864,0.183406672774633,0.6123876123876124,False,0.7333530666864
within_region_cross_layer__clr_false__thickness_absolute,l2,Pax6,0.5667402839133808,0.0159840159840159,False,0.062017982017982,0.5667402839135418,0.015984015984015984,False,0.062017982017982025
within_region_cross_layer__clr_false__thickness_absolute,l2,Pvalb,-0.1789870214545476,0.5314685314685315,False,0.7061979116773637,-0.17898702145458353,0.5314685314685315,False,0.7061979116773637
within_region_cross_layer__clr_false__thickness_absolute,l2,Sncg,0.4829392752995095,0.0769230769230769,False,0.2194570135746606,0.482939275299545,0.07692307692307693,False,0.21945701357466066
within_region_cross_layer__clr_false__thickness_absolute,l2,Sst,-0.0058314972569506,0.988011988011988,False,0.988011988011988,-0.0058314972569522335,0.988011988011988,False,0.988011988011988
within_region_cross_layer__clr_false__thickness_absolute,l2,Vip,0.2944071641029334,0.1518481518481518,False,0.3425411797504821,0.2944071641029087,0.15184815184815184,False,0.3425411797504821
within_region_cross_layer__clr_false__thickness_absolute,l3,Astro,0.235282653726714,0.3246753246753247,False,0.5248917748917749,0.23528265372672713,0.3246753246753247,False,0.5248917748917749
within_region_cross_layer__clr_false__thickness_absolute,l3,Chandelier,0.2467839103981839,0.2447552447552447,False,0.4668967396240123,0.24678391039821174,0.24475524475524477,False,0.4668967396240123
within_region_cross_layer__clr_false__thickness_absolute,l3,Endo,0.1223869670975401,0.5074925074925075,False,0.6933348341799047,0.15507078646842268,0.40559440559440557,False,0.6147290209790209
within_region_cross_layer__clr_false__thickness_absolute,l3,L2/3 IT,0.0513597574468515,0.8991008991008991,False,0.9578106104421894,0.05135975744722876,0.8991008991008991,False,0.9578106104421894
within_region_cross_layer__clr_false__thickness_absolute,l3,L4 IT,-0.25018466109723,0.4735264735264735,False,0.661709718852576,-0.2501846610973584,0.47352647352647353,False,0.661709718852576
within_region_cross_layer__clr_false__thickness_absolute,l3,L5 ET,-0.0262696447684244,0.938061938061938,False,0.9578106104421894,-0.02626964476841233,0.938061938061938,False,0.9578106104421894
within_region_cross_layer__clr_false__thickness_absolute,l3,L5 IT,-0.2940123529852907,0.2497502497502497,False,0.4668967396240123,-0.2940123529854326,0.24975024975024976,False,0.4668967396240123
within_region_cross_layer__clr_false__thickness_absolute,l3,L5/6 NP,-0.0964703019869766,0.7862137862137862,False,0.8867760146829915,-0.0964703019869346,0.7862137862137862,False,0.8867760146829915
within_region_cross_layer__clr_false__thickness_absolute,l3,L6 CT,-0.0285173466155827,0.9330669330669332,False,0.9578106104421894,-0.028517346615508338,0.9330669330669331,False,0.9578106104421894
within_region_cross_layer__clr_false__thickness_absolute,l3,L6 IT,-0.5400448204550341,0.0029970029970029,True,0.0153004889846995,-0.5400448204550082,0.002997002997002997,True,0.014535464535464537
within_region_cross_layer__clr_false__thickness_absolute,l3,L6 IT Car3,-0.0991668879895063,0.8151848151848152,False,0.8985559894650804,-0.09916688798950407,0.8151848151848152,False,0.8985559894650804
within_region_cross_layer__clr_false__thickness_absolute,l3,L6b,0.0402901872854862,0.91008991008991,False,0.9578106104421894,0.04029018728550638,0.9100899100899101,False,0.9578106104421894
within_region_cross_layer__clr_false__thickness_absolute,l3,Lamp5,0.1482843650170598,0.6353646353646354,False,0.7425345738598751,0.14828436501724054,0.6353646353646354,False,0.7425345738598751
within_region_cross_layer__clr_false__thickness_absolute,l3,Lamp5_Lhx6,0.0925964159389257,0.7762237762237763,False,0.8858083093377211,0.09259641593886328,0.7762237762237763,False,0.8858083093377211
within_region_cross_layer__clr_false__thickness_absolute,l3,Micro-PVM,0.2433997382808938,0.2307692307692307,False,0.456828885400314,0.24339973828081735,0.23076923076923078,False,0.456828885400314
within_region_cross_layer__clr_false__thickness_absolute,l3,OPC,-0.0559153089832894,0.8641358641358642,False,0.9313464313464314,-0.05591530898318143,0.8641358641358642,False,0.9313464313464314
within_region_cross_layer__clr_false__thickness_absolute,l3,Oligo,-0.1569400699450379,0.5894105894105894,False,0.7316183816183817,-0.15694006994502166,0.5894105894105894,False,0.7329849637541945
within_region_cross_layer__clr_false__thickness_absolute,l3,Pax6,0.1715500127763793,0.5234765234765235,False,0.7052392052392052,0.17155001277648424,0.5234765234765235,False,0.7061979116773637
within_region_cross_layer__clr_false__thickness_absolute,l3,Pvalb,-0.2110732114408548,0.2627372627372627,False,0.4668967396240123,-0.2110732114410178,0.2627372627372627,False,0.4668967396240123
within_region_cross_layer__clr_false__thickness_absolute,l3,Sncg,0.0088718695495375,0.98001998001998,False,0.988011988011988,0.008871869549575778,0.98001998001998,False,0.988011988011988
within_region_cross_layer__clr_false__thickness_absolute,l3,Sst,-0.0269864317807523,0.9270729270729272,False,0.9578106104421894,-0.02698643178062033,0.9270729270729271,False,0.9578106104421894
within_region_cross_layer__clr_false__thickness_absolute,l3,Vip,0.1779721370950261,0.5874125874125874,False,0.7316183816183817,0.1779721370949091,0.5874125874125874,False,0.7329849637541945
within_region_cross_layer__clr_false__thickness_absolute,l4,Astro,0.7817279893473628,0.0009990009990009,True,0.0064602064602064,0.7817279893473568,0.000999000999000999,True,0.00646020646020646
within_region_cross_layer__clr_false__thickness_absolute,l4,Chandelier,0.7306040405731531,0.0009990009990009,True,0.0064602064602064,0.7306040405731425,0.000999000999000999,True,0.00646020646020646
within_region_cross_layer__clr_false__thickness_absolute,l4,Endo,0.6721060502981079,0.0039960039960039,True,0.0193806193806193,0.666699590987608,0.002997002997002997,True,0.014535464535464537
within_region_cross_layer__clr_false__thickness_absolute,l4,L2/3 IT,0.76668091812835,0.0009990009990009,True,0.0064602064602064,0.7666809181283529,0.000999000999000999,True,0.00646020646020646
within_region_cross_layer__clr_false__thickness_absolute,l4,L4 IT,0.6568924043884459,0.0149850149850149,False,0.062017982017982,0.656892404388471,0.014985014985014986,False,0.062017982017982025
within_region_cross_layer__clr_false__thickness_absolute,l4,L5 ET,0.7827374428418942,0.0009990009990009,True,0.0064602064602064,0.7827374428418964,0.000999000999000999,True,0.00646020646020646
within_region_cross_layer__clr_false__thickness_absolute,l4,L5 IT,0.6569895631003796,0.0159840159840159,False,0.062017982017982,0.6569895631003921,0.015984015984015984,False,0.062017982017982025
within_region_cross_layer__clr_false__thickness_absolute,l4,L5/6 NP,0.7792602425120677,0.0009990009990009,True,0.0064602064602064,0.779260242512077,0.000999000999000999,True,0.00646020646020646
within_region_cross_layer__clr_false__thickness_absolute,l4,Lamp5,0.7903856000606927,0.0009990009990009,True,0.0064602064602064,0.7903856000606965,0.000999000999000999,True,0.00646020646020646
within_region_cross_layer__clr_false__thickness_absolute,l4,Lamp5_Lhx6,0.7816137369384698,0.0009990009990009,True,0.0064602064602064,0.7816137369384751,0.000999000999000999,True,0.00646020646020646
within_region_cross_layer__clr_false__thickness_absolute,l4,Micro-PVM,0.7715032963132228,0.0009990009990009,True,0.0064602064602064,0.7715032963132276,0.000999000999000999,True,0.00646020646020646
within_region_cross_layer__clr_false__thickness_absolute,l4,OPC,0.7799689874724776,0.0009990009990009,True,0.0064602064602064,0.7799689874724735,0.000999000999000999,True,0.00646020646020646
within_region_cross_layer__clr_false__thickness_absolute,l4,Oligo,0.79693944548569,0.0009990009990009,True,0.0064602064602064,0.7969394454856904,0.000999000999000999,True,0.00646020646020646
within_region_cross_layer__clr_false__thickness_absolute,l4,Pax6,0.7693074202372625,0.0009990009990009,True,0.0064602064602064,0.7693074202372718,0.000999000999000999,True,0.00646020646020646
within_region_cross_layer__clr_false__thickness_absolute,l4,Pvalb,0.7515811420887598,0.0009990009990009,True,0.0064602064602064,0.7515811420887818,0.000999000999000999,True,0.00646020646020646
within_region_cross_layer__clr_false__thickness_absolute,l4,Sncg,0.7605437874182343,0.0009990009990009,True,0.0064602064602064,0.7605437874182558,0.000999000999000999,True,0.00646020646020646
within_region_cross_layer__clr_false__thickness_absolute,l4,Sst,0.7177946693278598,0.0029970029970029,True,0.0153004889846995,0.7177946693278571,0.002997002997002997,True,0.014535464535464537
within_region_cross_layer__clr_false__thickness_absolute,l4,Vip,0.7546210554144414,0.0009990009990009,True,0.0064602064602064,0.754621055414447,0.000999000999000999,True,0.00646020646020646
within_region_cross_layer__clr_false__thickness_absolute,l5,Astro,0.4314741874335054,0.0939060939060939,False,0.253024753024753,0.43147418743351706,0.0939060939060939,False,0.253024753024753
within_region_cross_layer__clr_false__thickness_absolute,l5,Chandelier,0.4496035192703005,0.3126873126873127,False,0.5229425746667127,0.44960351927030373,0.3126873126873127,False,0.5229425746667127
within_region_cross_layer__clr_false__thickness_absolute,l5,Endo,0.2240785803329663,0.4485514485514486,False,0.6398454486689782,0.2244508848401117,0.4305694305694306,False,0.6328065873520419
within_region_cross_layer__clr_false__thickness_absolute,l5,L4 IT,0.4942939801670646,0.1638361638361638,False,0.3531579531579532,0.4942939801670656,0.16383616383616384,False,0.3531579531579532
within_region_cross_layer__clr_false__thickness_absolute,l5,L5 ET,0.5878603568931365,0.0759240759240759,False,0.2194570135746606,0.5878603568931319,0.07592407592407592,False,0.21945701357466066
within_region_cross_layer__clr_false__thickness_absolute,l5,L5 IT,0.601871816808798,0.0229770229770229,False,0.0825470825470825,0.6018718168087366,0.022977022977022976,False,0.08254708254708254
within_region_cross_layer__clr_false__thickness_absolute,l5,L5/6 NP,0.7658207036700897,0.0009990009990009,True,0.0064602064602064,0.7658207036700121,0.000999000999000999,True,0.00646020646020646
within_region_cross_layer__clr_false__thickness_absolute,l5,L6 CT,0.4968397930394383,0.1348651348651348,False,0.3114742400456686,0.4968397930395159,0.13486513486513488,False,0.31147424004566865
within_region_cross_layer__clr_false__thickness_absolute,l5,L6 IT,0.3542664184918389,0.2797202797202797,False,0.4845154845154846,0.35426641849181784,0.27972027972027974,False,0.4845154845154846
within_region_cross_layer__clr_false__thickness_absolute,l5,L6 IT Car3,0.4351172402245531,0.1268731268731268,False,0.3076673326673327,0.435117240224617,0.12687312687312688,False,0.3076673326673327
within_region_cross_layer__clr_false__thickness_absolute,l5,L6b,0.4929730020649027,0.0569430569430569,False,0.1781766620476298,0.4929730020648849,0.056943056943056944,False,0.1781766620476298
within_region_cross_layer__clr_false__thickness_absolute,l5,Lamp5,0.3028591227401139,0.4775224775224775,False,0.661709718852576,0.3028591227401473,0.4775224775224775,False,0.661709718852576
within_region_cross_layer__clr_false__thickness_absolute,l5,Lamp5_Lhx6,0.4369011959631732,0.2627372627372627,False,0.4668967396240123,0.4369011959631407,0.2627372627372627,False,0.4668967396240123
within_region_cross_layer__clr_false__thickness_absolute,l5,Micro-PVM,0.5314593208684122,0.0369630369630369,False,0.1280505209076637,0.531459320868361,0.03696303696303696,False,0.12805052090766378
within_region_cross_layer__clr_false__thickness_absolute,l5,OPC,0.5422915790461846,0.0709290709290709,False,0.2150037462537462,0.5422915790461761,0.07092907092907093,False,0.21500374625374624
within_region_cross_layer__clr_false__thickness_absolute,l5,Oligo,0.4591155124507804,0.0549450549450549,False,0.1776556776556776,0.4591155124507746,0.054945054945054944,False,0.17765567765567764
within_region_cross_layer__clr_false__thickness_absolute,l5,Pvalb,0.6212414341203424,0.0229770229770229,False,0.0825470825470825,0.6212414341203532,0.022977022977022976,False,0.08254708254708254
within_region_cross_layer__clr_false__thickness_absolute,l5,Sst,0.5363538434484194,0.0989010989010989,False,0.2592812592812593,0.5363538434484465,0.0989010989010989,False,0.2592812592812593
within_region_cross_layer__clr_false__thickness_absolute,l5,Vip,0.4137844669385213,0.3406593406593406,False,0.5417041974419023,0.4137844669385079,0.34065934065934067,False,0.5417041974419023
within_region_cross_layer__clr_false__thickness_absolute,l6,Astro,0.4201073543578511,0.3236763236763236,False,0.5248917748917749,0.42010735435785723,0.32367632367632365,False,0.5248917748917749
within_region_cross_layer__clr_false__thickness_absolute,l6,Chandelier,0.617509980894191,0.1108891108891109,False,0.2830590462169409,0.6175099808942018,0.1108891108891109,False,0.28305904621694095
within_region_cross_layer__clr_false__thickness_absolute,l6,Endo,0.4820818029459212,0.0019980019980019,True,0.0114003643415408,0.47742981885202096,0.002997002997002997,True,0.014535464535464537
within_region_cross_layer__clr_false__thickness_absolute,l6,L5 ET,-0.5552563662511119,0.0019980019980019,True,0.0114003643415408,-0.5552563662510257,0.001998001998001998,True,0.012112887112887114
within_region_cross_layer__clr_false__thickness_absolute,l6,L5 IT,0.0846630242737305,0.8371628371628371,False,0.9124134292673618,0.08466302427361662,0.8371628371628371,False,0.9124134292673618
within_region_cross_layer__clr_false__thickness_absolute,l6,L5/6 NP,0.3193670683632153,0.5884115884115884,False,0.7316183816183817,0.3193670683632117,0.5884115884115884,False,0.7329849637541945
within_region_cross_layer__clr_false__thickness_absolute,l6,L6 CT,0.295546750395442,0.2527472527472527,False,0.4668967396240123,0.295546750395804,0.25274725274725274,False,0.4668967396240123
within_region_cross_layer__clr_false__thickness_absolute,l6,L6 IT,0.5868635064629829,0.0059940059940059,True,0.0276865991151705,0.5868635064629093,0.005994005994005994,True,0.027686599115170542
within_region_cross_layer__clr_false__thickness_absolute,l6,L6 IT Car3,0.2673769749293178,0.6203796203796204,False,0.7338636972783315,0.26737697492935175,0.6203796203796204,False,0.7338636972783315
within_region_cross_layer__clr_false__thickness_absolute,l6,L6b,0.533715929114708,0.1858141858141858,False,0.3834888515739579,0.5337159291147349,0.18581418581418582,False,0.38348885157395796
within_region_cross_layer__clr_false__thickness_absolute,l6,Lamp5,0.5770251662598748,0.1198801198801198,False,0.298163375086452,0.5770251662598718,0.11988011988011989,False,0.298163375086452
within_region_cross_layer__clr_false__thickness_absolute,l6,Lamp5_Lhx6,0.6957781405399014,0.0129870129870129,False,0.0572609208972845,0.6957781405398976,0.012987012987012988,False,0.05726092089728454
within_region_cross_layer__clr_false__thickness_absolute,l6,Micro-PVM,0.4264536658221668,0.2887112887112887,False,0.4913157018420176,0.4264536658220822,0.2887112887112887,False,0.4913157018420176
within_region_cross_layer__clr_false__thickness_absolute,l6,OPC,0.6356818514569808,0.0799200799200799,False,0.2214927929213643,0.6356818514569735,0.07992007992007992,False,0.22149279292136434
within_region_cross_layer__clr_false__thickness_absolute,l6,Oligo,0.6448924848935148,0.0479520479520479,False,0.1603913328051259,0.6448924848935536,0.04795204795204795,False,0.1603913328051259
within_region_cross_layer__clr_false__thickness_absolute,l6,Pvalb,0.5168259867959726,0.2647352647352647,False,0.4668967396240123,0.5168259867959765,0.2647352647352647,False,0.4668967396240123
within_region_cross_layer__clr_false__thickness_absolute,l6,Sst,0.4568041558017034,0.3936063936063936,False,0.6132149100899101,0.45680415580171,0.3936063936063936,False,0.6147290209790209
within_region_cross_layer__clr_false__thickness_relative,l1,Astro,0.3780391246138385,0.1698301698301698,False,0.245873529455619,0.37803912461380523,0.16983016983016982,False,0.2495988859625223
within_region_cross_layer__clr_false__thickness_relative,l1,Endo,0.2594581773945786,0.1038961038961039,False,0.176805650489861,0.19915980454470858,0.21978021978021978,False,0.29463779463779466
within_region_cross_layer__clr_false__thickness_relative,l1,Lamp5,0.459403790674443,0.1688311688311688,False,0.245873529455619,0.45940379067440945,0.16883116883116883,False,0.2495988859625223
within_region_cross_layer__clr_false__thickness_relative,l1,Micro-PVM,0.1742705037672118,0.5624375624375625,False,0.6129937478252085,0.17427050376721706,0.5624375624375625,False,0.6061827061827062
within_region_cross_layer__clr_false__thickness_relative,l1,OPC,0.2242374053081673,0.4685314685314685,False,0.5410422910422911,0.22423740530813266,0.46853146853146854,False,0.5410422910422911
within_region_cross_layer__clr_false__thickness_relative,l1,Pax6,0.3724306340639624,0.1108891108891109,False,0.1854524785559268,0.3724306340639314,0.1108891108891109,False,0.18870603081129397
within_region_cross_layer__clr_false__thickness_relative,l1,Sncg,0.5469549866249689,0.0529470529470529,False,0.1116492203448725,0.5469549866249758,0.052947052947052944,False,0.11164922034487251
within_region_cross_layer__clr_false__thickness_relative,l1,VLMC,0.2046621943000105,0.2547452547452547,False,0.3209128533803858,0.20466219429923993,0.2547452547452547,False,0.32091285338038583
within_region_cross_layer__clr_false__thickness_relative,l2,Astro,0.2708176729177512,0.0759240759240759,False,0.1531068931068931,0.2708176729177862,0.07592407592407592,False,0.15310689310689313
within_region_cross_layer__clr_false__thickness_relative,l2,Chandelier,-0.1761522812510884,0.3056943056943056,False,0.3753461728145272,-0.17615228125109317,0.30569430569430567,False,0.3753461728145272
within_region_cross_layer__clr_false__thickness_relative,l2,Endo,-0.0174229283807531,0.906093906093906,False,0.9155323842823844,-0.008058666141827077,0.948051948051948,False,0.9579274891774892
within_region_cross_layer__clr_false__thickness_relative,l2,L2/3 IT,0.308775059091206,0.0499500499500499,False,0.110117155571701,0.30877505909150116,0.04995004995004995,False,0.11011715557170103
within_region_cross_layer__clr_false__thickness_relative,l2,Lamp5,0.3761115291016538,0.0209790209790209,False,0.0616656071201525,0.37611152910182033,0.02097902097902098,False,0.06166560712015257
within_region_cross_layer__clr_false__thickness_relative,l2,Lamp5_Lhx6,0.2234761330053448,0.2007992007992008,False,0.2743313025003166,0.22347613300526825,0.2007992007992008,False,0.27825032110746395
within_region_cross_layer__clr_false__thickness_relative,l2,Micro-PVM,0.0802237555926329,0.6903096903096904,False,0.7330929939625592,0.08022375559260442,0.6903096903096904,False,0.7330929939625592
within_region_cross_layer__clr_false__thickness_relative,l2,OPC,0.2855131496227676,0.0789210789210789,False,0.1531068931068931,0.2855131496228085,0.07892107892107893,False,0.15310689310689313
within_region_cross_layer__clr_false__thickness_relative,l2,Pax6,0.4788374278527446,0.0029970029970029,True,0.0138432995575852,0.4788374278528046,0.002997002997002997,True,0.013843299557585271
within_region_cross_layer__clr_false__thickness_relative,l2,Pvalb,0.1081830883750762,0.4765234765234765,False,0.5437973790914967,0.10818308837494327,0.47652347652347654,False,0.5437973790914967
within_region_cross_layer__clr_false__thickness_relative,l2,Sncg,0.3637851637535502,0.0289710289710289,False,0.0759510759510759,0.363785163753574,0.028971028971028972,False,0.07595107595107596
within_region_cross_layer__clr_false__thickness_relative,l2,Sst,0.1583364517966953,0.2507492507492507,False,0.3200352279299648,0.15833645179665165,0.25074925074925075,False,0.3200352279299648
within_region_cross_layer__clr_false__thickness_relative,l2,Vip,0.1249733255531221,0.4405594405594406,False,0.5148706714971776,0.12497332555313807,0.4405594405594406,False,0.5148706714971776
within_region_cross_layer__clr_false__thickness_relative,l3,Astro,0.3030594375069006,0.1578421578421578,False,0.2392295204795205,0.30305943750690495,0.15784215784215785,False,0.2430268144553859
within_region_cross_layer__clr_false__thickness_relative,l3,Chandelier,0.295416669059338,0.1288711288711288,False,0.2016209596854758,0.29541666905919534,0.12887112887112886,False,0.20492622131966393
within_region_cross_layer__clr_false__thickness_relative,l3,Endo,0.0722883112926087,0.6843156843156843,False,0.7330929939625592,0.112503939366496,0.5084915084915085,False,0.573531120042748
within_region_cross_layer__clr_false__thickness_relative,l3,L2/3 IT,0.0005715338345754,0.999000999000999,False,0.999000999000999,0.0005715338348119452,0.999000999000999,False,0.999000999000999
within_region_cross_layer__clr_false__thickness_relative,l3,L4 IT,-0.5176137598466379,0.0149850149850149,True,0.046888595275692,-0.5176137598466799,0.014985014985014986,True,0.04688859527569206
within_region_cross_layer__clr_false__thickness_relative,l3,L5 ET,0.4345644644852646,0.0779220779220779,False,0.1531068931068931,0.43456446448525843,0.07792207792207792,False,0.15310689310689313
within_region_cross_layer__clr_false__thickness_relative,l3,L5 IT,-0.2833544493956449,0.2247752247752247,False,0.2946377946377946,-0.2833544493956872,0.22477522477522477,False,0.29463779463779466
within_region_cross_layer__clr_false__thickness_relative,l3,L5/6 NP,0.2386249354948874,0.4245754245754246,False,0.5022416607782462,0.2386249354949491,0.4245754245754246,False,0.5022416607782462
within_region_cross_layer__clr_false__thickness_relative,l3,L6 CT,0.3863940612518766,0.1158841158841158,False,0.1905213430637159,0.38639406125190107,0.11588411588411589,False,0.19380619380619382
within_region_cross_layer__clr_false__thickness_relative,l3,L6 IT,-0.038767546032564,0.8721278721278721,False,0.8904884589095116,-0.03876754603252418,0.8721278721278721,False,0.8904884589095116
within_region_cross_layer__clr_false__thickness_relative,l3,L6 IT Car3,0.3718321141821357,0.1618381618381618,False,0.2415123338200261,0.3718321141820967,0.16183816183816183,False,0.24528596403596403
within_region_cross_layer__clr_false__thickness_relative,l3,L6b,0.4484833846180517,0.0619380619380619,False,0.1278296171913193,0.4484833846180586,0.061938061938061936,False,0.12782961719131933
within_region_cross_layer__clr_false__thickness_relative,l3,Lamp5,0.4300292232308081,0.0909090909090909,False,0.1603305785123967,0.43002922323090553,0.09090909090909091,False,0.1603305785123967
within_region_cross_layer__clr_false__thickness_relative,l3,Lamp5_Lhx6,0.3886937543457349,0.1248751248751248,False,0.1985719198833953,0.38869375434573344,0.12487512487512488,False,0.20188145188145187
within_region_cross_layer__clr_false__thickness_relative,l3,Micro-PVM,0.0655390597171861,0.7112887112887113,False,0.7418817741398387,0.06553905971724289,0.7112887112887113,False,0.7418817741398387
within_region_cross_layer__clr_false__thickness_relative,l3,OPC,0.2255701988583805,0.3936063936063936,False,0.4772477522477523,0.22557019885851426,0.3936063936063936,False,0.4772477522477523
within_region_cross_layer__clr_false__thickness_relative,l3,Oligo,0.1722590757189428,0.5584415584415584,False,0.6129937478252085,0.17225907571894722,0.5584415584415584,False,0.6061827061827062
within_region_cross_layer__clr_false__thickness_relative,l3,Pax6,-0.0993792945869442,0.6953046953046953,False,0.7330929939625592,-0.099379294586917,0.6953046953046953,False,0.7330929939625592
within_region_cross_layer__clr_false__thickness_relative,l3,Pvalb,-0.3407391850330616,0.0459540459540459,False,0.1081708988685733,-0.3407391850333765,0.04595404595404595,False,0.1081708988685733
within_region_cross_layer__clr_false__thickness_relative,l3,Sncg,0.3587643322520206,0.2177822177822178,False,0.2934010434010434,0.3587643322520081,0.2177822177822178,False,0.29463779463779466
within_region_cross_layer__clr_false__thickness_relative,l3,Sst,0.2468592336164038,0.4215784215784215,False,0.5022416607782462,0.24685923361661158,0.42157842157842157,False,0.5022416607782462
within_region_cross_layer__clr_false__thickness_relative,l3,Vip,0.2913883889369586,0.2967032967032967,False,0.3689771766694844,0.2913883889369294,0.2967032967032967,False,0.3689771766694844
within_region_cross_layer__clr_false__thickness_relative,l4,Astro,0.8332912105294836,0.0009990009990009,True,0.0074540843771613,0.8332912105294785,0.000999000999000999,True,0.0074540843771613
within_region_cross_layer__clr_false__thickness_relative,l4,Chandelier,0.7125313789654921,0.0019980019980019,True,0.0107670107670107,0.7125313789654779,0.001998001998001998,True,0.010767010767010766
within_region_cross_layer__clr_false__thickness_relative,l4,Endo,0.7618446071288499,0.0029970029970029,True,0.0138432995575852,0.7494974812352616,0.002997002997002997,True,0.013843299557585271
within_region_cross_layer__clr_false__thickness_relative,l4,L2/3 IT,0.816378695320483,0.0019980019980019,True,0.0107670107670107,0.8163786953204716,0.001998001998001998,True,0.010767010767010766
within_region_cross_layer__clr_false__thickness_relative,l4,L4 IT,0.6273961789751169,0.0089910089910089,True,0.0311474240045668,0.6273961789751559,0.008991008991008992,True,0.031147424004566868
within_region_cross_layer__clr_false__thickness_relative,l4,L5 ET,0.8349806542468898,0.0009990009990009,True,0.0074540843771613,0.8349806542468862,0.000999000999000999,True,0.0074540843771613
within_region_cross_layer__clr_false__thickness_relative,l4,L5 IT,0.6434127749034932,0.0069930069930069,True,0.0251230251230251,0.643412774903517,0.006993006993006993,True,0.026089295320064553
within_region_cross_layer__clr_false__thickness_relative,l4,L5/6 NP,0.8414719205421746,0.0009990009990009,True,0.0074540843771613,0.8414719205421811,0.000999000999000999,True,0.0074540843771613
within_region_cross_layer__clr_false__thickness_relative,l4,Lamp5,0.87052215821139,0.0009990009990009,True,0.0074540843771613,0.870522158211384,0.000999000999000999,True,0.0074540843771613
within_region_cross_layer__clr_false__thickness_relative,l4,Lamp5_Lhx6,0.8572777987512191,0.0009990009990009,True,0.0074540843771613,0.8572777987512298,0.000999000999000999,True,0.0074540843771613
within_region_cross_layer__clr_false__thickness_relative,l4,Micro-PVM,0.829375039152461,0.0009990009990009,True,0.0074540843771613,0.8293750391524765,0.000999000999000999,True,0.0074540843771613
within_region_cross_layer__clr_false__thickness_relative,l4,OPC,0.8662183716248197,0.0009990009990009,True,0.0074540843771613,0.8662183716248142,0.000999000999000999,True,0.0074540843771613
within_region_cross_layer__clr_false__thickness_relative,l4,Oligo,0.8571371258485935,0.0009990009990009,True,0.0074540843771613,0.8571371258485966,0.000999000999000999,True,0.0074540843771613
within_region_cross_layer__clr_false__thickness_relative,l4,Pax6,0.8889007040146669,0.0009990009990009,True,0.0074540843771613,0.8889007040146715,0.000999000999000999,True,0.0074540843771613
within_region_cross_layer__clr_false__thickness_relative,l4,Pvalb,0.759391010104556,0.0019980019980019,True,0.0107670107670107,0.7593910101045774,0.001998001998001998,True,0.010767010767010766
within_region_cross_layer__clr_false__thickness_relative,l4,Sncg,0.8357859689510759,0.0009990009990009,True,0.0074540843771613,0.8357859689510934,0.000999000999000999,True,0.0074540843771613
within_region_cross_layer__clr_false__thickness_relative,l4,Sst,0.7185628404510195,0.0029970029970029,True,0.0138432995575852,0.7185628404510181,0.002997002997002997,True,0.013843299557585271
within_region_cross_layer__clr_false__thickness_relative,l4,Vip,0.8065586345618595,0.0009990009990009,True,0.0074540843771613,0.8065586345618709,0.000999000999000999,True,0.0074540843771613
within_region_cross_layer__clr_false__thickness_relative,l5,Astro,0.3281443642601883,0.1528471528471528,False,0.2353360924789496,0.3281443642601992,0.15284715284715283,False,0.23913183590602946
within_region_cross_layer__clr_false__thickness_relative,l5,Chandelier,0.5059254199384274,0.0529470529470529,False,0.1116492203448725,0.5059254199384252,0.052947052947052944,False,0.11164922034487251
within_region_cross_layer__clr_false__thickness_relative,l5,Endo,0.1418328015986267,0.5244755244755245,False,0.5915596031875102,0.13772913565055975,0.5334665334665335,False,0.5947845258190086
within_region_cross_layer__clr_false__thickness_relative,l5,L4 IT,0.4943873933319441,0.0479520479520479,False,0.1081708988685733,0.49438739333194776,0.04795204795204795,False,0.1081708988685733
within_region_cross_layer__clr_false__thickness_relative,l5,L5 ET,0.5633589407667989,0.0099900099900099,True,0.0334148610010679,0.5633589407668047,0.00999000999000999,True,0.0334148610010679
within_region_cross_layer__clr_false__thickness_relative,l5,L5 IT,0.5906328313610281,0.0019980019980019,True,0.0107670107670107,0.590632831361039,0.001998001998001998,True,0.010767010767010766
within_region_cross_layer__clr_false__thickness_relative,l5,L5/6 NP,0.5624685165308494,0.0059940059940059,True,0.0223622531314839,0.5624685165307347,0.005994005994005994,True,0.02325674325674326
within_region_cross_layer__clr_false__thickness_relative,l5,L6 CT,0.6139296518997627,0.0009990009990009,True,0.0074540843771613,0.6139296518998015,0.000999000999000999,True,0.0074540843771613
within_region_cross_layer__clr_false__thickness_relative,l5,L6 IT,0.4584637485689953,0.0349650349650349,False,0.0869643177335485,0.45846374856895916,0.03496503496503497,False,0.0869643177335485
within_region_cross_layer__clr_false__thickness_relative,l5,L6 IT Car3,0.0562428489180415,0.8361638361638362,False,0.8628499160414054,0.05624284891813542,0.8361638361638362,False,0.8628499160414054
within_region_cross_layer__clr_false__thickness_relative,l5,L6b,0.4636888515166451,0.0199800199800199,False,0.0605644355644355,0.46368885151662564,0.01998001998001998,False,0.06056443556443557
within_region_cross_layer__clr_false__thickness_relative,l5,Lamp5,0.3509000302593715,0.2217782217782218,False,0.2946377946377946,0.3509000302593662,0.2217782217782218,False,0.29463779463779466
within_region_cross_layer__clr_false__thickness_relative,l5,Lamp5_Lhx6,0.5133424815464095,0.0299700299700299,False,0.0765024449234975,0.5133424815463756,0.029970029970029972,False,0.07650244492349756
within_region_cross_layer__clr_false__thickness_relative,l5,Micro-PVM,0.3979142772904969,0.0899100899100899,False,0.1603305785123967,0.3979142772904763,0.0899100899100899,False,0.1603305785123967
within_region_cross_layer__clr_false__thickness_relative,l5,OPC,0.4973799542240703,0.0399600399600399,False,0.0969030969030969,0.4973799542240367,0.03996003996003996,False,0.09690309690309691
within_region_cross_layer__clr_false__thickness_relative,l5,Oligo,0.373983150688858,0.0839160839160839,False,0.1583992930146776,0.37398315068885657,0.08391608391608392,False,0.15839929301467762
within_region_cross_layer__clr_false__thickness_relative,l5,Pvalb,0.5233746121060655,0.0289710289710289,False,0.0759510759510759,0.5233746121061135,0.028971028971028972,False,0.07595107595107596
within_region_cross_layer__clr_false__thickness_relative,l5,Sst,0.5268840109301766,0.0219780219780219,False,0.0627020038784744,0.5268840109301757,0.02197802197802198,False,0.06270200387847448
within_region_cross_layer__clr_false__thickness_relative,l5,Vip,0.4552310660113942,0.0939060939060939,False,0.1626587698016269,0.45523106601137636,0.0939060939060939,False,0.16265876980162697
within_region_cross_layer__clr_false__thickness_relative,l6,Astro,0.559402370473005,0.1188811188811188,False,0.1921911421911422,0.5594023704730032,0.11888111888111888,False,0.19544861917743275
within_region_cross_layer__clr_false__thickness_relative,l6,Chandelier,0.7769837295501831,0.0039960039960039,True,0.0161505161505161,0.7769837295501976,0.003996003996003996,True,0.01615051615051615
within_region_cross_layer__clr_false__thickness_relative,l6,Endo,0.4236902703830324,0.0049950049950049,True,0.0193806193806193,0.4046016730547095,0.007992007992007992,True,0.02871202871202871
within_region_cross_layer__clr_false__thickness_relative,l6,L5 ET,-0.486284454243267,0.0019980019980019,True,0.0107670107670107,-0.486284454243142,0.001998001998001998,True,0.010767010767010766
within_region_cross_layer__clr_false__thickness_relative,l6,L5 IT,0.2691050411291317,0.5414585414585414,False,0.6036951554192933,0.2691050411290416,0.5414585414585414,False,0.5968349831986195
within_region_cross_layer__clr_false__thickness_relative,l6,L5/6 NP,0.6087583435763572,0.1898101898101898,False,0.2707586531115943,0.6087583435763512,0.18981018981018982,False,0.27479982703863304
within_region_cross_layer__clr_false__thickness_relative,l6,L6 CT,0.3962432736497612,0.0909090909090909,False,0.1603305785123967,0.3962432736500025,0.09090909090909091,False,0.1603305785123967
within_region_cross_layer__clr_false__thickness_relative,l6,L6 IT,0.3902228510320886,0.1968031968031968,False,0.2727130012844299,0.3902228510319873,0.1968031968031968,False,0.2766653636218854
within_region_cross_layer__clr_false__thickness_relative,l6,L6 IT Car3,0.55062941959571,0.1968031968031968,False,0.2727130012844299,0.550629419595746,0.1968031968031968,False,0.2766653636218854
within_region_cross_layer__clr_false__thickness_relative,l6,L6b,0.737067175445468,0.0109890109890109,True,0.0355311355311355,0.737067175445499,0.01098901098901099,True,0.03553113553113553
within_region_cross_layer__clr_false__thickness_relative,l6,Lamp5,0.6683090948438816,0.0479520479520479,False,0.1081708988685733,0.6683090948438143,0.04795204795204795,False,0.1081708988685733
within_region_cross_layer__clr_false__thickness_relative,l6,Lamp5_Lhx6,0.8066906590709662,0.0009990009990009,True,0.0074540843771613,0.8066906590709726,0.000999000999000999,True,0.0074540843771613
within_region_cross_layer__clr_false__thickness_relative,l6,Micro-PVM,0.4811562101238903,0.2327672327672327,False,0.301045621045621,0.481156210123826,0.23276723276723277,False,0.30104562104562105
within_region_cross_layer__clr_false__thickness_relative,l6,OPC,0.7710145109030383,0.0039960039960039,True,0.0161505161505161,0.7710145109030084,0.003996003996003996,True,0.01615051615051615
within_region_cross_layer__clr_false__thickness_relative,l6,Oligo,0.745562523467019,0.0039960039960039,True,0.0161505161505161,0.7455625234670351,0.003996003996003996,True,0.01615051615051615
within_region_cross_layer__clr_false__thickness_relative,l6,Pvalb,0.7228000245237286,0.0259740259740259,False,0.0719851576994434,0.722800024523737,0.025974025974025976,False,0.07198515769944341
within_region_cross_layer__clr_false__thickness_relative,l6,Sst,0.6771263488428749,0.0849150849150849,False,0.1583992930146776,0.6771263488428577,0.08491508491508491,False,0.15839929301467762
within_region_cross_layer__clr_true__thickness_absolute,l1,Astro,0.0324725868084975,0.935064935064935,False,1.0,0.04476874763729691,0.913086913086913,False,0.9951621412295569
within_region_cross_layer__clr_true__thickness_absolute,l1,Endo,-0.1200127531491996,0.5524475524475524,False,0.893123543123543,-0.14384100452903634,0.5304695304695305,False,0.8672827172827173
within_region_cross_layer__clr_true__thickness_absolute,l1,Lamp5,0.5040526114830859,0.2477522477522477,False,0.6837051837051837,0.5055954207806762,0.23976023976023977,False,0.6644783787640931
within_region_cross_layer__clr_true__thickness_absolute,l1,Micro-PVM,-0.3810535861516194,0.3996003996003996,False,0.7657244716068246,-0.3794920327542874,0.40559440559440557,False,0.784542380696227
within_region_cross_layer__clr_true__thickness_absolute,l1,OPC,-0.0068813953453704,0.978021978021978,False,1.0,0.001565357893796897,1.0,False,1.0
within_region_cross_layer__clr_true__thickness_absolute,l1,Pax6,-0.2720699264531307,0.1398601398601398,False,0.5112473733163388,-0.2607176185531614,0.13386613386613386,False,0.5168165168165169
within_region_cross_layer__clr_true__thickness_absolute,l1,Sncg,0.4033888050850885,0.4555444555444555,False,0.8182928182928183,0.4037553590860576,0.45354645354645357,False,0.8147038147038147
within_region_cross_layer__clr_true__thickness_absolute,l1,VLMC,-0.3631667483920994,0.3086913086913087,False,0.7485764235764236,-0.3581219088703798,0.3086913086913087,False,0.7485764235764236
within_region_cross_layer__clr_true__thickness_absolute,l2,Astro,-0.0159965428130574,0.9210789210789212,False,1.0,-0.02495411983507617,0.8851148851148851,False,0.9951621412295569
within_region_cross_layer__clr_true__thickness_absolute,l2,Chandelier,-0.2913911602980964,0.4015984015984016,False,0.7657244716068246,-0.295100869728547,0.4005994005994006,False,0.784542380696227
within_region_cross_layer__clr_true__thickness_absolute,l2,Endo,-0.1999216194469494,0.3946053946053946,False,0.7657244716068246,-0.19724260289992057,0.41358641358641357,False,0.784542380696227
within_region_cross_layer__clr_true__thickness_absolute,l2,L2/3 IT,-0.0961084493825799,0.7332667332667333,False,0.9526707059174592,-0.10714087418266727,0.7022977022977023,False,0.9514122241394969
within_region_cross_layer__clr_true__thickness_absolute,l2,Lamp5,0.3341295219150278,0.2857142857142857,False,0.7293233082706767,0.33422421479916187,0.28771228771228774,False,0.7155921002074849
within_region_cross_layer__clr_true__thickness_absolute,l2,Lamp5_Lhx6,0.364078355052202,0.2117882117882117,False,0.641983016983017,0.3608897749908577,0.22277722277722278,False,0.6644783787640931
within_region_cross_layer__clr_true__thickness_absolute,l2,Micro-PVM,0.0170152716824818,0.972027972027972,False,1.0,0.01241586641166942,0.978021978021978,False,1.0
within_region_cross_layer__clr_true__thickness_absolute,l2,OPC,0.0927577863641092,0.8161838161838162,False,0.9909495266638124,0.08909019095680781,0.8241758241758241,False,0.9869759869759869
within_region_cross_layer__clr_true__thickness_absolute,l2,Pax6,0.5435077926677196,0.0189810189810189,False,0.1150724275724275,0.5475751758471927,0.01898101898101898,False,0.12112887112887114
within_region_cross_layer__clr_true__thickness_absolute,l2,Pvalb,-0.3477407547707135,0.2987012987012987,False,0.7429237429237429,-0.3591811191815971,0.2807192807192807,False,0.7155921002074849
within_region_cross_layer__clr_true__thickness_absolute,l2,Sncg,0.4311805653624599,0.1408591408591408,False,0.5112473733163388,0.4293872344523574,0.14285714285714285,False,0.5168165168165169
within_region_cross_layer__clr_true__thickness_absolute,l2,Sst,-0.2063762652781876,0.4505494505494505,False,0.8182928182928183,-0.21977323417157205,0.4205794205794206,False,0.784542380696227
within_region_cross_layer__clr_true__thickness_absolute,l2,Vip,0.1185612935409142,0.7332667332667333,False,0.9526707059174592,0.11044672326136633,0.7552447552447552,False,0.9514122241394969
within_region_cross_layer__clr_true__thickness_absolute,l3,Astro,0.3060646045550655,0.2417582417582417,False,0.6837051837051837,0.2957342124185919,0.2627372627372627,False,0.7079309579309578
within_region_cross_layer__clr_true__thickness_absolute,l3,Chandelier,0.2372627003276978,0.3656343656343656,False,0.7657244716068246,0.22893829900129295,0.3866133866133866,False,0.784542380696227
within_region_cross_layer__clr_true__thickness_absolute,l3,Endo,0.0641975153372308,0.7142857142857143,False,0.9526707059174592,0.09604728570131754,0.5934065934065934,False,0.9136577708006279
within_region_cross_layer__clr_true__thickness_absolute,l3,L2/3 IT,0.0671244678062705,0.8581418581418582,False,0.9909495266638124,0.06082055563770582,0.8741258741258742,False,0.9951621412295569
within_region_cross_layer__clr_true__thickness_absolute,l3,L4 IT,-0.1443420245118577,0.6803196803196803,False,0.9526707059174592,-0.14689105971271157,0.6753246753246753,False,0.9514122241394969
within_region_cross_layer__clr_true__thickness_absolute,l3,L5 ET,0.0008212507315957,1.0,False,1.0,-0.001966723007663935,0.999000999000999,False,1.0
within_region_cross_layer__clr_true__thickness_absolute,l3,L5 IT,-0.2403131435550328,0.4395604395604395,False,0.8182928182928183,-0.2423751179430498,0.43756243756243757,False,0.8008218196897443
within_region_cross_layer__clr_true__thickness_absolute,l3,L5/6 NP,-0.0829727783202246,0.7562437562437563,False,0.9526707059174592,-0.08919247050355467,0.7322677322677322,False,0.9514122241394969
within_region_cross_layer__clr_true__thickness_absolute,l3,L6 CT,-0.0020964770066976,0.996003996003996,False,1.0,-0.004863091227019655,0.99000999000999,False,1.0
within_region_cross_layer__clr_true__thickness_absolute,l3,L6 IT,-0.6844068817436624,0.0009990009990009,True,0.0484515484515484,-0.6860753801435768,0.000999000999000999,True,0.048451548451548455
within_region_cross_layer__clr_true__thickness_absolute,l3,L6 IT Car3,-0.1206585215257405,0.7432567432567433,False,0.9526707059174592,-0.12463709373412003,0.7342657342657343,False,0.9514122241394969
within_region_cross_layer__clr_true__thickness_absolute,l3,L6b,0.1218042698733207,0.7172827172827173,False,0.9526707059174592,0.11917968415539916,0.7212787212787213,False,0.9514122241394969
within_region_cross_layer__clr_true__thickness_absolute,l3,Lamp5,0.3492047856165896,0.1838161838161838,False,0.5751667687151558,0.3417769902546652,0.1968031968031968,False,0.6158035512874223
within_region_cross_layer__clr_true__thickness_absolute,l3,Lamp5_Lhx6,0.1787051890099995,0.5164835164835165,False,0.8491339169305273,0.1727178735292978,0.5364635364635365,False,0.8672827172827173
within_region_cross_layer__clr_true__thickness_absolute,l3,Micro-PVM,0.2312727721373103,0.4675324675324675,False,0.8245572609208973,0.2270915379153615,0.47652347652347654,False,0.8357892107892109
within_region_cross_layer__clr_true__thickness_absolute,l3,OPC,-0.0445697084445439,0.8471528471528471,False,0.9909495266638124,-0.05633645404648099,0.8171828171828172,False,0.9869759869759869
within_region_cross_layer__clr_true__thickness_absolute,l3,Oligo,-0.2222268774250283,0.3786213786213786,False,0.7657244716068246,-0.22815214685417598,0.3696303696303696,False,0.784542380696227
within_region_cross_layer__clr_true__thickness_absolute,l3,Pax6,0.1724818270846688,0.6013986013986014,False,0.9175511988011988,0.168723269675543,0.6103896103896104,False,0.9213248290171367
within_region_cross_layer__clr_true__thickness_absolute,l3,Pvalb,-0.0823673915538903,0.8191808191808192,False,0.9909495266638124,-0.08725593853029111,0.8071928071928072,False,0.9869759869759869
within_region_cross_layer__clr_true__thickness_absolute,l3,Sncg,0.1163146143013071,0.6993006993006993,False,0.9526707059174592,0.11292508882295646,0.7082917082917083,False,0.9514122241394969
within_region_cross_layer__clr_true__thickness_absolute,l3,Sst,0.0139855790722566,0.961038961038961,False,1.0,0.0037709215105603275,0.986013986013986,False,1.0
within_region_cross_layer__clr_true__thickness_absolute,l3,Vip,0.31023470196239,0.1678321678321678,False,0.5426573426573427,0.29785296305225956,0.18081918081918083,False,0.5846486846486847
within_region_cross_layer__clr_true__thickness_absolute,l4,Astro,-0.3617883328704846,0.1238761238761238,False,0.5006660006660006,-0.3619956154244228,0.12387612387612387,False,0.5168165168165169
within_region_cross_layer__clr_true__thickness_absolute,l4,Chandelier,0.0985020104736825,0.7472527472527473,False,0.9526707059174592,0.09770145397792045,0.7482517482517482,False,0.9514122241394969
within_region_cross_layer__clr_true__thickness_absolute,l4,Endo,0.2574527769221851,0.1148851148851148,False,0.5006660006660006,0.2596060728754884,0.1108891108891109,False,0.5122020836306551
within_region_cross_layer__clr_true__thickness_absolute,l4,L2/3 IT,-0.3991986624329665,0.0769230769230769,False,0.3730769230769231,-0.3990549761806263,0.07892107892107893,False,0.3827672327672328
within_region_cross_layer__clr_true__thickness_absolute,l4,L4 IT,-0.4790070989313569,0.0079920079920079,False,0.0861360861360861,-0.480086543951436,0.006993006993006993,False,0.08479020979020979
within_region_cross_layer__clr_true__thickness_absolute,l4,L5 ET,-0.2553756996477673,0.4005994005994006,False,0.7657244716068246,-0.2556716929478064,0.4005994005994006,False,0.784542380696227
within_region_cross_layer__clr_true__thickness_absolute,l4,L5 IT,-0.6345217264469556,0.0029970029970029,False,0.0726773226773226,-0.6354054896446232,0.002997002997002997,False,0.05814185814185815
within_region_cross_layer__clr_true__thickness_absolute,l4,L5/6 NP,0.202018059473061,0.3306693306693307,False,0.7657244716068246,0.20096533254075089,0.3306693306693307,False,0.7823152457298799
within_region_cross_layer__clr_true__thickness_absolute,l4,Lamp5,0.3218889499213386,0.0329670329670329,False,0.1734055418265944,0.31915258239777317,0.03496503496503497,False,0.1785057048214943
within_region_cross_layer__clr_true__thickness_absolute,l4,Lamp5_Lhx6,0.0846051846128287,0.6053946053946054,False,0.9175511988011988,0.08294673383130675,0.6173826173826173,False,0.9213248290171367
within_region_cross_layer__clr_true__thickness_absolute,l4,Micro-PVM,-0.0679911961627413,0.5724275724275725,False,0.9065128419967132,-0.0690073612414276,0.5724275724275725,False,0.9102536807454841
within_region_cross_layer__clr_true__thickness_absolute,l4,OPC,-0.108785157872063,0.7342657342657343,False,0.9526707059174592,-0.10971811976252067,0.7302697302697303,False,0.9514122241394969
within_region_cross_layer__clr_true__thickness_absolute,l4,Oligo,0.0288276946390495,0.8751248751248751,False,0.9986719163189752,0.026787785619687386,0.8871128871128872,False,0.9951621412295569
within_region_cross_layer__clr_true__thickness_absolute,l4,Pax6,0.5534014318704757,0.0129870129870129,False,0.1098235098235098,0.5528938910415143,0.012987012987012988,False,0.10382474668188955
within_region_cross_layer__clr_true__thickness_absolute,l4,Pvalb,-0.4778439578917066,0.0089910089910089,False,0.0872127872127872,-0.4782969945990248,0.008991008991008992,False,0.08721278721278723
within_region_cross_layer__clr_true__thickness_absolute,l4,Sncg,0.029391974588145,0.8981018981018981,False,1.0,0.028317726536149505,0.9000999000999002,False,0.9951621412295569
within_region_cross_layer__clr_true__thickness_absolute,l4,Sst,-0.5386179299450583,0.0069930069930069,False,0.0847902097902097,-0.5386517084981101,0.006993006993006993,False,0.08479020979020979
within_region_cross_layer__clr_true__thickness_absolute,l4,Vip,-0.3935834116469094,0.0229770229770229,False,0.1311041899277193,-0.39683843413104586,0.02197802197802198,False,0.12540400775694896
within_region_cross_layer__clr_true__thickness_absolute,l5,Astro,-0.3881077225332089,0.3516483516483517,False,0.7657244716068246,-0.39030431288661116,0.34865134865134867,False,0.784542380696227
within_region_cross_layer__clr_true__thickness_absolute,l5,Chandelier,0.4143107875691415,0.4025974025974026,False,0.7657244716068246,0.4137376827480833,0.4045954045954046,False,0.784542380696227
within_region_cross_layer__clr_true__thickness_absolute,l5,Endo,-0.0048801575070666,0.981018981018981,False,1.0,-0.005167241460708757,0.9690309690309691,False,1.0
within_region_cross_layer__clr_true__thickness_absolute,l5,L4 IT,0.5279304076129209,0.1188811188811188,False,0.5006660006660006,0.5261511386133574,0.12387612387612387,False,0.5168165168165169
within_region_cross_layer__clr_true__thickness_absolute,l5,L5 ET,0.6945331773114015,0.0149850149850149,False,0.1098235098235098,0.6937298139698971,0.014985014985014986,False,0.10382474668188955
within_region_cross_layer__clr_true__thickness_absolute,l5,L5 IT,-0.3828657015170861,0.2747252747252747,False,0.7202257202257203,-0.38349541377095797,0.27472527472527475,False,0.7155921002074849
within_region_cross_layer__clr_true__thickness_absolute,l5,L5/6 NP,-0.0240756019761912,0.961038961038961,False,1.0,-0.02414057898775346,0.9590409590409591,False,1.0
within_region_cross_layer__clr_true__thickness_absolute,l5,L6 CT,-0.2882670000939391,0.1528471528471528,False,0.5112473733163388,-0.2888612282894855,0.15584415584415584,False,0.5212718316166592
within_region_cross_layer__clr_true__thickness_absolute,l5,L6 IT,-0.4921724481321307,0.0149850149850149,False,0.1098235098235098,-0.49227265968942013,0.014985014985014986,False,0.10382474668188955
within_region_cross_layer__clr_true__thickness_absolute,l5,L6 IT Car3,-0.1374435664333524,0.7972027972027972,False,0.9909495266638124,-0.13770294040333433,0.7972027972027972,False,0.9869759869759869
within_region_cross_layer__clr_true__thickness_absolute,l5,L6b,-0.3611269802503908,0.1438561438561438,False,0.5112473733163388,-0.36253482627387784,0.13686313686313686,False,0.5168165168165169
within_region_cross_layer__clr_true__thickness_absolute,l5,Lamp5,-0.3940986698364347,0.2447552447552447,False,0.6837051837051837,-0.3950382519302252,0.23976023976023977,False,0.6644783787640931
within_region_cross_layer__clr_true__thickness_absolute,l5,Lamp5_Lhx6,-0.5402138178881541,0.0339660339660339,False,0.1734055418265944,-0.5400343759948004,0.03396603396603397,False,0.1785057048214943
within_region_cross_layer__clr_true__thickness_absolute,l5,Micro-PVM,0.0614909656676973,0.8501498501498501,False,0.9909495266638124,0.06161274493071513,0.8511488511488512,False,0.9947161272462478
within_region_cross_layer__clr_true__thickness_absolute,l5,OPC,0.0380902363279866,0.908091908091908,False,1.0,0.03851330198292629,0.9080919080919081,False,0.9951621412295569
within_region_cross_layer__clr_true__thickness_absolute,l5,Oligo,-0.2922276384570929,0.5064935064935064,False,0.8470667263770711,-0.2935410209645642,0.5004995004995005,False,0.837042268076751
within_region_cross_layer__clr_true__thickness_absolute,l5,Pvalb,0.5335214238957457,0.0169830169830169,False,0.1098235098235098,0.5331026978172291,0.01998001998001998,False,0.12112887112887114
within_region_cross_layer__clr_true__thickness_absolute,l5,Sst,0.1942225215085648,0.5794205794205795,False,0.9065128419967132,0.19275285214783924,0.5934065934065934,False,0.9136577708006279
within_region_cross_layer__clr_true__thickness_absolute,l5,Vip,0.1655144751356717,0.7422577422577422,False,0.9526707059174592,0.16489929748354512,0.7472527472527473,False,0.9514122241394969
within_region_cross_layer__clr_true__thickness_absolute,l6,Astro,-0.2626089610761966,0.4995004995004995,False,0.8470667263770711,-0.2610415032643415,0.4985014985014985,False,0.837042268076751
within_region_cross_layer__clr_true__thickness_absolute,l6,Chandelier,0.7151896944129525,0.0069930069930069,False,0.0847902097902097,0.7148604565193875,0.006993006993006993,False,0.08479020979020979
within_region_cross_layer__clr_true__thickness_absolute,l6,Endo,0.2890065577067375,0.0999000999000999,False,0.4614433185861757,0.27867182414537534,0.14385614385614387,False,0.5168165168165169
within_region_cross_layer__clr_true__thickness_absolute,l6,L5 ET,-0.7128067037899917,0.0029970029970029,False,0.0726773226773226,-0.7132988528977589,0.002997002997002997,False,0.05814185814185815
within_region_cross_layer__clr_true__thickness_absolute,l6,L5 IT,-0.511015214945331,0.0159840159840159,False,0.1098235098235098,-0.5089531570401576,0.014985014985014986,False,0.10382474668188955
within_region_cross_layer__clr_true__thickness_absolute,l6,L5/6 NP,-0.0436307731752387,0.9230769230769232,False,1.0,-0.04182870202161674,0.926073926073926,False,0.998101898101898
within_region_cross_layer__clr_true__thickness_absolute,l6,L6 CT,-0.5903578029505021,0.1528471528471528,False,0.5112473733163388,-0.5912930486299862,0.15484515484515485,False,0.5212718316166592
within_region_cross_layer__clr_true__thickness_absolute,l6,L6 IT,-0.3733803727657797,0.4855144855144855,False,0.8409804481233053,-0.37417744700057326,0.4825174825174825,False,0.8357892107892109
within_region_cross_layer__clr_true__thickness_absolute,l6,L6 IT Car3,-0.464201502120251,0.0069930069930069,False,0.0847902097902097,-0.4611163299402111,0.007992007992007992,False,0.08613608613608613
within_region_cross_layer__clr_true__thickness_absolute,l6,L6b,-0.4151702916221645,0.3426573426573426,False,0.7657244716068246,-0.41353457388717063,0.3436563436563437,False,0.784542380696227
within_region_cross_layer__clr_true__thickness_absolute,l6,Lamp5,0.2595757394486268,0.2537462537462537,False,0.6837051837051837,0.26458491017340924,0.23276723276723277,False,0.6644783787640931
within_region_cross_layer__clr_true__thickness_absolute,l6,Lamp5_Lhx6,0.7913491121391665,0.0009990009990009,True,0.0484515484515484,0.7895774298471593,0.000999000999000999,True,0.048451548451548455
within_region_cross_layer__clr_true__thickness_absolute,l6,Micro-PVM,-0.1479903106880157,0.7332667332667333,False,0.9526707059174592,-0.14650780044558084,0.7312687312687313,False,0.9514122241394969
within_region_cross_layer__clr_true__thickness_absolute,l6,OPC,0.6720224303714487,0.0039960039960039,False,0.0775224775224775,0.6754005356577157,0.002997002997002997,False,0.05814185814185815
within_region_cross_layer__clr_true__thickness_absolute,l6,Oligo,0.325434889795744,0.3986013986013986,False,0.7657244716068246,0.32655582770602637,0.3966033966033966,False,0.784542380696227
within_region_cross_layer__clr_true__thickness_absolute,l6,Pvalb,0.1474615551564898,0.6933066933066933,False,0.9526707059174592,0.1511128921583718,0.6923076923076923,False,0.9514122241394969
within_region_cross_layer__clr_true__thickness_absolute,l6,Sst,0.1169893166772561,0.8431568431568431,False,0.9909495266638124,0.11948826945900264,0.8421578421578422,False,0.9947161272462478
within_region_cross_layer__clr_true__thickness_relative,l1,Astro,-0.0612003389173596,0.7902097902097902,False,0.8743302152393062,-0.03876923358986256,0.8781218781218781,False,0.9360200239321119
within_region_cross_layer__clr_true__thickness_relative,l1,Endo,0.0085177691927308,0.958041958041958,False,0.9680215617715616,-0.04495588029682929,0.8051948051948052,False,0.8875442739079104
within_region_cross_layer__clr_true__thickness_relative,l1,Lamp5,0.1176480619312275,0.7922077922077922,False,0.8743302152393062,0.12656118240075206,0.7752247752247752,False,0.8743814325209673
within_region_cross_layer__clr_true__thickness_relative,l1,Micro-PVM,-0.0368830969399701,0.918081918081918,False,0.9465902518534098,-0.031274995065667346,0.936063936063936,False,0.9659383170021467
within_region_cross_layer__clr_true__thickness_relative,l1,OPC,-0.2968967144552545,0.2487512487512487,False,0.5201125405207038,-0.28353359960342694,0.26973026973026976,False,0.5339558400782891
within_region_cross_layer__clr_true__thickness_relative,l1,Pax6,-0.2965064581127127,0.0769230769230769,False,0.2984615384615385,-0.27570410797131434,0.0919080919080919,False,0.34288788134941983
within_region_cross_layer__clr_true__thickness_relative,l1,Sncg,0.3878002936383456,0.2877122877122877,False,0.5366940751556137,0.39069531537713015,0.27972027972027974,False,0.5377171847760083
within_region_cross_layer__clr_true__thickness_relative,l1,VLMC,-0.4776011355046647,0.0529470529470529,False,0.2445649588506731,-0.46781188871589824,0.059940059940059943,False,0.27309054581781855
within_region_cross_layer__clr_true__thickness_relative,l2,Astro,0.1062480229396461,0.4805194805194805,False,0.7076862531407986,0.09521317678718054,0.5364635364635365,False,0.7045117045117045
within_region_cross_layer__clr_true__thickness_relative,l2,Chandelier,-0.3214221428409026,0.0719280719280719,False,0.2907092907092907,-0.3270123876996274,0.06593406593406594,False,0.2780697563306259
within_region_cross_layer__clr_true__thickness_relative,l2,Endo,-0.1187551686781313,0.4305694305694306,False,0.6798598227169655,-0.10361030679151273,0.4945054945054945,False,0.7045117045117045
within_region_cross_layer__clr_true__thickness_relative,l2,L2/3 IT,0.0269394840277498,0.8991008991008991,False,0.9465902518534098,0.014138389569857015,0.962037962037962,False,0.973068598068598
within_region_cross_layer__clr_true__thickness_relative,l2,Lamp5,0.2850988799236226,0.0529470529470529,False,0.2445649588506731,0.28123367405936817,0.061938061938061936,False,0.27309054581781855
within_region_cross_layer__clr_true__thickness_relative,l2,Lamp5_Lhx6,0.1170088466404066,0.4905094905094905,False,0.7087769373483659,0.10974763055564628,0.5124875124875125,False,0.7045117045117045
within_region_cross_layer__clr_true__thickness_relative,l2,Micro-PVM,-0.0216313592437554,0.9270729270729272,False,0.9465902518534098,-0.02839838799123883,0.8991008991008991,False,0.9377719055138409
within_region_cross_layer__clr_true__thickness_relative,l2,OPC,0.1802672180132895,0.2937062937062937,False,0.5375379337643489,0.17533484457881385,0.3146853146853147,False,0.5623840445269017
within_region_cross_layer__clr_true__thickness_relative,l2,Pax6,0.3557188604075597,0.0099900099900099,False,0.074540843771613,0.3523920817285187,0.012987012987012988,False,0.08998144712430428
within_region_cross_layer__clr_true__thickness_relative,l2,Pvalb,-0.1008879869051007,0.5774225774225774,False,0.7532600732600733,-0.11119719756945853,0.5374625374625375,False,0.7045117045117045
within_region_cross_layer__clr_true__thickness_relative,l2,Sncg,0.2541939320546342,0.1308691308691308,False,0.3793064078778365,0.24942750956540663,0.13986013986013987,False,0.39591836734693875
within_region_cross_layer__clr_true__thickness_relative,l2,Sst,-0.0998277926848627,0.5374625374625375,False,0.7141625497789882,-0.1141847156313523,0.4825174825174825,False,0.7045117045117045
within_region_cross_layer__clr_true__thickness_relative,l2,Vip,-0.1916390291332736,0.2437562437562437,False,0.5201125405207038,-0.208563765485434,0.2097902097902098,False,0.5087412587412588
within_region_cross_layer__clr_true__thickness_relative,l3,Astro,-0.1152656834990825,0.6573426573426573,False,0.795562462229129,-0.12634260411122789,0.6293706293706294,False,0.7740430301405912
within_region_cross_layer__clr_true__thickness_relative,l3,Chandelier,-0.1111583585000156,0.6643356643356644,False,0.795562462229129,-0.11936713412443174,0.6443556443556444,False,0.7740430301405912
within_region_cross_layer__clr_true__thickness_relative,l3,Endo,-0.0307078245651826,0.8641358641358642,False,0.9211118551777892,0.00865431470522101,0.9630369630369631,False,0.973068598068598
within_region_cross_layer__clr_true__thickness_relative,l3,L2/3 IT,-0.3017231749886689,0.2607392607392607,False,0.5201125405207038,-0.30790931007779326,0.25374625374625376,False,0.5339558400782891
within_region_cross_layer__clr_true__thickness_relative,l3,L4 IT,-0.5065369147434855,0.0319680319680319,False,0.1722721722721722,-0.509326420791006,0.028971028971028972,False,0.1615051615051615
within_region_cross_layer__clr_true__thickness_relative,l3,L5 ET,0.4477651298357555,0.0669330669330669,False,0.2822829344568475,0.4453685952876733,0.07092907092907093,False,0.28667166167166164
within_region_cross_layer__clr_true__thickness_relative,l3,L5 IT,-0.3897133900410327,0.1158841158841158,False,0.3746919746919747,-0.3923843134773314,0.1108891108891109,False,0.3709049571118537
within_region_cross_layer__clr_true__thickness_relative,l3,L5/6 NP,0.057991535169293,0.8371628371628371,False,0.9065823065823068,0.05027827542969797,0.8551448551448552,False,0.9216561216561217
within_region_cross_layer__clr_true__thickness_relative,l3,L6 CT,0.3868919612622635,0.0949050949050949,False,0.3322391893820465,0.38508838799962386,0.0999000999000999,False,0.3589003589003589
within_region_cross_layer__clr_true__thickness_relative,l3,L6 IT,-0.279297218832742,0.1598401598401598,False,0.419040419040419,-0.28440265873935183,0.15184815184815184,False,0.4091464091464091
within_region_cross_layer__clr_true__thickness_relative,l3,L6 IT Car3,0.3238784922257246,0.2447552447552447,False,0.5201125405207038,0.31967734183833574,0.25274725274725274,False,0.5339558400782891
within_region_cross_layer__clr_true__thickness_relative,l3,L6b,0.484716655077502,0.0219780219780219,False,0.1421245421245421,0.48295970580771913,0.022977022977022976,False,0.14858474858474857
within_region_cross_layer__clr_true__thickness_relative,l3,Lamp5,0.4023645274906591,0.0959040959040959,False,0.3322391893820465,0.39184084038179284,0.10589410589410589,False,0.36684743827600974
within_region_cross_layer__clr_true__thickness_relative,l3,Lamp5_Lhx6,0.20334279776789,0.4415584415584415,False,0.6798598227169655,0.19471395541884462,0.47052947052947053,False,0.7045117045117045
within_region_cross_layer__clr_true__thickness_relative,l3,Micro-PVM,-0.1556554689457245,0.6033966033966034,False,0.7601229938892277,-0.16121794180609034,0.5914085914085914,False,0.74502121255368
within_region_cross_layer__clr_true__thickness_relative,l3,OPC,-0.1834399602655102,0.3836163836163836,False,0.6415653312205036,-0.2009764216621385,0.34465534465534464,False,0.5865187444134812
within_region_cross_layer__clr_true__thickness_relative,l3,Oligo,0.0165713373302079,0.9690309690309692,False,0.9690309690309692,0.011252804061391213,0.977022977022977,False,0.977022977022977
within_region_cross_layer__clr_true__thickness_relative,l3,Pax6,-0.231591094888788,0.4355644355644356,False,0.6798598227169655,-0.23546136396971112,0.42857142857142855,False,0.6814988290398126
within_region_cross_layer__clr_true__thickness_relative,l3,Pvalb,-0.483778668698377,0.0319680319680319,False,0.1722721722721722,-0.48774789167469684,0.029970029970029972,False,0.1615051615051615
within_region_cross_layer__clr_true__thickness_relative,l3,Sncg,0.3208868735992355,0.1868131868131868,False,0.4696073157611619,0.31687599566767716,0.1958041958041958,False,0.4870001793078716
within_region_cross_layer__clr_true__thickness_relative,l3,Sst,-0.1298074084263324,0.6863136863136863,False,0.8118588728344825,-0.14214028729146785,0.6543456543456544,False,0.7740430301405912
within_region_cross_layer__clr_true__thickness_relative,l3,Vip,-0.0790732009949829,0.7402597402597403,False,0.8447669977081742,-0.09120212958990272,0.6963036963036963,False,0.8137525125476932
within_region_cross_layer__clr_true__thickness_relative,l4,Astro,-0.3396715459912511,0.1368631368631368,False,0.3793064078778365,-0.3386182487553291,0.14285714285714285,False,0.39591836734693875
within_region_cross_layer__clr_true__thickness_relative,l4,Chandelier,-0.1105903942997321,0.6343656343656343,False,0.7838111255832775,-0.11093703136089228,0.6313686313686314,False,0.7740430301405912
within_region_cross_layer__clr_true__thickness_relative,l4,Endo,0.242409753151258,0.1198801198801198,False,0.3751087622055364,0.24258253993724646,0.12887112887112886,False,0.3906406093906094
within_region_cross_layer__clr_true__thickness_relative,l4,L2/3 IT,-0.3588005520901898,0.1148851148851148,False,0.3746919746919747,-0.357709093853171,0.11788211788211789,False,0.38115218115218114
within_region_cross_layer__clr_true__thickness_relative,l4,L4 IT,-0.6031054182366784,0.0019980019980019,True,0.0193806193806193,-0.6033785347537227,0.001998001998001998,True,0.01938061938061938
within_region_cross_layer__clr_true__thickness_relative,l4,L5 ET,-0.2672621141565157,0.3186813186813186,False,0.5641144569715999,-0.26671798112918843,0.3246753246753247,False,0.5623840445269017
within_region_cross_layer__clr_true__thickness_relative,l4,L5 IT,-0.6975304787183219,0.0019980019980019,True,0.0193806193806193,-0.6976309826589993,0.001998001998001998,True,0.01938061938061938
within_region_cross_layer__clr_true__thickness_relative,l4,L5/6 NP,0.2273839488222477,0.2537462537462537,False,0.5201125405207038,0.22806473338792035,0.24675324675324675,False,0.5339558400782891
within_region_cross_layer__clr_true__thickness_relative,l4,Lamp5,0.435755644651785,0.0039960039960039,True,0.0352374897829443,0.4342607255618663,0.004995004995004995,True,0.044046862228680414
within_region_cross_layer__clr_true__thickness_relative,l4,Lamp5_Lhx6,0.1819484066911191,0.2567432567432567,False,0.5201125405207038,0.18144770733917012,0.2647352647352647,False,0.5339558400782891
within_region_cross_layer__clr_true__thickness_relative,l4,Micro-PVM,-0.0414598049940528,0.7392607392607392,False,0.8447669977081742,-0.04170464787632898,0.7382617382617382,False,0.842486924839866
within_region_cross_layer__clr_true__thickness_relative,l4,OPC,0.0580151953929891,0.8411588411588412,False,0.9065823065823068,0.0572821456196097,0.8471528471528471,False,0.9216561216561217
within_region_cross_layer__clr_true__thickness_relative,l4,Oligo,0.0483420240067081,0.7932067932067932,False,0.8743302152393062,0.04774985918694917,0.7942057942057942,False,0.8854938165282992
within_region_cross_layer__clr_true__thickness_relative,l4,Pax6,0.7161057059764824,0.0009990009990009,True,0.0193806193806193,0.7162311323558894,0.000999000999000999,True,0.01938061938061938
within_region_cross_layer__clr_true__thickness_relative,l4,Pvalb,-0.6102586910635875,0.0019980019980019,True,0.0193806193806193,-0.609126342270542,0.001998001998001998,True,0.01938061938061938
within_region_cross_layer__clr_true__thickness_relative,l4,Sncg,0.1480557149060168,0.4705294705294705,False,0.7076862531407986,0.14854824688687257,0.4695304695304695,False,0.7045117045117045
within_region_cross_layer__clr_true__thickness_relative,l4,Sst,-0.6070127816696124,0.0019980019980019,True,0.0193806193806193,-0.6060021230065736,0.001998001998001998,True,0.01938061938061938
within_region_cross_layer__clr_true__thickness_relative,l4,Vip,-0.3347402394935375,0.0599400599400599,False,0.2642811733720824,-0.33623864965441247,0.058941058941058944,False,0.27309054581781855
within_region_cross_layer__clr_true__thickness_relative,l5,Astro,-0.4734338906015338,0.0519480519480519,False,0.2445649588506731,-0.4745738498310777,0.04995004995004995,False,0.25500814974499186
within_region_cross_layer__clr_true__thickness_relative,l5,Chandelier,0.5539270334434743,0.0129870129870129,False,0.0899814471243042,0.5540579919074132,0.012987012987012988,False,0.08998144712430428
within_region_cross_layer__clr_true__thickness_relative,l5,Endo,-0.1080287174264714,0.4815184815184815,False,0.7076862531407986,-0.12030138263357,0.41358641358641357,False,0.6799641036929173
within_region_cross_layer__clr_true__thickness_relative,l5,L4 IT,0.5194480237744903,0.0269730269730269,False,0.163523976023976,0.5186906411436856,0.028971028971028972,False,0.1615051615051615
within_region_cross_layer__clr_true__thickness_relative,l5,L5 ET,0.6525276858229697,0.0019980019980019,True,0.0193806193806193,0.6526413109426044,0.001998001998001998,True,0.01938061938061938
within_region_cross_layer__clr_true__thickness_relative,l5,L5 IT,-0.3168507529017145,0.2627372627372627,False,0.5201125405207038,-0.31589921939767585,0.26673326673326675,False,0.5339558400782891
within_region_cross_layer__clr_true__thickness_relative,l5,L5/6 NP,-0.1299970761481549,0.7102897102897103,False,0.8300976132301434,-0.12923321544782806,0.7142857142857143,False,0.8248299319727891
within_region_cross_layer__clr_true__thickness_relative,l5,L6 CT,0.1111455892667051,0.5824175824175825,False,0.7532600732600733,0.1138389325366674,0.5784215784215784,False,0.7382485935117513
within_region_cross_layer__clr_true__thickness_relative,l5,L6 IT,-0.2493522344118043,0.2227772227772227,False,0.5201125405207038,-0.24780777521390437,0.22577422577422576,False,0.5339558400782891
within_region_cross_layer__clr_true__thickness_relative,l5,L6 IT Car3,-0.3496901940502143,0.2517482517482518,False,0.5201125405207038,-0.34972322327440525,0.25074925074925075,False,0.5339558400782891
within_region_cross_layer__clr_true__thickness_relative,l5,L6b,-0.3097818411848086,0.1348651348651348,False,0.3793064078778365,-0.30944319665513587,0.13386613386613386,False,0.3934853025762116
within_region_cross_layer__clr_true__thickness_relative,l5,Lamp5,-0.2041077578874898,0.5084915084915085,False,0.7087769373483659,-0.20330451853607878,0.5084915084915085,False,0.7045117045117045
within_region_cross_layer__clr_true__thickness_relative,l5,Lamp5_Lhx6,-0.1336676999423062,0.6383616383616384,False,0.7838111255832775,-0.1306569706450596,0.6483516483516484,False,0.7740430301405912
within_region_cross_layer__clr_true__thickness_relative,l5,Micro-PVM,-0.1808515600616367,0.4155844155844156,False,0.6798598227169655,-0.17937533439903416,0.4095904095904096,False,0.6799641036929173
within_region_cross_layer__clr_true__thickness_relative,l5,OPC,0.0304353242847628,0.91008991008991,False,0.9465902518534098,0.034715132544962196,0.8931068931068931,False,0.9377719055138409
within_region_cross_layer__clr_true__thickness_relative,l5,Oligo,-0.3198918063071231,0.3226773226773227,False,0.5641144569715999,-0.3201731110519379,0.31868131868131866,False,0.5623840445269017
within_region_cross_layer__clr_true__thickness_relative,l5,Pvalb,0.2861907684569693,0.1888111888111888,False,0.4696073157611619,0.28942060711373185,0.18981018981018982,False,0.48451548451548454
within_region_cross_layer__clr_true__thickness_relative,l5,Sst,0.2892882565644044,0.2367632367632367,False,0.5201125405207038,0.29052662801977724,0.24575424575424576,False,0.5339558400782891
within_region_cross_layer__clr_true__thickness_relative,l5,Vip,0.3388357569423147,0.3256743256743257,False,0.5641144569715999,0.3388633382950661,0.32367632367632365,False,0.5623840445269017
within_region_cross_layer__clr_true__thickness_relative,l6,Astro,-0.2651502788833981,0.5064935064935064,False,0.7087769373483659,-0.26025880992976175,0.5094905094905094,False,0.7045117045117045
within_region_cross_layer__clr_true__thickness_relative,l6,Chandelier,0.8316568529939241,0.0009990009990009,True,0.0193806193806193,0.8323035432652922,0.000999000999000999,True,0.01938061938061938
within_region_cross_layer__clr_true__thickness_relative,l6,Endo,0.1349984541080481,0.3816183816183816,False,0.6415653312205036,0.10684427186522423,0.5144855144855145,False,0.7045117045117045
within_region_cross_layer__clr_true__thickness_relative,l6,L5 ET,-0.7913021709680177,0.0009990009990009,True,0.0193806193806193,-0.7905695535516546,0.000999000999000999,True,0.01938061938061938
within_region_cross_layer__clr_true__thickness_relative,l6,L5 IT,-0.4042905771081884,0.0829170829170829,False,0.3093445016521939,-0.40033414292832675,0.08391608391608392,False,0.32559440559440567
within_region_cross_layer__clr_true__thickness_relative,l6,L5/6 NP,0.3045371889693853,0.5304695304695305,False,0.7141625497789882,0.30669088096289826,0.5284715284715285,False,0.7045117045117045
within_region_cross_layer__clr_true__thickness_relative,l6,L6 CT,-0.7425914048779252,0.0099900099900099,False,0.074540843771613,-0.7418815368881478,0.00999000999000999,False,0.08075258075258075
within_region_cross_layer__clr_true__thickness_relative,l6,L6 IT,-0.6252111844257341,0.1258741258741259,False,0.3793064078778365,-0.6255290277348915,0.12887112887112886,False,0.3906406093906094
within_region_cross_layer__clr_true__thickness_relative,l6,L6 IT Car3,-0.2383669670520536,0.1418581418581418,False,0.3822288822288822,-0.23268799182964023,0.16183816183816183,False,0.42427842427842427
within_region_cross_layer__clr_true__thickness_relative,l6,L6b,-0.4752529413612892,0.2807192807192807,False,0.5339170633288279,-0.47014608083229986,0.2917082917082917,False,0.544148159532775
within_region_cross_layer__clr_true__thickness_relative,l6,Lamp5,0.1239718041127566,0.5944055944055944,False,0.7586492454913507,0.13284243886748412,0.5684315684315684,False,0.735171495171495
within_region_cross_layer__clr_true__thickness_relative,l6,Lamp5_Lhx6,0.7972170380735779,0.0009990009990009,True,0.0193806193806193,0.797915493344133,0.000999000999000999,True,0.01938061938061938
within_region_cross_layer__clr_true__thickness_relative,l6,Micro-PVM,-0.2987822069516915,0.5114885114885115,False,0.7087769373483659,-0.29524654550577684,0.5114885114885115,False,0.7045117045117045
within_region_cross_layer__clr_true__thickness_relative,l6,OPC,0.6974169531320017,0.0009990009990009,True,0.0193806193806193,0.7045493187363313,0.000999000999000999,True,0.01938061938061938
within_region_cross_layer__clr_true__thickness_relative,l6,Oligo,0.2529117395536134,0.5314685314685315,False,0.7141625497789882,0.25688807832755034,0.5214785214785215,False,0.7045117045117045
within_region_cross_layer__clr_true__thickness_relative,l6,Pvalb,0.3487191992309787,0.2757242757242757,False,0.5339170633288279,0.35706084501356017,0.2827172827172827,False,0.5377171847760083
within_region_cross_layer__clr_true__thickness_relative,l6,Sst,0.4124088424990175,0.4275724275724276,False,0.6798598227169655,0.4177105775933872,0.4245754245754246,False,0.6814988290398126
